Date,BMA,CEPU,GGAL,LOMA,PAM,SUPV,TGS,YPF
2008-01-02,24.0,,7.599999904632568,,,,5.960000038146973,43.77000045776367
2008-01-03,23.399999618530273,,7.400000095367432,,,,5.699999809265137,43.7400016784668
2008-01-04,23.56999969482422,,7.139999866485596,,,,5.699999809265137,43.119998931884766
2008-01-07,23.290000915527344,,7.159999847412109,,,,5.800000190734863,43.119998931884766
2008-01-08,23.110000610351562,,7.090000152587891,,,,5.559999942779541,43.79999923706055
2008-01-09,24.3700008392334,,7.150000095367432,,,,5.71999979019165,42.599998474121094
2008-01-10,23.510000228881836,,7.210000038146973,,,,5.849999904632568,42.959999084472656
2008-01-11,23.860000610351562,,7.179999828338623,,,,5.71999979019165,42.150001525878906
2008-01-14,24.43000030517578,,7.099999904632568,,,,5.519999980926514,42.47999954223633
2008-01-15,23.0,,6.71999979019165,,,,5.380000114440918,40.61000061035156
2008-01-16,23.020000457763672,,6.650000095367432,,,,5.570000171661377,38.5
2008-01-17,23.0,,6.619999885559082,,,,5.28000020980835,38.77000045776367
2008-01-18,22.239999771118164,,6.340000152587891,,,,5.260000228881836,38.68000030517578
2008-01-22,21.950000762939453,,6.139999866485596,,,,5.159999847412109,38.0
2008-01-23,23.100000381469727,,6.179999828338623,,,,4.949999809265137,37.7599983215332
2008-01-24,21.719999313354492,,6.329999923706055,,,,5.110000133514404,38.70000076293945
2008-01-25,23.510000228881836,,6.320000171661377,,,,5.329999923706055,38.77000045776367
2008-01-28,23.68000030517578,,6.28000020980835,,,,5.309999942779541,38.599998474121094
2008-01-29,23.860000610351562,,6.389999866485596,,,,5.28000020980835,38.150001525878906
2008-01-30,24.020000457763672,,6.360000133514404,,,,5.349999904632568,38.349998474121094
2008-01-31,23.709999084472656,,6.360000133514404,,,,5.5,37.9900016784668
2008-02-01,24.0,,6.400000095367432,,,,5.380000114440918,38.209999084472656
2008-02-04,24.0,,6.420000076293945,,,,5.300000190734863,37.779998779296875
2008-02-05,23.899999618530273,,6.389999866485596,,,,5.119999885559082,37.970001220703125
2008-02-06,23.1299991607666,,6.559999942779541,,,,5.25,37.75
2008-02-07,23.149999618530273,,6.639999866485596,,,,5.059999942779541,38.0099983215332
2008-02-08,22.459999084472656,,6.449999809265137,,,,4.909999847412109,38.040000915527344
2008-02-11,22.149999618530273,,6.349999904632568,,,,4.75,37.79999923706055
2008-02-12,22.3799991607666,,6.46999979019165,,,,4.559999942779541,37.9900016784668
2008-02-13,22.450000762939453,,6.739999771118164,,,,4.880000114440918,38.25
2008-02-14,21.899999618530273,,6.699999809265137,,,,4.809999942779541,38.22999954223633
2008-02-15,23.239999771118164,,6.690000057220459,,,,4.860000133514404,38.27000045776367
2008-02-19,23.5,,6.690000057220459,,,,4.699999809265137,38.56999969482422
2008-02-20,23.420000076293945,,6.800000190734863,,,,4.820000171661377,39.79999923706055
2008-02-21,23.229999542236328,,6.679999828338623,,,,4.840000152587891,39.79999923706055
2008-02-22,23.06999969482422,,6.840000152587891,,,,4.800000190734863,42.25
2008-02-25,22.989999771118164,,7.0,,,,4.929999828338623,41.75
2008-02-26,23.700000762939453,,7.139999866485596,,,,5.019999980926514,39.790000915527344
2008-02-27,24.010000228881836,,7.099999904632568,,,,5.010000228881836,39.0
2008-02-28,24.899999618530273,,7.46999979019165,,,,4.989999771118164,39.77000045776367
2008-02-29,22.90999984741211,,6.96999979019165,,,,4.71999979019165,39.75
2008-03-03,22.670000076293945,,7.099999904632568,,,,4.690000057220459,39.0
2008-03-04,22.670000076293945,,7.21999979019165,,,,4.619999885559082,39.25
2008-03-05,22.90999984741211,,7.329999923706055,,,,4.650000095367432,39.70000076293945
2008-03-06,22.43000030517578,,7.130000114440918,,,,4.760000228881836,39.75
2008-03-07,22.6200008392334,,7.090000152587891,,,,4.679999828338623,40.75
2008-03-10,22.950000762939453,,6.940000057220459,,,,4.670000076293945,41.2599983215332
2008-03-11,23.700000762939453,,7.079999923706055,,,,4.679999828338623,42.20000076293945
2008-03-12,23.81999969482422,,7.150000095367432,,,,4.579999923706055,43.33000183105469
2008-03-13,24.010000228881836,,7.039999961853027,,,,4.570000171661377,43.59000015258789
2008-03-14,23.700000762939453,,6.789999961853027,,,,4.050000190734863,43.540000915527344
2008-03-17,23.280000686645508,,6.579999923706055,,,,4.300000190734863,41.5
2008-03-18,24.420000076293945,,6.699999809265137,,,,4.519999980926514,42.63999938964844
2008-03-19,23.989999771118164,,6.650000095367432,,,,4.699999809265137,41.70000076293945
2008-03-20,24.450000762939453,,6.800000190734863,,,,4.610000133514404,40.0
2008-03-24,25.059999465942383,,6.880000114440918,,,,4.409999847412109,42.61000061035156
2008-03-25,24.8700008392334,,6.800000190734863,,,,4.480000019073486,43.459999084472656
2008-03-26,25.1200008392334,,6.71999979019165,,,,4.320000171661377,43.400001525878906
2008-03-27,24.770000457763672,,6.679999828338623,,,,4.650000095367432,43.5099983215332
2008-03-28,24.979999542236328,,6.690000057220459,,,,4.409999847412109,43.599998474121094
2008-03-31,25.350000381469727,,6.619999885559082,,,,4.409999847412109,43.900001525878906
2008-04-01,25.809999465942383,,6.739999771118164,,,,4.739999771118164,43.75
2008-04-02,26.170000076293945,,6.710000038146973,,,,4.75,44.20000076293945
2008-04-03,26.25,,6.710000038146973,,,,4.5,44.25
2008-04-04,26.329999923706055,,6.800000190734863,,,,4.559999942779541,44.4900016784668
2008-04-07,26.100000381469727,,6.880000114440918,,,,4.409999847412109,43.529998779296875
2008-04-08,25.56999969482422,,7.070000171661377,,,,4.46999979019165,43.459999084472656
2008-04-09,24.90999984741211,,6.96999979019165,,,,4.440000057220459,43.720001220703125
2008-04-10,24.989999771118164,,6.949999809265137,,,,4.550000190734863,43.5
2008-04-11,24.799999237060547,,6.829999923706055,,,,4.489999771118164,42.75
2008-04-14,24.600000381469727,,6.739999771118164,,,,4.489999771118164,42.900001525878906
2008-04-15,24.5,,6.659999847412109,,,,4.429999828338623,42.869998931884766
2008-04-16,24.850000381469727,,6.699999809265137,,,,4.400000095367432,43.2599983215332
2008-04-17,24.489999771118164,,6.71999979019165,,,,4.400000095367432,44.15999984741211
2008-04-18,24.950000762939453,,6.869999885559082,,,,4.400000095367432,44.34000015258789
2008-04-21,24.600000381469727,,6.78000020980835,,,,4.449999809265137,44.2599983215332
2008-04-22,24.0,,6.369999885559082,,,,4.300000190734863,45.40999984741211
2008-04-23,23.59000015258789,,6.320000171661377,,,,4.230000019073486,47.0099983215332
2008-04-24,23.860000610351562,,6.570000171661377,,,,4.099999904632568,46.5
2008-04-25,23.399999618530273,,6.340000152587891,,,,4.03000020980835,45.5
2008-04-28,23.350000381469727,,6.340000152587891,,,,3.990000009536743,45.040000915527344
2008-04-29,22.989999771118164,,6.099999904632568,,,,4.099999904632568,44.060001373291016
2008-04-30,22.600000381469727,,6.269999980926514,,,,4.25,43.81999969482422
2008-05-01,22.520000457763672,,6.449999809265137,,,,4.239999771118164,44.650001525878906
2008-05-02,22.5,,6.28000020980835,,,,4.110000133514404,45.0
2008-05-05,22.200000762939453,,6.179999828338623,,,,4.130000114440918,45.68000030517578
2008-05-06,22.06999969482422,,6.179999828338623,,,,4.119999885559082,46.63999938964844
2008-05-07,21.979999542236328,,5.900000095367432,,,,4.03000020980835,45.099998474121094
2008-05-08,21.8700008392334,,6.039999961853027,,,,3.950000047683716,45.75
2008-05-09,21.5,,6.0,,,,3.9000000953674316,45.599998474121094
2008-05-12,20.829999923706055,,5.699999809265137,,,,3.8499999046325684,45.31999969482422
2008-05-13,20.06999969482422,,5.460000038146973,,,,3.990000009536743,45.959999084472656
2008-05-14,18.489999771118164,,5.329999923706055,,,,3.859999895095825,46.25
2008-05-15,19.059999465942383,,5.659999847412109,,,,3.9800000190734863,46.099998474121094
2008-05-16,19.059999465942383,,5.5,,,,4.0,45.93000030517578
2008-05-19,20.649999618530273,,5.880000114440918,,,,4.059999942779541,46.0
2008-05-20,21.299999237060547,,5.920000076293945,,,,4.150000095367432,46.029998779296875
2008-05-21,21.770000457763672,,5.900000095367432,,,,4.300000190734863,47.630001068115234
2008-05-22,21.90999984741211,,5.940000057220459,,,,4.690000057220459,48.310001373291016
2008-05-23,21.200000762939453,,5.610000133514404,,,,4.739999771118164,47.70000076293945
2008-05-27,21.68000030517578,,5.659999847412109,,,,4.800000190734863,47.81999969482422
2008-05-28,22.1299991607666,,5.639999866485596,,,,4.559999942779541,48.029998779296875
2008-05-29,22.420000076293945,,5.699999809265137,,,,4.650000095367432,47.70000076293945
2008-05-30,22.450000762939453,,5.320000171661377,,,,4.0,47.599998474121094
2008-06-02,22.030000686645508,,5.590000152587891,,,,3.9200000762939453,47.79999923706055
2008-06-03,22.5,,5.539999961853027,,,,4.0,47.709999084472656
2008-06-04,22.25,,5.539999961853027,,,,3.940000057220459,47.0
2008-06-05,21.790000915527344,,5.489999771118164,,,,3.8499999046325684,47.0
2008-06-06,21.219999313354492,,5.21999979019165,,,,3.75,47.0
2008-06-09,21.100000381469727,,5.389999866485596,,,,3.7100000381469727,47.470001220703125
2008-06-10,20.229999542236328,,5.099999904632568,,,,3.5399999618530273,47.34000015258789
2008-06-11,19.65999984741211,,5.0,,,,3.559999942779541,47.7400016784668
2008-06-12,19.559999465942383,,5.070000171661377,,,,3.5999999046325684,47.56999969482422
2008-06-13,19.690000534057617,,5.090000152587891,,,,3.5999999046325684,47.70000076293945
2008-06-16,18.459999084472656,,4.96999979019165,,,,3.5999999046325684,47.709999084472656
2008-06-17,18.709999084472656,,4.920000076293945,,,,3.5899999141693115,47.650001525878906
2008-06-18,19.0,,5.25,,,,3.5899999141693115,47.65999984741211
2008-06-19,18.979999542236328,,5.170000076293945,,,,3.559999942779541,47.66999816894531
2008-06-20,18.899999618530273,,5.460000038146973,,,,3.3299999237060547,47.65999984741211
2008-06-23,18.829999923706055,,5.409999847412109,,,,3.2899999618530273,47.650001525878906
2008-06-24,18.329999923706055,,5.449999809265137,,,,3.25,47.650001525878906
2008-06-25,18.469999313354492,,5.429999828338623,,,,3.25,47.849998474121094
2008-06-26,17.40999984741211,,5.019999980926514,,,,3.130000114440918,47.650001525878906
2008-06-27,17.3700008392334,,5.010000228881836,,,,3.2200000286102295,47.7400016784668
2008-06-30,16.6200008392334,,4.949999809265137,,,,3.5299999713897705,47.65999984741211
2008-07-01,17.329999923706055,,5.050000190734863,,,,3.549999952316284,47.650001525878906
2008-07-02,16.950000762939453,,4.760000228881836,,,,3.4600000381469727,47.709999084472656
2008-07-03,16.940000534057617,,4.829999923706055,,,,3.5199999809265137,47.70000076293945
2008-07-07,16.350000381469727,,4.829999923706055,,,,3.450000047683716,47.70000076293945
2008-07-08,17.399999618530273,,5.050000190734863,,,,3.5899999141693115,47.27000045776367
2008-07-09,16.079999923706055,,4.860000133514404,,,,3.4000000953674316,47.5
2008-07-10,16.610000610351562,,4.789999961853027,,,,3.3399999141693115,47.75
2008-07-11,16.31999969482422,,4.699999809265137,,,,3.380000114440918,47.560001373291016
2008-07-14,16.229999542236328,,4.510000228881836,,,,3.309999942779541,47.619998931884766
2008-07-15,15.510000228881836,,4.699999809265137,,,,3.450000047683716,47.5099983215332
2008-07-16,16.209999084472656,,4.849999904632568,,,,3.490000009536743,47.310001373291016
2008-07-17,16.8700008392334,,5.050000190734863,,,,3.549999952316284,47.290000915527344
2008-07-18,17.170000076293945,,5.050000190734863,,,,3.640000104904175,47.16999816894531
2008-07-21,18.139999389648438,,5.190000057220459,,,,3.6700000762939453,47.650001525878906
2008-07-22,18.65999984741211,,5.300000190734863,,,,3.740000009536743,47.529998779296875
2008-07-23,19.18000030517578,,5.300000190734863,,,,3.799999952316284,47.0
2008-07-24,18.34000015258789,,5.130000114440918,,,,3.75,47.119998931884766
2008-07-25,18.229999542236328,,5.039999961853027,,,,3.7300000190734863,47.58000183105469
2008-07-28,18.68000030517578,,4.96999979019165,,,,3.75,47.56999969482422
2008-07-29,19.299999237060547,,5.050000190734863,,,,3.75,47.5
2008-07-30,19.270000457763672,,5.010000228881836,,,,3.75,47.54999923706055
2008-07-31,18.940000534057617,,4.860000133514404,,,,3.7300000190734863,47.75
2008-08-01,18.780000686645508,,4.829999923706055,,,,3.75,47.75
2008-08-04,17.799999237060547,,4.699999809265137,,,,3.509999990463257,47.65999984741211
2008-08-05,18.739999771118164,,4.670000076293945,,,,3.6500000953674316,47.29999923706055
2008-08-06,19.15999984741211,,4.659999847412109,,,,3.7300000190734863,47.72999954223633
2008-08-07,17.899999618530273,,4.380000114440918,,,,3.5999999046325684,47.5
2008-08-08,18.309999465942383,,4.230000019073486,,,,3.5,47.36000061035156
2008-08-11,17.549999237060547,,4.159999847412109,,,,3.5,47.36000061035156
2008-08-12,17.989999771118164,,4.21999979019165,,,,3.5799999237060547,47.45000076293945
2008-08-13,18.5,,4.360000133514404,,,,3.630000114440918,48.0
2008-08-14,19.010000228881836,,4.420000076293945,,,,3.640000104904175,47.79999923706055
2008-08-15,19.309999465942383,,4.599999904632568,,,,3.549999952316284,47.79999923706055
2008-08-18,18.809999465942383,,4.460000038146973,,,,3.5899999141693115,47.79999923706055
2008-08-19,19.420000076293945,,4.659999847412109,,,,3.5999999046325684,47.810001373291016
2008-08-20,19.3700008392334,,4.46999979019165,,,,3.5999999046325684,48.099998474121094
2008-08-21,19.290000915527344,,4.389999866485596,,,,3.569999933242798,47.900001525878906
2008-08-22,19.450000762939453,,4.449999809265137,,,,3.630000114440918,48.0
2008-08-25,19.5,,4.460000038146973,,,,3.609999895095825,48.0099983215332
2008-08-26,19.709999084472656,,4.619999885559082,,,,3.559999942779541,48.13999938964844
2008-08-27,19.799999237060547,,4.699999809265137,,,,3.5799999237060547,48.099998474121094
2008-08-28,19.93000030517578,,4.849999904632568,,,,3.5899999141693115,48.099998474121094
2008-08-29,20.040000915527344,,4.800000190734863,,,,3.5399999618530273,48.209999084472656
2008-09-02,20.440000534057617,,4.980000019073486,,,,3.4700000286102295,48.09000015258789
2008-09-03,19.809999465942383,,4.949999809265137,,,,3.5199999809265137,47.70000076293945
2008-09-04,19.3799991607666,,4.71999979019165,,,,3.490000009536743,48.209999084472656
2008-09-05,19.670000076293945,,4.619999885559082,,,,3.5199999809265137,48.349998474121094
2008-09-08,20.059999465942383,,4.670000076293945,,,,3.5999999046325684,48.5
2008-09-09,20.09000015258789,,4.400000095367432,,,,3.5,48.5
2008-09-10,19.969999313354492,,4.360000133514404,,,,3.490000009536743,48.52000045776367
2008-09-11,20.049999237060547,,4.170000076293945,,,,3.369999885559082,48.540000915527344
2008-09-12,20.399999618530273,,4.170000076293945,,,,3.430000066757202,48.61000061035156
2008-09-15,18.950000762939453,,3.75,,,,2.990000009536743,48.0
2008-09-16,19.25,,3.9200000762939453,,,,3.1500000953674316,46.279998779296875
2008-09-17,17.010000228881836,,3.630000114440918,,,,3.200000047683716,46.68000030517578
2008-09-18,16.780000686645508,,3.8399999141693115,,,,3.0299999713897705,47.189998626708984
2008-09-19,18.450000762939453,,4.789999961853027,,,,3.200000047683716,48.25
2008-09-22,18.899999618530273,,4.860000133514404,,,,3.369999885559082,48.29999923706055
2008-09-23,19.139999389648438,,4.96999979019165,,,,3.3399999141693115,48.400001525878906
2008-09-24,19.540000915527344,,4.989999771118164,,,,3.359999895095825,48.25
2008-09-25,20.5,,5.0,,,,3.309999942779541,48.400001525878906
2008-09-26,19.729999542236328,,4.889999866485596,,,,3.180000066757202,48.25
2008-09-29,18.1299991607666,,4.5,,,,3.0,45.400001525878906
2008-09-30,18.5,,4.670000076293945,,,,2.9000000953674316,48.43000030517578
2008-10-01,18.739999771118164,,5.0,,,,2.930000066757202,47.0
2008-10-02,18.950000762939453,,4.800000190734863,,,,2.809999942779541,46.75
2008-10-03,18.739999771118164,,4.739999771118164,,,,2.9100000858306885,47.0
2008-10-06,18.190000534057617,,4.190000057220459,,,,2.6500000953674316,44.959999084472656
2008-10-07,17.850000381469727,,3.740000009536743,,,,2.700000047683716,44.79999923706055
2008-10-08,18.190000534057617,,3.6700000762939453,,,,2.450000047683716,46.0
2008-10-09,17.700000762939453,,3.390000104904175,,,,2.0199999809265137,46.709999084472656
2008-10-10,15.15999984741211,,3.200000047683716,,,,2.0,45.25
2008-10-13,15.130000114440918,,3.559999942779541,,,,2.059999942779541,43.4900016784668
2008-10-14,15.470000267028809,,3.7899999618530273,,,,2.299999952316284,44.36000061035156
2008-10-15,14.100000381469727,,3.3399999141693115,,,,2.0299999713897705,43.939998626708984
2008-10-16,12.989999771118164,,3.4000000953674316,,,,2.119999885559082,41.11000061035156
2008-10-17,12.149999618530273,,3.259999990463257,,,,2.0999999046325684,41.369998931884766
2008-10-20,11.6899995803833,,2.930000066757202,,,,2.2300000190734863,42.349998474121094
2008-10-21,9.6899995803833,,2.2300000190734863,,,,1.7999999523162842,43.040000915527344
2008-10-22,7.900000095367432,,2.180000066757202,,,,1.75,42.900001525878906
2008-10-23,8.800000190734863,,2.049999952316284,,,,1.75,42.5099983215332
2008-10-24,7.630000114440918,,1.850000023841858,,,,1.5700000524520874,42.150001525878906
2008-10-27,7.119999885559082,,1.75,,,,1.409999966621399,42.0
2008-10-28,6.929999828338623,,1.690000057220459,,,,1.5099999904632568,41.97999954223633
2008-10-29,6.829999923706055,,1.7000000476837158,,,,1.649999976158142,41.95000076293945
2008-10-30,7.050000190734863,,1.899999976158142,,,,1.5,43.959999084472656
2008-10-31,7.050000190734863,,1.7899999618530273,,,,1.5,45.970001220703125
2008-11-03,7.900000095367432,,2.049999952316284,,,,1.649999976158142,48.58000183105469
2008-11-04,8.760000228881836,,2.0899999141693115,,,,1.8600000143051147,48.81999969482422
2008-11-05,8.930000305175781,,1.9500000476837158,,,,2.009999990463257,48.25
2008-11-06,8.84000015258789,,1.8899999856948853,,,,1.899999976158142,48.5
2008-11-07,9.4399995803833,,1.7999999523162842,,,,1.9299999475479126,47.310001373291016
2008-11-10,8.289999961853027,,1.9199999570846558,,,,2.0,44.27000045776367
2008-11-11,8.859999656677246,,1.909999966621399,,,,1.8600000143051147,44.79999923706055
2008-11-12,8.430000305175781,,1.850000023841858,,,,1.8200000524520874,48.20000076293945
2008-11-13,9.359999656677246,,1.8600000143051147,,,,1.8200000524520874,46.7400016784668
2008-11-14,8.6899995803833,,1.8700000047683716,,,,1.8200000524520874,46.54999923706055
2008-11-17,8.75,,1.7599999904632568,,,,1.840000033378601,46.099998474121094
2008-11-18,8.789999961853027,,1.7799999713897705,,,,1.850000023841858,48.70000076293945
2008-11-19,7.659999847412109,,1.4500000476837158,,,,1.8600000143051147,47.54999923706055
2008-11-20,7.289999961853027,,1.4500000476837158,,,,1.8600000143051147,45.5
2008-11-21,7.539999961853027,,1.5299999713897705,,,,1.9199999570846558,44.95000076293945
2008-11-24,8.09000015258789,,1.6299999952316284,,,,1.9199999570846558,45.20000076293945
2008-11-25,9.25,,1.590000033378601,,,,1.9800000190734863,46.900001525878906
2008-11-26,9.319999694824219,,1.7000000476837158,,,,2.0,48.189998626708984
2008-11-28,10.899999618530273,,1.899999976158142,,,,1.9800000190734863,47.83000183105469
2008-12-01,9.75,,1.690000057220459,,,,1.9900000095367432,48.63999938964844
2008-12-02,10.020000457763672,,1.7000000476837158,,,,1.9900000095367432,48.52000045776367
2008-12-03,9.6899995803833,,1.7799999713897705,,,,2.130000114440918,49.0
2008-12-04,9.3100004196167,,1.7999999523162842,,,,2.009999990463257,48.2400016784668
2008-12-05,10.149999618530273,,1.7599999904632568,,,,2.0,49.0
2008-12-08,10.470000267028809,,1.7100000381469727,,,,1.9900000095367432,47.75
2008-12-09,9.989999771118164,,1.7100000381469727,,,,2.069999933242798,47.599998474121094
2008-12-10,10.579999923706055,,1.9500000476837158,,,,2.109999895095825,48.0
2008-12-11,10.979999542236328,,2.0199999809265137,,,,2.1600000858306885,47.70000076293945
2008-12-12,11.149999618530273,,2.069999933242798,,,,2.009999990463257,48.5
2008-12-15,10.850000381469727,,2.0799999237060547,,,,2.25,48.709999084472656
2008-12-16,11.260000228881836,,2.2100000381469727,,,,2.0999999046325684,48.79999923706055
2008-12-17,11.050000190734863,,2.1600000858306885,,,,2.2300000190734863,48.75
2008-12-18,10.800000190734863,,2.119999885559082,,,,2.0,47.25
2008-12-19,11.609999656677246,,2.25,,,,2.0999999046325684,46.970001220703125
2008-12-22,11.369999885559082,,2.2200000286102295,,,,2.0,46.40999984741211
2008-12-23,11.399999618530273,,2.119999885559082,,,,1.9299999475479126,46.25
2008-12-24,10.989999771118164,,1.9800000190734863,,,,2.0,46.0
2008-12-26,11.239999771118164,,2.2699999809265137,,,,1.9900000095367432,45.70000076293945
2008-12-29,11.029999732971191,,2.3299999237060547,,,,2.0299999713897705,46.7599983215332
2008-12-30,11.329999923706055,,2.2699999809265137,,,,2.0999999046325684,46.15999984741211
2008-12-31,10.819999694824219,,2.259999990463257,,,,2.0299999713897705,46.0
2009-01-02,12.15999984741211,,2.4200000762939453,,,,2.0999999046325684,45.900001525878906
2009-01-05,11.479999542236328,,2.4200000762939453,,,,1.9900000095367432,45.0
2009-01-06,11.479999542236328,,2.299999952316284,,,,1.9700000286102295,47.0
2009-01-07,11.140000343322754,,2.1500000953674316,,,,1.940000057220459,46.25
2009-01-08,12.649999618530273,,2.1700000762939453,,,,1.9900000095367432,46.41999816894531
2009-01-09,12.649999618530273,,2.180000066757202,,,,2.049999952316284,45.9900016784668
2009-01-12,11.699999809265137,,2.1600000858306885,,,,2.130000114440918,45.630001068115234
2009-01-13,10.970000267028809,,2.0799999237060547,,,,2.259999990463257,45.849998474121094
2009-01-14,10.300000190734863,,2.0,,,,2.2699999809265137,45.75
2009-01-15,10.930000305175781,,2.0799999237060547,,,,2.2300000190734863,45.5
2009-01-16,10.699999809265137,,1.9299999475479126,,,,2.299999952316284,45.65999984741211
2009-01-20,10.270000457763672,,1.7699999809265137,,,,2.380000114440918,45.0
2009-01-21,10.829999923706055,,1.899999976158142,,,,2.3499999046325684,44.95000076293945
2009-01-22,11.199999809265137,,1.7899999618530273,,,,2.299999952316284,44.25
2009-01-23,11.020000457763672,,1.940000057220459,,,,2.299999952316284,42.75
2009-01-26,10.510000228881836,,1.8700000047683716,,,,2.4600000381469727,43.0
2009-01-27,10.5,,1.8600000143051147,,,,2.5299999713897705,43.09000015258789
2009-01-28,10.600000381469727,,2.0199999809265137,,,,2.559999942779541,43.29999923706055
2009-01-29,10.069999694824219,,1.8799999952316284,,,,2.6500000953674316,43.689998626708984
2009-01-30,10.470000267028809,,1.909999966621399,,,,2.509999990463257,43.5
2009-02-02,10.350000381469727,,1.9800000190734863,,,,2.75,43.0
2009-02-03,10.350000381469727,,2.0,,,,3.200000047683716,42.65999984741211
2009-02-04,10.520000457763672,,1.9600000381469727,,,,2.890000104904175,42.709999084472656
2009-02-05,10.880000114440918,,1.7999999523162842,,,,3.1600000858306885,42.560001373291016
2009-02-06,10.5,,1.9900000095367432,,,,2.990000009536743,43.150001525878906
2009-02-09,10.420000076293945,,2.109999895095825,,,,2.680000066757202,43.0
2009-02-10,9.899999618530273,,2.119999885559082,,,,2.299999952316284,42.709999084472656
2009-02-11,10.109999656677246,,2.059999942779541,,,,2.0999999046325684,42.15999984741211
2009-02-12,10.59000015258789,,2.0799999237060547,,,,2.180000066757202,40.54999923706055
2009-02-13,10.369999885559082,,2.069999933242798,,,,2.2699999809265137,39.33000183105469
2009-02-17,9.550000190734863,,1.9500000476837158,,,,2.059999942779541,38.04999923706055
2009-02-18,9.949999809265137,,1.9700000286102295,,,,2.0,36.77000045776367
2009-02-19,9.899999618530273,,1.7799999713897705,,,,2.059999942779541,35.65999984741211
2009-02-20,9.920000076293945,,1.7999999523162842,,,,2.009999990463257,34.31999969482422
2009-02-23,9.829999923706055,,1.8700000047683716,,,,2.0199999809265137,32.95000076293945
2009-02-24,10.619999885559082,,1.8700000047683716,,,,1.9700000286102295,30.079999923706055
2009-02-25,10.0,,1.7999999523162842,,,,1.9700000286102295,29.5
2009-02-26,10.050000190734863,,1.7999999523162842,,,,1.9700000286102295,29.299999237060547
2009-02-27,9.619999885559082,,1.940000057220459,,,,1.9500000476837158,29.0
2009-03-02,9.199999809265137,,1.659999966621399,,,,1.7999999523162842,27.600000381469727
2009-03-03,9.489999771118164,,1.649999976158142,,,,1.8899999856948853,25.06999969482422
2009-03-04,9.760000228881836,,1.6799999475479126,,,,1.9299999475479126,22.700000762939453
2009-03-05,9.930000305175781,,1.649999976158142,,,,1.9299999475479126,17.860000610351562
2009-03-06,9.819999694824219,,1.559999942779541,,,,1.9900000095367432,17.100000381469727
2009-03-09,9.510000228881836,,1.559999942779541,,,,2.049999952316284,17.030000686645508
2009-03-10,9.670000076293945,,1.7200000286102295,,,,1.9500000476837158,16.809999465942383
2009-03-11,9.859999656677246,,1.7200000286102295,,,,2.109999895095825,17.200000762939453
2009-03-12,9.899999618530273,,1.7200000286102295,,,,2.0,16.90999984741211
2009-03-13,9.760000228881836,,1.7400000095367432,,,,2.009999990463257,16.90999984741211
2009-03-16,9.979999542236328,,1.75,,,,1.9199999570846558,17.0
2009-03-17,10.449999809265137,,1.7599999904632568,,,,1.9900000095367432,18.700000762939453
2009-03-18,10.0,,1.7200000286102295,,,,2.0,19.299999237060547
2009-03-19,10.199999809265137,,1.6299999952316284,,,,1.9500000476837158,26.489999771118164
2009-03-20,9.90999984741211,,1.6100000143051147,,,,1.8700000047683716,24.049999237060547
2009-03-23,10.289999961853027,,1.75,,,,1.7999999523162842,25.8799991607666
2009-03-24,9.930000305175781,,1.75,,,,1.7300000190734863,25.899999618530273
2009-03-25,10.100000381469727,,1.75,,,,1.809999942779541,26.75
2009-03-26,10.300000190734863,,1.7799999713897705,,,,2.0,27.260000228881836
2009-03-27,10.199999809265137,,1.8200000524520874,,,,2.0,26.979999542236328
2009-03-30,9.949999809265137,,1.75,,,,2.049999952316284,24.520000457763672
2009-03-31,10.15999984741211,,1.7899999618530273,,,,2.0,24.899999618530273
2009-04-01,9.609999656677246,,1.7999999523162842,,,,2.0299999713897705,23.09000015258789
2009-04-02,9.699999809265137,,2.0,,,,2.009999990463257,23.59000015258789
2009-04-03,10.0,,1.840000033378601,,,,2.0299999713897705,25.360000610351562
2009-04-06,9.949999809265137,,1.8600000143051147,,,,2.0,25.1299991607666
2009-04-07,9.930000305175781,,1.8300000429153442,,,,1.8799999952316284,25.950000762939453
2009-04-08,10.029999732971191,,1.8700000047683716,,,,1.850000023841858,25.950000762939453
2009-04-09,10.1899995803833,,1.9800000190734863,,,,1.8300000429153442,25.309999465942383
2009-04-13,10.399999618530273,,1.9900000095367432,,,,1.9600000381469727,25.75
2009-04-14,10.15999984741211,,1.9900000095367432,,,,2.0,26.149999618530273
2009-04-15,10.520000457763672,,2.0,,,,2.200000047683716,26.350000381469727
2009-04-16,10.34000015258789,,2.009999990463257,,,,2.109999895095825,26.059999465942383
2009-04-17,10.550000190734863,,2.059999942779541,,,,2.119999885559082,27.739999771118164
2009-04-20,10.289999961853027,,1.9600000381469727,,,,2.0299999713897705,28.239999771118164
2009-04-21,10.380000114440918,,1.9500000476837158,,,,2.059999942779541,28.5
2009-04-22,10.460000038146973,,1.940000057220459,,,,2.069999933242798,27.760000228881836
2009-04-23,10.529999732971191,,1.9500000476837158,,,,2.140000104904175,27.1200008392334
2009-04-24,10.75,,1.9299999475479126,,,,2.0799999237060547,27.75
2009-04-27,10.699999809265137,,1.8799999952316284,,,,2.0399999618530273,28.170000076293945
2009-04-28,10.40999984741211,,1.899999976158142,,,,2.0199999809265137,28.600000381469727
2009-04-29,10.479999542236328,,1.809999942779541,,,,1.940000057220459,28.440000534057617
2009-04-30,12.0,,1.8700000047683716,,,,1.9199999570846558,28.520000457763672
2009-05-01,10.430000305175781,,1.899999976158142,,,,2.059999942779541,28.940000534057617
2009-05-04,11.630000114440918,,1.9800000190734863,,,,2.049999952316284,29.299999237060547
2009-05-05,12.09000015258789,,2.1500000953674316,,,,2.0199999809265137,28.860000610351562
2009-05-06,13.4399995803833,,2.25,,,,2.1700000762939453,30.520000457763672
2009-05-07,14.489999771118164,,2.119999885559082,,,,2.1500000953674316,32.54999923706055
2009-05-08,14.890000343322754,,2.5999999046325684,,,,2.2300000190734863,29.700000762939453
2009-05-11,15.289999961853027,,2.6700000762939453,,,,2.369999885559082,29.56999969482422
2009-05-12,16.079999923706055,,2.700000047683716,,,,2.369999885559082,29.1299991607666
2009-05-13,15.369999885559082,,2.5799999237060547,,,,2.180000066757202,29.040000915527344
2009-05-14,14.8100004196167,,2.5799999237060547,,,,2.069999933242798,29.25
2009-05-15,14.399999618530273,,2.799999952316284,,,,2.0399999618530273,29.110000610351562
2009-05-18,15.359999656677246,,3.0999999046325684,,,,2.1700000762939453,30.030000686645508
2009-05-19,15.970000267028809,,2.990000009536743,,,,2.240000009536743,31.0
2009-05-20,15.40999984741211,,2.890000104904175,,,,2.2699999809265137,31.770000457763672
2009-05-21,15.420000076293945,,2.8299999237060547,,,,2.2699999809265137,32.0
2009-05-22,15.220000267028809,,2.9100000858306885,,,,2.259999990463257,32.130001068115234
2009-05-26,15.180000305175781,,2.8499999046325684,,,,2.25,33.54999923706055
2009-05-27,14.859999656677246,,2.880000114440918,,,,2.119999885559082,33.310001373291016
2009-05-28,14.470000267028809,,2.75,,,,2.049999952316284,33.279998779296875
2009-05-29,13.220000267028809,,2.5899999141693115,,,,1.9299999475479126,34.29999923706055
2009-06-01,14.399999618530273,,2.869999885559082,,,,2.369999885559082,35.0
2009-06-02,15.369999885559082,,3.109999895095825,,,,2.2899999618530273,35.61000061035156
2009-06-03,15.15999984741211,,3.240000009536743,,,,2.5,35.380001068115234
2009-06-04,15.859999656677246,,3.0899999141693115,,,,2.4800000190734863,35.36000061035156
2009-06-05,16.1299991607666,,3.200000047683716,,,,2.619999885559082,35.650001525878906
2009-06-08,15.680000305175781,,3.1600000858306885,,,,2.380000114440918,35.900001525878906
2009-06-09,15.220000267028809,,3.180000066757202,,,,2.4100000858306885,35.43000030517578
2009-06-10,15.260000228881836,,3.25,,,,2.450000047683716,34.52000045776367
2009-06-11,15.699999809265137,,3.200000047683716,,,,2.4000000953674316,35.45000076293945
2009-06-12,15.199999809265137,,3.0999999046325684,,,,2.390000104904175,34.130001068115234
2009-06-15,15.420000076293945,,2.9600000381469727,,,,2.359999895095825,31.690000534057617
2009-06-16,15.039999961853027,,2.9600000381469727,,,,2.25,31.68000030517578
2009-06-17,14.720000267028809,,2.9200000762939453,,,,2.299999952316284,31.81999969482422
2009-06-18,14.470000267028809,,2.940000057220459,,,,2.299999952316284,32.5
2009-06-19,15.0600004196167,,2.9100000858306885,,,,2.2300000190734863,32.22999954223633
2009-06-22,14.470000267028809,,2.8299999237060547,,,,2.109999895095825,28.920000076293945
2009-06-23,14.260000228881836,,2.8499999046325684,,,,2.130000114440918,28.25
2009-06-24,14.300000190734863,,2.8299999237060547,,,,2.059999942779541,29.739999771118164
2009-06-25,14.880000114440918,,3.049999952316284,,,,2.049999952316284,29.809999465942383
2009-06-26,14.779999732971191,,3.180000066757202,,,,2.240000009536743,29.520000457763672
2009-06-29,15.6899995803833,,3.2100000381469727,,,,2.2200000286102295,30.760000228881836
2009-06-30,16.190000534057617,,3.2899999618530273,,,,2.240000009536743,30.549999237060547
2009-07-01,16.860000610351562,,3.25,,,,2.299999952316284,30.790000915527344
2009-07-02,16.350000381469727,,3.2100000381469727,,,,2.3399999141693115,31.989999771118164
2009-07-06,17.1200008392334,,3.549999952316284,,,,2.3299999237060547,32.939998626708984
2009-07-07,16.989999771118164,,3.4700000286102295,,,,2.309999942779541,35.79999923706055
2009-07-08,15.670000076293945,,3.180000066757202,,,,2.259999990463257,37.029998779296875
2009-07-09,16.200000762939453,,3.0999999046325684,,,,2.059999942779541,35.540000915527344
2009-07-10,16.09000015258789,,3.180000066757202,,,,2.049999952316284,34.689998626708984
2009-07-13,16.450000762939453,,3.2799999713897705,,,,2.0,32.9900016784668
2009-07-14,16.579999923706055,,3.2799999713897705,,,,2.1700000762939453,33.290000915527344
2009-07-15,17.0,,3.4200000762939453,,,,2.2300000190734863,34.810001373291016
2009-07-16,17.139999389648438,,3.450000047683716,,,,2.25,35.5
2009-07-17,17.139999389648438,,3.490000009536743,,,,2.2899999618530273,36.099998474121094
2009-07-20,17.0,,3.549999952316284,,,,2.2899999618530273,37.970001220703125
2009-07-21,16.600000381469727,,3.5299999713897705,,,,2.259999990463257,37.5
2009-07-22,16.600000381469727,,3.5299999713897705,,,,2.309999942779541,34.25
2009-07-23,16.56999969482422,,3.5,,,,2.2799999713897705,34.209999084472656
2009-07-24,16.420000076293945,,3.5399999618530273,,,,2.299999952316284,34.75
2009-07-27,16.709999084472656,,3.5,,,,2.2799999713897705,35.0099983215332
2009-07-28,17.030000686645508,,3.430000066757202,,,,2.299999952316284,35.130001068115234
2009-07-29,16.739999771118164,,3.4800000190734863,,,,2.2699999809265137,35.36000061035156
2009-07-30,16.649999618530273,,3.5399999618530273,,,,2.2200000286102295,35.150001525878906
2009-07-31,16.979999542236328,,3.559999942779541,,,,2.3399999141693115,35.5
2009-08-03,17.489999771118164,,3.5799999237060547,,,,2.440000057220459,36.400001525878906
2009-08-04,17.709999084472656,,3.740000009536743,,,,2.4700000286102295,36.900001525878906
2009-08-05,18.280000686645508,,3.8499999046325684,,,,2.4600000381469727,36.91999816894531
2009-08-06,18.479999542236328,,3.809999942779541,,,,2.450000047683716,36.75
2009-08-07,18.770000457763672,,3.940000057220459,,,,2.4100000858306885,36.5
2009-08-10,18.850000381469727,,3.8299999237060547,,,,2.390000104904175,36.83000183105469
2009-08-11,18.360000610351562,,3.690000057220459,,,,2.4200000762939453,39.349998474121094
2009-08-12,17.780000686645508,,3.7799999713897705,,,,2.390000104904175,37.5
2009-08-13,17.690000534057617,,3.859999895095825,,,,2.4200000762939453,37.20000076293945
2009-08-14,17.010000228881836,,3.700000047683716,,,,2.4200000762939453,37.40999984741211
2009-08-17,16.770000457763672,,3.490000009536743,,,,2.25,37.63999938964844
2009-08-18,16.81999969482422,,3.5399999618530273,,,,2.25,37.2400016784668
2009-08-19,16.920000076293945,,3.5799999237060547,,,,2.25,37.560001373291016
2009-08-20,18.399999618530273,,3.8499999046325684,,,,2.299999952316284,37.77000045776367
2009-08-21,19.670000076293945,,3.859999895095825,,,,2.2300000190734863,38.43000030517578
2009-08-24,20.850000381469727,,4.0,,,,2.309999942779541,39.93000030517578
2009-08-25,20.790000915527344,,3.9000000953674316,,,,2.319999933242798,39.70000076293945
2009-08-26,20.520000457763672,,3.9200000762939453,,,,2.3399999141693115,39.52000045776367
2009-08-27,20.700000762939453,,3.9800000190734863,,,,2.3399999141693115,39.68000030517578
2009-08-28,22.40999984741211,,3.9200000762939453,,,,2.2799999713897705,40.20000076293945
2009-08-31,22.510000228881836,,4.039999961853027,,,,2.25,39.040000915527344
2009-09-01,21.899999618530273,,3.8499999046325684,,,,2.2799999713897705,38.04999923706055
2009-09-02,21.829999923706055,,3.869999885559082,,,,2.2200000286102295,37.27000045776367
2009-09-03,22.100000381469727,,3.859999895095825,,,,2.2200000286102295,37.119998931884766
2009-09-04,22.229999542236328,,3.890000104904175,,,,2.2899999618530273,38.540000915527344
2009-09-08,23.65999984741211,,4.050000190734863,,,,2.440000057220459,37.7400016784668
2009-09-09,23.850000381469727,,4.079999923706055,,,,2.4200000762939453,38.0
2009-09-10,22.850000381469727,,4.099999904632568,,,,2.380000114440918,38.439998626708984
2009-09-11,22.8700008392334,,4.070000171661377,,,,2.4000000953674316,38.47999954223633
2009-09-14,23.1299991607666,,4.170000076293945,,,,2.430000066757202,38.310001373291016
2009-09-15,23.510000228881836,,4.269999980926514,,,,2.549999952316284,37.7599983215332
2009-09-16,24.15999984741211,,4.440000057220459,,,,2.5999999046325684,39.5
2009-09-17,23.700000762939453,,4.610000133514404,,,,2.609999895095825,39.5
2009-09-18,22.940000534057617,,4.550000190734863,,,,2.630000114440918,39.5
2009-09-21,22.670000076293945,,4.449999809265137,,,,2.7200000286102295,37.79999923706055
2009-09-22,23.0,,4.489999771118164,,,,2.559999942779541,38.2400016784668
2009-09-23,23.030000686645508,,4.46999979019165,,,,2.700000047683716,38.720001220703125
2009-09-24,22.739999771118164,,4.329999923706055,,,,2.700000047683716,38.70000076293945
2009-09-25,22.610000610351562,,4.289999961853027,,,,2.890000104904175,38.5
2009-09-28,23.59000015258789,,4.5,,,,2.950000047683716,38.75
2009-09-29,23.6200008392334,,4.639999866485596,,,,2.950000047683716,38.22999954223633
2009-09-30,24.149999618530273,,4.710000038146973,,,,3.130000114440918,38.099998474121094
2009-10-01,24.229999542236328,,4.550000190734863,,,,3.049999952316284,37.31999969482422
2009-10-02,24.219999313354492,,4.639999866485596,,,,3.049999952316284,37.0
2009-10-05,25.420000076293945,,4.820000171661377,,,,3.0199999809265137,36.349998474121094
2009-10-06,25.920000076293945,,5.150000095367432,,,,3.119999885559082,36.5
2009-10-07,25.1299991607666,,5.139999866485596,,,,3.109999895095825,37.72999954223633
2009-10-08,25.59000015258789,,5.329999923706055,,,,3.1500000953674316,38.0
2009-10-09,26.399999618530273,,5.300000190734863,,12.75,,3.25,39.630001068115234
2009-10-12,27.809999465942383,,5.389999866485596,,12.899999618530273,,3.309999942779541,39.369998931884766
2009-10-13,27.360000610351562,,5.409999847412109,,12.640000343322754,,3.2699999809265137,39.939998626708984
2009-10-14,27.950000762939453,,5.550000190734863,,12.579999923706055,,3.3499999046325684,40.060001373291016
2009-10-15,27.950000762939453,,5.400000095367432,,12.5,,3.0999999046325684,40.5
2009-10-16,27.079999923706055,,5.309999942779541,,12.550000190734863,,3.069999933242798,40.380001068115234
2009-10-19,29.549999237060547,,5.380000114440918,,12.529999732971191,,3.0999999046325684,41.9900016784668
2009-10-20,29.110000610351562,,5.480000019073486,,12.399999618530273,,3.1500000953674316,41.02000045776367
2009-10-21,29.06999969482422,,5.449999809265137,,12.199999809265137,,3.009999990463257,39.599998474121094
2009-10-22,30.309999465942383,,5.960000038146973,,12.229999542236328,,3.0199999809265137,38.349998474121094
2009-10-23,30.700000762939453,,5.78000020980835,,12.260000228881836,,2.9800000190734863,38.13999938964844
2009-10-26,30.290000915527344,,5.989999771118164,,12.0,,2.9700000286102295,37.91999816894531
2009-10-27,30.25,,6.019999980926514,,11.8100004196167,,2.9200000762939453,37.95000076293945
2009-10-28,29.06999969482422,,5.599999904632568,,11.300000190734863,,2.869999885559082,37.959999084472656
2009-10-29,29.75,,5.789999961853027,,11.479999542236328,,2.8299999237060547,38.060001373291016
2009-10-30,29.229999542236328,,5.800000190734863,,10.949999809265137,,2.7100000381469727,37.86000061035156
2009-11-02,31.1299991607666,,5.889999866485596,,10.949999809265137,,2.680000066757202,38.20000076293945
2009-11-03,31.399999618530273,,5.869999885559082,,11.229999542236328,,2.759999990463257,37.9900016784668
2009-11-04,32.02000045776367,,5.769999980926514,,11.359999656677246,,2.890000104904175,37.970001220703125
2009-11-05,31.6299991607666,,5.889999866485596,,11.149999618530273,,2.950000047683716,38.400001525878906
2009-11-06,33.33000183105469,,5.880000114440918,,11.329999923706055,,2.9200000762939453,38.86000061035156
2009-11-09,32.939998626708984,,6.099999904632568,,11.140000343322754,,2.9700000286102295,37.0
2009-11-10,32.459999084472656,,6.039999961853027,,11.079999923706055,,3.0,37.16999816894531
2009-11-11,31.860000610351562,,5.940000057220459,,11.010000228881836,,3.0,37.349998474121094
2009-11-12,31.5,,5.760000228881836,,10.949999809265137,,3.0,37.400001525878906
2009-11-13,31.709999084472656,,5.900000095367432,,10.960000038146973,,3.0199999809265137,37.119998931884766
2009-11-16,31.15999984741211,,5.900000095367432,,11.029999732971191,,3.049999952316284,37.119998931884766
2009-11-17,30.3700008392334,,5.889999866485596,,10.850000381469727,,3.0,37.0
2009-11-18,28.889999389648438,,5.590000152587891,,11.0,,2.9800000190734863,37.29999923706055
2009-11-19,28.559999465942383,,5.610000133514404,,11.100000381469727,,2.990000009536743,37.7400016784668
2009-11-20,28.979999542236328,,5.590000152587891,,11.279999732971191,,2.9700000286102295,37.7599983215332
2009-11-23,29.260000228881836,,5.730000019073486,,11.239999771118164,,2.9600000381469727,37.9900016784668
2009-11-24,29.719999313354492,,5.690000057220459,,11.109999656677246,,3.049999952316284,38.4900016784668
2009-11-25,29.700000762939453,,5.679999828338623,,11.09000015258789,,3.0,38.70000076293945
2009-11-27,28.399999618530273,,5.340000152587891,,10.729999542236328,,2.7899999618530273,38.470001220703125
2009-11-30,27.290000915527344,,5.340000152587891,,10.5600004196167,,2.7899999618530273,37.27000045776367
2009-12-01,29.610000610351562,,5.389999866485596,,10.75,,2.8399999141693115,38.439998626708984
2009-12-02,28.549999237060547,,5.329999923706055,,10.729999542236328,,2.890000104904175,39.59000015258789
2009-12-03,28.530000686645508,,5.329999923706055,,10.65999984741211,,2.690000057220459,39.0
2009-12-04,28.030000686645508,,5.28000020980835,,10.850000381469727,,2.740000009536743,39.54999923706055
2009-12-07,28.3700008392334,,5.480000019073486,,10.619999885559082,,2.740000009536743,39.959999084472656
2009-12-08,28.6200008392334,,5.550000190734863,,10.760000228881836,,2.680000066757202,39.75
2009-12-09,28.110000610351562,,5.269999980926514,,10.640000343322754,,2.819999933242798,39.2400016784668
2009-12-10,28.450000762939453,,5.309999942779541,,10.600000381469727,,2.869999885559082,39.599998474121094
2009-12-11,28.389999389648438,,5.480000019073486,,10.569999694824219,,2.9000000953674316,40.060001373291016
2009-12-14,28.600000381469727,,5.630000114440918,,10.670000076293945,,2.869999885559082,40.18000030517578
2009-12-15,28.610000610351562,,5.699999809265137,,10.550000190734863,,2.8499999046325684,39.81999969482422
2009-12-16,29.350000381469727,,5.75,,10.649999618530273,,2.890000104904175,39.290000915527344
2009-12-17,28.719999313354492,,5.610000133514404,,10.859999656677246,,2.859999895095825,39.20000076293945
2009-12-18,29.1299991607666,,5.570000171661377,,11.5,,2.819999933242798,39.4900016784668
2009-12-21,29.350000381469727,,5.559999942779541,,11.119999885559082,,2.890000104904175,38.970001220703125
2009-12-22,29.649999618530273,,5.489999771118164,,11.119999885559082,,2.75,39.95000076293945
2009-12-23,29.540000915527344,,5.329999923706055,,11.0600004196167,,2.75,41.95000076293945
2009-12-24,28.770000457763672,,5.320000171661377,,11.199999809265137,,2.740000009536743,42.20000076293945
2009-12-28,29.270000457763672,,5.550000190734863,,11.279999732971191,,2.7799999713897705,41.599998474121094
2009-12-29,29.18000030517578,,5.710000038146973,,11.699999809265137,,2.8499999046325684,43.189998626708984
2009-12-30,28.950000762939453,,5.769999980926514,,11.699999809265137,,2.8299999237060547,44.08000183105469
2009-12-31,29.760000228881836,,5.760000228881836,,11.670000076293945,,2.9200000762939453,43.75
2010-01-04,29.889999389648438,,5.789999961853027,,11.899999618530273,,2.990000009536743,44.630001068115234
2010-01-05,29.739999771118164,,5.989999771118164,,11.770000457763672,,3.119999885559082,43.83000183105469
2010-01-06,28.780000686645508,,5.630000114440918,,11.199999809265137,,3.190000057220459,44.75
2010-01-07,28.940000534057617,,5.829999923706055,,11.430000305175781,,3.180000066757202,44.31999969482422
2010-01-08,28.639999389648438,,5.730000019073486,,11.260000228881836,,3.1700000762939453,44.900001525878906
2010-01-11,28.520000457763672,,5.510000228881836,,11.020000457763672,,3.140000104904175,45.619998931884766
2010-01-12,28.520000457763672,,5.25,,10.720000267028809,,3.0399999618530273,45.79999923706055
2010-01-13,28.670000076293945,,5.369999885559082,,10.789999961853027,,2.9000000953674316,44.5
2010-01-14,29.479999542236328,,5.590000152587891,,11.460000038146973,,3.0299999713897705,45.040000915527344
2010-01-15,29.270000457763672,,5.429999828338623,,11.029999732971191,,3.0,44.54999923706055
2010-01-19,28.989999771118164,,5.570000171661377,,10.899999618530273,,2.950000047683716,44.2599983215332
2010-01-20,29.139999389648438,,5.510000228881836,,11.170000076293945,,2.930000066757202,43.0
2010-01-21,29.579999923706055,,5.380000114440918,,11.020000457763672,,2.9800000190734863,44.25
2010-01-22,28.81999969482422,,5.300000190734863,,11.3100004196167,,2.9800000190734863,43.529998779296875
2010-01-25,28.290000915527344,,5.289999961853027,,11.319999694824219,,2.859999895095825,42.0099983215332
2010-01-26,28.020000457763672,,5.210000038146973,,11.3100004196167,,2.9600000381469727,41.83000183105469
2010-01-27,28.020000457763672,,5.150000095367432,,11.460000038146973,,2.9000000953674316,41.79999923706055
2010-01-28,28.09000015258789,,5.170000076293945,,11.449999809265137,,2.9000000953674316,41.5
2010-01-29,28.510000228881836,,5.210000038146973,,11.329999923706055,,2.9000000953674316,41.7400016784668
2010-02-01,28.309999465942383,,5.340000152587891,,11.289999961853027,,2.9200000762939453,42.11000061035156
2010-02-02,28.239999771118164,,5.309999942779541,,11.319999694824219,,2.950000047683716,41.869998931884766
2010-02-03,27.559999465942383,,5.230000019073486,,11.350000381469727,,2.859999895095825,41.97999954223633
2010-02-04,25.690000534057617,,4.96999979019165,,10.90999984741211,,2.7100000381469727,41.0
2010-02-05,25.559999465942383,,4.849999904632568,,10.649999618530273,,2.7899999618530273,40.11000061035156
2010-02-08,24.950000762939453,,4.820000171661377,,10.5600004196167,,2.9200000762939453,40.400001525878906
2010-02-09,24.93000030517578,,4.769999980926514,,10.979999542236328,,2.9000000953674316,40.52000045776367
2010-02-10,25.100000381469727,,4.820000171661377,,11.09000015258789,,2.930000066757202,41.400001525878906
2010-02-11,25.469999313354492,,5.019999980926514,,11.100000381469727,,2.890000104904175,41.0
2010-02-12,25.850000381469727,,5.150000095367432,,11.050000190734863,,2.9200000762939453,40.86000061035156
2010-02-16,26.459999084472656,,4.920000076293945,,11.180000305175781,,2.8399999141693115,40.5
2010-02-17,27.09000015258789,,4.809999942779541,,11.25,,2.8499999046325684,40.70000076293945
2010-02-18,27.579999923706055,,4.829999923706055,,11.3100004196167,,2.8399999141693115,41.029998779296875
2010-02-19,27.6200008392334,,4.929999828338623,,11.350000381469727,,2.8399999141693115,41.13999938964844
2010-02-22,27.799999237060547,,4.860000133514404,,11.199999809265137,,2.8499999046325684,40.720001220703125
2010-02-23,27.459999084472656,,4.789999961853027,,10.84000015258789,,2.799999952316284,41.41999816894531
2010-02-24,27.1200008392334,,4.789999961853027,,10.739999771118164,,2.880000114440918,41.970001220703125
2010-02-25,26.1299991607666,,4.71999979019165,,10.449999809265137,,2.8399999141693115,40.95000076293945
2010-02-26,25.959999084472656,,4.800000190734863,,10.630000114440918,,2.8299999237060547,41.04999923706055
2010-03-01,26.979999542236328,,4.96999979019165,,10.680000305175781,,2.859999895095825,40.68000030517578
2010-03-02,27.56999969482422,,5.070000171661377,,11.050000190734863,,2.9000000953674316,40.540000915527344
2010-03-03,27.34000015258789,,5.010000228881836,,11.010000228881836,,2.890000104904175,42.2400016784668
2010-03-04,27.280000686645508,,4.96999979019165,,11.199999809265137,,2.890000104904175,42.880001068115234
2010-03-05,27.559999465942383,,4.900000095367432,,11.199999809265137,,2.9000000953674316,44.2400016784668
2010-03-08,27.899999618530273,,5.019999980926514,,11.100000381469727,,2.950000047683716,44.20000076293945
2010-03-09,28.010000228881836,,5.050000190734863,,10.9399995803833,,3.0,43.849998474121094
2010-03-10,28.25,,5.300000190734863,,10.84000015258789,,2.9600000381469727,43.849998474121094
2010-03-11,28.440000534057617,,5.210000038146973,,10.8100004196167,,2.9100000858306885,43.849998474121094
2010-03-12,28.25,,5.329999923706055,,10.960000038146973,,2.9200000762939453,43.849998474121094
2010-03-15,28.3799991607666,,5.369999885559082,,10.899999618530273,,3.1500000953674316,43.869998931884766
2010-03-16,28.65999984741211,,5.5,,10.90999984741211,,3.0999999046325684,43.869998931884766
2010-03-17,29.649999618530273,,5.630000114440918,,10.960000038146973,,3.190000057220459,43.849998474121094
2010-03-18,29.190000534057617,,5.679999828338623,,10.960000038146973,,3.299999952316284,43.20000076293945
2010-03-19,29.40999984741211,,5.789999961853027,,11.300000190734863,,3.299999952316284,42.79999923706055
2010-03-22,30.350000381469727,,5.960000038146973,,11.539999961853027,,3.200000047683716,43.13999938964844
2010-03-23,31.440000534057617,,6.170000076293945,,11.59000015258789,,3.2100000381469727,42.43000030517578
2010-03-24,32.060001373291016,,6.130000114440918,,11.59000015258789,,3.200000047683716,42.83000183105469
2010-03-25,32.099998474121094,,6.199999809265137,,11.600000381469727,,3.25,42.43000030517578
2010-03-26,31.329999923706055,,6.079999923706055,,11.579999923706055,,3.359999895095825,43.0
2010-03-29,31.889999389648438,,6.130000114440918,,11.399999618530273,,3.25,43.13999938964844
2010-03-30,30.59000015258789,,6.050000190734863,,11.5,,3.3299999237060547,43.08000183105469
2010-03-31,29.889999389648438,,5.949999809265137,,11.380000114440918,,3.3399999141693115,43.5
2010-04-01,29.950000762939453,,5.829999923706055,,11.449999809265137,,3.440000057220459,43.45000076293945
2010-04-05,31.25,,6.090000152587891,,11.430000305175781,,3.5999999046325684,44.0099983215332
2010-04-06,31.6299991607666,,6.190000057220459,,11.729999542236328,,3.4600000381469727,44.13999938964844
2010-04-07,31.260000228881836,,6.110000133514404,,11.529999732971191,,3.4000000953674316,43.970001220703125
2010-04-08,31.0,,6.090000152587891,,11.550000190734863,,3.450000047683716,43.68000030517578
2010-04-09,31.700000762939453,,6.28000020980835,,11.5,,3.4600000381469727,43.869998931884766
2010-04-12,31.799999237060547,,6.329999923706055,,11.600000381469727,,3.5399999618530273,43.779998779296875
2010-04-13,31.68000030517578,,6.25,,11.5600004196167,,3.5,43.790000915527344
2010-04-14,31.6299991607666,,6.260000228881836,,11.569999694824219,,3.549999952316284,43.630001068115234
2010-04-15,31.229999542236328,,6.28000020980835,,11.510000228881836,,3.559999942779541,43.880001068115234
2010-04-16,30.5,,6.070000171661377,,11.119999885559082,,3.559999942779541,43.70000076293945
2010-04-19,30.760000228881836,,6.119999885559082,,11.1899995803833,,3.5399999618530273,43.75
2010-04-20,30.059999465942383,,6.159999847412109,,11.140000343322754,,3.6500000953674316,43.81999969482422
2010-04-21,29.989999771118164,,6.239999771118164,,11.079999923706055,,3.75,44.52000045776367
2010-04-22,30.420000076293945,,6.480000019073486,,11.350000381469727,,3.75,44.099998474121094
2010-04-23,30.389999389648438,,6.369999885559082,,11.1899995803833,,3.7300000190734863,43.13999938964844
2010-04-26,29.760000228881836,,6.329999923706055,,11.130000114440918,,3.6700000762939453,43.040000915527344
2010-04-27,28.700000762939453,,6.079999923706055,,11.0,,3.5399999618530273,43.20000076293945
2010-04-28,28.1200008392334,,6.150000095367432,,10.869999885559082,,3.450000047683716,43.439998626708984
2010-04-29,28.559999465942383,,6.150000095367432,,10.979999542236328,,3.4700000286102295,43.33000183105469
2010-04-30,28.0,,5.989999771118164,,10.9399995803833,,3.359999895095825,44.630001068115234
2010-05-03,28.510000228881836,,6.119999885559082,,10.949999809265137,,3.450000047683716,43.4900016784668
2010-05-04,27.799999237060547,,5.909999847412109,,10.800000190734863,,3.450000047683716,43.83000183105469
2010-05-05,26.520000457763672,,5.820000171661377,,10.680000305175781,,3.319999933242798,43.95000076293945
2010-05-06,25.450000762939453,,5.369999885559082,,10.279999732971191,,3.2300000190734863,42.0099983215332
2010-05-07,25.329999923706055,,5.300000190734863,,10.4399995803833,,3.200000047683716,41.349998474121094
2010-05-10,27.799999237060547,,5.980000019073486,,10.800000190734863,,3.4100000858306885,42.09000015258789
2010-05-11,27.65999984741211,,5.920000076293945,,10.65999984741211,,3.4700000286102295,42.380001068115234
2010-05-12,28.100000381469727,,5.940000057220459,,10.670000076293945,,3.5399999618530273,43.119998931884766
2010-05-13,28.0,,5.909999847412109,,10.609999656677246,,3.5799999237060547,42.75
2010-05-14,26.799999237060547,,5.599999904632568,,10.399999618530273,,3.3499999046325684,39.849998474121094
2010-05-17,27.049999237060547,,5.449999809265137,,10.199999809265137,,3.3499999046325684,38.790000915527344
2010-05-18,27.75,,5.420000076293945,,10.390000343322754,,3.299999952316284,39.810001373291016
2010-05-19,27.829999923706055,,5.449999809265137,,10.300000190734863,,3.2699999809265137,38.31999969482422
2010-05-20,27.139999389648438,,5.119999885559082,,10.140000343322754,,3.049999952316284,34.849998474121094
2010-05-21,27.0,,5.329999923706055,,10.220000267028809,,3.1500000953674316,34.970001220703125
2010-05-24,26.59000015258789,,5.300000190734863,,10.119999885559082,,3.119999885559082,35.06999969482422
2010-05-25,25.040000915527344,,5.300000190734863,,10.210000038146973,,3.119999885559082,33.88999938964844
2010-05-26,24.649999618530273,,5.150000095367432,,10.050000190734863,,3.1500000953674316,34.540000915527344
2010-05-27,26.979999542236328,,5.489999771118164,,10.229999542236328,,3.240000009536743,35.5
2010-05-28,27.25,,5.550000190734863,,10.25,,3.200000047683716,35.79999923706055
2010-06-01,28.0,,5.519999980926514,,10.270000457763672,,3.1500000953674316,35.5
2010-06-02,28.420000076293945,,5.679999828338623,,10.369999885559082,,3.240000009536743,35.599998474121094
2010-06-03,29.209999084472656,,5.800000190734863,,10.449999809265137,,3.25,35.400001525878906
2010-06-04,29.110000610351562,,5.440000057220459,,10.34000015258789,,3.25,35.599998474121094
2010-06-07,29.15999984741211,,5.460000038146973,,10.279999732971191,,3.1600000858306885,35.65999984741211
2010-06-08,29.18000030517578,,5.5,,10.149999618530273,,3.200000047683716,36.75
2010-06-09,29.100000381469727,,5.699999809265137,,10.199999809265137,,3.200000047683716,37.970001220703125
2010-06-10,29.3700008392334,,5.889999866485596,,10.449999809265137,,3.200000047683716,38.97999954223633
2010-06-11,28.760000228881836,,5.940000057220459,,10.520000457763672,,3.200000047683716,39.0
2010-06-14,29.010000228881836,,5.989999771118164,,10.569999694824219,,3.2300000190734863,40.099998474121094
2010-06-15,30.100000381469727,,6.150000095367432,,10.600000381469727,,3.2300000190734863,39.529998779296875
2010-06-16,30.610000610351562,,6.130000114440918,,10.59000015258789,,3.25,39.86000061035156
2010-06-17,30.399999618530273,,6.070000171661377,,10.5600004196167,,3.2899999618530273,39.5099983215332
2010-06-18,30.84000015258789,,6.150000095367432,,10.539999961853027,,3.180000066757202,39.5099983215332
2010-06-21,31.770000457763672,,6.159999847412109,,11.149999618530273,,3.2799999713897705,39.20000076293945
2010-06-22,31.829999923706055,,6.329999923706055,,10.720000267028809,,3.2699999809265137,39.810001373291016
2010-06-23,31.100000381469727,,6.230000019073486,,10.699999809265137,,3.25,38.95000076293945
2010-06-24,30.559999465942383,,6.150000095367432,,10.8100004196167,,3.25,38.900001525878906
2010-06-25,30.8799991607666,,6.190000057220459,,10.699999809265137,,3.259999990463257,39.0
2010-06-28,30.09000015258789,,6.050000190734863,,10.380000114440918,,3.259999990463257,38.939998626708984
2010-06-29,29.200000762939453,,5.78000020980835,,10.100000381469727,,3.190000057220459,39.15999984741211
2010-06-30,29.450000762939453,,5.699999809265137,,10.0,,3.140000104904175,38.90999984741211
2010-07-01,29.469999313354492,,5.670000076293945,,10.020000457763672,,3.2799999713897705,38.220001220703125
2010-07-02,29.479999542236328,,5.71999979019165,,10.140000343322754,,3.299999952316284,38.810001373291016
2010-07-06,29.959999084472656,,5.75,,10.100000381469727,,3.240000009536743,37.52000045776367
2010-07-07,31.110000610351562,,5.989999771118164,,10.25,,3.2100000381469727,38.060001373291016
2010-07-08,31.610000610351562,,6.099999904632568,,10.300000190734863,,3.2699999809265137,38.06999969482422
2010-07-09,32.2599983215332,,6.369999885559082,,10.850000381469727,,3.4100000858306885,38.75
2010-07-12,31.3700008392334,,6.210000038146973,,10.550000190734863,,3.450000047683716,38.47999954223633
2010-07-13,32.0,,6.25,,10.539999961853027,,3.619999885559082,39.22999954223633
2010-07-14,32.880001068115234,,6.230000019073486,,10.600000381469727,,3.7799999713897705,38.7400016784668
2010-07-15,32.720001220703125,,6.170000076293945,,10.670000076293945,,3.700000047683716,38.52000045776367
2010-07-16,32.7400016784668,,6.090000152587891,,10.680000305175781,,3.700000047683716,38.5099983215332
2010-07-19,33.599998474121094,,6.230000019073486,,10.779999732971191,,3.6700000762939453,40.79999923706055
2010-07-20,35.779998779296875,,6.170000076293945,,10.75,,3.759999990463257,39.18000030517578
2010-07-21,35.29999923706055,,6.269999980926514,,10.75,,3.7300000190734863,38.72999954223633
2010-07-22,35.689998626708984,,6.300000190734863,,10.6899995803833,,3.75,39.900001525878906
2010-07-23,35.72999954223633,,6.300000190734863,,10.59000015258789,,3.7200000286102295,39.900001525878906
2010-07-26,36.2400016784668,,6.380000114440918,,10.670000076293945,,3.740000009536743,39.900001525878906
2010-07-27,37.130001068115234,,6.389999866485596,,10.739999771118164,,3.75,39.970001220703125
2010-07-28,37.209999084472656,,6.289999961853027,,10.600000381469727,,3.700000047683716,39.939998626708984
2010-07-29,38.2400016784668,,6.329999923706055,,10.600000381469727,,3.740000009536743,39.66999816894531
2010-07-30,37.970001220703125,,6.300000190734863,,10.550000190734863,,3.7799999713897705,40.630001068115234
2010-08-02,39.29999923706055,,6.659999847412109,,10.489999771118164,,3.8299999237060547,41.560001373291016
2010-08-03,37.939998626708984,,6.900000095367432,,10.170000076293945,,3.740000009536743,42.099998474121094
2010-08-04,38.959999084472656,,7.010000228881836,,10.199999809265137,,3.640000104904175,42.20000076293945
2010-08-05,40.45000076293945,,7.119999885559082,,10.260000228881836,,3.630000114440918,43.45000076293945
2010-08-06,40.880001068115234,,6.980000019073486,,10.449999809265137,,3.5799999237060547,42.5
2010-08-09,41.18000030517578,,7.190000057220459,,10.630000114440918,,3.6500000953674316,41.939998626708984
2010-08-10,41.400001525878906,,7.130000114440918,,10.59000015258789,,3.5999999046325684,43.0
2010-08-11,40.0099983215332,,7.550000190734863,,10.289999961853027,,3.549999952316284,42.20000076293945
2010-08-12,39.790000915527344,,7.650000095367432,,10.350000381469727,,3.5,42.560001373291016
2010-08-13,39.369998931884766,,7.820000171661377,,10.199999809265137,,3.6700000762939453,42.2599983215332
2010-08-16,39.5,,8.350000381469727,,10.619999885559082,,3.8399999141693115,42.5
2010-08-17,38.880001068115234,,8.600000381469727,,10.5,,3.7100000381469727,41.599998474121094
2010-08-18,40.349998474121094,,8.6899995803833,,10.5,,3.7100000381469727,41.20000076293945
2010-08-19,39.33000183105469,,8.5,,10.380000114440918,,3.700000047683716,40.779998779296875
2010-08-20,39.29999923706055,,8.470000267028809,,10.420000076293945,,3.690000057220459,41.0
2010-08-23,38.72999954223633,,8.020000457763672,,10.319999694824219,,3.6500000953674316,41.279998779296875
2010-08-24,37.029998779296875,,7.5,,10.180000305175781,,3.509999990463257,40.619998931884766
2010-08-25,37.099998474121094,,7.949999809265137,,10.109999656677246,,3.5199999809265137,40.15999984741211
2010-08-26,37.540000915527344,,8.050000190734863,,10.180000305175781,,3.549999952316284,40.33000183105469
2010-08-27,37.459999084472656,,8.029999732971191,,10.239999771118164,,3.5399999618530273,40.5099983215332
2010-08-30,37.54999923706055,,7.71999979019165,,10.220000267028809,,3.450000047683716,40.40999984741211
2010-08-31,37.790000915527344,,8.079999923706055,,10.359999656677246,,3.450000047683716,39.810001373291016
2010-09-01,38.70000076293945,,8.430000305175781,,10.510000228881836,,3.430000066757202,42.13999938964844
2010-09-02,38.54999923706055,,8.449999809265137,,10.569999694824219,,3.4700000286102295,41.900001525878906
2010-09-03,37.959999084472656,,8.479999542236328,,10.460000038146973,,3.5299999713897705,41.36000061035156
2010-09-07,37.619998931884766,,8.710000038146973,,10.350000381469727,,3.5399999618530273,40.869998931884766
2010-09-08,37.61000061035156,,8.75,,10.420000076293945,,3.4000000953674316,38.79999923706055
2010-09-09,39.099998474121094,,8.789999961853027,,10.479999542236328,,3.4000000953674316,39.25
2010-09-10,39.56999969482422,,8.65999984741211,,10.640000343322754,,3.4100000858306885,39.5
2010-09-13,40.70000076293945,,8.869999885559082,,10.539999961853027,,3.450000047683716,40.0
2010-09-14,41.959999084472656,,8.770000457763672,,10.609999656677246,,3.490000009536743,40.630001068115234
2010-09-15,40.709999084472656,,8.770000457763672,,10.779999732971191,,3.4000000953674316,40.70000076293945
2010-09-16,40.20000076293945,,8.699999809265137,,10.630000114440918,,3.440000057220459,40.70000076293945
2010-09-17,41.0,,9.15999984741211,,10.979999542236328,,3.359999895095825,40.70000076293945
2010-09-20,42.33000183105469,,9.609999656677246,,11.0,,3.380000114440918,40.599998474121094
2010-09-21,42.970001220703125,,9.460000038146973,,10.920000076293945,,3.5999999046325684,40.5
2010-09-22,43.150001525878906,,9.40999984741211,,10.859999656677246,,3.4700000286102295,39.47999954223633
2010-09-23,43.25,,9.260000228881836,,10.829999923706055,,3.4100000858306885,39.20000076293945
2010-09-24,47.18000030517578,,9.8100004196167,,11.0600004196167,,3.3499999046325684,39.5
2010-09-27,46.06999969482422,,9.699999809265137,,11.619999885559082,,3.4700000286102295,39.400001525878906
2010-09-28,45.93000030517578,,10.149999618530273,,11.649999618530273,,3.5799999237060547,39.04999923706055
2010-09-29,44.779998779296875,,9.960000038146973,,11.59000015258789,,3.700000047683716,39.400001525878906
2010-09-30,44.540000915527344,,9.979999542236328,,11.489999771118164,,3.7300000190734863,38.9900016784668
2010-10-01,44.13999938964844,,10.069999694824219,,11.25,,3.559999942779541,39.20000076293945
2010-10-04,43.33000183105469,,9.970000267028809,,11.149999618530273,,3.5899999141693115,39.060001373291016
2010-10-05,45.040000915527344,,10.199999809265137,,11.40999984741211,,3.509999990463257,39.0
2010-10-06,44.029998779296875,,10.0600004196167,,11.3100004196167,,3.5799999237060547,39.70000076293945
2010-10-07,43.209999084472656,,9.859999656677246,,11.279999732971191,,3.6600000858306885,39.5
2010-10-08,44.27000045776367,,10.119999885559082,,11.550000190734863,,3.5999999046325684,39.31999969482422
2010-10-11,44.16999816894531,,10.119999885559082,,11.850000381469727,,3.609999895095825,39.29999923706055
2010-10-12,44.150001525878906,,10.140000343322754,,11.800000190734863,,3.6500000953674316,39.22999954223633
2010-10-13,45.38999938964844,,10.300000190734863,,12.039999961853027,,3.7899999618530273,39.31999969482422
2010-10-14,44.880001068115234,,9.979999542236328,,11.979999542236328,,3.7899999618530273,39.0
2010-10-15,44.349998474121094,,10.010000228881836,,12.430000305175781,,3.7799999713897705,39.189998626708984
2010-10-18,44.40999984741211,,10.039999961853027,,12.6899995803833,,3.740000009536743,38.81999969482422
2010-10-19,44.400001525878906,,10.3100004196167,,12.600000381469727,,3.75,38.61000061035156
2010-10-20,46.20000076293945,,11.039999961853027,,12.9399995803833,,3.7300000190734863,38.849998474121094
2010-10-21,46.5,,11.300000190734863,,13.020000457763672,,3.8399999141693115,38.939998626708984
2010-10-22,45.709999084472656,,11.449999809265137,,13.010000228881836,,3.8499999046325684,39.04999923706055
2010-10-25,47.70000076293945,,12.1899995803833,,13.329999923706055,,4.010000228881836,39.150001525878906
2010-10-26,47.0099983215332,,11.970000267028809,,13.279999732971191,,3.9700000286102295,39.150001525878906
2010-10-27,51.619998931884766,,13.010000228881836,,14.920000076293945,,4.349999904632568,39.59000015258789
2010-10-28,49.939998626708984,,12.579999923706055,,14.170000076293945,,4.119999885559082,39.599998474121094
2010-10-29,49.849998474121094,,13.029999732971191,,14.40999984741211,,4.099999904632568,39.84000015258789
2010-11-01,49.25,,13.619999885559082,,14.819999694824219,,4.090000152587891,40.02000045776367
2010-11-02,50.0,,14.210000038146973,,14.25,,4.25,40.45000076293945
2010-11-03,50.0,,15.140000343322754,,14.350000381469727,,4.400000095367432,40.79999923706055
2010-11-04,53.5,,16.239999771118164,,15.039999961853027,,4.400000095367432,40.540000915527344
2010-11-05,51.29999923706055,,16.34000015258789,,14.920000076293945,,4.489999771118164,40.720001220703125
2010-11-08,50.099998474121094,,16.09000015258789,,14.859999656677246,,4.5,42.5099983215332
2010-11-09,50.599998474121094,,15.430000305175781,,14.59000015258789,,4.5,42.9900016784668
2010-11-10,50.47999954223633,,16.209999084472656,,14.680000305175781,,4.639999866485596,41.2400016784668
2010-11-11,50.36000061035156,,16.010000228881836,,14.989999771118164,,4.539999961853027,41.5
2010-11-12,50.529998779296875,,15.210000038146973,,14.260000228881836,,4.300000190734863,41.619998931884766
2010-11-15,51.81999969482422,,15.5,,14.390000343322754,,4.449999809265137,42.209999084472656
2010-11-16,48.08000183105469,,14.760000228881836,,13.699999809265137,,4.329999923706055,41.459999084472656
2010-11-17,48.279998779296875,,15.039999961853027,,13.619999885559082,,4.730000019073486,41.630001068115234
2010-11-18,48.959999084472656,,15.270000457763672,,14.100000381469727,,4.840000152587891,41.439998626708984
2010-11-19,50.34000015258789,,15.359999656677246,,14.359999656677246,,4.820000171661377,41.15999984741211
2010-11-22,50.70000076293945,,15.529999732971191,,14.529999732971191,,4.71999979019165,40.2400016784668
2010-11-23,49.16999816894531,,15.09000015258789,,15.199999809265137,,4.559999942779541,39.959999084472656
2010-11-24,50.13999938964844,,16.18000030517578,,16.350000381469727,,4.869999885559082,40.439998626708984
2010-11-26,49.400001525878906,,15.880000114440918,,17.489999771118164,,4.949999809265137,40.29999923706055
2010-11-29,50.33000183105469,,15.539999961853027,,17.440000534057617,,4.900000095367432,40.0
2010-11-30,49.90999984741211,,15.369999885559082,,17.3799991607666,,4.949999809265137,39.16999816894531
2010-12-01,51.689998626708984,,16.010000228881836,,17.709999084472656,,5.050000190734863,39.0
2010-12-02,52.5,,16.540000915527344,,18.09000015258789,,5.190000057220459,39.150001525878906
2010-12-03,51.75,,16.40999984741211,,18.079999923706055,,5.150000095367432,39.43000030517578
2010-12-06,51.66999816894531,,16.770000457763672,,18.110000610351562,,5.300000190734863,40.9900016784668
2010-12-07,52.650001525878906,,15.800000190734863,,17.5,,6.039999961853027,42.22999954223633
2010-12-08,52.68000030517578,,15.390000343322754,,17.350000381469727,,6.190000057220459,42.18000030517578
2010-12-09,53.279998779296875,,15.539999961853027,,17.059999465942383,,6.099999904632568,43.15999984741211
2010-12-10,54.34000015258789,,15.470000267028809,,16.739999771118164,,6.0,44.9900016784668
2010-12-13,54.220001220703125,,15.010000228881836,,16.739999771118164,,5.869999885559082,44.29999923706055
2010-12-14,54.04999923706055,,15.039999961853027,,16.440000534057617,,5.900000095367432,42.9900016784668
2010-12-15,52.11000061035156,,14.270000457763672,,15.510000228881836,,5.409999847412109,43.0
2010-12-16,51.310001373291016,,14.380000114440918,,15.970000267028809,,5.460000038146973,43.0
2010-12-17,51.15999984741211,,14.569999694824219,,16.809999465942383,,5.239999771118164,43.59000015258789
2010-12-20,50.2400016784668,,15.3100004196167,,16.260000228881836,,5.210000038146973,43.58000183105469
2010-12-21,51.130001068115234,,15.1899995803833,,16.0,,5.320000171661377,44.41999816894531
2010-12-22,50.70000076293945,,15.520000457763672,,16.200000762939453,,5.409999847412109,45.779998779296875
2010-12-23,49.68000030517578,,15.149999618530273,,16.1200008392334,,5.489999771118164,50.34000015258789
2010-12-27,49.11000061035156,,14.899999618530273,,16.65999984741211,,5.309999942779541,49.25
2010-12-28,48.68000030517578,,15.140000343322754,,17.110000610351562,,5.489999771118164,49.5
2010-12-29,48.27000045776367,,15.279999732971191,,17.420000076293945,,5.880000114440918,50.599998474121094
2010-12-30,49.70000076293945,,15.09000015258789,,17.1299991607666,,5.679999828338623,50.22999954223633
2010-12-31,50.20000076293945,,15.3100004196167,,17.0,,5.610000133514404,50.369998931884766
2011-01-03,51.40999984741211,,16.040000915527344,,17.299999237060547,,5.730000019073486,51.150001525878906
2011-01-04,51.16999816894531,,15.869999885559082,,16.940000534057617,,5.710000038146973,53.529998779296875
2011-01-05,48.79999923706055,,15.710000038146973,,17.049999237060547,,5.630000114440918,54.58000183105469
2011-01-06,48.75,,15.550000190734863,,16.649999618530273,,5.550000190734863,54.099998474121094
2011-01-07,49.34000015258789,,15.229999542236328,,16.610000610351562,,5.489999771118164,52.400001525878906
2011-01-10,47.970001220703125,,15.09000015258789,,16.229999542236328,,5.360000133514404,52.75
2011-01-11,47.540000915527344,,15.15999984741211,,16.260000228881836,,5.239999771118164,53.630001068115234
2011-01-12,48.15999984741211,,15.270000457763672,,16.420000076293945,,5.559999942779541,53.0
2011-01-13,47.29999923706055,,15.170000076293945,,16.6200008392334,,5.519999980926514,52.619998931884766
2011-01-14,46.11000061035156,,15.050000190734863,,16.600000381469727,,5.5,51.72999954223633
2011-01-18,47.279998779296875,,15.529999732971191,,17.43000030517578,,5.699999809265137,52.18000030517578
2011-01-19,50.029998779296875,,16.520000457763672,,17.68000030517578,,5.849999904632568,51.47999954223633
2011-01-20,49.709999084472656,,16.270000457763672,,18.200000762939453,,5.980000019073486,50.900001525878906
2011-01-21,49.18000030517578,,16.15999984741211,,18.8799991607666,,5.889999866485596,51.15999984741211
2011-01-24,48.77000045776367,,16.020000457763672,,18.15999984741211,,5.849999904632568,50.75
2011-01-25,48.08000183105469,,15.859999656677246,,18.229999542236328,,5.809999942779541,50.34000015258789
2011-01-26,48.630001068115234,,16.1200008392334,,18.389999389648438,,6.03000020980835,51.0
2011-01-27,47.22999954223633,,15.970000267028809,,17.799999237060547,,6.239999771118164,50.2599983215332
2011-01-28,45.900001525878906,,15.680000305175781,,17.350000381469727,,5.960000038146973,48.720001220703125
2011-01-31,46.13999938964844,,15.649999618530273,,17.56999969482422,,6.059999942779541,50.349998474121094
2011-02-01,45.58000183105469,,15.380000114440918,,17.3700008392334,,6.059999942779541,50.25
2011-02-02,45.310001373291016,,15.760000228881836,,17.260000228881836,,6.150000095367432,50.349998474121094
2011-02-03,44.2400016784668,,16.010000228881836,,17.270000457763672,,6.190000057220459,50.400001525878906
2011-02-04,42.279998779296875,,16.0,,17.1200008392334,,6.119999885559082,50.75
2011-02-07,41.400001525878906,,15.760000228881836,,16.850000381469727,,6.039999961853027,50.720001220703125
2011-02-08,42.70000076293945,,15.930000305175781,,17.0,,5.940000057220459,50.369998931884766
2011-02-09,41.939998626708984,,15.380000114440918,,16.729999542236328,,5.960000038146973,49.70000076293945
2011-02-10,41.0099983215332,,14.5600004196167,,16.149999618530273,,5.75,48.70000076293945
2011-02-11,41.59000015258789,,14.710000038146973,,16.149999618530273,,5.690000057220459,48.79999923706055
2011-02-14,43.119998931884766,,14.90999984741211,,16.0,,5.449999809265137,48.88999938964844
2011-02-15,42.310001373291016,,14.649999618530273,,15.899999618530273,,5.510000228881836,48.7400016784668
2011-02-16,42.529998779296875,,15.010000228881836,,16.170000076293945,,5.559999942779541,48.349998474121094
2011-02-17,42.209999084472656,,14.90999984741211,,16.43000030517578,,5.699999809265137,48.599998474121094
2011-02-18,42.279998779296875,,15.270000457763672,,16.56999969482422,,5.710000038146973,49.54999923706055
2011-02-22,41.45000076293945,,14.84000015258789,,15.920000076293945,,5.5,50.45000076293945
2011-02-23,40.849998474121094,,14.010000228881836,,15.470000267028809,,5.329999923706055,50.400001525878906
2011-02-24,40.849998474121094,,13.829999923706055,,15.390000343322754,,5.210000038146973,49.77000045776367
2011-02-25,42.02000045776367,,14.390000343322754,,15.5600004196167,,5.230000019073486,50.54999923706055
2011-02-28,41.849998474121094,,14.369999885559082,,15.600000381469727,,5.309999942779541,51.650001525878906
2011-03-01,41.06999969482422,,14.210000038146973,,15.300000190734863,,5.199999809265137,51.72999954223633
2011-03-02,40.790000915527344,,13.800000190734863,,15.029999732971191,,5.230000019073486,51.959999084472656
2011-03-03,41.7599983215332,,14.319999694824219,,15.329999923706055,,5.28000020980835,51.86000061035156
2011-03-04,40.79999923706055,,14.380000114440918,,15.470000267028809,,5.28000020980835,52.31999969482422
2011-03-07,40.7400016784668,,14.180000305175781,,15.430000305175781,,5.010000228881836,52.560001373291016
2011-03-08,40.790000915527344,,14.319999694824219,,15.199999809265137,,5.039999961853027,52.599998474121094
2011-03-09,40.90999984741211,,14.079999923706055,,15.039999961853027,,5.059999942779541,52.970001220703125
2011-03-10,40.470001220703125,,13.8100004196167,,14.720000267028809,,4.789999961853027,51.93000030517578
2011-03-11,40.689998626708984,,13.850000381469727,,14.600000381469727,,4.739999771118164,51.5
2011-03-14,40.25,,13.710000038146973,,14.199999809265137,,4.599999904632568,48.29999923706055
2011-03-15,39.84000015258789,,12.979999542236328,,13.800000190734863,,4.550000190734863,47.189998626708984
2011-03-16,38.599998474121094,,12.699999809265137,,13.869999885559082,,4.480000019073486,46.18000030517578
2011-03-17,39.380001068115234,,12.899999618530273,,13.880000114440918,,4.519999980926514,46.0
2011-03-18,39.650001525878906,,12.880000114440918,,13.899999618530273,,4.5,46.849998474121094
2011-03-21,39.29999923706055,,12.890000343322754,,14.130000114440918,,4.460000038146973,44.349998474121094
2011-03-22,38.9900016784668,,12.880000114440918,,14.0,,4.300000190734863,41.95000076293945
2011-03-23,38.650001525878906,,12.869999885559082,,14.0,,4.289999961853027,41.43000030517578
2011-03-24,38.7400016784668,,13.130000114440918,,14.010000228881836,,4.199999809265137,41.52000045776367
2011-03-25,38.61000061035156,,12.850000381469727,,14.09000015258789,,4.28000020980835,42.22999954223633
2011-03-28,39.02000045776367,,12.670000076293945,,14.119999885559082,,4.21999979019165,42.13999938964844
2011-03-29,39.45000076293945,,12.319999694824219,,14.15999984741211,,4.28000020980835,42.81999969482422
2011-03-30,40.400001525878906,,12.59000015258789,,14.149999618530273,,4.400000095367432,43.45000076293945
2011-03-31,40.029998779296875,,12.430000305175781,,14.170000076293945,,4.610000133514404,44.540000915527344
2011-04-01,41.130001068115234,,13.15999984741211,,14.850000381469727,,4.809999942779541,44.77000045776367
2011-04-04,42.66999816894531,,13.829999923706055,,15.25,,4.889999866485596,45.099998474121094
2011-04-05,43.040000915527344,,13.9399995803833,,15.220000267028809,,4.900000095367432,45.75
2011-04-06,43.08000183105469,,13.8100004196167,,15.020000457763672,,4.760000228881836,46.34000015258789
2011-04-07,41.77000045776367,,13.649999618530273,,14.649999618530273,,4.800000190734863,45.5
2011-04-08,41.939998626708984,,13.75,,14.640000343322754,,4.78000020980835,46.099998474121094
2011-04-11,41.2599983215332,,13.449999809265137,,14.569999694824219,,4.769999980926514,46.209999084472656
2011-04-12,40.72999954223633,,13.149999618530273,,14.279999732971191,,4.610000133514404,45.63999938964844
2011-04-13,41.189998626708984,,13.470000267028809,,14.329999923706055,,4.550000190734863,45.5
2011-04-14,39.630001068115234,,13.279999732971191,,14.229999542236328,,4.5,44.93000030517578
2011-04-15,38.939998626708984,,13.270000457763672,,14.140000343322754,,4.460000038146973,45.279998779296875
2011-04-18,37.779998779296875,,12.8100004196167,,13.699999809265137,,4.380000114440918,44.02000045776367
2011-04-19,37.540000915527344,,13.109999656677246,,13.699999809265137,,4.369999885559082,43.7599983215332
2011-04-20,37.900001525878906,,13.420000076293945,,14.8100004196167,,4.659999847412109,44.16999816894531
2011-04-21,37.86000061035156,,13.289999961853027,,14.489999771118164,,4.690000057220459,44.34000015258789
2011-04-25,37.90999984741211,,13.289999961853027,,14.739999771118164,,4.590000152587891,44.25
2011-04-26,37.22999954223633,,12.9399995803833,,14.75,,4.449999809265137,44.029998779296875
2011-04-27,36.599998474121094,,12.880000114440918,,14.800000190734863,,4.380000114440918,44.029998779296875
2011-04-28,36.02000045776367,,12.720000267028809,,14.869999885559082,,4.599999904632568,43.529998779296875
2011-04-29,36.9900016784668,,12.779999732971191,,15.449999809265137,,5.300000190734863,44.0099983215332
2011-05-02,37.56999969482422,,12.800000190734863,,15.6899995803833,,5.210000038146973,43.84000015258789
2011-05-03,37.970001220703125,,12.850000381469727,,15.40999984741211,,5.349999904632568,41.25
2011-05-04,37.66999816894531,,12.710000038146973,,15.260000228881836,,5.349999904632568,41.09000015258789
2011-05-05,36.900001525878906,,12.399999618530273,,14.65999984741211,,5.309999942779541,40.95000076293945
2011-05-06,35.2599983215332,,12.399999618530273,,14.699999809265137,,5.349999904632568,41.06999969482422
2011-05-09,35.04999923706055,,12.890000343322754,,14.699999809265137,,5.260000228881836,43.599998474121094
2011-05-10,36.4900016784668,,13.529999732971191,,14.75,,5.289999961853027,45.61000061035156
2011-05-11,35.709999084472656,,13.020000457763672,,14.729999542236328,,5.199999809265137,44.0
2011-05-12,34.720001220703125,,13.15999984741211,,14.729999542236328,,5.369999885559082,43.56999969482422
2011-05-13,34.45000076293945,,13.039999961853027,,15.1899995803833,,5.21999979019165,42.650001525878906
2011-05-16,33.90999984741211,,12.819999694824219,,15.069999694824219,,5.130000114440918,42.4900016784668
2011-05-17,33.7400016784668,,12.6899995803833,,15.119999885559082,,5.050000190734863,43.06999969482422
2011-05-18,34.45000076293945,,12.899999618530273,,15.260000228881836,,5.199999809265137,44.09000015258789
2011-05-19,33.84000015258789,,12.609999656677246,,15.300000190734863,,5.25,44.349998474121094
2011-05-20,33.13999938964844,,12.399999618530273,,15.270000457763672,,5.260000228881836,44.36000061035156
2011-05-23,32.86000061035156,,11.979999542236328,,14.890000343322754,,5.329999923706055,43.7599983215332
2011-05-24,32.099998474121094,,11.65999984741211,,14.850000381469727,,3.7100000381469727,44.4900016784668
2011-05-25,31.799999237060547,,11.119999885559082,,14.850000381469727,,3.630000114440918,45.0099983215332
2011-05-26,31.760000228881836,,11.539999961853027,,14.600000381469727,,3.5999999046325684,45.439998626708984
2011-05-27,32.20000076293945,,11.600000381469727,,14.6899995803833,,3.440000057220459,45.560001373291016
2011-05-31,32.459999084472656,,11.619999885559082,,14.609999656677246,,3.5199999809265137,46.20000076293945
2011-06-01,31.670000076293945,,11.199999809265137,,14.449999809265137,,3.5,44.369998931884766
2011-06-02,31.5,,11.369999885559082,,14.5,,3.4600000381469727,44.66999816894531
2011-06-03,31.639999389648438,,11.779999732971191,,14.4399995803833,,3.559999942779541,44.41999816894531
2011-06-06,31.360000610351562,,11.600000381469727,,14.350000381469727,,3.5999999046325684,44.0
2011-06-07,31.450000762939453,,11.8100004196167,,14.479999542236328,,3.559999942779541,43.400001525878906
2011-06-08,31.530000686645508,,11.8100004196167,,14.34000015258789,,3.559999942779541,42.36000061035156
2011-06-09,32.29999923706055,,12.3100004196167,,15.109999656677246,,3.680000066757202,43.099998474121094
2011-06-10,32.720001220703125,,12.329999923706055,,15.119999885559082,,3.8399999141693115,42.130001068115234
2011-06-13,33.38999938964844,,12.270000457763672,,14.9399995803833,,3.7899999618530273,42.52000045776367
2011-06-14,34.02000045776367,,12.6899995803833,,15.289999961853027,,3.799999952316284,42.529998779296875
2011-06-15,34.810001373291016,,12.649999618530273,,14.970000267028809,,3.75,41.970001220703125
2011-06-16,33.61000061035156,,12.600000381469727,,14.779999732971191,,3.759999990463257,41.58000183105469
2011-06-17,36.2599983215332,,12.770000457763672,,14.829999923706055,,3.7100000381469727,42.06999969482422
2011-06-20,35.849998474121094,,12.800000190734863,,15.119999885559082,,3.7300000190734863,42.029998779296875
2011-06-21,35.939998626708984,,13.0,,15.289999961853027,,3.7799999713897705,42.59000015258789
2011-06-22,35.849998474121094,,13.069999694824219,,15.279999732971191,,3.799999952316284,41.849998474121094
2011-06-23,35.56999969482422,,12.970000267028809,,15.25,,3.7899999618530273,42.0
2011-06-24,35.40999984741211,,12.970000267028809,,15.25,,3.75,41.5
2011-06-27,35.84000015258789,,13.119999885559082,,15.119999885559082,,3.75,41.45000076293945
2011-06-28,36.560001373291016,,13.520000457763672,,15.220000267028809,,3.700000047683716,42.0
2011-06-29,37.209999084472656,,13.59000015258789,,15.119999885559082,,3.809999942779541,43.459999084472656
2011-06-30,37.7400016784668,,13.539999961853027,,15.34000015258789,,3.799999952316284,45.04999923706055
2011-07-01,38.5,,13.949999809265137,,15.319999694824219,,3.859999895095825,45.349998474121094
2011-07-05,38.79999923706055,,14.09000015258789,,15.319999694824219,,3.890000104904175,45.91999816894531
2011-07-06,39.59000015258789,,14.25,,15.699999809265137,,3.940000057220459,46.119998931884766
2011-07-07,39.95000076293945,,14.539999961853027,,16.020000457763672,,3.9200000762939453,45.9900016784668
2011-07-08,39.41999816894531,,14.569999694824219,,15.930000305175781,,3.819999933242798,45.75
2011-07-11,38.40999984741211,,14.220000267028809,,15.5600004196167,,3.819999933242798,45.11000061035156
2011-07-12,37.54999923706055,,14.170000076293945,,15.40999984741211,,3.819999933242798,42.97999954223633
2011-07-13,37.88999938964844,,14.270000457763672,,15.220000267028809,,3.809999942779541,43.34000015258789
2011-07-14,37.09000015258789,,14.149999618530273,,14.850000381469727,,3.8299999237060547,42.83000183105469
2011-07-15,37.209999084472656,,14.300000190734863,,14.859999656677246,,3.809999942779541,43.029998779296875
2011-07-18,36.31999969482422,,14.079999923706055,,14.630000114440918,,3.680000066757202,42.189998626708984
2011-07-19,35.56999969482422,,14.5,,14.6899995803833,,3.5799999237060547,42.04999923706055
2011-07-20,35.5099983215332,,14.529999732971191,,14.710000038146973,,3.6500000953674316,42.31999969482422
2011-07-21,35.650001525878906,,14.670000076293945,,14.680000305175781,,3.690000057220459,43.220001220703125
2011-07-22,35.65999984741211,,14.619999885559082,,14.609999656677246,,3.7100000381469727,43.220001220703125
2011-07-25,35.90999984741211,,14.539999961853027,,14.510000228881836,,3.7799999713897705,43.130001068115234
2011-07-26,36.09000015258789,,14.479999542236328,,14.789999961853027,,3.759999990463257,42.599998474121094
2011-07-27,35.040000915527344,,14.010000228881836,,14.550000190734863,,3.7300000190734863,42.369998931884766
2011-07-28,35.16999816894531,,14.140000343322754,,14.510000228881836,,3.7100000381469727,42.099998474121094
2011-07-29,34.65999984741211,,14.229999542236328,,14.390000343322754,,3.630000114440918,42.56999969482422
2011-08-01,34.72999954223633,,14.140000343322754,,14.539999961853027,,3.619999885559082,42.41999816894531
2011-08-02,33.349998474121094,,14.420000076293945,,14.670000076293945,,3.6700000762939453,41.72999954223633
2011-08-03,33.83000183105469,,14.350000381469727,,14.729999542236328,,3.569999933242798,40.38999938964844
2011-08-04,30.809999465942383,,13.369999885559082,,13.680000305175781,,3.509999990463257,38.279998779296875
2011-08-05,30.719999313354492,,13.029999732971191,,13.319999694824219,,3.3299999237060547,38.61000061035156
2011-08-08,28.780000686645508,,11.539999961853027,,12.180000305175781,,3.049999952316284,34.5
2011-08-09,30.809999465942383,,12.210000038146973,,12.390000343322754,,3.130000114440918,35.86000061035156
2011-08-10,29.940000534057617,,12.079999923706055,,12.119999885559082,,3.200000047683716,36.209999084472656
2011-08-11,30.34000015258789,,12.630000114440918,,12.729999542236328,,3.3499999046325684,37.45000076293945
2011-08-12,29.8700008392334,,12.989999771118164,,12.449999809265137,,3.640000104904175,37.5
2011-08-15,29.850000381469727,,12.890000343322754,,12.449999809265137,,3.819999933242798,38.91999816894531
2011-08-16,29.479999542236328,,12.3100004196167,,12.430000305175781,,3.75,38.959999084472656
2011-08-17,29.3700008392334,,12.739999771118164,,12.65999984741211,,3.5999999046325684,39.349998474121094
2011-08-18,27.700000762939453,,11.960000038146973,,12.3100004196167,,3.4000000953674316,37.56999969482422
2011-08-19,26.389999389648438,,11.789999961853027,,12.350000381469727,,3.4800000190734863,36.68000030517578
2011-08-22,26.399999618530273,,11.949999809265137,,12.329999923706055,,3.6700000762939453,36.81999969482422
2011-08-23,27.299999237060547,,12.119999885559082,,12.479999542236328,,3.5899999141693115,37.65999984741211
2011-08-24,27.100000381469727,,12.0,,12.40999984741211,,3.5,37.97999954223633
2011-08-25,26.65999984741211,,11.75,,12.25,,3.559999942779541,36.869998931884766
2011-08-26,26.68000030517578,,11.6899995803833,,12.15999984741211,,3.5,37.689998626708984
2011-08-29,26.940000534057617,,11.8100004196167,,12.329999923706055,,3.549999952316284,38.20000076293945
2011-08-30,26.989999771118164,,11.949999809265137,,12.380000114440918,,3.5999999046325684,39.09000015258789
2011-08-31,27.079999923706055,,11.899999618530273,,12.449999809265137,,3.700000047683716,39.43000030517578
2011-09-01,26.670000076293945,,11.680000305175781,,12.369999885559082,,3.700000047683716,38.47999954223633
2011-09-02,25.40999984741211,,11.199999809265137,,12.210000038146973,,3.6500000953674316,37.939998626708984
2011-09-06,24.81999969482422,,11.109999656677246,,12.010000228881836,,3.569999933242798,37.25
2011-09-07,25.1200008392334,,11.029999732971191,,12.34000015258789,,3.559999942779541,39.0099983215332
2011-09-08,24.149999618530273,,10.40999984741211,,12.3100004196167,,3.4700000286102295,38.189998626708984
2011-09-09,23.06999969482422,,10.210000038146973,,12.210000038146973,,3.390000104904175,37.34000015258789
2011-09-12,21.719999313354492,,10.109999656677246,,12.010000228881836,,3.309999942779541,37.150001525878906
2011-09-13,21.56999969482422,,9.979999542236328,,12.0,,3.3499999046325684,38.09000015258789
2011-09-14,22.360000610351562,,10.270000457763672,,11.760000228881836,,3.2200000286102295,39.06999969482422
2011-09-15,22.399999618530273,,10.319999694824219,,12.010000228881836,,3.2300000190734863,39.20000076293945
2011-09-16,23.6299991607666,,10.170000076293945,,11.869999885559082,,3.1500000953674316,39.209999084472656
2011-09-19,23.520000457763672,,10.0,,11.880000114440918,,3.309999942779541,38.11000061035156
2011-09-20,22.950000762939453,,9.670000076293945,,11.930000305175781,,3.2200000286102295,38.72999954223633
2011-09-21,21.90999984741211,,9.140000343322754,,11.819999694824219,,3.0999999046325684,38.130001068115234
2011-09-22,20.299999237060547,,8.59000015258789,,11.4399995803833,,3.059999942779541,35.459999084472656
2011-09-23,21.18000030517578,,8.649999618530273,,11.300000190734863,,3.009999990463257,35.40999984741211
2011-09-26,21.479999542236328,,8.710000038146973,,11.390000343322754,,3.140000104904175,35.7400016784668
2011-09-27,21.709999084472656,,8.989999771118164,,11.579999923706055,,3.0,37.0099983215332
2011-09-28,21.139999389648438,,8.65999984741211,,11.699999809265137,,3.0799999237060547,35.4900016784668
2011-09-29,20.959999084472656,,8.609999656677246,,11.800000190734863,,3.0399999618530273,35.40999984741211
2011-09-30,20.010000228881836,,8.279999732971191,,11.550000190734863,,3.0999999046325684,34.209999084472656
2011-10-03,18.739999771118164,,7.639999866485596,,11.260000228881836,,3.009999990463257,33.720001220703125
2011-10-04,18.65999984741211,,8.109999656677246,,11.0600004196167,,2.930000066757202,34.810001373291016
2011-10-05,19.520000457763672,,8.0,,11.0600004196167,,2.950000047683716,36.09000015258789
2011-10-06,20.290000915527344,,8.1899995803833,,11.180000305175781,,2.9000000953674316,37.209999084472656
2011-10-07,20.06999969482422,,8.039999961853027,,11.229999542236328,,2.700000047683716,36.61000061035156
2011-10-10,21.059999465942383,,8.619999885559082,,11.510000228881836,,2.9600000381469727,38.22999954223633
2011-10-11,21.3799991607666,,8.600000381469727,,11.470000267028809,,2.8499999046325684,38.31999969482422
2011-10-12,22.010000228881836,,8.989999771118164,,11.880000114440918,,2.890000104904175,38.47999954223633
2011-10-13,22.299999237060547,,9.3100004196167,,12.510000228881836,,2.9100000858306885,37.75
2011-10-14,23.34000015258789,,9.850000381469727,,12.850000381469727,,2.930000066757202,38.4900016784668
2011-10-17,21.510000228881836,,9.399999618530273,,12.789999961853027,,2.9000000953674316,37.869998931884766
2011-10-18,22.479999542236328,,9.460000038146973,,12.720000267028809,,3.0,37.119998931884766
2011-10-19,22.030000686645508,,9.199999809265137,,12.4399995803833,,3.009999990463257,36.869998931884766
2011-10-20,21.3799991607666,,9.210000038146973,,12.720000267028809,,3.0,36.31999969482422
2011-10-21,22.81999969482422,,9.609999656677246,,12.680000305175781,,3.0799999237060547,37.099998474121094
2011-10-24,23.81999969482422,,9.520000457763672,,12.960000038146973,,3.3499999046325684,37.400001525878906
2011-10-25,22.979999542236328,,9.380000114440918,,12.770000457763672,,3.25,36.790000915527344
2011-10-26,22.899999618530273,,9.430000305175781,,13.069999694824219,,3.2899999618530273,35.209999084472656
2011-10-27,23.950000762939453,,9.979999542236328,,13.119999885559082,,3.009999990463257,35.380001068115234
2011-10-28,23.299999237060547,,9.550000190734863,,13.020000457763672,,3.299999952316284,34.790000915527344
2011-10-31,20.049999237060547,,8.260000228881836,,12.609999656677246,,3.1500000953674316,33.61000061035156
2011-11-01,19.950000762939453,,8.029999732971191,,12.010000228881836,,3.0799999237060547,32.29999923706055
2011-11-02,20.989999771118164,,7.989999771118164,,12.899999618530273,,3.0999999046325684,32.0
2011-11-03,21.110000610351562,,8.350000381469727,,12.880000114440918,,3.200000047683716,31.25
2011-11-04,20.3799991607666,,8.079999923706055,,12.579999923706055,,3.1700000762939453,31.489999771118164
2011-11-07,20.889999389648438,,8.020000457763672,,12.609999656677246,,3.200000047683716,31.719999313354492
2011-11-08,21.989999771118164,,8.369999885559082,,12.649999618530273,,3.109999895095825,35.95000076293945
2011-11-09,20.690000534057617,,8.079999923706055,,12.0,,3.1500000953674316,33.959999084472656
2011-11-10,21.31999969482422,,7.860000133514404,,12.25,,3.180000066757202,35.279998779296875
2011-11-11,21.75,,8.0,,12.039999961853027,,3.1500000953674316,36.209999084472656
2011-11-14,20.979999542236328,,7.659999847412109,,11.949999809265137,,3.130000114440918,36.060001373291016
2011-11-15,20.989999771118164,,7.679999828338623,,11.890000343322754,,3.140000104904175,36.689998626708984
2011-11-16,19.899999618530273,,7.449999809265137,,11.569999694824219,,3.119999885559082,36.650001525878906
2011-11-17,19.280000686645508,,6.989999771118164,,11.470000267028809,,2.9000000953674316,36.0099983215332
2011-11-18,19.520000457763672,,7.010000228881836,,11.380000114440918,,2.9000000953674316,35.5099983215332
2011-11-21,19.15999984741211,,6.769999980926514,,11.180000305175781,,2.950000047683716,34.09000015258789
2011-11-22,19.649999618530273,,6.920000076293945,,11.25,,2.8499999046325684,33.5
2011-11-23,18.75,,6.690000057220459,,10.949999809265137,,2.950000047683716,32.97999954223633
2011-11-25,18.639999389648438,,6.699999809265137,,11.069999694824219,,3.009999990463257,32.58000183105469
2011-11-28,19.329999923706055,,6.769999980926514,,11.010000228881836,,3.0999999046325684,33.599998474121094
2011-11-29,18.989999771118164,,6.639999866485596,,11.5,,2.9700000286102295,33.5
2011-11-30,19.850000381469727,,7.019999980926514,,11.760000228881836,,2.990000009536743,35.0099983215332
2011-12-01,20.040000915527344,,7.059999942779541,,11.59000015258789,,3.0,34.91999816894531
2011-12-02,20.579999923706055,,7.03000020980835,,11.640000343322754,,3.0,34.52000045776367
2011-12-05,20.950000762939453,,7.0,,11.75,,2.9200000762939453,35.02000045776367
2011-12-06,20.719999313354492,,6.909999847412109,,11.3100004196167,,2.9600000381469727,35.31999969482422
2011-12-07,20.899999618530273,,6.789999961853027,,11.100000381469727,,2.9700000286102295,35.25
2011-12-08,19.700000762939453,,6.610000133514404,,11.050000190734863,,2.9600000381469727,33.7599983215332
2011-12-09,20.579999923706055,,6.71999979019165,,11.050000190734863,,2.9800000190734863,34.529998779296875
2011-12-12,20.200000762939453,,6.619999885559082,,10.989999771118164,,3.009999990463257,34.349998474121094
2011-12-13,19.860000610351562,,6.369999885559082,,10.859999656677246,,2.9800000190734863,34.0
2011-12-14,19.3799991607666,,6.050000190734863,,10.529999732971191,,2.9800000190734863,33.45000076293945
2011-12-15,19.360000610351562,,6.150000095367432,,10.550000190734863,,2.9100000858306885,33.15999984741211
2011-12-16,19.950000762939453,,6.25,,10.600000381469727,,3.0899999141693115,32.970001220703125
2011-12-19,19.3700008392334,,5.929999828338623,,10.430000305175781,,2.8499999046325684,32.45000076293945
2011-12-20,20.1299991607666,,6.119999885559082,,10.630000114440918,,3.049999952316284,33.83000183105469
2011-12-21,20.1299991607666,,6.050000190734863,,10.600000381469727,,2.9800000190734863,34.04999923706055
2011-12-22,20.239999771118164,,6.070000171661377,,10.270000457763672,,3.0,34.13999938964844
2011-12-23,19.799999237060547,,6.0,,10.270000457763672,,3.0,35.02000045776367
2011-12-27,19.75,,5.809999942779541,,10.329999923706055,,2.990000009536743,35.45000076293945
2011-12-28,19.170000076293945,,5.760000228881836,,10.390000343322754,,2.9700000286102295,34.66999816894531
2011-12-29,20.010000228881836,,5.860000133514404,,10.489999771118164,,3.0,35.459999084472656
2011-12-30,19.5,,5.929999828338623,,10.75,,3.0,34.68000030517578
2012-01-03,20.43000030517578,,6.570000171661377,,10.619999885559082,,3.0399999618530273,35.45000076293945
2012-01-04,22.610000610351562,,7.289999961853027,,10.770000457763672,,3.0,35.54999923706055
2012-01-05,22.6200008392334,,7.429999828338623,,10.979999542236328,,3.0399999618530273,35.540000915527344
2012-01-06,23.309999465942383,,7.610000133514404,,11.039999961853027,,3.0,36.849998474121094
2012-01-09,24.0,,7.550000190734863,,11.329999923706055,,3.0799999237060547,37.04999923706055
2012-01-10,24.299999237060547,,7.699999809265137,,11.579999923706055,,3.0,36.880001068115234
2012-01-11,24.549999237060547,,7.510000228881836,,11.260000228881836,,3.009999990463257,36.59000015258789
2012-01-12,23.700000762939453,,7.570000171661377,,11.350000381469727,,2.9700000286102295,37.290000915527344
2012-01-13,23.530000686645508,,7.199999809265137,,11.279999732971191,,2.950000047683716,36.70000076293945
2012-01-17,23.530000686645508,,7.28000020980835,,11.270000457763672,,2.9800000190734863,36.68000030517578
2012-01-18,24.270000457763672,,7.639999866485596,,11.270000457763672,,2.9600000381469727,38.0099983215332
2012-01-19,25.1299991607666,,7.980000019073486,,11.399999618530273,,3.0,38.75
2012-01-20,26.329999923706055,,7.900000095367432,,11.40999984741211,,3.0199999809265137,39.27000045776367
2012-01-23,25.579999923706055,,7.889999866485596,,11.329999923706055,,3.069999933242798,41.13999938964844
2012-01-24,26.06999969482422,,7.929999828338623,,11.40999984741211,,3.0399999618530273,40.38999938964844
2012-01-25,26.3700008392334,,8.020000457763672,,11.550000190734863,,3.059999942779541,40.58000183105469
2012-01-26,26.030000686645508,,8.199999809265137,,11.59000015258789,,3.069999933242798,40.650001525878906
2012-01-27,25.59000015258789,,7.739999771118164,,11.65999984741211,,3.049999952316284,39.880001068115234
2012-01-30,24.790000915527344,,7.5,,11.5,,3.0,35.86000061035156
2012-01-31,24.739999771118164,,7.730000019073486,,11.1899995803833,,2.990000009536743,35.0
2012-02-01,24.780000686645508,,7.760000228881836,,11.029999732971191,,2.990000009536743,34.58000183105469
2012-02-02,24.799999237060547,,7.639999866485596,,11.029999732971191,,2.9800000190734863,35.27000045776367
2012-02-03,24.739999771118164,,7.579999923706055,,10.949999809265137,,2.950000047683716,32.20000076293945
2012-02-06,24.079999923706055,,7.599999904632568,,10.960000038146973,,2.8499999046325684,32.5099983215332
2012-02-07,22.729999542236328,,7.239999771118164,,10.829999923706055,,2.799999952316284,32.459999084472656
2012-02-08,22.010000228881836,,7.010000228881836,,10.800000190734863,,2.9000000953674316,35.900001525878906
2012-02-09,21.979999542236328,,7.0,,10.8100004196167,,2.880000114440918,34.86000061035156
2012-02-10,21.260000228881836,,6.989999771118164,,10.770000457763672,,2.9000000953674316,34.31999969482422
2012-02-13,22.049999237060547,,6.989999771118164,,10.729999542236328,,2.9200000762939453,33.689998626708984
2012-02-14,21.350000381469727,,6.849999904632568,,10.710000038146973,,2.9000000953674316,32.7599983215332
2012-02-15,21.309999465942383,,7.079999923706055,,10.619999885559082,,2.869999885559082,31.889999389648438
2012-02-16,21.950000762939453,,7.170000076293945,,10.640000343322754,,2.890000104904175,32.15999984741211
2012-02-17,22.75,,7.599999904632568,,10.630000114440918,,2.9000000953674316,33.029998779296875
2012-02-21,23.170000076293945,,7.980000019073486,,10.65999984741211,,2.9200000762939453,33.47999954223633
2012-02-22,22.979999542236328,,7.769999980926514,,10.609999656677246,,2.9000000953674316,33.560001373291016
2012-02-23,22.760000228881836,,7.710000038146973,,10.59000015258789,,2.880000114440918,33.650001525878906
2012-02-24,21.56999969482422,,7.119999885559082,,10.600000381469727,,2.8299999237060547,33.0
2012-02-27,20.75,,6.75,,10.550000190734863,,2.8499999046325684,31.149999618530273
2012-02-28,20.969999313354492,,7.119999885559082,,10.550000190734863,,2.8399999141693115,30.600000381469727
2012-02-29,20.170000076293945,,6.880000114440918,,10.4399995803833,,2.890000104904175,26.229999542236328
2012-03-01,20.520000457763672,,7.269999980926514,,10.470000267028809,,2.9100000858306885,29.489999771118164
2012-03-02,20.440000534057617,,7.21999979019165,,10.5600004196167,,2.880000114440918,28.760000228881836
2012-03-05,19.979999542236328,,6.96999979019165,,10.479999542236328,,2.880000114440918,27.09000015258789
2012-03-06,19.579999923706055,,6.869999885559082,,10.239999771118164,,2.8399999141693115,27.010000228881836
2012-03-07,19.90999984741211,,7.059999942779541,,10.510000228881836,,2.819999933242798,27.540000915527344
2012-03-08,19.719999313354492,,6.900000095367432,,10.550000190734863,,2.9100000858306885,28.530000686645508
2012-03-09,19.540000915527344,,6.769999980926514,,10.399999618530273,,2.880000114440918,27.239999771118164
2012-03-12,19.079999923706055,,6.670000076293945,,10.0,,2.9000000953674316,26.209999084472656
2012-03-13,19.649999618530273,,6.989999771118164,,10.0,,2.890000104904175,26.649999618530273
2012-03-14,20.010000228881836,,6.880000114440918,,10.0,,2.9000000953674316,26.760000228881836
2012-03-15,20.600000381469727,,6.96999979019165,,9.899999618530273,,2.880000114440918,27.969999313354492
2012-03-16,20.950000762939453,,7.119999885559082,,9.8100004196167,,2.869999885559082,27.75
2012-03-19,21.389999389648438,,6.920000076293945,,9.510000228881836,,2.890000104904175,27.350000381469727
2012-03-20,20.639999389648438,,6.639999866485596,,9.3100004196167,,2.880000114440918,27.440000534057617
2012-03-21,21.229999542236328,,6.809999942779541,,9.149999618530273,,2.8499999046325684,29.719999313354492
2012-03-22,20.889999389648438,,6.639999866485596,,8.760000228881836,,2.740000009536743,28.209999084472656
2012-03-23,21.399999618530273,,6.659999847412109,,8.579999923706055,,2.759999990463257,28.6299991607666
2012-03-26,19.90999984741211,,6.380000114440918,,8.399999618530273,,2.7699999809265137,27.719999313354492
2012-03-27,19.670000076293945,,6.380000114440918,,8.4399995803833,,2.759999990463257,27.34000015258789
2012-03-28,20.020000457763672,,6.210000038146973,,8.510000228881836,,2.799999952316284,27.149999618530273
2012-03-29,19.6299991607666,,6.329999923706055,,8.470000267028809,,2.799999952316284,28.600000381469727
2012-03-30,19.610000610351562,,6.429999828338623,,8.600000381469727,,2.799999952316284,28.40999984741211
2012-04-02,19.100000381469727,,6.139999866485596,,8.600000381469727,,2.7200000286102295,24.010000228881836
2012-04-03,18.899999618530273,,6.150000095367432,,8.300000190734863,,2.6700000762939453,23.149999618530273
2012-04-04,17.920000076293945,,5.909999847412109,,7.96999979019165,,2.559999942779541,23.040000915527344
2012-04-05,17.649999618530273,,5.880000114440918,,8.100000381469727,,2.680000066757202,22.520000457763672
2012-04-09,17.34000015258789,,5.840000152587891,,7.840000152587891,,2.8299999237060547,22.68000030517578
2012-04-10,17.190000534057617,,5.849999904632568,,8.0,,2.75,22.219999313354492
2012-04-11,18.110000610351562,,5.940000057220459,,8.0,,2.8299999237060547,21.110000610351562
2012-04-12,17.790000915527344,,6.309999942779541,,8.149999618530273,,2.819999933242798,22.93000030517578
2012-04-13,17.1299991607666,,5.96999979019165,,7.840000152587891,,2.799999952316284,21.950000762939453
2012-04-16,16.649999618530273,,5.820000171661377,,7.559999942779541,,2.759999990463257,19.5
2012-04-17,15.039999961853027,,5.400000095367432,,7.5,,2.5899999141693115,19.5
2012-04-18,15.119999885559082,,5.329999923706055,,7.309999942779541,,2.180000066757202,13.119999885559082
2012-04-19,16.1200008392334,,5.460000038146973,,7.21999979019165,,2.240000009536743,14.420000076293945
2012-04-20,15.890000343322754,,5.590000152587891,,7.150000095367432,,2.3399999141693115,14.59000015258789
2012-04-23,15.770000457763672,,5.480000019073486,,7.039999961853027,,2.259999990463257,14.010000228881836
2012-04-24,15.84000015258789,,5.820000171661377,,7.039999961853027,,2.299999952316284,13.649999618530273
2012-04-25,15.75,,5.829999923706055,,6.909999847412109,,2.380000114440918,13.3100004196167
2012-04-26,15.649999618530273,,5.619999885559082,,6.710000038146973,,2.380000114440918,13.989999771118164
2012-04-27,15.239999771118164,,5.590000152587891,,6.659999847412109,,2.5,14.170000076293945
2012-04-30,15.420000076293945,,5.590000152587891,,6.760000228881836,,2.75,14.579999923706055
2012-05-01,15.350000381469727,,5.699999809265137,,6.710000038146973,,2.559999942779541,14.399999618530273
2012-05-02,15.220000267028809,,5.510000228881836,,6.320000171661377,,2.549999952316284,14.390000343322754
2012-05-03,14.600000381469727,,5.269999980926514,,6.230000019073486,,2.619999885559082,14.149999618530273
2012-05-04,14.8100004196167,,5.260000228881836,,6.119999885559082,,2.5999999046325684,15.350000381469727
2012-05-07,15.140000343322754,,5.25,,6.380000114440918,,2.5799999237060547,14.880000114440918
2012-05-08,16.360000610351562,,5.880000114440918,,6.579999923706055,,2.5799999237060547,14.890000343322754
2012-05-09,16.239999771118164,,5.639999866485596,,6.079999923706055,,2.700000047683716,15.520000457763672
2012-05-10,15.5,,5.449999809265137,,6.079999923706055,,2.700000047683716,15.899999618530273
2012-05-11,15.569999694824219,,5.210000038146973,,5.949999809265137,,2.630000114440918,15.449999809265137
2012-05-14,14.65999984741211,,4.980000019073486,,5.570000171661377,,2.5899999141693115,14.300000190734863
2012-05-15,14.430000305175781,,5.070000171661377,,5.300000190734863,,2.549999952316284,14.220000267028809
2012-05-16,13.760000228881836,,4.829999923706055,,4.980000019073486,,2.4200000762939453,13.180000305175781
2012-05-17,13.630000114440918,,4.639999866485596,,4.78000020980835,,2.299999952316284,12.970000267028809
2012-05-18,13.770000457763672,,4.639999866485596,,4.71999979019165,,2.359999895095825,12.350000381469727
2012-05-21,13.920000076293945,,4.78000020980835,,4.800000190734863,,2.390000104904175,12.569999694824219
2012-05-22,13.949999809265137,,4.820000171661377,,5.0,,2.549999952316284,12.449999809265137
2012-05-23,13.779999732971191,,4.889999866485596,,4.78000020980835,,2.5,12.300000190734863
2012-05-24,13.789999961853027,,4.929999828338623,,4.699999809265137,,2.4100000858306885,13.260000228881836
2012-05-25,13.460000038146973,,4.949999809265137,,4.639999866485596,,2.4800000190734863,14.0
2012-05-29,13.390000343322754,,4.829999923706055,,4.699999809265137,,2.259999990463257,14.5
2012-05-30,13.130000114440918,,4.630000114440918,,4.670000076293945,,2.2799999713897705,13.0
2012-05-31,12.770000457763672,,4.53000020980835,,4.699999809265137,,2.0999999046325684,12.789999961853027
2012-06-01,12.40999984741211,,4.5,,4.599999904632568,,2.1500000953674316,12.640000343322754
2012-06-04,12.75,,4.590000152587891,,4.46999979019165,,2.049999952316284,12.449999809265137
2012-06-05,13.130000114440918,,4.53000020980835,,4.570000171661377,,2.140000104904175,12.079999923706055
2012-06-06,13.430000305175781,,4.619999885559082,,4.449999809265137,,2.059999942779541,12.319999694824219
2012-06-07,12.699999809265137,,4.440000057220459,,4.409999847412109,,2.049999952316284,12.140000343322754
2012-06-08,12.390000343322754,,4.369999885559082,,4.300000190734863,,2.069999933242798,12.029999732971191
2012-06-11,11.600000381469727,,4.210000038146973,,4.110000133514404,,1.9900000095367432,11.119999885559082
2012-06-12,11.739999771118164,,4.269999980926514,,4.119999885559082,,1.7799999713897705,10.25
2012-06-13,11.710000038146973,,4.260000228881836,,4.059999942779541,,1.7000000476837158,10.260000228881836
2012-06-14,11.619999885559082,,4.440000057220459,,4.039999961853027,,1.7300000190734863,10.449999809265137
2012-06-15,11.75,,4.599999904632568,,4.139999866485596,,1.75,11.170000076293945
2012-06-18,12.0,,4.409999847412109,,4.179999828338623,,1.6399999856948853,11.390000343322754
2012-06-19,12.470000267028809,,4.599999904632568,,4.300000190734863,,1.7599999904632568,11.770000457763672
2012-06-20,12.40999984741211,,4.519999980926514,,4.309999942779541,,1.6799999475479126,11.699999809265137
2012-06-21,11.859999656677246,,4.340000152587891,,4.190000057220459,,1.7300000190734863,11.300000190734863
2012-06-22,12.579999923706055,,4.559999942779541,,4.21999979019165,,1.7799999713897705,11.649999618530273
2012-06-25,12.329999923706055,,4.550000190734863,,4.099999904632568,,1.690000057220459,11.350000381469727
2012-06-26,12.210000038146973,,4.519999980926514,,4.059999942779541,,1.7000000476837158,11.550000190734863
2012-06-27,12.260000228881836,,4.420000076293945,,4.059999942779541,,1.7300000190734863,11.680000305175781
2012-06-28,12.5,,4.5,,4.159999847412109,,1.7400000095367432,11.760000228881836
2012-06-29,12.960000038146973,,4.650000095367432,,4.150000095367432,,1.7999999523162842,12.350000381469727
2012-07-02,13.119999885559082,,4.679999828338623,,4.119999885559082,,1.850000023841858,12.579999923706055
2012-07-03,13.579999923706055,,4.699999809265137,,4.190000057220459,,1.7799999713897705,13.010000228881836
2012-07-05,12.470000267028809,,4.400000095367432,,4.210000038146973,,1.7799999713897705,12.829999923706055
2012-07-06,12.029999732971191,,4.320000171661377,,4.21999979019165,,1.7999999523162842,12.920000076293945
2012-07-09,11.739999771118164,,4.25,,4.190000057220459,,1.75,12.59000015258789
2012-07-10,11.829999923706055,,4.25,,4.050000190734863,,1.7200000286102295,12.40999984741211
2012-07-11,12.329999923706055,,4.360000133514404,,4.199999809265137,,1.6699999570846558,12.520000457763672
2012-07-12,12.0,,4.360000133514404,,4.099999904632568,,1.7100000381469727,12.289999961853027
2012-07-13,12.109999656677246,,4.489999771118164,,4.070000171661377,,1.659999966621399,12.390000343322754
2012-07-16,11.949999809265137,,4.429999828338623,,4.170000076293945,,1.649999976158142,12.5
2012-07-17,12.199999809265137,,4.449999809265137,,4.119999885559082,,1.6299999952316284,12.470000267028809
2012-07-18,12.40999984741211,,4.679999828338623,,4.349999904632568,,1.6299999952316284,13.069999694824219
2012-07-19,12.449999809265137,,4.53000020980835,,4.400000095367432,,1.649999976158142,12.930000305175781
2012-07-20,11.859999656677246,,4.46999979019165,,4.340000152587891,,1.7000000476837158,12.489999771118164
2012-07-23,11.760000228881836,,4.440000057220459,,4.170000076293945,,1.7100000381469727,12.430000305175781
2012-07-24,11.5600004196167,,4.389999866485596,,4.170000076293945,,1.7400000095367432,12.100000381469727
2012-07-25,11.569999694824219,,4.349999904632568,,4.349999904632568,,1.7200000286102295,12.279999732971191
2012-07-26,11.84000015258789,,4.559999942779541,,4.300000190734863,,1.649999976158142,12.3100004196167
2012-07-27,12.050000190734863,,4.619999885559082,,4.21999979019165,,1.7200000286102295,12.239999771118164
2012-07-30,12.0600004196167,,4.639999866485596,,4.170000076293945,,1.7400000095367432,12.050000190734863
2012-07-31,12.270000457763672,,4.639999866485596,,4.050000190734863,,1.7300000190734863,11.40999984741211
2012-08-01,12.029999732971191,,4.570000171661377,,4.059999942779541,,1.7300000190734863,11.550000190734863
2012-08-02,11.720000267028809,,4.699999809265137,,4.03000020980835,,1.8200000524520874,11.260000228881836
2012-08-03,11.84000015258789,,4.710000038146973,,4.130000114440918,,1.8700000047683716,11.319999694824219
2012-08-06,12.420000076293945,,4.760000228881836,,4.110000133514404,,1.8700000047683716,11.579999923706055
2012-08-07,12.779999732971191,,4.949999809265137,,4.110000133514404,,1.8200000524520874,11.6899995803833
2012-08-08,13.279999732971191,,5.0,,4.179999828338623,,1.8799999952316284,11.539999961853027
2012-08-09,13.8100004196167,,5.059999942779541,,4.150000095367432,,1.8899999856948853,11.619999885559082
2012-08-10,14.109999656677246,,5.03000020980835,,4.179999828338623,,1.940000057220459,11.6899995803833
2012-08-13,13.829999923706055,,5.039999961853027,,4.239999771118164,,1.899999976158142,11.819999694824219
2012-08-14,13.5,,4.869999885559082,,4.269999980926514,,1.690000057220459,12.1899995803833
2012-08-15,13.539999961853027,,4.760000228881836,,4.199999809265137,,1.850000023841858,11.949999809265137
2012-08-16,13.600000381469727,,5.050000190734863,,4.199999809265137,,1.7699999809265137,11.949999809265137
2012-08-17,13.529999732971191,,5.0,,4.190000057220459,,1.850000023841858,11.880000114440918
2012-08-20,13.149999618530273,,4.880000114440918,,4.03000020980835,,1.7999999523162842,11.850000381469727
2012-08-21,13.069999694824219,,4.989999771118164,,4.050000190734863,,1.8700000047683716,11.920000076293945
2012-08-22,12.699999809265137,,4.920000076293945,,3.9700000286102295,,1.7999999523162842,11.859999656677246
2012-08-23,13.0,,4.929999828338623,,4.0,,1.850000023841858,11.920000076293945
2012-08-24,12.739999771118164,,4.920000076293945,,4.0,,1.840000033378601,12.319999694824219
2012-08-27,12.5,,4.949999809265137,,4.070000171661377,,1.8600000143051147,12.789999961853027
2012-08-28,12.59000015258789,,4.909999847412109,,4.119999885559082,,1.8899999856948853,12.760000228881836
2012-08-29,12.59000015258789,,4.900000095367432,,4.099999904632568,,1.8700000047683716,12.729999542236328
2012-08-30,12.529999732971191,,4.909999847412109,,4.059999942779541,,1.809999942779541,12.59000015258789
2012-08-31,12.520000457763672,,4.889999866485596,,3.9700000286102295,,1.7999999523162842,12.510000228881836
2012-09-04,12.380000114440918,,4.829999923706055,,4.0,,1.7300000190734863,11.989999771118164
2012-09-05,12.399999618530273,,4.769999980926514,,3.9800000190734863,,1.7000000476837158,12.140000343322754
2012-09-06,12.970000267028809,,5.0,,4.019999980926514,,1.690000057220459,12.59000015258789
2012-09-07,13.140000343322754,,4.949999809265137,,3.869999885559082,,1.6799999475479126,12.90999984741211
2012-09-10,13.319999694824219,,4.980000019073486,,3.8499999046325684,,1.6799999475479126,12.779999732971191
2012-09-11,13.649999618530273,,5.099999904632568,,3.819999933242798,,1.7000000476837158,12.960000038146973
2012-09-12,13.5,,5.210000038146973,,3.8299999237060547,,1.6100000143051147,12.960000038146973
2012-09-13,14.119999885559082,,5.659999847412109,,3.8399999141693115,,1.6100000143051147,13.100000381469727
2012-09-14,14.479999542236328,,5.760000228881836,,3.9200000762939453,,1.6799999475479126,12.75
2012-09-17,14.149999618530273,,5.590000152587891,,3.8399999141693115,,1.7000000476837158,12.050000190734863
2012-09-18,14.430000305175781,,5.730000019073486,,3.799999952316284,,1.7300000190734863,12.449999809265137
2012-09-19,15.039999961853027,,5.739999771118164,,3.7799999713897705,,1.7400000095367432,12.430000305175781
2012-09-20,15.050000190734863,,5.78000020980835,,3.740000009536743,,1.7699999809265137,12.989999771118164
2012-09-21,15.380000114440918,,5.900000095367432,,3.799999952316284,,1.7000000476837158,13.550000190734863
2012-09-24,16.25,,6.369999885559082,,3.799999952316284,,1.7000000476837158,13.369999885559082
2012-09-25,15.109999656677246,,6.010000228881836,,3.7799999713897705,,1.7300000190734863,13.6899995803833
2012-09-26,14.510000228881836,,5.730000019073486,,3.700000047683716,,1.7000000476837158,13.09000015258789
2012-09-27,14.420000076293945,,5.880000114440918,,3.75,,1.7000000476837158,13.100000381469727
2012-09-28,14.180000305175781,,5.789999961853027,,3.690000057220459,,1.600000023841858,13.0
2012-10-01,14.100000381469727,,5.699999809265137,,3.6700000762939453,,1.559999942779541,12.9399995803833
2012-10-02,14.210000038146973,,5.679999828338623,,3.609999895095825,,1.600000023841858,12.899999618530273
2012-10-03,14.079999923706055,,5.630000114440918,,3.630000114440918,,1.600000023841858,12.539999961853027
2012-10-04,14.420000076293945,,5.920000076293945,,3.6500000953674316,,1.559999942779541,12.600000381469727
2012-10-05,14.670000076293945,,5.920000076293945,,3.8399999141693115,,1.5700000524520874,12.600000381469727
2012-10-08,14.020000457763672,,5.849999904632568,,3.759999990463257,,1.5499999523162842,12.510000228881836
2012-10-09,13.920000076293945,,5.690000057220459,,3.6600000858306885,,1.590000033378601,12.390000343322754
2012-10-10,13.470000267028809,,5.510000228881836,,3.5399999618530273,,1.600000023841858,12.149999618530273
2012-10-11,13.539999961853027,,5.679999828338623,,3.630000114440918,,1.590000033378601,12.470000267028809
2012-10-12,13.680000305175781,,5.699999809265137,,3.5899999141693115,,1.5800000429153442,12.210000038146973
2012-10-15,14.119999885559082,,5.739999771118164,,3.5999999046325684,,1.4800000190734863,12.199999809265137
2012-10-16,14.300000190734863,,5.889999866485596,,3.640000104904175,,1.4800000190734863,12.149999618530273
2012-10-17,14.619999885559082,,5.889999866485596,,3.640000104904175,,1.5099999904632568,12.59000015258789
2012-10-18,14.59000015258789,,5.71999979019165,,3.640000104904175,,1.5800000429153442,12.350000381469727
2012-10-19,14.3100004196167,,5.599999904632568,,3.5299999713897705,,1.5399999618530273,12.40999984741211
2012-10-22,15.100000381469727,,5.679999828338623,,3.559999942779541,,1.5299999713897705,12.380000114440918
2012-10-23,14.369999885559082,,5.46999979019165,,3.4600000381469727,,1.5099999904632568,11.890000343322754
2012-10-24,14.180000305175781,,5.400000095367432,,3.4200000762939453,,1.5,12.0
2012-10-25,14.199999809265137,,5.409999847412109,,3.440000057220459,,1.4800000190734863,11.819999694824219
2012-10-26,14.0,,5.300000190734863,,3.380000114440918,,1.5399999618530273,11.649999618530273
2012-10-31,13.510000228881836,,5.050000190734863,,3.440000057220459,,1.6100000143051147,11.170000076293945
2012-11-01,13.800000190734863,,5.0,,3.430000066757202,,1.4800000190734863,10.5
2012-11-02,13.789999961853027,,4.949999809265137,,3.430000066757202,,1.5800000429153442,10.920000076293945
2012-11-05,13.84000015258789,,4.869999885559082,,3.4100000858306885,,1.5,10.859999656677246
2012-11-06,13.899999618530273,,4.949999809265137,,3.440000057220459,,1.5099999904632568,10.899999618530273
2012-11-07,13.649999618530273,,4.820000171661377,,3.390000104904175,,1.4800000190734863,10.550000190734863
2012-11-08,14.199999809265137,,4.869999885559082,,3.3499999046325684,,1.4800000190734863,10.369999885559082
2012-11-09,14.0600004196167,,4.880000114440918,,3.3499999046325684,,1.5199999809265137,10.350000381469727
2012-11-12,14.239999771118164,,4.820000171661377,,3.259999990463257,,1.4800000190734863,10.460000038146973
2012-11-13,14.0600004196167,,4.75,,3.2200000286102295,,1.4700000286102295,10.149999618530273
2012-11-14,13.8100004196167,,4.639999866485596,,3.259999990463257,,1.4900000095367432,10.079999923706055
2012-11-15,14.029999732971191,,4.690000057220459,,3.2699999809265137,,1.3899999856948853,9.859999656677246
2012-11-16,13.779999732971191,,4.639999866485596,,3.3299999237060547,,1.2300000190734863,9.569999694824219
2012-11-19,13.960000038146973,,4.96999979019165,,3.3399999141693115,,1.2999999523162842,10.149999618530273
2012-11-20,13.770000457763672,,4.860000133514404,,3.2300000190734863,,1.4600000381469727,10.300000190734863
2012-11-21,14.0,,4.820000171661377,,3.2699999809265137,,1.4700000286102295,10.300000190734863
2012-11-23,13.739999771118164,,4.679999828338623,,3.240000009536743,,1.4900000095367432,10.510000228881836
2012-11-26,13.699999809265137,,4.75,,3.180000066757202,,1.4800000190734863,10.510000228881836
2012-11-27,13.699999809265137,,4.929999828338623,,3.1700000762939453,,1.3899999856948853,10.350000381469727
2012-11-28,14.319999694824219,,5.139999866485596,,3.0899999141693115,,1.4199999570846558,10.819999694824219
2012-11-29,15.470000267028809,,5.309999942779541,,3.130000114440918,,1.4299999475479126,11.40999984741211
2012-11-30,15.229999542236328,,5.349999904632568,,3.1500000953674316,,1.5,11.369999885559082
2012-12-03,15.140000343322754,,5.309999942779541,,3.0999999046325684,,1.4199999570846558,11.40999984741211
2012-12-04,15.789999961853027,,5.869999885559082,,3.1600000858306885,,1.4199999570846558,11.359999656677246
2012-12-05,15.859999656677246,,5.900000095367432,,3.119999885559082,,1.399999976158142,11.289999961853027
2012-12-06,15.850000381469727,,5.880000114440918,,3.200000047683716,,1.4800000190734863,11.390000343322754
2012-12-07,16.079999923706055,,6.039999961853027,,3.119999885559082,,1.5299999713897705,12.0
2012-12-10,17.1200008392334,,6.929999828338623,,3.109999895095825,,1.4800000190734863,12.760000228881836
2012-12-11,17.31999969482422,,6.389999866485596,,3.119999885559082,,1.5700000524520874,12.600000381469727
2012-12-12,18.100000381469727,,6.559999942779541,,3.2200000286102295,,1.4900000095367432,12.770000457763672
2012-12-13,17.93000030517578,,6.429999828338623,,3.2100000381469727,,1.590000033378601,12.960000038146973
2012-12-14,18.149999618530273,,6.550000190734863,,3.25,,1.6200000047683716,14.039999961853027
2012-12-17,18.110000610351562,,6.539999961853027,,3.299999952316284,,1.7000000476837158,14.630000114440918
2012-12-18,18.479999542236328,,6.590000152587891,,3.4800000190734863,,1.75,15.8100004196167
2012-12-19,18.329999923706055,,6.619999885559082,,3.559999942779541,,1.809999942779541,15.260000228881836
2012-12-20,17.950000762939453,,6.699999809265137,,3.5899999141693115,,1.7599999904632568,15.239999771118164
2012-12-21,17.350000381469727,,6.239999771118164,,3.2300000190734863,,1.7699999809265137,15.0
2012-12-24,17.610000610351562,,6.429999828338623,,3.2699999809265137,,1.8200000524520874,15.09000015258789
2012-12-26,17.739999771118164,,6.610000133514404,,3.430000066757202,,1.7899999618530273,14.739999771118164
2012-12-27,18.219999313354492,,6.690000057220459,,3.380000114440918,,1.6799999475479126,14.760000228881836
2012-12-28,17.610000610351562,,6.46999979019165,,3.440000057220459,,1.659999966621399,14.520000457763672
2012-12-31,18.139999389648438,,6.619999885559082,,3.440000057220459,,1.7599999904632568,14.550000190734863
2013-01-02,19.049999237060547,,7.059999942779541,,3.509999990463257,,1.7599999904632568,14.9399995803833
2013-01-03,18.670000076293945,,6.96999979019165,,3.5799999237060547,,1.8300000429153442,14.880000114440918
2013-01-04,18.239999771118164,,6.900000095367432,,3.7300000190734863,,1.8300000429153442,14.869999885559082
2013-01-07,18.68000030517578,,6.800000190734863,,3.7899999618530273,,1.8300000429153442,14.949999809265137
2013-01-08,18.219999313354492,,6.690000057220459,,3.740000009536743,,1.8600000143051147,15.699999809265137
2013-01-09,18.229999542236328,,6.769999980926514,,3.7899999618530273,,1.9199999570846558,15.460000038146973
2013-01-10,18.100000381469727,,6.849999904632568,,4.010000228881836,,1.8799999952316284,15.369999885559082
2013-01-11,18.200000762939453,,6.679999828338623,,3.890000104904175,,1.8799999952316284,15.15999984741211
2013-01-14,18.059999465942383,,6.599999904632568,,3.8399999141693115,,1.8899999856948853,15.1899995803833
2013-01-15,17.399999618530273,,6.420000076293945,,3.7100000381469727,,1.840000033378601,15.100000381469727
2013-01-16,17.579999923706055,,6.5,,4.0,,1.8700000047683716,15.09000015258789
2013-01-17,18.049999237060547,,6.579999923706055,,3.9000000953674316,,1.8200000524520874,15.010000228881836
2013-01-18,18.040000915527344,,6.510000228881836,,3.880000114440918,,1.8899999856948853,15.010000228881836
2013-01-22,18.239999771118164,,6.869999885559082,,4.130000114440918,,1.8799999952316284,15.220000267028809
2013-01-23,18.030000686645508,,6.71999979019165,,4.019999980926514,,1.850000023841858,15.100000381469727
2013-01-24,17.899999618530273,,6.510000228881836,,4.179999828338623,,1.8600000143051147,15.479999542236328
2013-01-25,17.360000610351562,,6.550000190734863,,4.25,,1.940000057220459,15.5
2013-01-28,16.969999313354492,,6.53000020980835,,4.170000076293945,,1.9199999570846558,15.729999542236328
2013-01-29,17.360000610351562,,6.46999979019165,,4.360000133514404,,1.9500000476837158,17.450000762939453
2013-01-30,17.18000030517578,,6.46999979019165,,4.190000057220459,,1.9600000381469727,17.3700008392334
2013-01-31,16.649999618530273,,6.639999866485596,,4.309999942779541,,1.8899999856948853,16.959999084472656
2013-02-01,17.809999465942383,,6.539999961853027,,4.340000152587891,,1.9199999570846558,17.100000381469727
2013-02-04,16.8700008392334,,5.949999809265137,,4.150000095367432,,1.9199999570846558,16.81999969482422
2013-02-05,16.899999618530273,,6.349999904632568,,4.03000020980835,,1.9299999475479126,16.75
2013-02-06,16.920000076293945,,6.179999828338623,,3.9200000762939453,,1.909999966621399,17.0
2013-02-07,16.489999771118164,,5.929999828338623,,3.869999885559082,,1.940000057220459,16.799999237060547
2013-02-08,16.610000610351562,,5.889999866485596,,3.880000114440918,,1.8799999952316284,16.940000534057617
2013-02-11,16.670000076293945,,5.900000095367432,,3.8299999237060547,,1.8899999856948853,16.459999084472656
2013-02-12,16.729999542236328,,5.960000038146973,,3.809999942779541,,1.8799999952316284,16.440000534057617
2013-02-13,16.850000381469727,,6.0,,3.799999952316284,,1.9199999570846558,16.739999771118164
2013-02-14,16.81999969482422,,5.989999771118164,,3.8299999237060547,,1.8799999952316284,16.700000762939453
2013-02-15,16.760000228881836,,5.860000133514404,,3.859999895095825,,1.7799999713897705,16.530000686645508
2013-02-19,16.540000915527344,,5.550000190734863,,3.809999942779541,,1.8200000524520874,16.31999969482422
2013-02-20,15.890000343322754,,5.71999979019165,,3.7699999809265137,,1.850000023841858,16.270000457763672
2013-02-21,14.949999809265137,,5.46999979019165,,3.630000114440918,,1.7999999523162842,15.239999771118164
2013-02-22,14.930000305175781,,5.789999961853027,,3.619999885559082,,1.7300000190734863,15.1899995803833
2013-02-25,14.649999618530273,,5.53000020980835,,3.859999895095825,,1.690000057220459,14.9399995803833
2013-02-26,15.149999618530273,,5.599999904632568,,3.799999952316284,,1.7400000095367432,14.600000381469727
2013-02-27,15.6899995803833,,5.75,,3.940000057220459,,1.649999976158142,14.710000038146973
2013-02-28,14.529999732971191,,5.239999771118164,,3.8499999046325684,,1.5499999523162842,12.600000381469727
2013-03-01,14.520000457763672,,5.570000171661377,,3.7699999809265137,,1.590000033378601,13.600000381469727
2013-03-04,15.3100004196167,,5.639999866485596,,3.799999952316284,,1.659999966621399,14.100000381469727
2013-03-05,15.289999961853027,,5.760000228881836,,3.799999952316284,,1.7100000381469727,14.229999542236328
2013-03-06,15.539999961853027,,5.800000190734863,,3.8499999046325684,,1.7400000095367432,14.680000305175781
2013-03-07,15.789999961853027,,5.829999923706055,,3.869999885559082,,1.7100000381469727,14.699999809265137
2013-03-08,15.920000076293945,,5.829999923706055,,3.890000104904175,,1.7300000190734863,14.649999618530273
2013-03-11,15.699999809265137,,5.710000038146973,,3.8299999237060547,,1.6699999570846558,14.770000457763672
2013-03-12,15.670000076293945,,5.800000190734863,,3.759999990463257,,1.659999966621399,15.369999885559082
2013-03-13,16.139999389648438,,5.809999942779541,,3.819999933242798,,1.7000000476837158,15.489999771118164
2013-03-14,16.350000381469727,,5.880000114440918,,3.9100000858306885,,1.7300000190734863,15.5600004196167
2013-03-15,16.649999618530273,,6.019999980926514,,4.0,,1.75,15.359999656677246
2013-03-18,16.68000030517578,,5.840000152587891,,4.039999961853027,,1.6699999570846558,15.40999984741211
2013-03-19,16.219999313354492,,5.75,,3.930000066757202,,1.7400000095367432,15.289999961853027
2013-03-20,16.100000381469727,,5.690000057220459,,3.9000000953674316,,1.7400000095367432,15.470000267028809
2013-03-21,16.239999771118164,,5.730000019073486,,4.0,,1.7000000476837158,15.300000190734863
2013-03-22,16.18000030517578,,5.75,,4.0,,1.7400000095367432,15.380000114440918
2013-03-25,16.059999465942383,,5.650000095367432,,3.940000057220459,,1.7000000476837158,14.739999771118164
2013-03-26,15.15999984741211,,5.480000019073486,,3.8299999237060547,,1.6699999570846558,14.710000038146973
2013-03-27,14.850000381469727,,5.46999979019165,,3.819999933242798,,1.7000000476837158,14.579999923706055
2013-03-28,14.720000267028809,,5.5,,4.019999980926514,,1.6699999570846558,14.289999961853027
2013-04-01,14.1899995803833,,5.289999961853027,,3.9200000762939453,,1.7300000190734863,13.779999732971191
2013-04-02,13.970000267028809,,5.289999961853027,,3.9000000953674316,,1.7699999809265137,13.720000267028809
2013-04-03,14.399999618530273,,5.510000228881836,,3.859999895095825,,1.7699999809265137,13.850000381469727
2013-04-04,14.430000305175781,,5.460000038146973,,3.819999933242798,,1.690000057220459,13.789999961853027
2013-04-05,14.350000381469727,,5.53000020980835,,3.819999933242798,,1.7400000095367432,13.979999542236328
2013-04-08,15.279999732971191,,5.909999847412109,,3.8399999141693115,,1.7000000476837158,13.65999984741211
2013-04-09,15.430000305175781,,5.929999828338623,,3.9700000286102295,,1.6200000047683716,14.270000457763672
2013-04-10,15.40999984741211,,5.920000076293945,,3.930000066757202,,1.649999976158142,13.6899995803833
2013-04-11,15.369999885559082,,5.760000228881836,,3.8299999237060547,,1.6100000143051147,13.59000015258789
2013-04-12,15.079999923706055,,5.519999980926514,,3.8399999141693115,,1.6799999475479126,13.819999694824219
2013-04-15,14.770000457763672,,5.429999828338623,,3.7200000286102295,,1.6699999570846558,13.210000038146973
2013-04-16,15.199999809265137,,5.539999961853027,,3.549999952316284,,1.6699999570846558,13.210000038146973
2013-04-17,14.720000267028809,,5.340000152587891,,3.490000009536743,,1.6100000143051147,12.819999694824219
2013-04-18,14.649999618530273,,5.289999961853027,,3.450000047683716,,1.7000000476837158,12.65999984741211
2013-04-19,14.899999618530273,,5.349999904632568,,3.450000047683716,,1.6299999952316284,12.699999809265137
2013-04-22,15.0600004196167,,5.420000076293945,,3.430000066757202,,1.6399999856948853,12.699999809265137
2013-04-23,15.25,,5.570000171661377,,3.569999933242798,,1.659999966621399,12.8100004196167
2013-04-24,15.649999618530273,,5.710000038146973,,3.5399999618530273,,1.6699999570846558,12.869999885559082
2013-04-25,15.8100004196167,,5.71999979019165,,3.5399999618530273,,1.7100000381469727,12.75
2013-04-26,15.6899995803833,,5.670000076293945,,3.369999885559082,,1.7000000476837158,12.75
2013-04-29,15.8100004196167,,5.659999847412109,,3.490000009536743,,1.659999966621399,12.75
2013-04-30,15.9399995803833,,5.630000114440918,,3.5799999237060547,,1.7000000476837158,13.25
2013-05-01,15.6899995803833,,5.579999923706055,,3.549999952316284,,1.7699999809265137,13.470000267028809
2013-05-02,15.779999732971191,,5.75,,3.549999952316284,,1.75,13.109999656677246
2013-05-03,15.630000114440918,,5.659999847412109,,3.5199999809265137,,1.75,13.34000015258789
2013-05-06,15.520000457763672,,5.659999847412109,,3.549999952316284,,1.7799999713897705,13.600000381469727
2013-05-07,15.699999809265137,,5.75,,3.759999990463257,,1.7999999523162842,14.289999961853027
2013-05-08,15.619999885559082,,5.690000057220459,,3.809999942779541,,1.8300000429153442,13.880000114440918
2013-05-09,15.350000381469727,,5.599999904632568,,3.640000104904175,,1.7999999523162842,13.399999618530273
2013-05-10,15.029999732971191,,5.46999979019165,,3.450000047683716,,1.7899999618530273,12.890000343322754
2013-05-13,15.109999656677246,,5.599999904632568,,3.7300000190734863,,1.7799999713897705,13.109999656677246
2013-05-14,15.020000457763672,,5.5,,3.7699999809265137,,1.840000033378601,12.260000228881836
2013-05-15,15.100000381469727,,5.53000020980835,,3.6500000953674316,,1.8200000524520874,13.399999618530273
2013-05-16,14.899999618530273,,5.579999923706055,,3.549999952316284,,1.809999942779541,13.319999694824219
2013-05-17,15.3100004196167,,5.599999904632568,,3.4100000858306885,,1.8300000429153442,13.920000076293945
2013-05-20,15.380000114440918,,5.610000133514404,,3.3499999046325684,,1.850000023841858,13.760000228881836
2013-05-21,15.489999771118164,,5.699999809265137,,3.3499999046325684,,1.850000023841858,14.399999618530273
2013-05-22,15.109999656677246,,5.610000133514404,,3.299999952316284,,1.8200000524520874,14.239999771118164
2013-05-23,14.800000190734863,,5.590000152587891,,3.369999885559082,,1.7999999523162842,14.199999809265137
2013-05-24,14.960000038146973,,5.619999885559082,,3.4000000953674316,,1.7899999618530273,13.970000267028809
2013-05-28,14.789999961853027,,5.619999885559082,,3.4600000381469727,,1.7699999809265137,13.779999732971191
2013-05-29,15.130000114440918,,5.579999923706055,,3.319999933242798,,1.7699999809265137,14.8100004196167
2013-05-30,15.15999984741211,,5.550000190734863,,3.3299999237060547,,1.7899999618530273,14.800000190734863
2013-05-31,15.109999656677246,,5.53000020980835,,3.240000009536743,,1.7999999523162842,14.399999618530273
2013-06-03,15.1899995803833,,5.590000152587891,,3.380000114440918,,1.7899999618530273,14.449999809265137
2013-06-04,15.329999923706055,,5.699999809265137,,3.430000066757202,,1.7899999618530273,14.399999618530273
2013-06-05,15.020000457763672,,5.630000114440918,,3.4000000953674316,,1.7899999618530273,14.6899995803833
2013-06-06,15.25,,5.639999866485596,,3.4200000762939453,,1.8300000429153442,14.75
2013-06-07,15.579999923706055,,5.760000228881836,,3.4000000953674316,,1.850000023841858,15.170000076293945
2013-06-10,16.270000457763672,,5.760000228881836,,3.2699999809265137,,1.8300000429153442,15.210000038146973
2013-06-11,15.779999732971191,,5.619999885559082,,3.2699999809265137,,1.7899999618530273,14.850000381469727
2013-06-12,15.380000114440918,,5.429999828338623,,3.140000104904175,,1.7999999523162842,14.539999961853027
2013-06-13,15.279999732971191,,5.579999923706055,,3.0999999046325684,,1.7999999523162842,14.6899995803833
2013-06-14,15.25,,5.460000038146973,,3.109999895095825,,1.850000023841858,14.819999694824219
2013-06-17,15.260000228881836,,5.360000133514404,,3.140000104904175,,1.8200000524520874,14.899999618530273
2013-06-18,15.149999618530273,,5.329999923706055,,3.1500000953674316,,1.8300000429153442,14.779999732971191
2013-06-19,14.670000076293945,,5.21999979019165,,3.0999999046325684,,1.8300000429153442,14.600000381469727
2013-06-20,14.40999984741211,,5.21999979019165,,3.0899999141693115,,1.8300000429153442,14.510000228881836
2013-06-21,14.34000015258789,,5.380000114440918,,2.8499999046325684,,1.840000033378601,14.649999618530273
2013-06-24,13.920000076293945,,5.099999904632568,,3.069999933242798,,1.8600000143051147,14.329999923706055
2013-06-25,13.979999542236328,,5.019999980926514,,3.119999885559082,,1.75,14.140000343322754
2013-06-26,14.149999618530273,,5.079999923706055,,3.1600000858306885,,1.75,14.5
2013-06-27,14.460000038146973,,5.139999866485596,,3.2200000286102295,,1.7999999523162842,14.460000038146973
2013-06-28,14.350000381469727,,5.130000114440918,,3.240000009536743,,1.7599999904632568,14.760000228881836
2013-07-01,14.140000343322754,,5.349999904632568,,3.369999885559082,,1.7400000095367432,14.859999656677246
2013-07-02,14.130000114440918,,5.429999828338623,,3.3299999237060547,,1.75,15.069999694824219
2013-07-03,14.489999771118164,,5.5,,3.259999990463257,,1.75,14.979999542236328
2013-07-05,14.880000114440918,,5.400000095367432,,3.200000047683716,,1.7799999713897705,14.84000015258789
2013-07-08,14.579999923706055,,5.380000114440918,,3.2699999809265137,,1.7999999523162842,14.899999618530273
2013-07-09,14.279999732971191,,5.400000095367432,,3.2799999713897705,,1.7999999523162842,15.079999923706055
2013-07-10,14.260000228881836,,5.380000114440918,,3.380000114440918,,1.7999999523162842,15.100000381469727
2013-07-11,14.600000381469727,,5.429999828338623,,3.4000000953674316,,1.840000033378601,15.180000305175781
2013-07-12,14.5,,5.21999979019165,,3.3499999046325684,,1.850000023841858,15.239999771118164
2013-07-15,14.859999656677246,,5.329999923706055,,3.240000009536743,,1.8300000429153442,15.899999618530273
2013-07-16,14.800000190734863,,5.400000095367432,,3.299999952316284,,1.840000033378601,16.270000457763672
2013-07-17,15.100000381469727,,5.309999942779541,,3.240000009536743,,1.850000023841858,17.190000534057617
2013-07-18,15.359999656677246,,5.429999828338623,,3.2799999713897705,,1.8799999952316284,17.100000381469727
2013-07-19,15.039999961853027,,5.380000114440918,,3.309999942779541,,1.8700000047683716,17.18000030517578
2013-07-22,15.170000076293945,,5.429999828338623,,3.309999942779541,,1.8700000047683716,17.059999465942383
2013-07-23,15.199999809265137,,5.579999923706055,,3.3499999046325684,,1.9199999570846558,16.979999542236328
2013-07-24,15.460000038146973,,5.610000133514404,,3.2899999618530273,,1.8799999952316284,16.75
2013-07-25,15.350000381469727,,5.579999923706055,,3.2699999809265137,,1.8799999952316284,16.309999465942383
2013-07-26,15.119999885559082,,5.590000152587891,,3.299999952316284,,1.9199999570846558,16.0
2013-07-29,14.930000305175781,,5.449999809265137,,3.25,,1.8799999952316284,15.699999809265137
2013-07-30,14.800000190734863,,5.449999809265137,,3.200000047683716,,1.940000057220459,15.369999885559082
2013-07-31,15.050000190734863,,5.429999828338623,,3.3399999141693115,,1.9199999570846558,16.43000030517578
2013-08-01,15.800000190734863,,5.619999885559082,,3.309999942779541,,1.9199999570846558,16.670000076293945
2013-08-02,15.59000015258789,,5.639999866485596,,3.299999952316284,,1.899999976158142,16.700000762939453
2013-08-05,15.75,,5.539999961853027,,3.309999942779541,,1.940000057220459,16.68000030517578
2013-08-06,15.800000190734863,,5.480000019073486,,3.2300000190734863,,1.9600000381469727,16.540000915527344
2013-08-07,16.25,,5.630000114440918,,3.2699999809265137,,1.9299999475479126,16.100000381469727
2013-08-08,16.260000228881836,,5.710000038146973,,3.2300000190734863,,1.940000057220459,16.479999542236328
2013-08-09,17.15999984741211,,5.789999961853027,,3.2200000286102295,,1.9199999570846558,16.479999542236328
2013-08-12,16.950000762939453,,5.989999771118164,,3.3299999237060547,,1.9299999475479126,16.549999237060547
2013-08-13,18.059999465942383,,6.380000114440918,,3.390000104904175,,1.899999976158142,16.700000762939453
2013-08-14,19.25,,6.800000190734863,,3.559999942779541,,1.9600000381469727,16.719999313354492
2013-08-15,19.170000076293945,,6.900000095367432,,3.549999952316284,,1.9900000095367432,17.049999237060547
2013-08-16,18.950000762939453,,6.710000038146973,,3.5399999618530273,,1.9700000286102295,16.959999084472656
2013-08-19,19.649999618530273,,6.949999809265137,,3.4100000858306885,,1.9299999475479126,16.850000381469727
2013-08-20,19.6200008392334,,7.070000171661377,,3.5199999809265137,,1.899999976158142,16.829999923706055
2013-08-21,20.260000228881836,,7.079999923706055,,3.5899999141693115,,1.9500000476837158,16.399999618530273
2013-08-22,20.6200008392334,,7.25,,3.549999952316284,,1.9800000190734863,17.31999969482422
2013-08-23,20.09000015258789,,6.989999771118164,,3.759999990463257,,1.9500000476837158,16.65999984741211
2013-08-26,19.68000030517578,,6.809999942779541,,3.8299999237060547,,1.9299999475479126,16.90999984741211
2013-08-27,18.739999771118164,,6.610000133514404,,3.7100000381469727,,1.9700000286102295,16.790000915527344
2013-08-28,18.81999969482422,,6.650000095367432,,3.700000047683716,,1.9900000095367432,16.780000686645508
2013-08-29,18.799999237060547,,6.730000019073486,,3.740000009536743,,1.9900000095367432,17.059999465942383
2013-08-30,18.469999313354492,,6.78000020980835,,3.759999990463257,,1.9900000095367432,16.8799991607666
2013-09-03,18.959999084472656,,6.989999771118164,,3.7899999618530273,,1.9600000381469727,17.229999542236328
2013-09-04,19.0,,6.929999828338623,,3.75,,1.9299999475479126,17.760000228881836
2013-09-05,19.68000030517578,,7.159999847412109,,3.7799999713897705,,1.8899999856948853,17.579999923706055
2013-09-06,19.81999969482422,,7.539999961853027,,3.880000114440918,,1.8899999856948853,17.770000457763672
2013-09-09,20.93000030517578,,8.100000381469727,,4.090000152587891,,1.940000057220459,18.200000762939453
2013-09-10,21.979999542236328,,8.4399995803833,,4.239999771118164,,1.9900000095367432,18.40999984741211
2013-09-11,21.34000015258789,,8.449999809265137,,4.289999961853027,,1.9600000381469727,18.299999237060547
2013-09-12,20.43000030517578,,8.100000381469727,,4.050000190734863,,1.9600000381469727,18.18000030517578
2013-09-13,20.5,,8.3100004196167,,4.070000171661377,,1.9500000476837158,17.950000762939453
2013-09-16,20.989999771118164,,8.460000038146973,,4.340000152587891,,1.9500000476837158,18.09000015258789
2013-09-17,20.68000030517578,,8.470000267028809,,4.590000152587891,,1.9800000190734863,18.459999084472656
2013-09-18,20.93000030517578,,8.739999771118164,,4.570000171661377,,2.049999952316284,18.90999984741211
2013-09-19,21.200000762939453,,8.9399995803833,,4.699999809265137,,2.069999933242798,19.139999389648438
2013-09-20,21.190000534057617,,9.050000190734863,,4.840000152587891,,2.1500000953674316,19.729999542236328
2013-09-23,22.100000381469727,,9.5,,4.960000038146973,,2.180000066757202,20.979999542236328
2013-09-24,22.010000228881836,,9.520000457763672,,5.150000095367432,,2.200000047683716,20.579999923706055
2013-09-25,21.799999237060547,,9.539999961853027,,4.920000076293945,,2.2300000190734863,20.700000762939453
2013-09-26,23.020000457763672,,9.720000267028809,,4.900000095367432,,2.2300000190734863,20.979999542236328
2013-09-27,23.209999084472656,,9.6899995803833,,4.940000057220459,,2.200000047683716,20.600000381469727
2013-09-30,24.0,,9.510000228881836,,5.0,,2.200000047683716,20.1299991607666
2013-10-01,23.950000762939453,,9.670000076293945,,5.46999979019165,,2.180000066757202,20.209999084472656
2013-10-02,24.059999465942383,,9.34000015258789,,5.230000019073486,,2.1700000762939453,20.049999237060547
2013-10-03,24.110000610351562,,9.390000343322754,,5.210000038146973,,2.180000066757202,20.200000762939453
2013-10-04,23.40999984741211,,9.149999618530273,,5.170000076293945,,2.1600000858306885,21.56999969482422
2013-10-07,23.8700008392334,,9.390000343322754,,5.460000038146973,,2.180000066757202,21.3700008392334
2013-10-08,23.489999771118164,,9.449999809265137,,5.619999885559082,,2.200000047683716,21.030000686645508
2013-10-09,23.940000534057617,,9.800000190734863,,5.71999979019165,,2.2300000190734863,20.950000762939453
2013-10-10,25.850000381469727,,10.359999656677246,,6.019999980926514,,2.259999990463257,21.489999771118164
2013-10-11,25.989999771118164,,10.680000305175781,,6.369999885559082,,2.4600000381469727,21.90999984741211
2013-10-14,27.209999084472656,,11.170000076293945,,6.460000038146973,,2.5199999809265137,22.0
2013-10-15,27.030000686645508,,10.670000076293945,,6.449999809265137,,2.6600000858306885,22.110000610351562
2013-10-16,27.270000457763672,,10.6899995803833,,6.099999904632568,,2.5899999141693115,22.510000228881836
2013-10-17,28.530000686645508,,10.579999923706055,,6.28000020980835,,2.7200000286102295,22.149999618530273
2013-10-18,29.469999313354492,,10.979999542236328,,6.519999980926514,,2.7699999809265137,22.510000228881836
2013-10-21,32.47999954223633,,11.479999542236328,,6.699999809265137,,2.7200000286102295,22.68000030517578
2013-10-22,31.290000915527344,,11.170000076293945,,6.550000190734863,,2.7300000190734863,21.559999465942383
2013-10-23,29.540000915527344,,10.770000457763672,,5.960000038146973,,2.5999999046325684,21.450000762939453
2013-10-24,30.440000534057617,,11.369999885559082,,6.21999979019165,,2.5899999141693115,21.979999542236328
2013-10-25,27.649999618530273,,10.789999961853027,,5.960000038146973,,2.5299999713897705,22.0
2013-10-28,27.09000015258789,,10.380000114440918,,5.769999980926514,,2.259999990463257,22.040000915527344
2013-10-29,25.760000228881836,,9.59000015258789,,5.369999885559082,,2.259999990463257,21.920000076293945
2013-10-30,26.049999237060547,,9.680000305175781,,5.239999771118164,,2.3399999141693115,21.190000534057617
2013-10-31,25.90999984741211,,9.680000305175781,,5.28000020980835,,2.259999990463257,20.850000381469727
2013-11-01,25.670000076293945,,9.420000076293945,,5.139999866485596,,2.319999933242798,20.200000762939453
2013-11-04,25.440000534057617,,9.460000038146973,,5.260000228881836,,2.240000009536743,20.0
2013-11-05,27.219999313354492,,10.229999542236328,,5.570000171661377,,2.2899999618530273,21.399999618530273
2013-11-06,26.459999084472656,,9.579999923706055,,5.550000190734863,,2.299999952316284,22.059999465942383
2013-11-07,25.84000015258789,,9.460000038146973,,5.320000171661377,,2.259999990463257,22.010000228881836
2013-11-08,26.700000762939453,,9.670000076293945,,5.170000076293945,,2.309999942779541,22.260000228881836
2013-11-11,25.790000915527344,,9.720000267028809,,5.210000038146973,,2.25,23.43000030517578
2013-11-12,25.110000610351562,,9.529999732971191,,5.050000190734863,,2.25,23.459999084472656
2013-11-13,25.469999313354492,,9.760000228881836,,4.949999809265137,,2.25,23.43000030517578
2013-11-14,26.270000457763672,,10.420000076293945,,5.170000076293945,,2.2100000381469727,24.270000457763672
2013-11-15,27.030000686645508,,10.479999542236328,,5.46999979019165,,2.2200000286102295,25.1200008392334
2013-11-18,25.93000030517578,,10.329999923706055,,5.199999809265137,,2.1600000858306885,25.010000228881836
2013-11-19,25.940000534057617,,9.699999809265137,,5.03000020980835,,2.069999933242798,23.530000686645508
2013-11-20,27.200000762939453,,10.390000343322754,,5.199999809265137,,2.0799999237060547,24.81999969482422
2013-11-21,27.889999389648438,,10.399999618530273,,5.369999885559082,,2.1500000953674316,25.350000381469727
2013-11-22,28.56999969482422,,11.140000343322754,,5.860000133514404,,2.299999952316284,26.25
2013-11-25,29.510000228881836,,11.479999542236328,,5.980000019073486,,2.2699999809265137,26.65999984741211
2013-11-26,30.59000015258789,,12.649999618530273,,6.650000095367432,,2.4700000286102295,29.3700008392334
2013-11-27,30.81999969482422,,12.899999618530273,,6.639999866485596,,2.4100000858306885,29.950000762939453
2013-11-29,31.40999984741211,,12.600000381469727,,6.659999847412109,,2.5,29.719999313354492
2013-12-02,30.459999084472656,,12.550000190734863,,6.349999904632568,,2.4000000953674316,29.739999771118164
2013-12-03,28.8700008392334,,12.029999732971191,,6.0,,2.299999952316284,28.059999465942383
2013-12-04,28.440000534057617,,11.960000038146973,,5.940000057220459,,2.3499999046325684,28.09000015258789
2013-12-05,27.209999084472656,,11.40999984741211,,5.96999979019165,,2.309999942779541,28.219999313354492
2013-12-06,27.5,,11.520000457763672,,6.139999866485596,,2.3499999046325684,28.84000015258789
2013-12-09,28.43000030517578,,11.600000381469727,,6.170000076293945,,2.3399999141693115,29.09000015258789
2013-12-10,28.459999084472656,,11.350000381469727,,6.0,,2.359999895095825,29.06999969482422
2013-12-11,27.5,,11.119999885559082,,5.920000076293945,,2.319999933242798,29.239999771118164
2013-12-12,26.809999465942383,,11.149999618530273,,5.829999923706055,,2.309999942779541,29.360000610351562
2013-12-13,26.829999923706055,,11.010000228881836,,5.710000038146973,,2.259999990463257,29.209999084472656
2013-12-16,26.770000457763672,,11.1899995803833,,5.980000019073486,,2.369999885559082,31.65999984741211
2013-12-17,27.719999313354492,,11.960000038146973,,5.900000095367432,,2.390000104904175,32.400001525878906
2013-12-18,27.0,,11.869999885559082,,5.800000190734863,,2.450000047683716,33.25
2013-12-19,25.8700008392334,,11.270000457763672,,5.539999961853027,,2.440000057220459,33.25
2013-12-20,25.100000381469727,,10.960000038146973,,5.46999979019165,,2.3499999046325684,33.40999984741211
2013-12-23,25.600000381469727,,11.119999885559082,,5.28000020980835,,2.2699999809265137,34.16999816894531
2013-12-24,25.229999542236328,,10.979999542236328,,5.230000019073486,,2.2799999713897705,33.70000076293945
2013-12-26,24.940000534057617,,10.539999961853027,,5.340000152587891,,2.2100000381469727,33.70000076293945
2013-12-27,25.100000381469727,,10.859999656677246,,5.309999942779541,,2.180000066757202,33.599998474121094
2013-12-30,24.079999923706055,,10.4399995803833,,5.28000020980835,,2.190000057220459,33.2599983215332
2013-12-31,24.270000457763672,,10.449999809265137,,5.239999771118164,,2.1700000762939453,32.959999084472656
2014-01-02,23.56999969482422,,10.0,,5.179999828338623,,2.109999895095825,32.40999984741211
2014-01-03,23.100000381469727,,9.989999771118164,,5.460000038146973,,2.119999885559082,32.29999923706055
2014-01-06,22.09000015258789,,9.670000076293945,,5.21999979019165,,2.0399999618530273,32.58000183105469
2014-01-07,22.75,,9.739999771118164,,5.230000019073486,,2.069999933242798,32.630001068115234
2014-01-08,22.899999618530273,,9.779999732971191,,5.239999771118164,,2.0799999237060547,30.40999984741211
2014-01-09,22.84000015258789,,9.59000015258789,,5.179999828338623,,2.059999942779541,32.400001525878906
2014-01-10,22.770000457763672,,9.529999732971191,,5.099999904632568,,2.069999933242798,33.08000183105469
2014-01-13,22.030000686645508,,9.180000305175781,,5.059999942779541,,2.1600000858306885,32.25
2014-01-14,22.25,,9.220000267028809,,5.039999961853027,,2.1500000953674316,32.09000015258789
2014-01-15,22.440000534057617,,9.260000228881836,,5.050000190734863,,2.109999895095825,31.760000228881836
2014-01-16,22.530000686645508,,9.130000114440918,,4.989999771118164,,2.119999885559082,31.739999771118164
2014-01-17,23.0,,9.270000457763672,,4.96999979019165,,2.109999895095825,30.770000457763672
2014-01-21,23.899999618530273,,9.649999618530273,,4.920000076293945,,2.1700000762939453,31.15999984741211
2014-01-22,23.309999465942383,,9.34000015258789,,4.840000152587891,,2.109999895095825,28.399999618530273
2014-01-23,20.809999465942383,,8.460000038146973,,4.190000057220459,,1.850000023841858,24.110000610351562
2014-01-24,19.850000381469727,,8.149999618530273,,4.150000095367432,,1.9800000190734863,23.020000457763672
2014-01-27,20.25,,8.779999732971191,,4.199999809265137,,1.9299999475479126,25.68000030517578
2014-01-28,19.399999618530273,,8.510000228881836,,4.190000057220459,,1.9600000381469727,25.229999542236328
2014-01-29,18.809999465942383,,8.210000038146973,,4.159999847412109,,1.840000033378601,23.5
2014-01-30,18.440000534057617,,7.96999979019165,,4.25,,1.8700000047683716,23.100000381469727
2014-01-31,18.18000030517578,,7.949999809265137,,4.150000095367432,,1.850000023841858,22.190000534057617
2014-02-03,17.09000015258789,,7.489999771118164,,4.070000171661377,,1.8300000429153442,21.850000381469727
2014-02-04,17.149999618530273,,7.590000152587891,,4.039999961853027,,1.840000033378601,23.290000915527344
2014-02-05,16.969999313354492,,7.5,,4.090000152587891,,1.850000023841858,23.239999771118164
2014-02-06,17.469999313354492,,7.659999847412109,,4.199999809265137,,1.9700000286102295,23.959999084472656
2014-02-07,18.190000534057617,,8.0,,4.300000190734863,,2.009999990463257,24.43000030517578
2014-02-10,17.549999237060547,,7.800000190734863,,4.199999809265137,,2.0199999809265137,23.6299991607666
2014-02-11,18.139999389648438,,8.3100004196167,,4.139999866485596,,2.0799999237060547,24.020000457763672
2014-02-12,19.59000015258789,,8.779999732971191,,4.360000133514404,,2.1500000953674316,25.489999771118164
2014-02-13,20.469999313354492,,9.119999885559082,,4.269999980926514,,2.0999999046325684,26.739999771118164
2014-02-14,22.8700008392334,,9.970000267028809,,4.760000228881836,,2.2200000286102295,27.219999313354492
2014-02-18,22.530000686645508,,9.899999618530273,,5.090000152587891,,2.2699999809265137,27.6200008392334
2014-02-19,21.389999389648438,,9.569999694824219,,4.929999828338623,,2.180000066757202,26.920000076293945
2014-02-20,22.170000076293945,,9.670000076293945,,5.070000171661377,,2.2200000286102295,27.25
2014-02-21,22.200000762939453,,9.59000015258789,,5.130000114440918,,2.2699999809265137,27.93000030517578
2014-02-24,23.530000686645508,,9.859999656677246,,5.099999904632568,,2.2300000190734863,28.290000915527344
2014-02-25,22.850000381469727,,9.550000190734863,,4.949999809265137,,2.119999885559082,27.299999237060547
2014-02-26,22.639999389648438,,9.5,,4.769999980926514,,2.0899999141693115,26.8700008392334
2014-02-27,22.889999389648438,,9.649999618530273,,4.78000020980835,,2.069999933242798,26.65999984741211
2014-02-28,23.399999618530273,,10.170000076293945,,4.880000114440918,,2.0399999618530273,26.90999984741211
2014-03-03,22.950000762939453,,9.930000305175781,,4.619999885559082,,2.0299999713897705,26.170000076293945
2014-03-04,23.18000030517578,,10.229999542236328,,4.800000190734863,,2.049999952316284,26.709999084472656
2014-03-05,23.540000915527344,,10.199999809265137,,4.800000190734863,,2.059999942779541,26.530000686645508
2014-03-06,24.559999465942383,,10.460000038146973,,4.900000095367432,,2.0799999237060547,28.5
2014-03-07,24.639999389648438,,10.539999961853027,,4.889999866485596,,2.059999942779541,28.360000610351562
2014-03-10,24.219999313354492,,10.239999771118164,,4.829999923706055,,2.0199999809265137,28.389999389648438
2014-03-11,23.530000686645508,,9.890000343322754,,4.760000228881836,,2.0,28.260000228881836
2014-03-12,23.18000030517578,,9.800000190734863,,4.730000019073486,,1.9600000381469727,28.059999465942383
2014-03-13,23.06999969482422,,9.829999923706055,,4.650000095367432,,1.9199999570846558,27.34000015258789
2014-03-14,22.979999542236328,,9.9399995803833,,4.670000076293945,,1.9900000095367432,27.6200008392334
2014-03-17,23.8799991607666,,10.380000114440918,,4.829999923706055,,2.0199999809265137,28.709999084472656
2014-03-18,24.93000030517578,,10.90999984741211,,4.78000020980835,,2.0199999809265137,28.84000015258789
2014-03-19,24.549999237060547,,10.569999694824219,,4.809999942779541,,1.9600000381469727,29.100000381469727
2014-03-20,25.06999969482422,,10.739999771118164,,4.769999980926514,,1.9700000286102295,29.219999313354492
2014-03-21,25.8799991607666,,11.149999618530273,,4.860000133514404,,2.009999990463257,29.8799991607666
2014-03-24,26.0,,11.220000267028809,,4.960000038146973,,2.0299999713897705,29.719999313354492
2014-03-25,26.889999389648438,,11.710000038146973,,5.090000152587891,,2.049999952316284,29.959999084472656
2014-03-26,26.1200008392334,,11.470000267028809,,5.079999923706055,,2.059999942779541,29.280000686645508
2014-03-27,26.940000534057617,,11.9399995803833,,5.599999904632568,,2.259999990463257,29.709999084472656
2014-03-28,27.15999984741211,,11.899999618530273,,5.539999961853027,,2.2100000381469727,30.360000610351562
2014-03-31,28.149999618530273,,12.3100004196167,,5.829999923706055,,2.4000000953674316,31.15999984741211
2014-04-01,28.75,,12.699999809265137,,5.769999980926514,,2.4000000953674316,31.020000457763672
2014-04-02,29.84000015258789,,13.479999542236328,,6.269999980926514,,2.380000114440918,31.260000228881836
2014-04-03,29.6200008392334,,13.359999656677246,,6.099999904632568,,2.4000000953674316,30.93000030517578
2014-04-04,30.049999237060547,,13.010000228881836,,6.210000038146973,,2.4200000762939453,30.809999465942383
2014-04-07,31.049999237060547,,13.5,,6.190000057220459,,2.369999885559082,30.700000762939453
2014-04-08,31.969999313354492,,13.789999961853027,,6.599999904632568,,2.4800000190734863,30.579999923706055
2014-04-09,31.899999618530273,,13.579999923706055,,6.519999980926514,,2.5199999809265137,30.649999618530273
2014-04-10,31.940000534057617,,13.359999656677246,,6.650000095367432,,2.4700000286102295,30.100000381469727
2014-04-11,31.559999465942383,,13.149999618530273,,6.46999979019165,,2.509999990463257,29.760000228881836
2014-04-14,32.04999923706055,,13.199999809265137,,6.550000190734863,,2.549999952316284,29.799999237060547
2014-04-15,31.280000686645508,,13.170000076293945,,6.269999980926514,,2.4700000286102295,29.260000228881836
2014-04-16,31.219999313354492,,13.170000076293945,,6.300000190734863,,2.4700000286102295,29.600000381469727
2014-04-17,30.770000457763672,,13.010000228881836,,6.309999942779541,,2.450000047683716,29.540000915527344
2014-04-21,30.530000686645508,,13.050000190734863,,6.389999866485596,,2.390000104904175,29.290000915527344
2014-04-22,31.549999237060547,,13.680000305175781,,6.610000133514404,,2.369999885559082,29.739999771118164
2014-04-23,31.889999389648438,,13.800000190734863,,7.079999923706055,,2.4100000858306885,29.239999771118164
2014-04-24,32.060001373291016,,13.819999694824219,,7.300000190734863,,2.559999942779541,29.43000030517578
2014-04-25,30.40999984741211,,13.300000190734863,,7.070000171661377,,2.5399999618530273,28.15999984741211
2014-04-28,30.09000015258789,,13.15999984741211,,7.53000020980835,,2.6700000762939453,27.899999618530273
2014-04-29,30.260000228881836,,13.220000267028809,,7.480000019073486,,2.609999895095825,28.479999542236328
2014-04-30,30.559999465942383,,13.460000038146973,,7.400000095367432,,2.640000104904175,28.459999084472656
2014-05-01,30.530000686645508,,13.569999694824219,,7.210000038146973,,2.5899999141693115,28.6299991607666
2014-05-02,31.260000228881836,,13.859999656677246,,7.28000020980835,,2.5999999046325684,28.59000015258789
2014-05-05,31.6299991607666,,13.6899995803833,,7.670000076293945,,2.740000009536743,29.420000076293945
2014-05-06,31.260000228881836,,13.4399995803833,,7.670000076293945,,2.799999952316284,28.18000030517578
2014-05-07,32.20000076293945,,14.0,,7.699999809265137,,2.7799999713897705,31.09000015258789
2014-05-08,30.860000610351562,,13.4399995803833,,7.369999885559082,,2.680000066757202,31.760000228881836
2014-05-09,31.360000610351562,,13.550000190734863,,7.539999961853027,,2.7699999809265137,30.700000762939453
2014-05-12,30.8799991607666,,13.239999771118164,,7.539999961853027,,2.6700000762939453,30.56999969482422
2014-05-13,30.25,,12.890000343322754,,7.769999980926514,,2.6500000953674316,30.09000015258789
2014-05-14,30.0,,12.680000305175781,,7.420000076293945,,2.6500000953674316,30.440000534057617
2014-05-15,29.40999984741211,,12.359999656677246,,7.130000114440918,,2.5399999618530273,29.75
2014-05-16,29.770000457763672,,12.510000228881836,,7.170000076293945,,2.549999952316284,29.43000030517578
2014-05-19,29.68000030517578,,12.539999961853027,,7.090000152587891,,2.5799999237060547,29.809999465942383
2014-05-20,30.010000228881836,,12.600000381469727,,6.960000038146973,,2.490000009536743,29.559999465942383
2014-05-21,30.09000015258789,,12.649999618530273,,7.360000133514404,,2.5899999141693115,28.479999542236328
2014-05-22,30.309999465942383,,12.770000457763672,,7.78000020980835,,2.5899999141693115,29.0
2014-05-23,30.030000686645508,,12.640000343322754,,7.789999961853027,,2.6700000762939453,29.600000381469727
2014-05-27,29.09000015258789,,12.260000228881836,,7.929999828338623,,2.75,29.190000534057617
2014-05-28,28.979999542236328,,12.180000305175781,,8.210000038146973,,2.7799999713897705,29.079999923706055
2014-05-29,31.059999465942383,,13.039999961853027,,8.850000381469727,,2.869999885559082,29.700000762939453
2014-05-30,31.6299991607666,,13.579999923706055,,8.880000114440918,,2.9800000190734863,29.8799991607666
2014-06-02,32.099998474121094,,13.539999961853027,,8.90999984741211,,2.9700000286102295,30.399999618530273
2014-06-03,33.83000183105469,,13.770000457763672,,8.890000343322754,,2.9200000762939453,30.510000228881836
2014-06-04,33.939998626708984,,14.180000305175781,,8.899999618530273,,2.950000047683716,31.040000915527344
2014-06-05,35.09000015258789,,14.779999732971191,,9.039999961853027,,3.119999885559082,30.8799991607666
2014-06-06,34.97999954223633,,14.510000228881836,,9.420000076293945,,3.200000047683716,30.809999465942383
2014-06-09,37.0099983215332,,15.050000190734863,,9.65999984741211,,3.259999990463257,31.780000686645508
2014-06-10,37.47999954223633,,15.050000190734863,,9.199999809265137,,3.109999895095825,32.9900016784668
2014-06-11,34.650001525878906,,13.84000015258789,,9.210000038146973,,3.109999895095825,33.40999984741211
2014-06-12,33.25,,13.6899995803833,,9.130000114440918,,3.0,32.68000030517578
2014-06-13,33.68000030517578,,13.819999694824219,,9.369999885559082,,3.009999990463257,32.93000030517578
2014-06-16,31.709999084472656,,12.6899995803833,,8.75,,2.690000057220459,29.0
2014-06-17,31.790000915527344,,12.729999542236328,,8.920000076293945,,2.700000047683716,30.020000457763672
2014-06-18,32.79999923706055,,13.130000114440918,,9.550000190734863,,2.8399999141693115,32.310001373291016
2014-06-19,31.229999542236328,,12.770000457763672,,8.800000190734863,,2.700000047683716,32.11000061035156
2014-06-20,35.709999084472656,,14.350000381469727,,9.489999771118164,,3.0,33.7599983215332
2014-06-23,37.2599983215332,,15.140000343322754,,9.890000343322754,,3.0399999618530273,35.95000076293945
2014-06-24,34.9900016784668,,14.460000038146973,,9.470000267028809,,2.940000057220459,34.54999923706055
2014-06-25,37.630001068115234,,15.220000267028809,,9.680000305175781,,2.8499999046325684,34.79999923706055
2014-06-26,35.88999938964844,,14.65999984741211,,9.460000038146973,,2.75,33.540000915527344
2014-06-27,35.66999816894531,,14.479999542236328,,9.5600004196167,,2.7899999618530273,33.13999938964844
2014-06-30,36.029998779296875,,14.649999618530273,,9.800000190734863,,2.759999990463257,32.68000030517578
2014-07-01,36.97999954223633,,15.010000228881836,,9.949999809265137,,2.819999933242798,33.400001525878906
2014-07-02,38.5099983215332,,15.289999961853027,,10.130000114440918,,2.8499999046325684,34.220001220703125
2014-07-03,39.369998931884766,,15.510000228881836,,10.279999732971191,,2.940000057220459,34.13999938964844
2014-07-07,39.40999984741211,,15.420000076293945,,10.0600004196167,,3.059999942779541,34.279998779296875
2014-07-08,38.939998626708984,,15.710000038146973,,10.359999656677246,,3.119999885559082,35.5
2014-07-09,42.619998931884766,,16.56999969482422,,10.949999809265137,,3.3499999046325684,37.150001525878906
2014-07-10,43.810001373291016,,17.010000228881836,,11.399999618530273,,3.430000066757202,37.97999954223633
2014-07-11,46.02000045776367,,17.020000457763672,,11.449999809265137,,3.299999952316284,37.970001220703125
2014-07-14,45.91999816894531,,16.889999389648438,,10.960000038146973,,3.130000114440918,37.20000076293945
2014-07-15,42.25,,16.09000015258789,,10.850000381469727,,3.0399999618530273,36.470001220703125
2014-07-16,43.04999923706055,,16.479999542236328,,10.550000190734863,,3.0199999809265137,36.599998474121094
2014-07-17,42.279998779296875,,16.40999984741211,,10.079999923706055,,2.9200000762939453,35.72999954223633
2014-07-18,44.970001220703125,,16.920000076293945,,10.850000381469727,,3.1500000953674316,38.0
2014-07-21,43.560001373291016,,15.979999542236328,,10.449999809265137,,2.9800000190734863,37.209999084472656
2014-07-22,43.33000183105469,,15.579999923706055,,10.430000305175781,,2.9200000762939453,36.90999984741211
2014-07-23,41.849998474121094,,15.4399995803833,,10.050000190734863,,2.890000104904175,35.959999084472656
2014-07-24,43.439998626708984,,15.529999732971191,,10.149999618530273,,2.940000057220459,37.0
2014-07-25,41.880001068115234,,14.779999732971191,,9.75,,2.859999895095825,35.900001525878906
2014-07-28,38.08000183105469,,14.09000015258789,,9.3100004196167,,2.859999895095825,34.560001373291016
2014-07-29,39.7599983215332,,15.119999885559082,,9.880000114440918,,3.0,35.59000015258789
2014-07-30,44.939998626708984,,16.959999084472656,,11.3100004196167,,3.380000114440918,38.90999984741211
2014-07-31,42.31999969482422,,16.1200008392334,,10.3100004196167,,3.109999895095825,35.380001068115234
2014-08-01,42.0,,15.609999656677246,,10.300000190734863,,3.0799999237060547,34.16999816894531
2014-08-04,40.83000183105469,,15.34000015258789,,10.569999694824219,,3.049999952316284,34.16999816894531
2014-08-05,36.849998474121094,,14.069999694824219,,10.079999923706055,,2.9000000953674316,33.58000183105469
2014-08-06,36.77000045776367,,14.149999618530273,,10.3100004196167,,2.9200000762939453,33.91999816894531
2014-08-07,37.540000915527344,,14.680000305175781,,10.529999732971191,,2.9200000762939453,33.43000030517578
2014-08-08,37.099998474121094,,14.550000190734863,,10.5600004196167,,2.9000000953674316,33.7599983215332
2014-08-11,36.209999084472656,,13.90999984741211,,10.119999885559082,,2.9100000858306885,32.61000061035156
2014-08-12,36.06999969482422,,13.5,,9.859999656677246,,2.880000114440918,31.799999237060547
2014-08-13,36.029998779296875,,13.300000190734863,,9.5600004196167,,2.880000114440918,31.850000381469727
2014-08-14,35.470001220703125,,12.670000076293945,,9.279999732971191,,2.75,30.969999313354492
2014-08-15,35.38999938964844,,12.920000076293945,,9.479999542236328,,2.799999952316284,32.150001525878906
2014-08-18,35.93000030517578,,13.069999694824219,,9.739999771118164,,2.859999895095825,33.61000061035156
2014-08-19,35.5099983215332,,12.979999542236328,,9.539999961853027,,2.809999942779541,33.0
2014-08-20,34.630001068115234,,12.430000305175781,,9.300000190734863,,2.7699999809265137,32.20000076293945
2014-08-21,34.20000076293945,,12.34000015258789,,9.100000381469727,,2.700000047683716,31.989999771118164
2014-08-22,34.779998779296875,,12.760000228881836,,9.300000190734863,,2.740000009536743,32.45000076293945
2014-08-25,35.209999084472656,,12.760000228881836,,9.199999809265137,,2.7699999809265137,32.939998626708984
2014-08-26,34.7599983215332,,12.579999923706055,,8.800000190734863,,2.7300000190734863,33.400001525878906
2014-08-27,35.41999816894531,,12.5600004196167,,8.880000114440918,,2.7200000286102295,33.310001373291016
2014-08-28,35.400001525878906,,12.59000015258789,,8.600000381469727,,2.740000009536743,33.040000915527344
2014-08-29,34.93000030517578,,12.680000305175781,,8.899999618530273,,2.75,33.040000915527344
2014-09-02,35.2400016784668,,12.75,,8.930000305175781,,2.7699999809265137,33.709999084472656
2014-09-03,37.38999938964844,,13.520000457763672,,9.489999771118164,,2.9100000858306885,35.68000030517578
2014-09-04,36.720001220703125,,13.25,,9.329999923706055,,2.890000104904175,34.97999954223633
2014-09-05,38.27000045776367,,13.65999984741211,,9.649999618530273,,3.0,34.97999954223633
2014-09-08,37.79999923706055,,13.569999694824219,,9.710000038146973,,3.059999942779541,34.15999984741211
2014-09-09,37.79999923706055,,13.710000038146973,,9.859999656677246,,3.0299999713897705,34.2400016784668
2014-09-10,38.25,,14.0600004196167,,9.880000114440918,,3.0899999141693115,34.84000015258789
2014-09-11,38.310001373291016,,14.369999885559082,,10.0,,3.2100000381469727,35.400001525878906
2014-09-12,39.880001068115234,,14.739999771118164,,10.4399995803833,,3.240000009536743,35.689998626708984
2014-09-15,39.470001220703125,,14.539999961853027,,10.25,,3.200000047683716,35.689998626708984
2014-09-16,41.56999969482422,,15.130000114440918,,10.65999984741211,,3.25,37.54999923706055
2014-09-17,40.84000015258789,,14.84000015258789,,10.390000343322754,,3.1700000762939453,36.880001068115234
2014-09-18,41.16999816894531,,14.640000343322754,,10.270000457763672,,3.1500000953674316,36.529998779296875
2014-09-19,40.41999816894531,,14.239999771118164,,10.079999923706055,,3.0799999237060547,36.5099983215332
2014-09-22,41.54999923706055,,14.359999656677246,,10.4399995803833,,3.0799999237060547,36.2599983215332
2014-09-23,40.27000045776367,,14.079999923706055,,10.520000457763672,,3.190000057220459,36.83000183105469
2014-09-24,40.0,,14.210000038146973,,10.539999961853027,,3.140000104904175,37.220001220703125
2014-09-25,39.09000015258789,,13.789999961853027,,10.140000343322754,,3.2100000381469727,35.810001373291016
2014-09-26,40.0,,14.220000267028809,,10.5,,3.4000000953674316,37.08000183105469
2014-09-29,39.63999938964844,,14.029999732971191,,10.710000038146973,,3.4000000953674316,36.880001068115234
2014-09-30,39.61000061035156,,14.210000038146973,,10.75,,3.319999933242798,36.9900016784668
2014-10-01,38.709999084472656,,13.5,,10.270000457763672,,3.0999999046325684,34.5099983215332
2014-10-02,36.560001373291016,,12.710000038146973,,9.779999732971191,,3.2200000286102295,33.310001373291016
2014-10-03,35.08000183105469,,12.380000114440918,,9.949999809265137,,3.0799999237060547,33.720001220703125
2014-10-06,34.45000076293945,,12.029999732971191,,9.9399995803833,,3.0899999141693115,33.52000045776367
2014-10-07,33.290000915527344,,11.6899995803833,,9.630000114440918,,3.049999952316284,32.15999984741211
2014-10-08,34.310001373291016,,12.0,,10.010000228881836,,3.049999952316284,32.849998474121094
2014-10-09,32.36000061035156,,11.609999656677246,,9.869999885559082,,3.049999952316284,31.459999084472656
2014-10-10,31.809999465942383,,11.630000114440918,,9.789999961853027,,2.9700000286102295,31.280000686645508
2014-10-13,31.3700008392334,,11.390000343322754,,9.390000343322754,,2.930000066757202,30.670000076293945
2014-10-14,31.860000610351562,,11.729999542236328,,9.329999923706055,,3.0399999618530273,30.799999237060547
2014-10-15,31.84000015258789,,11.59000015258789,,8.970000267028809,,3.0299999713897705,30.010000228881836
2014-10-16,31.90999984741211,,11.970000267028809,,9.170000076293945,,2.9700000286102295,30.260000228881836
2014-10-17,33.61000061035156,,12.59000015258789,,9.800000190734863,,3.0799999237060547,31.31999969482422
2014-10-20,34.68000030517578,,13.3100004196167,,10.369999885559082,,3.140000104904175,31.389999389648438
2014-10-21,35.56999969482422,,13.59000015258789,,10.3100004196167,,3.1600000858306885,32.88999938964844
2014-10-22,34.93000030517578,,13.289999961853027,,10.210000038146973,,3.1600000858306885,32.470001220703125
2014-10-23,36.0,,13.680000305175781,,10.449999809265137,,3.2200000286102295,32.119998931884766
2014-10-24,37.20000076293945,,13.75,,10.510000228881836,,3.190000057220459,32.150001525878906
2014-10-27,36.54999923706055,,13.6899995803833,,10.569999694824219,,3.180000066757202,31.93000030517578
2014-10-28,38.72999954223633,,14.100000381469727,,10.489999771118164,,3.2100000381469727,31.739999771118164
2014-10-29,37.439998626708984,,13.8100004196167,,10.5,,3.190000057220459,31.770000457763672
2014-10-30,39.54999923706055,,14.350000381469727,,10.859999656677246,,3.25,32.56999969482422
2014-10-31,42.2400016784668,,14.699999809265137,,11.140000343322754,,3.380000114440918,35.16999816894531
2014-11-03,41.470001220703125,,15.199999809265137,,11.5600004196167,,3.4200000762939453,35.41999816894531
2014-11-04,42.369998931884766,,14.880000114440918,,11.520000457763672,,3.4700000286102295,33.36000061035156
2014-11-05,42.59000015258789,,15.260000228881836,,11.5600004196167,,3.490000009536743,33.58000183105469
2014-11-06,41.599998474121094,,15.25,,11.630000114440918,,3.559999942779541,33.939998626708984
2014-11-07,41.04999923706055,,15.069999694824219,,11.720000267028809,,3.690000057220459,34.09000015258789
2014-11-10,40.279998779296875,,14.970000267028809,,11.550000190734863,,3.799999952316284,34.130001068115234
2014-11-11,40.29999923706055,,15.029999732971191,,11.5600004196167,,3.690000057220459,33.9900016784668
2014-11-12,40.470001220703125,,15.039999961853027,,11.300000190734863,,3.619999885559082,33.47999954223633
2014-11-13,40.5099983215332,,15.279999732971191,,11.020000457763672,,3.569999933242798,33.150001525878906
2014-11-14,40.02000045776367,,15.0600004196167,,11.15999984741211,,3.559999942779541,32.959999084472656
2014-11-17,41.06999969482422,,15.539999961853027,,10.84000015258789,,3.4700000286102295,33.16999816894531
2014-11-18,41.58000183105469,,15.380000114440918,,11.479999542236328,,3.4600000381469727,32.689998626708984
2014-11-19,42.54999923706055,,15.460000038146973,,11.470000267028809,,3.4600000381469727,33.11000061035156
2014-11-20,42.22999954223633,,15.670000076293945,,11.510000228881836,,3.4600000381469727,33.61000061035156
2014-11-21,43.31999969482422,,15.90999984741211,,11.770000457763672,,3.630000114440918,34.310001373291016
2014-11-24,44.58000183105469,,15.770000457763672,,11.470000267028809,,3.609999895095825,34.7400016784668
2014-11-25,44.130001068115234,,15.800000190734863,,11.720000267028809,,3.640000104904175,35.27000045776367
2014-11-26,44.63999938964844,,16.170000076293945,,11.800000190734863,,3.7799999713897705,35.310001373291016
2014-11-28,42.310001373291016,,16.010000228881836,,11.260000228881836,,3.640000104904175,33.439998626708984
2014-12-01,41.79999923706055,,15.770000457763672,,10.84000015258789,,3.549999952316284,32.290000915527344
2014-12-02,42.06999969482422,,15.5600004196167,,11.069999694824219,,3.549999952316284,31.040000915527344
2014-12-03,42.88999938964844,,15.869999885559082,,11.0,,3.700000047683716,31.440000534057617
2014-12-04,43.56999969482422,,16.170000076293945,,11.119999885559082,,3.7100000381469727,31.190000534057617
2014-12-05,45.689998626708984,,16.559999465942383,,11.4399995803833,,3.7100000381469727,30.84000015258789
2014-12-08,45.75,,16.020000457763672,,11.170000076293945,,3.5999999046325684,29.200000762939453
2014-12-09,42.220001220703125,,15.199999809265137,,11.220000267028809,,3.450000047683716,28.149999618530273
2014-12-10,40.0,,14.899999618530273,,11.0,,3.299999952316284,26.6200008392334
2014-12-11,40.880001068115234,,15.229999542236328,,10.859999656677246,,3.369999885559082,26.809999465942383
2014-12-12,40.459999084472656,,15.050000190734863,,10.350000381469727,,3.2100000381469727,24.040000915527344
2014-12-15,38.47999954223633,,14.1899995803833,,9.75,,3.0999999046325684,22.5
2014-12-16,38.310001373291016,,14.1899995803833,,9.539999961853027,,3.119999885559082,23.219999313354492
2014-12-17,38.5,,14.550000190734863,,9.600000381469727,,3.190000057220459,24.43000030517578
2014-12-18,40.220001220703125,,14.8100004196167,,9.609999656677246,,3.2699999809265137,24.3700008392334
2014-12-19,42.54999923706055,,15.4399995803833,,9.539999961853027,,3.299999952316284,24.219999313354492
2014-12-22,43.08000183105469,,15.789999961853027,,9.789999961853027,,3.4700000286102295,24.709999084472656
2014-12-23,44.0,,16.200000762939453,,10.100000381469727,,3.5299999713897705,27.440000534057617
2014-12-24,43.380001068115234,,16.280000686645508,,9.989999771118164,,3.509999990463257,26.81999969482422
2014-12-26,42.779998779296875,,16.049999237060547,,10.170000076293945,,3.440000057220459,26.829999923706055
2014-12-29,43.540000915527344,,16.239999771118164,,10.140000343322754,,3.4000000953674316,26.979999542236328
2014-12-30,43.0,,15.720000267028809,,9.670000076293945,,3.3299999237060547,26.90999984741211
2014-12-31,43.72999954223633,,15.890000343322754,,10.020000457763672,,3.5,26.469999313354492
2015-01-02,41.79999923706055,,15.569999694824219,,9.520000457763672,,3.440000057220459,26.110000610351562
2015-01-05,40.310001373291016,,15.180000305175781,,9.399999618530273,,3.1500000953674316,24.760000228881836
2015-01-06,39.970001220703125,,15.180000305175781,,9.270000457763672,,3.0899999141693115,24.68000030517578
2015-01-07,40.75,,15.489999771118164,,9.550000190734863,,3.2100000381469727,24.350000381469727
2015-01-08,41.68000030517578,,15.869999885559082,,9.9399995803833,,3.200000047683716,24.950000762939453
2015-01-09,42.08000183105469,,15.890000343322754,,10.039999961853027,,3.2200000286102295,24.940000534057617
2015-01-12,41.849998474121094,,15.779999732971191,,10.239999771118164,,3.119999885559082,23.399999618530273
2015-01-13,42.970001220703125,,16.270000457763672,,10.1899995803833,,3.009999990463257,23.049999237060547
2015-01-14,43.22999954223633,,16.3700008392334,,10.09000015258789,,3.0399999618530273,23.84000015258789
2015-01-15,43.06999969482422,,16.31999969482422,,9.649999618530273,,3.180000066757202,23.020000457763672
2015-01-16,43.099998474121094,,16.8799991607666,,10.0,,3.130000114440918,23.84000015258789
2015-01-20,41.470001220703125,,16.969999313354492,,10.279999732971191,,3.009999990463257,23.31999969482422
2015-01-21,40.7599983215332,,16.950000762939453,,10.600000381469727,,3.069999933242798,23.8700008392334
2015-01-22,40.13999938964844,,16.649999618530273,,10.579999923706055,,3.049999952316284,24.639999389648438
2015-01-23,40.060001373291016,,16.049999237060547,,10.479999542236328,,3.0399999618530273,24.270000457763672
2015-01-26,38.810001373291016,,16.5,,10.9399995803833,,3.140000104904175,24.149999618530273
2015-01-27,39.59000015258789,,16.68000030517578,,11.029999732971191,,3.1600000858306885,25.049999237060547
2015-01-28,38.560001373291016,,16.459999084472656,,11.119999885559082,,3.059999942779541,23.59000015258789
2015-01-29,38.2599983215332,,16.479999542236328,,11.029999732971191,,3.049999952316284,23.0
2015-01-30,38.63999938964844,,16.360000610351562,,10.800000190734863,,3.130000114440918,23.450000762939453
2015-02-02,40.15999984741211,,16.8700008392334,,11.0,,3.069999933242798,23.75
2015-02-03,41.349998474121094,,17.049999237060547,,11.3100004196167,,3.25,24.84000015258789
2015-02-04,42.27000045776367,,17.1299991607666,,11.550000190734863,,3.319999933242798,24.479999542236328
2015-02-05,41.95000076293945,,17.229999542236328,,11.789999961853027,,3.430000066757202,24.989999771118164
2015-02-06,42.810001373291016,,17.079999923706055,,11.75,,3.4200000762939453,24.8799991607666
2015-02-09,43.09000015258789,,17.200000762939453,,11.729999542236328,,3.2799999713897705,24.93000030517578
2015-02-10,44.47999954223633,,17.8700008392334,,11.779999732971191,,3.3399999141693115,25.0
2015-02-11,45.189998626708984,,18.0,,11.720000267028809,,3.3499999046325684,24.940000534057617
2015-02-12,47.97999954223633,,18.049999237060547,,11.859999656677246,,3.299999952316284,25.709999084472656
2015-02-13,49.5,,18.979999542236328,,12.170000076293945,,3.4700000286102295,26.860000610351562
2015-02-17,51.810001373291016,,19.670000076293945,,11.90999984741211,,3.430000066757202,27.329999923706055
2015-02-18,52.029998779296875,,19.5,,12.079999923706055,,3.4600000381469727,26.979999542236328
2015-02-19,52.16999816894531,,19.889999389648438,,11.989999771118164,,3.450000047683716,26.40999984741211
2015-02-20,53.41999816894531,,20.510000228881836,,12.079999923706055,,3.490000009536743,26.299999237060547
2015-02-23,55.709999084472656,,21.56999969482422,,12.630000114440918,,3.640000104904175,25.75
2015-02-24,55.79999923706055,,21.75,,12.850000381469727,,3.759999990463257,25.899999618530273
2015-02-25,54.130001068115234,,21.489999771118164,,13.0600004196167,,3.799999952316284,26.020000457763672
2015-02-26,51.310001373291016,,20.530000686645508,,12.960000038146973,,3.7899999618530273,25.239999771118164
2015-02-27,50.599998474121094,,20.709999084472656,,12.869999885559082,,3.8499999046325684,25.690000534057617
2015-03-02,51.15999984741211,,21.110000610351562,,13.130000114440918,,3.8399999141693115,25.81999969482422
2015-03-03,50.869998931884766,,21.030000686645508,,13.369999885559082,,3.890000104904175,26.09000015258789
2015-03-04,51.810001373291016,,20.889999389648438,,13.649999618530273,,3.9100000858306885,26.459999084472656
2015-03-05,55.099998474121094,,21.760000228881836,,14.760000228881836,,4.260000228881836,27.040000915527344
2015-03-06,56.08000183105469,,22.229999542236328,,14.800000190734863,,4.329999923706055,26.469999313354492
2015-03-09,56.34000015258789,,23.049999237060547,,15.770000457763672,,4.619999885559082,26.3799991607666
2015-03-10,56.279998779296875,,22.93000030517578,,15.079999923706055,,4.489999771118164,25.969999313354492
2015-03-11,56.43000030517578,,22.739999771118164,,15.970000267028809,,5.190000057220459,26.190000534057617
2015-03-12,57.369998931884766,,23.559999465942383,,16.079999923706055,,5.440000057220459,26.860000610351562
2015-03-13,57.189998626708984,,23.139999389648438,,16.8700008392334,,5.480000019073486,26.739999771118164
2015-03-16,61.59000015258789,,24.59000015258789,,17.600000381469727,,5.679999828338623,27.68000030517578
2015-03-17,66.25,,25.760000228881836,,18.709999084472656,,5.800000190734863,28.09000015258789
2015-03-18,65.58000183105469,,25.829999923706055,,18.59000015258789,,5.710000038146973,28.8799991607666
2015-03-19,64.94999694824219,,25.520000457763672,,19.059999465942383,,5.809999942779541,28.670000076293945
2015-03-20,64.7300033569336,,25.690000534057617,,19.6200008392334,,5.940000057220459,29.549999237060547
2015-03-23,62.34000015258789,,25.31999969482422,,19.06999969482422,,5.650000095367432,28.8799991607666
2015-03-24,61.25,,24.43000030517578,,18.93000030517578,,5.420000076293945,28.34000015258789
2015-03-25,60.459999084472656,,24.530000686645508,,18.350000381469727,,5.400000095367432,28.739999771118164
2015-03-26,58.58000183105469,,23.56999969482422,,17.059999465942383,,5.159999847412109,27.8700008392334
2015-03-27,59.0,,23.5,,17.549999237060547,,5.21999979019165,27.889999389648438
2015-03-30,60.790000915527344,,24.25,,17.559999465942383,,5.179999828338623,28.049999237060547
2015-03-31,57.20000076293945,,23.149999618530273,,17.670000076293945,,5.329999923706055,27.450000762939453
2015-04-01,58.560001373291016,,23.209999084472656,,17.760000228881836,,5.239999771118164,28.190000534057617
2015-04-02,58.13999938964844,,23.739999771118164,,18.229999542236328,,5.21999979019165,28.1299991607666
2015-04-06,59.04999923706055,,23.670000076293945,,18.1200008392334,,5.489999771118164,29.360000610351562
2015-04-07,59.209999084472656,,23.600000381469727,,17.799999237060547,,5.619999885559082,29.90999984741211
2015-04-08,58.41999816894531,,23.299999237060547,,17.989999771118164,,5.610000133514404,29.799999237060547
2015-04-09,57.5099983215332,,23.149999618530273,,18.040000915527344,,5.519999980926514,30.639999389648438
2015-04-10,57.099998474121094,,23.540000915527344,,18.200000762939453,,5.349999904632568,31.56999969482422
2015-04-13,56.650001525878906,,23.139999389648438,,17.799999237060547,,5.230000019073486,31.579999923706055
2015-04-14,55.29999923706055,,22.989999771118164,,17.31999969482422,,5.369999885559082,31.3799991607666
2015-04-15,55.61000061035156,,22.420000076293945,,17.190000534057617,,5.25,30.950000762939453
2015-04-16,54.900001525878906,,22.0,,17.049999237060547,,5.179999828338623,30.739999771118164
2015-04-17,54.2400016784668,,21.989999771118164,,16.799999237060547,,5.099999904632568,29.979999542236328
2015-04-20,53.900001525878906,,21.8799991607666,,16.489999771118164,,5.050000190734863,29.40999984741211
2015-04-21,53.689998626708984,,21.959999084472656,,16.110000610351562,,4.920000076293945,28.940000534057617
2015-04-22,55.650001525878906,,22.549999237060547,,16.600000381469727,,5.090000152587891,29.75
2015-04-23,57.529998779296875,,23.200000762939453,,17.049999237060547,,5.170000076293945,30.079999923706055
2015-04-24,57.70000076293945,,23.209999084472656,,17.770000457763672,,5.179999828338623,30.149999618530273
2015-04-27,57.099998474121094,,22.760000228881836,,17.709999084472656,,5.050000190734863,30.510000228881836
2015-04-28,57.880001068115234,,22.959999084472656,,17.31999969482422,,5.199999809265137,30.559999465942383
2015-04-29,56.779998779296875,,22.709999084472656,,16.809999465942383,,5.050000190734863,30.829999923706055
2015-04-30,55.25,,22.040000915527344,,16.280000686645508,,4.929999828338623,30.540000915527344
2015-05-01,54.43000030517578,,21.719999313354492,,16.969999313354492,,5.0,30.950000762939453
2015-05-04,55.52000045776367,,22.260000228881836,,17.540000915527344,,4.960000038146973,30.90999984741211
2015-05-05,54.029998779296875,,21.600000381469727,,17.200000762939453,,4.949999809265137,31.020000457763672
2015-05-06,53.40999984741211,,20.989999771118164,,16.780000686645508,,4.949999809265137,30.889999389648438
2015-05-07,53.02000045776367,,20.799999237060547,,16.3700008392334,,4.809999942779541,30.280000686645508
2015-05-08,53.720001220703125,,21.139999389648438,,16.3700008392334,,4.860000133514404,30.149999618530273
2015-05-11,54.619998931884766,,21.979999542236328,,16.18000030517578,,4.789999961853027,30.020000457763672
2015-05-12,54.529998779296875,,22.0,,16.3799991607666,,4.760000228881836,30.850000381469727
2015-05-13,54.560001373291016,,22.049999237060547,,16.190000534057617,,4.78000020980835,30.469999313354492
2015-05-14,54.540000915527344,,22.229999542236328,,16.329999923706055,,4.75,30.270000457763672
2015-05-15,54.22999954223633,,22.0,,16.350000381469727,,4.78000020980835,30.059999465942383
2015-05-18,54.90999984741211,,22.510000228881836,,16.3799991607666,,4.789999961853027,29.68000030517578
2015-05-19,54.119998931884766,,22.43000030517578,,15.859999656677246,,4.650000095367432,29.260000228881836
2015-05-20,54.11000061035156,,22.010000228881836,,15.6899995803833,,4.570000171661377,29.110000610351562
2015-05-21,53.88999938964844,,21.969999313354492,,15.199999809265137,,4.420000076293945,28.649999618530273
2015-05-22,53.119998931884766,,21.520000457763672,,15.050000190734863,,4.550000190734863,28.610000610351562
2015-05-26,52.349998474121094,,21.139999389648438,,14.739999771118164,,4.46999979019165,27.59000015258789
2015-05-27,51.959999084472656,,20.899999618530273,,14.59000015258789,,4.429999828338623,27.6200008392334
2015-05-28,51.31999969482422,,20.579999923706055,,14.4399995803833,,4.46999979019165,27.5
2015-05-29,49.52000045776367,,20.030000686645508,,14.180000305175781,,4.670000076293945,27.770000457763672
2015-06-01,50.41999816894531,,20.350000381469727,,14.210000038146973,,4.690000057220459,27.799999237060547
2015-06-02,54.099998474121094,,22.059999465942383,,15.119999885559082,,4.840000152587891,28.610000610351562
2015-06-03,52.95000076293945,,21.479999542236328,,14.699999809265137,,4.650000095367432,28.059999465942383
2015-06-04,54.47999954223633,,22.420000076293945,,15.359999656677246,,4.769999980926514,28.579999923706055
2015-06-05,53.779998779296875,,22.079999923706055,,15.09000015258789,,4.699999809265137,28.75
2015-06-08,52.02000045776367,,21.639999389648438,,15.15999984741211,,4.699999809265137,28.610000610351562
2015-06-09,52.790000915527344,,21.700000762939453,,15.270000457763672,,4.900000095367432,28.799999237060547
2015-06-10,51.90999984741211,,21.440000534057617,,15.0600004196167,,4.849999904632568,28.899999618530273
2015-06-11,51.06999969482422,,21.549999237060547,,15.010000228881836,,5.070000171661377,28.6299991607666
2015-06-12,50.599998474121094,,21.010000228881836,,14.84000015258789,,4.860000133514404,28.510000228881836
2015-06-15,49.09000015258789,,20.610000610351562,,14.319999694824219,,4.670000076293945,28.0
2015-06-16,47.70000076293945,,20.170000076293945,,14.0,,4.590000152587891,27.31999969482422
2015-06-17,45.119998931884766,,18.8799991607666,,13.329999923706055,,4.389999866485596,26.18000030517578
2015-06-18,44.2599983215332,,18.5,,13.0,,4.25,26.75
2015-06-19,45.540000915527344,,18.56999969482422,,13.100000381469727,,4.449999809265137,26.610000610351562
2015-06-22,47.58000183105469,,19.59000015258789,,14.109999656677246,,4.610000133514404,27.68000030517578
2015-06-23,46.9900016784668,,19.56999969482422,,14.119999885559082,,4.800000190734863,27.90999984741211
2015-06-24,45.869998931884766,,19.299999237060547,,14.050000190734863,,4.699999809265137,28.0
2015-06-25,46.099998474121094,,19.540000915527344,,13.819999694824219,,4.619999885559082,27.81999969482422
2015-06-26,47.04999923706055,,19.389999389648438,,13.640000343322754,,4.5,27.360000610351562
2015-06-29,45.68000030517578,,18.81999969482422,,13.470000267028809,,4.449999809265137,26.93000030517578
2015-06-30,45.599998474121094,,18.790000915527344,,13.8100004196167,,4.519999980926514,27.43000030517578
2015-07-01,45.20000076293945,,18.350000381469727,,13.90999984741211,,4.46999979019165,27.200000762939453
2015-07-02,45.04999923706055,,18.700000762939453,,14.279999732971191,,4.360000133514404,27.420000076293945
2015-07-06,44.900001525878906,,19.149999618530273,,14.609999656677246,,4.440000057220459,26.920000076293945
2015-07-07,45.20000076293945,,19.450000762939453,,14.670000076293945,,4.449999809265137,26.219999313354492
2015-07-08,45.279998779296875,,19.139999389648438,,14.289999961853027,,4.329999923706055,25.31999969482422
2015-07-09,46.09000015258789,,19.3700008392334,,14.510000228881836,,4.320000171661377,25.260000228881836
2015-07-10,47.349998474121094,,19.770000457763672,,14.609999656677246,,4.329999923706055,25.709999084472656
2015-07-13,48.02000045776367,,20.079999923706055,,15.199999809265137,,4.480000019073486,25.399999618530273
2015-07-14,49.36000061035156,,20.809999465942383,,15.699999809265137,,4.579999923706055,26.3700008392334
2015-07-15,50.15999984741211,,21.209999084472656,,16.43000030517578,,4.670000076293945,25.940000534057617
2015-07-16,50.11000061035156,,21.239999771118164,,16.90999984741211,,4.75,25.6200008392334
2015-07-17,50.119998931884766,,21.280000686645508,,17.299999237060547,,4.75,25.690000534057617
2015-07-20,47.369998931884766,,20.290000915527344,,16.440000534057617,,4.510000228881836,24.59000015258789
2015-07-21,46.7599983215332,,19.989999771118164,,16.06999969482422,,4.349999904632568,24.5
2015-07-22,45.79999923706055,,19.760000228881836,,15.75,,4.199999809265137,24.25
2015-07-23,44.27000045776367,,19.56999969482422,,15.65999984741211,,4.159999847412109,24.600000381469727
2015-07-24,42.4900016784668,,18.579999923706055,,14.960000038146973,,4.130000114440918,24.059999465942383
2015-07-27,41.77000045776367,,18.100000381469727,,15.34000015258789,,4.090000152587891,23.170000076293945
2015-07-28,42.13999938964844,,18.209999084472656,,15.180000305175781,,4.289999961853027,22.700000762939453
2015-07-29,42.47999954223633,,18.549999237060547,,15.479999542236328,,4.309999942779541,23.6299991607666
2015-07-30,42.9900016784668,,19.239999771118164,,15.420000076293945,,4.230000019073486,23.229999542236328
2015-07-31,42.709999084472656,,18.790000915527344,,15.25,,4.119999885559082,22.93000030517578
2015-08-03,43.220001220703125,,19.219999313354492,,15.229999542236328,,4.059999942779541,22.600000381469727
2015-08-04,41.33000183105469,,18.65999984741211,,15.180000305175781,,4.039999961853027,22.510000228881836
2015-08-05,42.52000045776367,,19.1200008392334,,15.279999732971191,,4.210000038146973,23.020000457763672
2015-08-06,44.88999938964844,,20.31999969482422,,15.829999923706055,,4.409999847412109,23.5
2015-08-07,46.900001525878906,,21.06999969482422,,15.979999542236328,,4.389999866485596,23.719999313354492
2015-08-10,49.810001373291016,,22.030000686645508,,16.799999237060547,,4.539999961853027,24.790000915527344
2015-08-11,48.220001220703125,,21.010000228881836,,16.1200008392334,,4.320000171661377,25.0
2015-08-12,48.43000030517578,,20.739999771118164,,16.56999969482422,,4.25,24.299999237060547
2015-08-13,51.52000045776367,,21.459999084472656,,17.059999465942383,,4.480000019073486,24.709999084472656
2015-08-14,48.27000045776367,,20.760000228881836,,17.1299991607666,,4.420000076293945,24.110000610351562
2015-08-17,48.63999938964844,,21.100000381469727,,17.3799991607666,,4.440000057220459,24.399999618530273
2015-08-18,47.790000915527344,,20.75,,16.700000762939453,,4.349999904632568,24.049999237060547
2015-08-19,45.66999816894531,,19.68000030517578,,16.399999618530273,,4.369999885559082,23.40999984741211
2015-08-20,44.59000015258789,,18.979999542236328,,16.229999542236328,,4.210000038146973,22.56999969482422
2015-08-21,43.54999923706055,,18.25,,15.680000305175781,,4.170000076293945,21.510000228881836
2015-08-24,40.38999938964844,,17.360000610351562,,14.600000381469727,,4.0,20.0
2015-08-25,40.470001220703125,,17.399999618530273,,14.600000381469727,,4.099999904632568,19.020000457763672
2015-08-26,43.27000045776367,,18.56999969482422,,15.109999656677246,,4.179999828338623,19.75
2015-08-27,45.150001525878906,,19.719999313354492,,15.859999656677246,,4.300000190734863,20.899999618530273
2015-08-28,45.18000030517578,,19.559999465942383,,16.0,,4.320000171661377,20.93000030517578
2015-08-31,44.7599983215332,,19.15999984741211,,15.9399995803833,,4.25,21.540000915527344
2015-09-01,43.849998474121094,,18.780000686645508,,15.850000381469727,,4.179999828338623,20.639999389648438
2015-09-02,43.790000915527344,,18.459999084472656,,15.890000343322754,,4.170000076293945,21.360000610351562
2015-09-03,44.84000015258789,,19.170000076293945,,16.610000610351562,,4.309999942779541,21.59000015258789
2015-09-04,45.310001373291016,,19.280000686645508,,16.639999389648438,,4.389999866485596,21.790000915527344
2015-09-08,46.880001068115234,,20.260000228881836,,16.780000686645508,,4.440000057220459,21.979999542236328
2015-09-09,46.84000015258789,,20.360000610351562,,17.239999771118164,,4.400000095367432,21.770000457763672
2015-09-10,47.81999969482422,,20.479999542236328,,17.079999923706055,,4.440000057220459,22.020000457763672
2015-09-11,47.56999969482422,,20.5,,16.889999389648438,,4.400000095367432,22.020000457763672
2015-09-14,46.2599983215332,,19.950000762939453,,16.290000915527344,,4.239999771118164,20.790000915527344
2015-09-15,46.22999954223633,,20.209999084472656,,16.510000228881836,,4.329999923706055,20.170000076293945
2015-09-16,45.560001373291016,,19.780000686645508,,16.110000610351562,,4.400000095367432,20.5
2015-09-17,43.650001525878906,,19.149999618530273,,16.989999771118164,,4.53000020980835,20.450000762939453
2015-09-18,43.369998931884766,,19.239999771118164,,16.739999771118164,,4.440000057220459,19.5
2015-09-21,41.099998474121094,,18.56999969482422,,16.770000457763672,,4.389999866485596,18.170000076293945
2015-09-22,39.7400016784668,,18.0,,15.960000038146973,,4.110000133514404,17.639999389648438
2015-09-23,38.41999816894531,,17.780000686645508,,16.200000762939453,,4.0,17.030000686645508
2015-09-24,38.599998474121094,,17.549999237060547,,16.59000015258789,,4.050000190734863,16.350000381469727
2015-09-25,39.849998474121094,,17.989999771118164,,16.229999542236328,,3.869999885559082,15.960000038146973
2015-09-28,37.77000045776367,,17.459999084472656,,15.449999809265137,,3.869999885559082,14.90999984741211
2015-09-29,37.91999816894531,,17.979999542236328,,15.149999618530273,,3.819999933242798,14.970000267028809
2015-09-30,38.400001525878906,,17.81999969482422,,15.270000457763672,,3.940000057220459,15.229999542236328
2015-10-01,37.150001525878906,,17.149999618530273,,14.920000076293945,,4.03000020980835,15.050000190734863
2015-10-02,37.689998626708984,,17.56999969482422,,15.350000381469727,,4.03000020980835,15.539999961853027
2015-10-05,38.630001068115234,,17.969999313354492,,15.680000305175781,,4.110000133514404,16.56999969482422
2015-10-06,38.16999816894531,,17.81999969482422,,15.460000038146973,,4.269999980926514,17.709999084472656
2015-10-07,39.88999938964844,,18.93000030517578,,15.460000038146973,,4.340000152587891,19.139999389648438
2015-10-08,43.79999923706055,,19.65999984741211,,15.470000267028809,,4.389999866485596,19.579999923706055
2015-10-09,43.349998474121094,,19.709999084472656,,16.0,,4.349999904632568,19.309999465942383
2015-10-12,46.29999923706055,,20.770000457763672,,17.0,,4.409999847412109,18.709999084472656
2015-10-13,44.79999923706055,,20.290000915527344,,16.690000534057617,,4.369999885559082,17.8700008392334
2015-10-14,44.529998779296875,,20.350000381469727,,16.90999984741211,,4.300000190734863,17.940000534057617
2015-10-15,44.939998626708984,,21.100000381469727,,17.030000686645508,,4.320000171661377,17.739999771118164
2015-10-16,45.72999954223633,,21.059999465942383,,17.510000228881836,,4.5,17.75
2015-10-19,44.220001220703125,,20.799999237060547,,17.790000915527344,,4.409999847412109,17.219999313354492
2015-10-20,44.959999084472656,,20.760000228881836,,17.690000534057617,,4.400000095367432,17.25
2015-10-21,43.75,,20.56999969482422,,17.530000686645508,,4.309999942779541,16.860000610351562
2015-10-22,43.619998931884766,,20.719999313354492,,17.889999389648438,,4.480000019073486,17.579999923706055
2015-10-23,45.68000030517578,,21.299999237060547,,19.25,,4.699999809265137,18.1299991607666
2015-10-26,54.9900016784668,,23.989999771118164,,21.959999084472656,,5.170000076293945,19.56999969482422
2015-10-27,55.380001068115234,,24.09000015258789,,22.780000686645508,,5.320000171661377,18.729999542236328
2015-10-28,62.849998474121094,,26.899999618530273,,23.600000381469727,,5.71999979019165,20.190000534057617
2015-10-29,63.459999084472656,,26.579999923706055,,24.350000381469727,,6.079999923706055,20.850000381469727
2015-10-30,61.72999954223633,,26.75,,24.219999313354492,,6.199999809265137,21.360000610351562
2015-11-02,60.880001068115234,,25.93000030517578,,24.440000534057617,,6.170000076293945,21.600000381469727
2015-11-03,60.439998626708984,,25.84000015258789,,23.459999084472656,,6.170000076293945,22.18000030517578
2015-11-04,60.15999984741211,,25.450000762939453,,23.18000030517578,,6.039999961853027,21.799999237060547
2015-11-05,59.61000061035156,,25.530000686645508,,23.559999465942383,,6.139999866485596,21.420000076293945
2015-11-06,59.9900016784668,,25.739999771118164,,23.270000457763672,,6.289999961853027,21.079999923706055
2015-11-09,59.959999084472656,,25.469999313354492,,22.959999084472656,,6.230000019073486,20.709999084472656
2015-11-10,60.689998626708984,,26.1200008392334,,23.75,,6.309999942779541,20.979999542236328
2015-11-11,61.77000045776367,,26.06999969482422,,24.389999389648438,,6.300000190734863,20.649999618530273
2015-11-12,61.630001068115234,,26.079999923706055,,25.110000610351562,,6.260000228881836,20.309999465942383
2015-11-13,62.16999816894531,,26.079999923706055,,25.239999771118164,,6.380000114440918,20.360000610351562
2015-11-16,65.0,,26.889999389648438,,24.989999771118164,,6.519999980926514,20.989999771118164
2015-11-17,65.66000366210938,,27.3700008392334,,24.969999313354492,,6.510000228881836,19.739999771118164
2015-11-18,64.27999877929688,,27.229999542236328,,25.440000534057617,,6.349999904632568,20.209999084472656
2015-11-19,64.1500015258789,,27.260000228881836,,24.649999618530273,,6.53000020980835,20.3799991607666
2015-11-20,68.0199966430664,,28.420000076293945,,26.219999313354492,,6.989999771118164,20.530000686645508
2015-11-23,62.36000061035156,,25.8799991607666,,21.65999984741211,,6.429999828338623,19.40999984741211
2015-11-24,61.220001220703125,,25.84000015258789,,22.530000686645508,,6.409999847412109,19.139999389648438
2015-11-25,57.4900016784668,,24.459999084472656,,21.540000915527344,,6.079999923706055,18.860000610351562
2015-11-27,57.029998779296875,,24.6200008392334,,21.5,,6.090000152587891,18.209999084472656
2015-11-30,57.88999938964844,,25.149999618530273,,22.280000686645508,,6.119999885559082,18.299999237060547
2015-12-01,57.209999084472656,,24.610000610351562,,22.110000610351562,,6.059999942779541,18.06999969482422
2015-12-02,57.08000183105469,,24.670000076293945,,21.010000228881836,,5.980000019073486,17.809999465942383
2015-12-03,55.68000030517578,,24.18000030517578,,20.43000030517578,,6.0,17.610000610351562
2015-12-04,56.290000915527344,,24.3700008392334,,20.270000457763672,,6.019999980926514,17.18000030517578
2015-12-07,55.709999084472656,,24.049999237060547,,20.15999984741211,,5.809999942779541,16.540000915527344
2015-12-08,56.400001525878906,,24.34000015258789,,20.760000228881836,,5.769999980926514,16.31999969482422
2015-12-09,57.61000061035156,,24.600000381469727,,22.190000534057617,,6.139999866485596,16.780000686645508
2015-12-10,56.41999816894531,,25.0,,22.540000915527344,,6.139999866485596,16.649999618530273
2015-12-11,54.63999938964844,,24.809999465942383,,20.450000762939453,,5.949999809265137,15.920000076293945
2015-12-14,52.25,,23.5,,20.0,,5.730000019073486,15.899999618530273
2015-12-15,54.630001068115234,,24.829999923706055,,21.020000457763672,,5.909999847412109,16.3799991607666
2015-12-16,55.66999816894531,,25.09000015258789,,21.049999237060547,,5.880000114440918,16.639999389648438
2015-12-17,57.18000030517578,,26.020000457763672,,21.549999237060547,,6.0,16.309999465942383
2015-12-18,53.25,,24.40999984741211,,21.030000686645508,,5.989999771118164,15.829999923706055
2015-12-21,54.400001525878906,,25.079999923706055,,20.3799991607666,,5.940000057220459,15.920000076293945
2015-12-22,54.5099983215332,,25.290000915527344,,21.170000076293945,,5.940000057220459,15.989999771118164
2015-12-23,56.25,,25.93000030517578,,20.8700008392334,,6.0,16.5
2015-12-24,55.779998779296875,,25.649999618530273,,21.110000610351562,,6.019999980926514,16.479999542236328
2015-12-28,56.61000061035156,,26.1299991607666,,21.40999984741211,,6.079999923706055,16.229999542236328
2015-12-29,57.060001373291016,,26.510000228881836,,21.309999465942383,,6.050000190734863,16.290000915527344
2015-12-30,57.75,,26.889999389648438,,21.239999771118164,,6.079999923706055,15.760000228881836
2015-12-31,58.119998931884766,,27.079999923706055,,20.549999237060547,,6.090000152587891,15.720000267028809
2016-01-04,58.060001373291016,,26.190000534057617,,19.530000686645508,,6.03000020980835,15.800000190734863
2016-01-05,58.41999816894531,,26.100000381469727,,19.260000228881836,,6.099999904632568,15.729999542236328
2016-01-06,57.630001068115234,,25.579999923706055,,19.389999389648438,,6.079999923706055,14.979999542236328
2016-01-07,57.58000183105469,,25.31999969482422,,19.1200008392334,,5.989999771118164,14.739999771118164
2016-01-08,56.4900016784668,,24.729999542236328,,19.510000228881836,,5.940000057220459,14.649999618530273
2016-01-11,58.27000045776367,,25.40999984741211,,19.899999618530273,,5.78000020980835,14.239999771118164
2016-01-12,59.38999938964844,,26.229999542236328,,19.65999984741211,,5.75,14.210000038146973
2016-01-13,60.33000183105469,,25.829999923706055,,20.079999923706055,,5.570000171661377,13.699999809265137
2016-01-14,59.13999938964844,,25.719999313354492,,20.18000030517578,,5.510000228881836,14.020000457763672
2016-01-15,57.869998931884766,,24.520000457763672,,19.469999313354492,,5.619999885559082,13.829999923706055
2016-01-19,58.2599983215332,,24.59000015258789,,18.850000381469727,,5.5,13.699999809265137
2016-01-20,55.459999084472656,,23.940000534057617,,18.3799991607666,,5.349999904632568,12.829999923706055
2016-01-21,56.63999938964844,,24.729999542236328,,18.649999618530273,,5.329999923706055,13.479999542236328
2016-01-22,59.18000030517578,,25.940000534057617,,20.6200008392334,,5.590000152587891,14.729999542236328
2016-01-25,58.790000915527344,,25.5,,21.049999237060547,,5.519999980926514,14.279999732971191
2016-01-26,59.869998931884766,,26.440000534057617,,21.31999969482422,,5.599999904632568,15.0
2016-01-27,60.52000045776367,,26.610000610351562,,21.559999465942383,,5.650000095367432,15.180000305175781
2016-01-28,60.849998474121094,,26.690000534057617,,22.06999969482422,,5.670000076293945,15.960000038146973
2016-01-29,63.970001220703125,,27.290000915527344,,22.389999389648438,,5.940000057220459,16.84000015258789
2016-02-01,63.68000030517578,,28.06999969482422,,22.100000381469727,,5.760000228881836,16.43000030517578
2016-02-02,61.869998931884766,,27.700000762939453,,22.09000015258789,,5.630000114440918,15.829999923706055
2016-02-03,59.560001373291016,,26.399999618530273,,22.399999618530273,,5.690000057220459,16.25
2016-02-04,63.25,,27.899999618530273,,22.600000381469727,,5.829999923706055,17.030000686645508
2016-02-05,63.900001525878906,,27.850000381469727,,22.700000762939453,,5.869999885559082,17.1200008392334
2016-02-08,64.4800033569336,,27.860000610351562,,22.18000030517578,,5.78000020980835,16.229999542236328
2016-02-09,64.12999725341797,,27.760000228881836,,21.93000030517578,,5.800000190734863,15.869999885559082
2016-02-10,64.54000091552734,,27.899999618530273,,22.829999923706055,,5.809999942779541,15.65999984741211
2016-02-11,62.22999954223633,,26.899999618530273,,21.670000076293945,,5.710000038146973,15.229999542236328
2016-02-12,64.18000030517578,,27.190000534057617,,21.6200008392334,,5.760000228881836,16.280000686645508
2016-02-16,66.41000366210938,,28.350000381469727,,21.440000534057617,,5.739999771118164,16.549999237060547
2016-02-17,66.66999816894531,,28.6200008392334,,21.739999771118164,,6.019999980926514,17.3799991607666
2016-02-18,68.94000244140625,,28.530000686645508,,21.3799991607666,,5.96999979019165,17.40999984741211
2016-02-19,67.47000122070312,,28.219999313354492,,21.239999771118164,,5.949999809265137,17.299999237060547
2016-02-22,67.91999816894531,,28.940000534057617,,22.540000915527344,,6.300000190734863,18.3799991607666
2016-02-23,68.26000213623047,,28.860000610351562,,21.790000915527344,,6.289999961853027,18.139999389648438
2016-02-24,69.30999755859375,,28.979999542236328,,22.649999618530273,,6.420000076293945,18.5
2016-02-25,72.2699966430664,,29.719999313354492,,23.510000228881836,,6.619999885559082,18.829999923706055
2016-02-26,69.87999725341797,,29.790000915527344,,23.209999084472656,,6.789999961853027,18.760000228881836
2016-02-29,67.19999694824219,,29.280000686645508,,22.209999084472656,,6.659999847412109,18.1200008392334
2016-03-01,67.51000213623047,,29.459999084472656,,21.8700008392334,,6.699999809265137,18.139999389648438
2016-03-02,70.41000366210938,,30.010000228881836,,20.860000610351562,,6.309999942779541,18.5
2016-03-03,68.62000274658203,,29.34000015258789,,20.770000457763672,,6.309999942779541,18.780000686645508
2016-03-04,66.13999938964844,,28.790000915527344,,20.25,,6.150000095367432,18.809999465942383
2016-03-07,65.77999877929688,,28.040000915527344,,19.950000762939453,,5.960000038146973,18.600000381469727
2016-03-08,65.69999694824219,,28.260000228881836,,20.030000686645508,,5.96999979019165,18.399999618530273
2016-03-09,66.2300033569336,,28.670000076293945,,20.43000030517578,,6.019999980926514,18.020000457763672
2016-03-10,66.41000366210938,,28.3700008392334,,19.809999465942383,,6.03000020980835,17.479999542236328
2016-03-11,67.68000030517578,,29.149999618530273,,20.270000457763672,,6.010000228881836,17.520000457763672
2016-03-14,66.12000274658203,,28.90999984741211,,20.049999237060547,,6.010000228881836,17.110000610351562
2016-03-15,65.72000122070312,,28.729999542236328,,19.8799991607666,,5.809999942779541,16.719999313354492
2016-03-16,66.58000183105469,,29.139999389648438,,20.8799991607666,,6.039999961853027,16.729999542236328
2016-03-17,65.9000015258789,,28.790000915527344,,20.360000610351562,,6.170000076293945,17.010000228881836
2016-03-18,67.0999984741211,,29.469999313354492,,20.010000228881836,,6.130000114440918,17.399999618530273
2016-03-21,67.05999755859375,,29.469999313354492,,20.049999237060547,,5.929999828338623,17.860000610351562
2016-03-22,66.93000030517578,,29.360000610351562,,20.270000457763672,,5.940000057220459,17.920000076293945
2016-03-23,66.37000274658203,,28.81999969482422,,20.420000076293945,,5.96999979019165,17.790000915527344
2016-03-24,65.98999786376953,,28.799999237060547,,20.829999923706055,,5.789999961853027,18.010000228881836
2016-03-28,66.11000061035156,,28.8700008392334,,20.43000030517578,,5.760000228881836,17.809999465942383
2016-03-29,63.349998474121094,,28.229999542236328,,20.6299991607666,,5.610000133514404,17.84000015258789
2016-03-30,62.869998931884766,,28.31999969482422,,20.700000762939453,,5.909999847412109,17.690000534057617
2016-03-31,64.47000122070312,,28.299999237060547,,21.440000534057617,,5.840000152587891,17.8799991607666
2016-04-01,64.91999816894531,,28.020000457763672,,21.5,,6.320000171661377,17.510000228881836
2016-04-04,64.69999694824219,,27.799999237060547,,21.09000015258789,,6.429999828338623,17.149999618530273
2016-04-05,62.7599983215332,,27.1299991607666,,21.059999465942383,,6.510000228881836,16.75
2016-04-06,59.29999923706055,,26.559999465942383,,20.34000015258789,,6.510000228881836,16.84000015258789
2016-04-07,58.06999969482422,,25.700000762939453,,19.610000610351562,,6.53000020980835,16.520000457763672
2016-04-08,59.459999084472656,,26.600000381469727,,20.190000534057617,,6.559999942779541,16.899999618530273
2016-04-11,58.119998931884766,,26.030000686645508,,19.969999313354492,,6.619999885559082,17.270000457763672
2016-04-12,61.36000061035156,,27.170000076293945,,20.389999389648438,,6.53000020980835,18.059999465942383
2016-04-13,67.0,,29.25,,22.0,,6.650000095367432,18.510000228881836
2016-04-14,66.88999938964844,,29.31999969482422,,22.75,,6.679999828338623,18.8799991607666
2016-04-15,67.95999908447266,,29.350000381469727,,22.280000686645508,,6.579999923706055,18.739999771118164
2016-04-18,70.0199966430664,,29.530000686645508,,21.760000228881836,,6.53000020980835,19.139999389648438
2016-04-19,73.01000213623047,,31.100000381469727,,22.299999237060547,,6.75,19.84000015258789
2016-04-20,70.81999969482422,,30.6200008392334,,22.479999542236328,,6.820000171661377,20.600000381469727
2016-04-21,71.30000305175781,,30.8700008392334,,22.25,,6.820000171661377,20.350000381469727
2016-04-22,67.55000305175781,,29.68000030517578,,21.489999771118164,,6.760000228881836,20.059999465942383
2016-04-25,65.79000091552734,,28.829999923706055,,20.8700008392334,,6.510000228881836,19.350000381469727
2016-04-26,66.43000030517578,,29.170000076293945,,21.020000457763672,,6.480000019073486,19.790000915527344
2016-04-27,64.54000091552734,,29.010000228881836,,20.719999313354492,,6.440000057220459,20.149999618530273
2016-04-28,66.44999694824219,,28.899999618530273,,20.75,,6.429999828338623,20.1200008392334
2016-04-29,62.630001068115234,,28.469999313354492,,20.459999084472656,,6.239999771118164,20.149999618530273
2016-05-02,64.44999694824219,,29.239999771118164,,20.399999618530273,,6.320000171661377,20.1200008392334
2016-05-03,61.65999984741211,,28.139999389648438,,19.8700008392334,,6.309999942779541,19.43000030517578
2016-05-04,59.470001220703125,,28.0,,20.850000381469727,,6.269999980926514,19.40999984741211
2016-05-05,61.70000076293945,,28.309999465942383,,21.760000228881836,,6.300000190734863,19.950000762939453
2016-05-06,61.689998626708984,,28.209999084472656,,22.6200008392334,,6.269999980926514,20.139999389648438
2016-05-09,63.52000045776367,,28.93000030517578,,22.1200008392334,,6.300000190734863,19.829999923706055
2016-05-10,61.5099983215332,,29.190000534057617,,22.520000457763672,,6.349999904632568,20.149999618530273
2016-05-11,63.709999084472656,,29.040000915527344,,22.639999389648438,,6.349999904632568,20.700000762939453
2016-05-12,63.06999969482422,,28.690000534057617,,22.690000534057617,,6.340000152587891,20.920000076293945
2016-05-13,62.189998626708984,,28.030000686645508,,22.799999237060547,,6.349999904632568,20.31999969482422
2016-05-16,61.04999923706055,,27.860000610351562,,22.639999389648438,,6.349999904632568,20.670000076293945
2016-05-17,60.09000015258789,,27.139999389648438,,22.420000076293945,,6.300000190734863,20.790000915527344
2016-05-18,60.540000915527344,,26.969999313354492,,22.149999618530273,,6.119999885559082,20.889999389648438
2016-05-19,60.0,,26.200000762939453,,21.549999237060547,11.5,6.039999961853027,20.510000228881836
2016-05-20,60.560001373291016,,27.100000381469727,,21.56999969482422,11.5,6.159999847412109,20.90999984741211
2016-05-23,61.900001525878906,,26.979999542236328,,21.229999542236328,11.199999809265137,6.190000057220459,20.850000381469727
2016-05-24,60.18000030517578,,26.860000610351562,,21.420000076293945,11.520000457763672,6.130000114440918,21.15999984741211
2016-05-25,60.0099983215332,,26.84000015258789,,21.600000381469727,11.390000343322754,6.170000076293945,21.5
2016-05-26,60.4900016784668,,27.309999465942383,,22.75,11.399999618530273,6.190000057220459,21.760000228881836
2016-05-27,61.13999938964844,,28.030000686645508,,23.489999771118164,11.420000076293945,6.210000038146973,21.610000610351562
2016-05-31,62.5,,28.40999984741211,,23.469999313354492,11.390000343322754,6.449999809265137,20.90999984741211
2016-06-01,62.72999954223633,,28.139999389648438,,23.34000015258789,11.350000381469727,6.300000190734863,20.940000534057617
2016-06-02,65.97000122070312,,28.780000686645508,,23.309999465942383,11.40999984741211,6.349999904632568,21.270000457763672
2016-06-03,66.47000122070312,,28.75,,23.93000030517578,11.710000038146973,6.340000152587891,21.299999237060547
2016-06-06,66.87999725341797,,29.239999771118164,,24.450000762939453,11.819999694824219,6.460000038146973,21.350000381469727
2016-06-07,68.91999816894531,,29.59000015258789,,25.579999923706055,12.130000114440918,6.619999885559082,21.90999984741211
2016-06-08,68.63999938964844,,29.81999969482422,,26.15999984741211,12.25,6.369999885559082,21.979999542236328
2016-06-09,69.08000183105469,,29.649999618530273,,26.18000030517578,12.25,6.369999885559082,21.639999389648438
2016-06-10,69.87999725341797,,29.760000228881836,,25.719999313354492,12.069999694824219,6.489999771118164,20.940000534057617
2016-06-13,69.18000030517578,,29.93000030517578,,26.110000610351562,12.25,6.429999828338623,20.299999237060547
2016-06-14,70.19999694824219,,30.299999237060547,,25.889999389648438,11.90999984741211,6.400000095367432,19.770000457763672
2016-06-15,70.83999633789062,,30.40999984741211,,26.190000534057617,11.970000267028809,6.510000228881836,19.579999923706055
2016-06-16,70.1500015258789,,30.15999984741211,,26.280000686645508,12.149999618530273,6.519999980926514,19.40999984741211
2016-06-17,74.26000213623047,,31.190000534057617,,26.559999465942383,12.15999984741211,6.579999923706055,19.850000381469727
2016-06-20,76.23999786376953,,31.850000381469727,,26.700000762939453,12.880000114440918,6.630000114440918,20.360000610351562
2016-06-21,74.43000030517578,,31.260000228881836,,27.0,12.850000381469727,6.650000095367432,20.350000381469727
2016-06-22,74.48999786376953,,31.1299991607666,,26.739999771118164,12.770000457763672,6.71999979019165,20.209999084472656
2016-06-23,73.45999908447266,,31.09000015258789,,26.989999771118164,12.710000038146973,6.659999847412109,20.389999389648438
2016-06-24,68.9000015258789,,29.709999084472656,,26.25,12.270000457763672,6.449999809265137,19.3799991607666
2016-06-27,68.11000061035156,,28.729999542236328,,25.860000610351562,11.9399995803833,6.340000152587891,18.469999313354492
2016-06-28,71.80000305175781,,29.8799991607666,,26.84000015258789,12.279999732971191,6.480000019073486,19.350000381469727
2016-06-29,73.8499984741211,,31.0,,27.15999984741211,12.630000114440918,6.579999923706055,19.68000030517578
2016-06-30,74.22000122070312,,30.540000915527344,,27.34000015258789,12.789999961853027,6.75,19.200000762939453
2016-07-01,74.06999969482422,,30.93000030517578,,27.81999969482422,13.069999694824219,6.71999979019165,19.399999618530273
2016-07-05,74.5,,30.670000076293945,,28.649999618530273,12.949999809265137,6.710000038146973,19.079999923706055
2016-07-06,74.19000244140625,,30.600000381469727,,28.489999771118164,12.739999771118164,6.760000228881836,19.139999389648438
2016-07-07,74.58000183105469,,30.760000228881836,,28.290000915527344,12.699999809265137,6.710000038146973,18.90999984741211
2016-07-08,75.16000366210938,,30.8799991607666,,29.0,12.699999809265137,6.739999771118164,19.270000457763672
2016-07-11,75.80999755859375,,31.170000076293945,,28.450000762939453,12.680000305175781,6.539999961853027,19.290000915527344
2016-07-12,76.22000122070312,,31.1200008392334,,27.65999984741211,12.800000190734863,6.5,19.770000457763672
2016-07-13,77.52999877929688,,31.700000762939453,,27.700000762939453,12.550000190734863,6.519999980926514,19.34000015258789
2016-07-14,79.33999633789062,,32.15999984741211,,28.059999465942383,12.850000381469727,6.5,19.450000762939453
2016-07-15,78.7300033569336,,31.670000076293945,,28.360000610351562,13.140000343322754,6.5,19.219999313354492
2016-07-18,78.9800033569336,,31.8799991607666,,28.06999969482422,13.119999885559082,6.5,19.0
2016-07-19,79.01000213623047,,31.899999618530273,,27.239999771118164,13.539999961853027,6.489999771118164,18.420000076293945
2016-07-20,77.26000213623047,,31.209999084472656,,26.649999618530273,13.390000343322754,6.460000038146973,18.969999313354492
2016-07-21,76.68000030517578,,30.510000228881836,,27.1299991607666,13.300000190734863,6.460000038146973,18.850000381469727
2016-07-22,77.18000030517578,,30.510000228881836,,27.3700008392334,13.520000457763672,6.409999847412109,18.860000610351562
2016-07-25,76.66000366210938,,30.579999923706055,,26.8799991607666,13.5,6.320000171661377,18.280000686645508
2016-07-26,75.5999984741211,,30.219999313354492,,26.530000686645508,13.399999618530273,6.510000228881836,18.239999771118164
2016-07-27,74.22000122070312,,29.760000228881836,,26.770000457763672,13.390000343322754,6.349999904632568,17.950000762939453
2016-07-28,74.12999725341797,,29.559999465942383,,27.0,13.270000457763672,6.369999885559082,17.899999618530273
2016-07-29,75.12999725341797,,29.68000030517578,,27.260000228881836,13.550000190734863,6.5,18.469999313354492
2016-08-01,72.6500015258789,,29.139999389648438,,27.549999237060547,13.319999694824219,6.449999809265137,17.950000762939453
2016-08-02,72.08999633789062,,28.739999771118164,,27.690000534057617,13.260000228881836,6.400000095367432,18.299999237060547
2016-08-03,72.83000183105469,,29.479999542236328,,27.520000457763672,13.25,6.400000095367432,18.969999313354492
2016-08-04,73.9800033569336,,29.5,,27.670000076293945,13.25,6.309999942779541,19.200000762939453
2016-08-05,73.66999816894531,,29.3700008392334,,27.5,13.529999732971191,6.420000076293945,18.31999969482422
2016-08-08,73.5999984741211,,29.670000076293945,,27.450000762939453,13.630000114440918,6.400000095367432,18.1200008392334
2016-08-09,74.18000030517578,,29.860000610351562,,27.84000015258789,13.479999542236328,6.28000020980835,18.450000762939453
2016-08-10,75.48999786376953,,29.639999389648438,,28.190000534057617,13.350000381469727,6.239999771118164,18.420000076293945
2016-08-11,76.27999877929688,,29.5,,28.059999465942383,13.550000190734863,6.210000038146973,18.40999984741211
2016-08-12,76.04000091552734,,28.81999969482422,,27.100000381469727,13.520000457763672,6.159999847412109,18.389999389648438
2016-08-15,76.52999877929688,,29.200000762939453,,27.1200008392334,13.510000228881836,6.110000133514404,18.559999465942383
2016-08-16,76.0199966430664,,28.770000457763672,,25.520000457763672,13.15999984741211,6.0,18.049999237060547
2016-08-17,75.69000244140625,,28.530000686645508,,26.459999084472656,13.039999961853027,5.929999828338623,18.110000610351562
2016-08-18,75.8499984741211,,29.260000228881836,,25.290000915527344,13.420000076293945,6.03000020980835,18.079999923706055
2016-08-19,76.11000061035156,,29.139999389648438,,25.15999984741211,13.5,6.050000190734863,17.809999465942383
2016-08-22,76.87999725341797,,29.59000015258789,,25.31999969482422,13.380000114440918,6.059999942779541,17.34000015258789
2016-08-23,78.13999938964844,,30.1200008392334,,25.950000762939453,13.470000267028809,6.079999923706055,17.610000610351562
2016-08-24,79.91000366210938,,30.940000534057617,,26.18000030517578,13.300000190734863,6.039999961853027,17.6200008392334
2016-08-25,80.7300033569336,,30.790000915527344,,26.149999618530273,13.359999656677246,6.019999980926514,17.40999984741211
2016-08-26,79.0,,30.200000762939453,,25.760000228881836,13.390000343322754,6.010000228881836,17.040000915527344
2016-08-29,79.72000122070312,,30.81999969482422,,25.3700008392334,13.545000076293945,5.96999979019165,17.079999923706055
2016-08-30,78.47000122070312,,30.459999084472656,,25.3700008392334,13.880000114440918,5.929999828338623,17.25
2016-08-31,78.33999633789062,,29.760000228881836,,25.059999465942383,14.0600004196167,6.03000020980835,16.989999771118164
2016-09-01,78.45999908447266,,30.3799991607666,,25.899999618530273,13.850000381469727,6.019999980926514,17.079999923706055
2016-09-02,78.26000213623047,,30.549999237060547,,25.989999771118164,14.0,6.25,17.360000610351562
2016-09-06,79.80000305175781,,31.209999084472656,,27.760000228881836,14.359999656677246,6.489999771118164,17.610000610351562
2016-09-07,79.33000183105469,,31.299999237060547,,27.719999313354492,14.430000305175781,6.460000038146973,17.739999771118164
2016-09-08,77.2699966430664,,30.200000762939453,,27.979999542236328,14.380000114440918,6.400000095367432,17.68000030517578
2016-09-09,74.58999633789062,,29.040000915527344,,27.260000228881836,14.399999618530273,6.400000095367432,17.270000457763672
2016-09-12,76.0,,29.639999389648438,,27.489999771118164,14.15999984741211,6.449999809265137,17.34000015258789
2016-09-13,73.81999969482422,,29.15999984741211,,27.700000762939453,14.050000190734863,6.449999809265137,17.219999313354492
2016-09-14,71.93000030517578,,28.6200008392334,,28.0,14.239999771118164,6.460000038146973,17.1299991607666
2016-09-15,72.97000122070312,,28.93000030517578,,29.459999084472656,14.640000343322754,6.449999809265137,17.280000686645508
2016-09-16,72.80999755859375,,28.459999084472656,,30.190000534057617,14.800000190734863,6.369999885559082,17.18000030517578
2016-09-19,74.08000183105469,,28.729999542236328,,30.8700008392334,15.399999618530273,6.550000190734863,17.15999984741211
2016-09-20,73.45999908447266,,28.559999465942383,,30.799999237060547,15.399999618530273,6.590000152587891,16.8799991607666
2016-09-21,74.41000366210938,,29.3799991607666,,30.989999771118164,14.970000267028809,6.71999979019165,17.469999313354492
2016-09-22,76.4800033569336,,30.360000610351562,,32.310001373291016,14.949999809265137,6.820000171661377,17.68000030517578
2016-09-23,74.56999969482422,,30.309999465942383,,32.060001373291016,15.149999618530273,6.789999961853027,17.43000030517578
2016-09-26,75.94000244140625,,29.799999237060547,,31.209999084472656,14.930000305175781,6.800000190734863,17.200000762939453
2016-09-27,76.58000183105469,,30.06999969482422,,30.329999923706055,14.739999771118164,6.829999923706055,16.940000534057617
2016-09-28,76.19999694824219,,30.299999237060547,,30.59000015258789,14.760000228881836,6.869999885559082,17.770000457763672
2016-09-29,76.75,,30.68000030517578,,32.310001373291016,14.800000190734863,6.820000171661377,17.90999984741211
2016-09-30,78.25,,31.110000610351562,,32.400001525878906,14.8100004196167,6.829999923706055,18.219999313354492
2016-10-03,78.0999984741211,,30.969999313354492,,32.290000915527344,15.029999732971191,6.769999980926514,18.549999237060547
2016-10-04,79.27999877929688,,31.84000015258789,,31.68000030517578,15.039999961853027,6.900000095367432,18.969999313354492
2016-10-05,79.70999908447266,,32.5,,31.90999984741211,15.149999618530273,7.03000020980835,19.360000610351562
2016-10-06,79.41999816894531,,31.780000686645508,,31.709999084472656,15.260000228881836,7.130000114440918,19.239999771118164
2016-10-07,78.33999633789062,,31.520000457763672,,32.150001525878906,14.859999656677246,7.199999809265137,19.420000076293945
2016-10-10,78.0,,32.08000183105469,,32.290000915527344,14.779999732971191,7.199999809265137,19.459999084472656
2016-10-11,76.5999984741211,,31.600000381469727,,32.380001068115234,14.760000228881836,7.28000020980835,19.399999618530273
2016-10-12,76.83999633789062,,31.690000534057617,,32.27000045776367,14.649999618530273,7.199999809265137,19.190000534057617
2016-10-13,77.27999877929688,,31.389999389648438,,32.31999969482422,14.710000038146973,7.199999809265137,19.010000228881836
2016-10-14,79.30000305175781,,31.6200008392334,,32.369998931884766,14.75,7.199999809265137,18.860000610351562
2016-10-17,79.91999816894531,,31.790000915527344,,32.810001373291016,14.850000381469727,7.320000171661377,19.299999237060547
2016-10-18,79.30000305175781,,31.510000228881836,,32.90999984741211,15.069999694824219,7.389999866485596,19.139999389648438
2016-10-19,80.79000091552734,,32.06999969482422,,34.25,15.010000228881836,7.489999771118164,19.25
2016-10-20,79.87000274658203,,31.940000534057617,,34.22999954223633,15.119999885559082,7.559999942779541,18.959999084472656
2016-10-21,79.4800033569336,,31.6200008392334,,34.70000076293945,15.100000381469727,7.800000190734863,18.989999771118164
2016-10-24,78.88999938964844,,31.6200008392334,,34.779998779296875,15.09000015258789,7.739999771118164,19.0
2016-10-25,78.27999877929688,,31.239999771118164,,34.5,14.989999771118164,7.679999828338623,18.6299991607666
2016-10-26,77.0,,31.030000686645508,,33.720001220703125,14.819999694824219,7.510000228881836,18.43000030517578
2016-10-27,76.94000244140625,,31.200000762939453,,33.880001068115234,14.850000381469727,7.429999828338623,18.200000762939453
2016-10-28,76.51000213623047,,31.290000915527344,,34.20000076293945,15.069999694824219,7.440000057220459,17.770000457763672
2016-10-31,76.2300033569336,,31.139999389648438,,34.06999969482422,15.180000305175781,7.25,17.760000228881836
2016-11-01,75.75,,30.68000030517578,,33.95000076293945,15.020000457763672,7.139999866485596,17.3799991607666
2016-11-02,75.05000305175781,,29.729999542236328,,33.209999084472656,14.800000190734863,6.960000038146973,16.739999771118164
2016-11-03,74.83000183105469,,29.290000915527344,,33.5099983215332,14.609999656677246,6.940000057220459,16.809999465942383
2016-11-04,74.3499984741211,,29.520000457763672,,33.540000915527344,14.630000114440918,7.0,16.670000076293945
2016-11-07,75.91000366210938,,30.709999084472656,,34.459999084472656,14.960000038146973,7.300000190734863,16.850000381469727
2016-11-08,75.01000213623047,,30.93000030517578,,34.84000015258789,14.949999809265137,7.309999942779541,16.6299991607666
2016-11-09,75.62999725341797,,29.90999984741211,,35.099998474121094,15.170999526977539,7.340000152587891,15.970000267028809
2016-11-10,71.0,,28.209999084472656,,33.22999954223633,14.670000076293945,7.210000038146973,16.100000381469727
2016-11-11,68.29000091552734,,28.1200008392334,,32.16999816894531,14.369999885559082,6.920000076293945,16.0
2016-11-14,68.4000015258789,,27.399999618530273,,31.520000457763672,14.479999542236328,6.699999809265137,15.8100004196167
2016-11-15,70.12000274658203,,28.59000015258789,,32.939998626708984,14.600000381469727,6.909999847412109,16.8799991607666
2016-11-16,69.44999694824219,,28.3700008392334,,33.400001525878906,14.479999542236328,6.960000038146973,16.5
2016-11-17,71.38999938964844,,28.600000381469727,,33.90999984741211,14.449999809265137,7.199999809265137,16.010000228881836
2016-11-18,70.58000183105469,,28.34000015258789,,33.380001068115234,14.409000396728516,7.239999771118164,16.31999969482422
2016-11-21,72.22000122070312,,29.149999618530273,,35.15999984741211,14.5,7.389999866485596,17.049999237060547
2016-11-22,73.27999877929688,,29.110000610351562,,36.689998626708984,14.5,7.440000057220459,17.09000015258789
2016-11-23,72.23999786376953,,29.020000457763672,,36.61000061035156,14.529999732971191,7.739999771118164,16.93000030517578
2016-11-25,71.93000030517578,,28.690000534057617,,36.2599983215332,14.5,7.829999923706055,16.670000076293945
2016-11-28,72.16000366210938,,28.790000915527344,,36.61000061035156,14.460000038146973,8.0,16.5
2016-11-29,72.19999694824219,,28.229999542236328,,35.04999923706055,14.300000190734863,8.069999694824219,16.170000076293945
2016-11-30,69.19000244140625,,27.190000534057617,,34.93000030517578,14.220000267028809,7.739999771118164,16.989999771118164
2016-12-01,70.62000274658203,,27.540000915527344,,34.349998474121094,13.989999771118164,8.039999961853027,16.459999084472656
2016-12-02,68.9000015258789,,26.440000534057617,,34.97999954223633,13.770000457763672,8.130000114440918,16.34000015258789
2016-12-05,69.29000091552734,,26.31999969482422,,35.0099983215332,14.109999656677246,8.1899995803833,16.540000915527344
2016-12-06,68.8499984741211,,26.149999618530273,,35.400001525878906,14.149999618530273,8.220000267028809,16.34000015258789
2016-12-07,67.93000030517578,,25.65999984741211,,35.70000076293945,13.989999771118164,8.229999542236328,16.299999237060547
2016-12-08,69.62999725341797,,25.75,,35.540000915527344,14.010000228881836,8.279999732971191,16.469999313354492
2016-12-09,66.31999969482422,,25.360000610351562,,35.439998626708984,13.899999618530273,8.4399995803833,16.56999969482422
2016-12-12,64.6500015258789,,25.030000686645508,,34.959999084472656,13.920000076293945,8.350000381469727,16.15999984741211
2016-12-13,64.76000213623047,,25.899999618530273,,35.25,14.0,8.4399995803833,16.18000030517578
2016-12-14,65.12000274658203,,25.540000915527344,,34.56999969482422,13.550000190734863,8.460000038146973,15.90999984741211
2016-12-15,64.55999755859375,,25.170000076293945,,34.959999084472656,13.649999618530273,8.319999694824219,15.539999961853027
2016-12-16,63.849998474121094,,24.56999969482422,,34.68000030517578,13.550000190734863,8.34000015258789,15.09000015258789
2016-12-19,62.689998626708984,,23.610000610351562,,34.34000015258789,13.289999961853027,8.369999885559082,15.09000015258789
2016-12-20,62.33000183105469,,23.719999313354492,,33.150001525878906,12.949999809265137,8.390000343322754,15.199999809265137
2016-12-21,62.900001525878906,,24.799999237060547,,33.9900016784668,12.539999961853027,8.420000076293945,15.25
2016-12-22,62.29999923706055,,24.6200008392334,,33.61000061035156,12.100000381469727,8.510000228881836,15.210000038146973
2016-12-23,62.709999084472656,,25.31999969482422,,33.459999084472656,12.5,8.84000015258789,15.199999809265137
2016-12-27,62.970001220703125,,25.5,,32.720001220703125,12.630000114440918,8.829999923706055,15.539999961853027
2016-12-28,63.29999923706055,,26.40999984741211,,33.04999923706055,12.699999809265137,9.0,16.0
2016-12-29,63.9900016784668,,26.84000015258789,,34.22999954223633,13.020000457763672,8.949999809265137,15.989999771118164
2016-12-30,64.3499984741211,,26.920000076293945,,34.810001373291016,13.140000343322754,9.020000457763672,16.5
2017-01-03,70.05000305175781,,28.25,,36.0,13.399999618530273,9.619999885559082,17.299999237060547
2017-01-04,70.41000366210938,,27.959999084472656,,36.220001220703125,13.5600004196167,9.460000038146973,16.850000381469727
2017-01-05,70.95999908447266,,28.559999465942383,,36.34000015258789,13.890000343322754,9.510000228881836,17.0
2017-01-06,71.9800033569336,,29.610000610351562,,37.0,14.09000015258789,9.520000457763672,17.190000534057617
2017-01-09,71.87999725341797,,29.84000015258789,,37.29999923706055,13.949999809265137,9.5600004196167,18.18000030517578
2017-01-10,75.1500015258789,,31.059999465942383,,39.65999984741211,14.100000381469727,10.050000190734863,20.530000686645508
2017-01-11,73.77999877929688,,30.920000076293945,,40.45000076293945,14.029999732971191,10.029999732971191,20.729999542236328
2017-01-12,72.9000015258789,,31.1200008392334,,39.900001525878906,14.300000190734863,9.789999961853027,20.780000686645508
2017-01-13,73.05000305175781,,31.549999237060547,,40.970001220703125,14.399999618530273,9.869999885559082,21.329999923706055
2017-01-17,73.0,,31.780000686645508,,42.18000030517578,14.109999656677246,9.979999542236328,21.290000915527344
2017-01-18,73.04000091552734,,31.90999984741211,,43.220001220703125,13.869999885559082,9.989999771118164,20.719999313354492
2017-01-19,72.30999755859375,,31.90999984741211,,42.31999969482422,13.600000381469727,9.760000228881836,20.780000686645508
2017-01-20,74.79000091552734,,32.63999938964844,,43.7400016784668,13.460000038146973,9.920000076293945,21.219999313354492
2017-01-23,77.91000366210938,,33.93000030517578,,44.59000015258789,13.699999809265137,9.960000038146973,21.649999618530273
2017-01-24,78.44999694824219,,33.20000076293945,,44.79999923706055,14.020000457763672,9.979999542236328,22.5
2017-01-25,78.11000061035156,,32.75,,44.709999084472656,14.039999961853027,9.989999771118164,22.40999984741211
2017-01-26,77.16000366210938,,31.899999618530273,,45.09000015258789,14.270000457763672,10.010000228881836,22.139999389648438
2017-01-27,76.04000091552734,,31.34000015258789,,45.41999816894531,14.300000190734863,9.9399995803833,22.030000686645508
2017-01-30,75.30999755859375,,30.84000015258789,,45.58000183105469,14.239999771118164,9.949999809265137,21.459999084472656
2017-01-31,75.13999938964844,,31.06999969482422,,46.439998626708984,14.729999542236328,10.460000038146973,21.670000076293945
2017-02-01,75.2699966430664,,31.350000381469727,,47.540000915527344,14.720000267028809,10.649999618530273,21.770000457763672
2017-02-02,76.73999786376953,,32.02000045776367,,49.06999969482422,14.5600004196167,10.699999809265137,22.15999984741211
2017-02-03,77.72000122070312,,32.36000061035156,,48.15999984741211,14.460000038146973,11.100000381469727,22.06999969482422
2017-02-06,78.11000061035156,,32.52000045776367,,47.790000915527344,14.300000190734863,11.220000267028809,21.899999618530273
2017-02-07,78.43000030517578,,33.220001220703125,,47.18000030517578,14.180000305175781,11.119999885559082,21.059999465942383
2017-02-08,79.95999908447266,,34.41999816894531,,45.77000045776367,14.319999694824219,10.960000038146973,20.989999771118164
2017-02-09,82.48999786376953,,35.29999923706055,,45.849998474121094,14.479999542236328,10.829999923706055,21.190000534057617
2017-02-10,84.5999984741211,,35.66999816894531,,46.5,14.699999809265137,11.289999961853027,21.530000686645508
2017-02-13,82.5,,34.4900016784668,,46.70000076293945,14.84000015258789,11.399999618530273,21.59000015258789
2017-02-14,84.7699966430664,,34.70000076293945,,47.15999984741211,15.119999885559082,11.3100004196167,21.729999542236328
2017-02-15,85.73999786376953,,35.130001068115234,,47.09000015258789,15.279999732971191,11.100000381469727,21.530000686645508
2017-02-16,80.87999725341797,,34.25,,46.369998931884766,15.300000190734863,10.989999771118164,21.489999771118164
2017-02-17,80.61000061035156,,34.619998931884766,,47.04999923706055,15.569999694824219,11.319999694824219,21.290000915527344
2017-02-21,82.91000366210938,,34.68000030517578,,48.31999969482422,15.739999771118164,11.710000038146973,21.969999313354492
2017-02-22,82.66000366210938,,34.81999969482422,,47.34000015258789,15.6899995803833,11.949999809265137,21.399999618530273
2017-02-23,81.54000091552734,,33.599998474121094,,46.209999084472656,15.489999771118164,11.899999618530273,21.350000381469727
2017-02-24,79.1500015258789,,32.56999969482422,,45.880001068115234,15.520000457763672,11.989999771118164,21.0
2017-02-27,77.77999877929688,,32.29999923706055,,45.72999954223633,15.529999732971191,11.9399995803833,20.889999389648438
2017-02-28,77.05999755859375,,31.799999237060547,,45.77000045776367,15.34000015258789,11.970000267028809,20.75
2017-03-01,80.72000122070312,,32.90999984741211,,46.83000183105469,15.239999771118164,12.039999961853027,21.360000610351562
2017-03-02,80.30000305175781,,32.56999969482422,,46.13999938964844,15.050000190734863,11.729999542236328,21.0
2017-03-03,82.02999877929688,,33.619998931884766,,46.9900016784668,15.220000267028809,11.84000015258789,21.190000534057617
2017-03-06,81.44999694824219,,33.20000076293945,,47.119998931884766,15.140000343322754,12.029999732971191,21.860000610351562
2017-03-07,81.45999908447266,,33.0,,47.06999969482422,15.149999618530273,12.25,21.6299991607666
2017-03-08,81.29000091552734,,33.02000045776367,,47.0,15.15999984741211,12.739999771118164,21.25
2017-03-09,81.18000030517578,,33.15999984741211,,46.75,15.020000457763672,12.84000015258789,21.020000457763672
2017-03-10,82.02999877929688,,33.849998474121094,,46.279998779296875,15.180000305175781,13.0,20.610000610351562
2017-03-13,82.88999938964844,,34.79999923706055,,46.70000076293945,15.1899995803833,13.329999923706055,21.6299991607666
2017-03-14,82.56999969482422,,34.79999923706055,,46.9900016784668,15.210000038146973,13.4399995803833,21.799999237060547
2017-03-15,83.26000213623047,,35.130001068115234,,47.88999938964844,15.430000305175781,13.59000015258789,22.280000686645508
2017-03-16,85.29000091552734,,35.58000183105469,,49.08000183105469,15.6899995803833,13.899999618530273,23.549999237060547
2017-03-17,82.83999633789062,,35.20000076293945,,48.709999084472656,15.699999809265137,14.09000015258789,23.299999237060547
2017-03-20,84.87999725341797,,36.0099983215332,,50.220001220703125,15.600000381469727,13.84000015258789,23.690000534057617
2017-03-21,84.16000366210938,,36.099998474121094,,49.31999969482422,15.470000267028809,13.579999923706055,23.350000381469727
2017-03-22,83.98999786376953,,36.72999954223633,,49.689998626708984,15.329999923706055,13.670000076293945,23.360000610351562
2017-03-23,84.83000183105469,,37.75,,50.119998931884766,15.539999961853027,13.949999809265137,23.459999084472656
2017-03-24,85.80000305175781,,39.0099983215332,,52.34000015258789,15.9399995803833,14.069999694824219,23.780000686645508
2017-03-27,84.29000091552734,,38.619998931884766,,52.08000183105469,15.979999542236328,14.0600004196167,23.530000686645508
2017-03-28,84.70999908447266,,38.369998931884766,,52.9900016784668,16.200000762939453,13.84000015258789,23.899999618530273
2017-03-29,83.5199966430664,,38.439998626708984,,54.20000076293945,16.40999984741211,14.09000015258789,23.850000381469727
2017-03-30,84.44999694824219,,38.470001220703125,,55.0,16.809999465942383,13.960000038146973,24.18000030517578
2017-03-31,86.69999694824219,,37.86000061035156,,54.220001220703125,17.0,14.220000267028809,24.280000686645508
2017-04-03,88.12999725341797,,39.29999923706055,,53.45000076293945,17.0,14.90999984741211,24.700000762939453
2017-04-04,87.04000091552734,,39.79999923706055,,54.790000915527344,17.06999969482422,14.920000076293945,25.700000762939453
2017-04-05,86.83999633789062,,39.810001373291016,,54.869998931884766,16.93000030517578,14.899999618530273,24.809999465942383
2017-04-06,86.79000091552734,,39.810001373291016,,56.540000915527344,17.049999237060547,14.989999771118164,25.25
2017-04-07,88.23999786376953,,39.529998779296875,,56.02000045776367,16.989999771118164,14.9399995803833,25.270000457763672
2017-04-10,87.41000366210938,,39.150001525878906,,59.18000030517578,17.020000457763672,15.34000015258789,25.489999771118164
2017-04-11,85.02999877929688,,39.150001525878906,,58.72999954223633,17.049999237060547,16.0,25.59000015258789
2017-04-12,84.37000274658203,,38.970001220703125,,58.25,17.06999969482422,16.489999771118164,25.899999618530273
2017-04-13,84.56999969482422,,38.779998779296875,,58.27000045776367,17.149999618530273,16.270000457763672,25.780000686645508
2017-04-17,85.0999984741211,,39.349998474121094,,58.95000076293945,17.0,16.780000686645508,26.15999984741211
2017-04-18,84.87999725341797,,39.220001220703125,,58.11000061035156,17.059999465942383,16.510000228881836,25.65999984741211
2017-04-19,84.7300033569336,,39.060001373291016,,56.779998779296875,16.829999923706055,16.040000915527344,24.989999771118164
2017-04-20,85.61000061035156,,39.02000045776367,,57.72999954223633,17.06999969482422,16.389999389648438,25.420000076293945
2017-04-21,84.83999633789062,,39.130001068115234,,57.779998779296875,17.010000228881836,16.049999237060547,25.329999923706055
2017-04-24,85.80999755859375,,39.779998779296875,,58.86000061035156,17.149999618530273,15.960000038146973,25.690000534057617
2017-04-25,86.19999694824219,,39.459999084472656,,57.7400016784668,17.170000076293945,15.239999771118164,25.549999237060547
2017-04-26,85.43000030517578,,39.08000183105469,,56.2400016784668,16.940000534057617,15.199999809265137,25.25
2017-04-27,85.0,,39.65999984741211,,54.9900016784668,16.719999313354492,15.0,25.450000762939453
2017-04-28,85.72000122070312,,39.06999969482422,,54.540000915527344,16.989999771118164,14.880000114440918,25.829999923706055
2017-05-01,88.0,,39.900001525878906,,54.689998626708984,16.770000457763672,15.100000381469727,25.43000030517578
2017-05-02,89.27999877929688,,40.290000915527344,,57.08000183105469,17.0,15.199999809265137,25.610000610351562
2017-05-03,88.58999633789062,,41.439998626708984,,58.08000183105469,17.049999237060547,15.010000228881836,25.610000610351562
2017-05-04,87.44000244140625,,41.439998626708984,,57.97999954223633,16.979999542236328,14.84000015258789,24.600000381469727
2017-05-05,87.66000366210938,,41.630001068115234,,58.029998779296875,16.979999542236328,14.960000038146973,24.600000381469727
2017-05-08,88.63999938964844,,41.869998931884766,,58.06999969482422,16.610000610351562,14.949999809265137,24.1299991607666
2017-05-09,87.72000122070312,,41.83000183105469,,57.459999084472656,16.899999618530273,14.850000381469727,23.690000534057617
2017-05-10,88.08000183105469,,42.04999923706055,,58.75,16.940000534057617,14.699999809265137,24.299999237060547
2017-05-11,90.5,,42.59000015258789,,59.13999938964844,17.059999465942383,14.75,24.1299991607666
2017-05-12,86.91000366210938,,42.040000915527344,,59.83000183105469,17.059999465942383,14.979999542236328,24.280000686645508
2017-05-15,88.45999908447266,,43.060001373291016,,58.849998474121094,17.670000076293945,15.109999656677246,24.520000457763672
2017-05-16,89.70999908447266,,43.65999984741211,,59.459999084472656,17.450000762939453,15.350000381469727,24.290000915527344
2017-05-17,88.0,,43.369998931884766,,59.279998779296875,17.079999923706055,15.369999885559082,24.059999465942383
2017-05-18,83.9000015258789,,41.689998626708984,,57.06999969482422,16.670000076293945,14.9399995803833,23.459999084472656
2017-05-19,86.27999877929688,,42.81999969482422,,59.560001373291016,16.84000015258789,15.029999732971191,24.149999618530273
2017-05-22,85.30999755859375,,42.22999954223633,,59.43000030517578,16.549999237060547,15.149999618530273,23.889999389648438
2017-05-23,85.7699966430664,,42.20000076293945,,59.18000030517578,16.360000610351562,15.0,24.0
2017-05-24,86.83999633789062,,42.599998474121094,,60.439998626708984,16.5,14.979999542236328,24.360000610351562
2017-05-25,88.08999633789062,,44.150001525878906,,62.52000045776367,16.709999084472656,14.960000038146973,24.209999084472656
2017-05-26,89.19999694824219,,44.5,,63.0099983215332,17.09000015258789,15.989999771118164,24.90999984741211
2017-05-30,89.08999633789062,,44.31999969482422,,62.7599983215332,17.09000015258789,16.350000381469727,24.93000030517578
2017-05-31,89.47000122070312,,44.560001373291016,,62.52000045776367,17.170000076293945,16.309999465942383,24.65999984741211
2017-06-01,89.1500015258789,,45.56999969482422,,64.41999816894531,17.31999969482422,16.59000015258789,25.190000534057617
2017-06-02,91.58999633789062,,46.20000076293945,,64.2699966430664,17.700000762939453,16.899999618530273,24.799999237060547
2017-06-05,96.56999969482422,,46.66999816894531,,63.86000061035156,18.219999313354492,16.459999084472656,24.34000015258789
2017-06-06,96.04000091552734,,45.91999816894531,,62.83000183105469,18.309999465942383,16.309999465942383,24.690000534057617
2017-06-07,93.47000122070312,,45.70000076293945,,62.70000076293945,18.079999923706055,16.170000076293945,24.309999465942383
2017-06-08,92.41000366210938,,44.029998779296875,,63.310001373291016,17.899999618530273,16.100000381469727,23.899999618530273
2017-06-09,91.5999984741211,,43.16999816894531,,63.9900016784668,17.959999084472656,15.569999694824219,23.799999237060547
2017-06-12,91.22000122070312,,42.369998931884766,,62.150001525878906,17.40999984741211,15.5,23.56999969482422
2017-06-13,88.05000305175781,,42.18000030517578,,62.459999084472656,17.040000915527344,15.550000190734863,23.65999984741211
2017-06-14,87.29000091552734,,41.79999923706055,,62.959999084472656,17.209999084472656,15.600000381469727,22.90999984741211
2017-06-15,86.5199966430664,,41.7599983215332,,61.95000076293945,17.15999984741211,15.380000114440918,21.899999618530273
2017-06-16,86.80000305175781,,42.099998474121094,,62.75,17.09000015258789,15.90999984741211,21.6299991607666
2017-06-19,87.79000091552734,,43.29999923706055,,64.94999694824219,17.25,16.420000076293945,21.729999542236328
2017-06-20,89.9800033569336,,42.599998474121094,,63.79999923706055,17.100000381469727,16.450000762939453,22.200000762939453
2017-06-21,86.7300033569336,,40.27000045776367,,58.470001220703125,16.8799991607666,15.869999885559082,21.09000015258789
2017-06-22,88.45999908447266,,41.43000030517578,,59.9900016784668,17.229999542236328,16.559999465942383,22.1200008392334
2017-06-23,88.20999908447266,,40.90999984741211,,58.849998474121094,17.139999389648438,16.770000457763672,22.389999389648438
2017-06-26,88.58999633789062,,41.09000015258789,,59.15999984741211,17.239999771118164,16.479999542236328,22.0
2017-06-27,88.0199966430664,,41.06999969482422,,58.529998779296875,17.399999618530273,16.31999969482422,21.90999984741211
2017-06-28,89.5,,41.970001220703125,,59.15999984741211,17.850000381469727,16.5,21.850000381469727
2017-06-29,90.0199966430664,,41.959999084472656,,58.630001068115234,17.899999618530273,16.329999923706055,21.610000610351562
2017-06-30,92.19000244140625,,42.63999938964844,,58.849998474121094,18.079999923706055,16.610000610351562,21.899999618530273
2017-07-03,93.16999816894531,,43.61000061035156,,58.65999984741211,18.270000457763672,16.969999313354492,22.440000534057617
2017-07-05,91.62999725341797,,42.709999084472656,,58.5,17.950000762939453,17.149999618530273,22.219999313354492
2017-07-06,90.19000244140625,,41.790000915527344,,58.88999938964844,17.540000915527344,16.5,22.049999237060547
2017-07-07,90.1500015258789,,41.56999969482422,,58.93000030517578,17.510000228881836,16.65999984741211,21.899999618530273
2017-07-10,89.8499984741211,,42.22999954223633,,57.099998474121094,17.489999771118164,16.6299991607666,21.68000030517578
2017-07-11,88.87999725341797,,42.20000076293945,,56.790000915527344,17.479999542236328,16.729999542236328,22.15999984741211
2017-07-12,90.0,,42.68000030517578,,56.439998626708984,17.84000015258789,16.489999771118164,22.389999389648438
2017-07-13,90.19999694824219,,41.689998626708984,,54.79999923706055,17.850000381469727,16.25,21.729999542236328
2017-07-14,90.06999969482422,,40.90999984741211,,54.779998779296875,17.950000762939453,16.31999969482422,22.020000457763672
2017-07-17,90.0,,39.959999084472656,,53.0,17.799999237060547,15.59000015258789,21.399999618530273
2017-07-18,86.0,,37.72999954223633,,52.68000030517578,17.149999618530273,15.039999961853027,21.1200008392334
2017-07-19,87.47000122070312,,38.79999923706055,,52.900001525878906,17.549999237060547,14.850000381469727,21.100000381469727
2017-07-20,86.5,,38.66999816894531,,54.529998779296875,17.56999969482422,15.220000267028809,21.170000076293945
2017-07-21,87.77999877929688,,38.75,,55.869998931884766,17.5,14.989999771118164,19.989999771118164
2017-07-24,88.01000213623047,,38.060001373291016,,55.34000015258789,17.260000228881836,14.880000114440918,20.149999618530273
2017-07-25,88.68000030517578,,38.5,,54.70000076293945,17.700000762939453,14.989999771118164,20.459999084472656
2017-07-26,88.94000244140625,,38.2400016784668,,54.2599983215332,17.719999313354492,15.09000015258789,20.06999969482422
2017-07-27,88.05999755859375,,38.04999923706055,,54.029998779296875,17.75,15.0,20.079999923706055
2017-07-28,88.06999969482422,,37.4900016784668,,54.54999923706055,17.989999771118164,15.0,20.850000381469727
2017-07-31,86.80999755859375,,36.31999969482422,,54.349998474121094,17.920000076293945,15.199999809265137,20.200000762939453
2017-08-01,87.62999725341797,,37.040000915527344,,55.33000183105469,17.93000030517578,15.020000457763672,19.979999542236328
2017-08-02,87.69000244140625,,36.79999923706055,,55.900001525878906,17.760000228881836,15.010000228881836,20.649999618530273
2017-08-03,88.12999725341797,,36.7599983215332,,56.06999969482422,17.81999969482422,15.319999694824219,20.079999923706055
2017-08-04,87.94999694824219,,37.04999923706055,,56.63999938964844,17.75,15.699999809265137,19.65999984741211
2017-08-07,87.51000213623047,,37.349998474121094,,56.040000915527344,17.559999465942383,16.110000610351562,19.40999984741211
2017-08-08,87.4000015258789,,37.130001068115234,,54.40999984741211,17.270000457763672,15.40999984741211,18.850000381469727
2017-08-09,84.6500015258789,,36.529998779296875,,52.869998931884766,16.940000534057617,15.1899995803833,18.799999237060547
2017-08-10,84.20999908447266,,36.7400016784668,,53.400001525878906,17.540000915527344,14.899999618530273,19.559999465942383
2017-08-11,85.33999633789062,,37.959999084472656,,55.0099983215332,17.68000030517578,15.550000190734863,20.110000610351562
2017-08-14,96.61000061035156,,42.16999816894531,,61.119998931884766,19.809999465942383,17.75,20.8700008392334
2017-08-15,96.0999984741211,,42.349998474121094,,61.97999954223633,19.149999618530273,17.90999984741211,20.6299991607666
2017-08-16,95.05000305175781,,42.25,,62.34000015258789,19.399999618530273,17.860000610351562,20.299999237060547
2017-08-17,94.72000122070312,,41.66999816894531,,60.209999084472656,19.56999969482422,17.610000610351562,20.049999237060547
2017-08-18,97.51000213623047,,42.439998626708984,,59.900001525878906,19.959999084472656,17.899999618530273,20.15999984741211
2017-08-21,96.5999984741211,,42.02000045776367,,58.20000076293945,19.56999969482422,18.09000015258789,19.860000610351562
2017-08-22,98.7300033569336,,42.689998626708984,,58.7400016784668,19.600000381469727,18.18000030517578,20.219999313354492
2017-08-23,101.9000015258789,,44.689998626708984,,59.4900016784668,20.530000686645508,18.25,20.389999389648438
2017-08-24,104.48999786376953,,45.15999984741211,,62.810001373291016,21.270000457763672,18.190000534057617,20.450000762939453
2017-08-25,105.86000061035156,,45.20000076293945,,62.060001373291016,22.0,18.1200008392334,20.940000534057617
2017-08-28,107.81999969482422,,44.97999954223633,,62.61000061035156,20.450000762939453,18.200000762939453,20.690000534057617
2017-08-29,105.69000244140625,,44.68000030517578,,61.849998474121094,20.510000228881836,18.040000915527344,20.31999969482422
2017-08-30,104.0199966430664,,44.959999084472656,,61.36000061035156,20.170000076293945,17.450000762939453,20.260000228881836
2017-08-31,103.80999755859375,,45.599998474121094,,61.0099983215332,20.43000030517578,17.389999389648438,20.059999465942383
2017-09-01,106.41999816894531,,46.02000045776367,,61.95000076293945,20.850000381469727,18.06999969482422,20.059999465942383
2017-09-05,107.47000122070312,,46.5,,62.70000076293945,20.799999237060547,18.34000015258789,20.149999618530273
2017-09-06,106.06999969482422,,47.16999816894531,,62.0099983215332,20.75,18.350000381469727,20.399999618530273
2017-09-07,105.9800033569336,,47.599998474121094,,62.470001220703125,20.920000076293945,18.34000015258789,20.170000076293945
2017-09-08,103.8499984741211,,46.290000915527344,,61.900001525878906,20.799999237060547,17.719999313354492,20.040000915527344
2017-09-11,102.41999816894531,,45.130001068115234,,61.95000076293945,20.700000762939453,18.0,20.520000457763672
2017-09-12,101.81999969482422,,44.939998626708984,,61.400001525878906,20.559999465942383,17.510000228881836,20.229999542236328
2017-09-13,103.66999816894531,,45.83000183105469,,60.650001525878906,21.489999771118164,17.510000228881836,20.3700008392334
2017-09-14,103.44000244140625,,45.7400016784668,,61.0099983215332,21.520000457763672,17.399999618530273,20.639999389648438
2017-09-15,103.94000244140625,,45.91999816894531,,60.72999954223633,22.6299991607666,17.40999984741211,20.280000686645508
2017-09-18,104.19000244140625,,46.38999938964844,,60.93000030517578,22.899999618530273,17.479999542236328,20.18000030517578
2017-09-19,105.1500015258789,,47.810001373291016,,60.5099983215332,22.600000381469727,18.40999984741211,20.139999389648438
2017-09-20,105.68000030517578,,47.529998779296875,,60.36000061035156,22.899999618530273,18.899999618530273,20.149999618530273
2017-09-21,108.0,,47.91999816894531,,61.47999954223633,22.739999771118164,19.270000457763672,20.079999923706055
2017-09-22,113.95999908447266,,49.4900016784668,,62.36000061035156,23.690000534057617,20.0,20.5
2017-09-25,111.0,,49.38999938964844,,61.470001220703125,23.020000457763672,19.90999984741211,20.239999771118164
2017-09-26,111.30000305175781,,50.20000076293945,,61.20000076293945,23.3700008392334,19.719999313354492,21.020000457763672
2017-09-27,109.72000122070312,,49.349998474121094,,61.540000915527344,23.31999969482422,19.3700008392334,21.959999084472656
2017-09-28,112.7699966430664,,50.63999938964844,,62.0,23.350000381469727,19.860000610351562,21.969999313354492
2017-09-29,117.3499984741211,,51.540000915527344,,65.0999984741211,24.690000534057617,20.309999465942383,22.280000686645508
2017-10-02,119.79000091552734,,51.779998779296875,,65.80999755859375,24.479999542236328,20.600000381469727,22.959999084472656
2017-10-03,122.51000213623047,,52.25,,66.05000305175781,24.540000915527344,21.06999969482422,22.770000457763672
2017-10-04,123.08000183105469,,52.959999084472656,,65.88999938964844,24.15999984741211,20.940000534057617,22.649999618530273
2017-10-05,122.69999694824219,,53.83000183105469,,67.19000244140625,24.3700008392334,21.68000030517578,22.850000381469727
2017-10-06,122.27999877929688,,53.470001220703125,,67.29000091552734,24.170000076293945,21.719999313354492,22.25
2017-10-09,120.68000030517578,,52.86000061035156,,67.3499984741211,23.889999389648438,21.790000915527344,22.229999542236328
2017-10-10,123.62000274658203,,53.04999923706055,,67.16000366210938,24.079999923706055,21.40999984741211,22.68000030517578
2017-10-11,123.2300033569336,,53.0,,67.45999908447266,24.3700008392334,21.559999465942383,22.790000915527344
2017-10-12,123.98999786376953,,53.68000030517578,,67.91999816894531,24.68000030517578,21.56999969482422,22.5
2017-10-13,126.80000305175781,,54.65999984741211,,67.73999786376953,24.959999084472656,21.780000686645508,22.799999237060547
2017-10-16,127.08999633789062,,54.380001068115234,,66.81999969482422,25.030000686645508,21.780000686645508,22.760000228881836
2017-10-17,125.87000274658203,,54.81999969482422,,64.13999938964844,26.09000015258789,21.110000610351562,22.799999237060547
2017-10-18,124.61000061035156,,53.66999816894531,,63.689998626708984,25.709999084472656,20.93000030517578,22.81999969482422
2017-10-19,123.91000366210938,,53.790000915527344,,64.37999725341797,25.729999542236328,21.290000915527344,22.93000030517578
2017-10-20,125.0,,53.970001220703125,,66.5999984741211,25.59000015258789,21.040000915527344,22.959999084472656
2017-10-23,135.4600067138672,,57.150001525878906,,69.88999938964844,27.010000228881836,21.5,24.209999084472656
2017-10-24,134.10000610351562,,57.13999938964844,,71.11000061035156,26.610000610351562,21.84000015258789,24.030000686645508
2017-10-25,134.08999633789062,,56.650001525878906,,69.08999633789062,26.43000030517578,21.06999969482422,24.729999542236328
2017-10-26,134.64999389648438,,55.650001525878906,,68.45999908447266,26.09000015258789,20.510000228881836,24.469999313354492
2017-10-27,132.0,,55.0,,67.44999694824219,25.719999313354492,20.690000534057617,24.520000457763672
2017-10-30,127.26000213623047,,54.77000045776367,,66.44999694824219,25.920000076293945,20.84000015258789,24.469999313354492
2017-10-31,125.91999816894531,,54.900001525878906,,67.83000183105469,26.809999465942383,21.219999313354492,24.559999465942383
2017-11-01,120.69999694824219,,54.099998474121094,21.350000381469727,68.26000213623047,26.489999771118164,21.600000381469727,24.5
2017-11-02,119.7300033569336,,53.060001373291016,21.510000228881836,68.91999816894531,26.450000762939453,21.079999923706055,24.65999984741211
2017-11-03,118.3499984741211,,52.630001068115234,21.5,67.02999877929688,25.899999618530273,21.079999923706055,24.610000610351562
2017-11-06,123.29000091552734,,54.439998626708984,21.6299991607666,67.5,26.40999984741211,21.59000015258789,25.15999984741211
2017-11-07,119.22000122070312,,52.939998626708984,21.190000534057617,66.05999755859375,25.510000228881836,20.950000762939453,24.719999313354492
2017-11-08,124.36000061035156,,53.709999084472656,22.209999084472656,65.80000305175781,26.170000076293945,21.440000534057617,24.809999465942383
2017-11-09,121.02999877929688,,54.31999969482422,21.670000076293945,66.83000183105469,25.670000076293945,20.899999618530273,24.110000610351562
2017-11-10,117.18000030517578,,52.47999954223633,21.31999969482422,63.81999969482422,24.799999237060547,20.420000076293945,23.31999969482422
2017-11-13,113.97000122070312,,51.599998474121094,21.31999969482422,62.41999816894531,24.600000381469727,20.40999984741211,23.15999984741211
2017-11-14,97.61000061035156,,50.27000045776367,21.0,60.02000045776367,23.40999984741211,19.549999237060547,22.3700008392334
2017-11-15,101.22000122070312,,50.849998474121094,21.1200008392334,62.5099983215332,24.1299991607666,20.1200008392334,22.260000228881836
2017-11-16,107.37999725341797,,54.650001525878906,21.979999542236328,64.72000122070312,25.110000610351562,20.93000030517578,23.0
2017-11-17,103.36000061035156,,54.25,22.020000457763672,64.83999633789062,24.6299991607666,20.540000915527344,22.979999542236328
2017-11-20,99.01000213623047,,56.220001220703125,22.399999618530273,63.61000061035156,25.6299991607666,20.270000457763672,22.75
2017-11-21,96.68000030517578,,56.970001220703125,23.139999389648438,64.63999938964844,26.5,20.770000457763672,22.959999084472656
2017-11-22,99.68000030517578,,57.04999923706055,23.520000457763672,67.4000015258789,27.209999084472656,21.0,23.170000076293945
2017-11-24,105.19000244140625,,56.900001525878906,23.600000381469727,67.31999969482422,27.670000076293945,21.3799991607666,23.010000228881836
2017-11-27,105.19000244140625,,54.880001068115234,22.649999618530273,65.44000244140625,27.200000762939453,20.969999313354492,22.760000228881836
2017-11-28,102.55000305175781,,56.0099983215332,22.780000686645508,64.83999633789062,27.100000381469727,21.020000457763672,22.579999923706055
2017-11-29,103.3499984741211,,56.08000183105469,22.09000015258789,63.939998626708984,26.549999237060547,21.489999771118164,22.309999465942383
2017-11-30,101.54000091552734,,57.130001068115234,22.079999923706055,63.720001220703125,26.299999237060547,21.299999237060547,22.690000534057617
2017-12-01,103.16000366210938,,58.2400016784668,22.0,63.77000045776367,26.5,21.299999237060547,22.940000534057617
2017-12-04,104.5,,58.2400016784668,21.479999542236328,62.20000076293945,26.3799991607666,21.030000686645508,22.989999771118164
2017-12-05,106.2699966430664,,59.099998474121094,21.239999771118164,62.09000015258789,26.399999618530273,21.34000015258789,22.3700008392334
2017-12-06,112.95999908447266,,59.630001068115234,21.459999084472656,63.43000030517578,27.06999969482422,21.209999084472656,22.479999542236328
2017-12-07,114.9000015258789,,62.36000061035156,21.729999542236328,63.650001525878906,27.809999465942383,21.81999969482422,22.290000915527344
2017-12-08,118.7699966430664,,64.9800033569336,21.920000076293945,64.91000366210938,28.610000610351562,22.139999389648438,22.06999969482422
2017-12-11,120.23999786376953,,64.87999725341797,22.139999389648438,65.26000213623047,28.520000457763672,23.299999237060547,22.200000762939453
2017-12-12,120.91999816894531,,65.26000213623047,22.43000030517578,64.47000122070312,29.510000228881836,23.559999465942383,22.030000686645508
2017-12-13,118.2300033569336,,65.04000091552734,22.239999771118164,63.93000030517578,29.299999237060547,23.309999465942383,21.809999465942383
2017-12-14,115.7699966430664,,65.37000274658203,21.610000610351562,63.4900016784668,28.700000762939453,23.15999984741211,21.65999984741211
2017-12-15,114.37999725341797,,65.33000183105469,21.489999771118164,63.5,28.6299991607666,22.440000534057617,21.0
2017-12-18,116.0999984741211,,65.08999633789062,21.579999923706055,63.689998626708984,28.25,22.700000762939453,21.100000381469727
2017-12-19,117.44000244140625,,66.08000183105469,22.3799991607666,65.08999633789062,29.34000015258789,23.149999618530273,21.010000228881836
2017-12-20,117.19000244140625,,65.9800033569336,22.5,66.22000122070312,30.0,23.739999771118164,21.579999923706055
2017-12-21,116.7699966430664,,64.87000274658203,22.299999237060547,67.3499984741211,29.770000457763672,23.579999923706055,22.040000915527344
2017-12-22,117.11000061035156,,65.47000122070312,22.18000030517578,67.43000030517578,30.079999923706055,23.5,22.06999969482422
2017-12-26,116.94999694824219,,65.45999908447266,22.40999984741211,67.31999969482422,29.530000686645508,23.059999465942383,22.209999084472656
2017-12-27,116.58999633789062,,66.0,22.75,67.36000061035156,30.010000228881836,22.889999389648438,22.209999084472656
2017-12-28,116.0,,65.61000061035156,22.75,67.0199966430664,29.530000686645508,22.5,22.350000381469727
2017-12-29,115.87999725341797,,65.8499984741211,23.040000915527344,67.27999877929688,29.31999969482422,22.229999542236328,22.90999984741211
2018-01-02,116.94000244140625,,67.20999908447266,24.799999237060547,69.16000366210938,30.260000228881836,22.940000534057617,23.639999389648438
2018-01-03,116.75,,66.91999816894531,24.149999618530273,69.9000015258789,29.93000030517578,22.719999313354492,23.600000381469727
2018-01-04,115.22000122070312,,69.51000213623047,24.450000762939453,68.88999938964844,30.280000686645508,22.8799991607666,23.290000915527344
2018-01-05,116.08000183105469,,68.75,24.18000030517578,69.29000091552734,29.709999084472656,22.989999771118164,23.010000228881836
2018-01-08,113.12000274658203,,66.68000030517578,23.709999084472656,69.83999633789062,29.68000030517578,22.209999084472656,23.75
2018-01-09,112.95999908447266,,67.12000274658203,23.56999969482422,70.0,29.399999618530273,21.81999969482422,23.760000228881836
2018-01-10,111.5,,68.19999694824219,23.709999084472656,69.87999725341797,29.700000762939453,22.030000686645508,23.93000030517578
2018-01-11,113.70999908447266,,68.97000122070312,24.639999389648438,70.04000091552734,30.6200008392334,22.549999237060547,24.729999542236328
2018-01-12,114.5,,70.5,25.0,70.48999786376953,31.65999984741211,23.0,25.049999237060547
2018-01-16,115.5,,71.76000213623047,24.270000457763672,70.91000366210938,32.709999084472656,23.43000030517578,25.270000457763672
2018-01-17,116.11000061035156,,72.16999816894531,24.510000228881836,71.6500015258789,32.97999954223633,23.559999465942383,25.18000030517578
2018-01-18,116.22000122070312,,72.87999725341797,24.270000457763672,71.18000030517578,33.0099983215332,23.600000381469727,25.229999542236328
2018-01-19,113.7699966430664,,72.05999755859375,24.649999618530273,69.94000244140625,32.75,23.270000457763672,24.989999771118164
2018-01-22,113.47000122070312,,69.79000091552734,25.020000457763672,70.05999755859375,32.560001373291016,23.5,25.280000686645508
2018-01-23,107.48999786376953,,69.47000122070312,24.399999618530273,68.9000015258789,32.5,23.31999969482422,25.559999465942383
2018-01-24,107.9000015258789,,67.91000366210938,23.389999389648438,69.61000061035156,32.27000045776367,23.5,26.270000457763672
2018-01-25,107.93000030517578,,67.19000244140625,24.040000915527344,69.94999694824219,32.77000045776367,23.399999618530273,26.18000030517578
2018-01-26,107.87000274658203,,65.98999786376953,24.09000015258789,70.44999694824219,31.889999389648438,23.440000534057617,25.899999618530273
2018-01-29,105.41000366210938,,64.63999938964844,23.350000381469727,69.48999786376953,30.790000915527344,23.260000228881836,24.360000610351562
2018-01-30,105.7300033569336,,66.4000015258789,22.93000030517578,68.66999816894531,30.450000762939453,22.420000076293945,23.899999618530273
2018-01-31,108.54000091552734,,69.80000305175781,23.760000228881836,70.5,31.969999313354492,22.899999618530273,24.149999618530273
2018-02-01,104.5999984741211,,68.44000244140625,23.790000915527344,69.51000213623047,31.610000610351562,22.860000610351562,24.600000381469727
2018-02-02,100.83000183105469,17.700000762939453,63.650001525878906,22.989999771118164,64.8499984741211,30.389999389648438,21.770000457763672,23.190000534057617
2018-02-05,96.69000244140625,17.5,61.31999969482422,21.770000457763672,62.2599983215332,29.100000381469727,21.219999313354492,22.549999237060547
2018-02-06,101.22000122070312,17.40999984741211,64.38999938964844,22.5,65.48999786376953,30.170000076293945,22.899999618530273,22.950000762939453
2018-02-07,99.33000183105469,17.110000610351562,63.029998779296875,21.889999389648438,63.79999923706055,29.93000030517578,22.5,22.06999969482422
2018-02-08,95.45999908447266,16.399999618530273,60.290000915527344,21.15999984741211,61.13999938964844,28.260000228881836,20.920000076293945,21.43000030517578
2018-02-09,94.83999633789062,17.350000381469727,58.95000076293945,21.530000686645508,59.0,28.709999084472656,20.420000076293945,21.1200008392334
2018-02-12,96.31999969482422,16.709999084472656,62.459999084472656,22.0,60.9900016784668,30.030000686645508,20.809999465942383,22.139999389648438
2018-02-13,96.7300033569336,17.020000457763672,62.060001373291016,22.110000610351562,60.09000015258789,29.920000076293945,20.739999771118164,22.790000915527344
2018-02-14,100.79000091552734,17.899999618530273,64.41000366210938,23.020000457763672,61.04999923706055,30.920000076293945,21.290000915527344,22.889999389648438
2018-02-15,105.75,18.399999618530273,67.56999969482422,22.850000381469727,62.279998779296875,32.59000015258789,21.780000686645508,22.860000610351562
2018-02-16,107.9000015258789,18.25,67.0199966430664,22.700000762939453,63.93000030517578,31.31999969482422,22.0,23.15999984741211
2018-02-20,108.76000213623047,18.149999618530273,66.0,22.739999771118164,64.37000274658203,32.15999984741211,21.56999969482422,23.260000228881836
2018-02-21,110.02999877929688,18.030000686645508,66.80000305175781,22.6200008392334,65.11000061035156,31.920000076293945,21.280000686645508,23.190000534057617
2018-02-22,112.61000061035156,17.790000915527344,67.19000244140625,22.59000015258789,64.9000015258789,31.899999618530273,20.979999542236328,23.75
2018-02-23,113.11000061035156,17.600000381469727,64.7699966430664,22.040000915527344,63.93000030517578,32.02000045776367,21.09000015258789,23.739999771118164
2018-02-26,113.88999938964844,16.979999542236328,64.12000274658203,22.299999237060547,64.98999786376953,31.219999313354492,21.0,24.0
2018-02-27,113.54000091552734,16.780000686645508,62.65999984741211,21.989999771118164,62.66999816894531,30.479999542236328,20.639999389648438,23.459999084472656
2018-02-28,113.11000061035156,16.65999984741211,62.939998626708984,21.770000457763672,63.33000183105469,30.709999084472656,20.489999771118164,23.110000610351562
2018-03-01,111.61000061035156,16.6200008392334,61.189998626708984,21.440000534057617,61.7599983215332,29.690000534057617,20.06999969482422,22.850000381469727
2018-03-02,108.20999908447266,16.8700008392334,61.20000076293945,21.25,60.63999938964844,29.3700008392334,19.969999313354492,22.520000457763672
2018-03-05,107.3499984741211,17.020000457763672,61.7599983215332,21.969999313354492,61.400001525878906,29.3700008392334,19.899999618530273,22.3700008392334
2018-03-06,107.61000061035156,17.25,62.22999954223633,22.030000686645508,61.77000045776367,29.6299991607666,20.219999313354492,22.5
2018-03-07,107.37000274658203,17.18000030517578,61.70000076293945,21.899999618530273,61.599998474121094,28.90999984741211,20.360000610351562,22.450000762939453
2018-03-08,107.41999816894531,16.81999969482422,61.40999984741211,21.8799991607666,61.900001525878906,28.399999618530273,20.829999923706055,22.360000610351562
2018-03-09,109.18000030517578,17.190000534057617,63.619998931884766,22.0,63.5099983215332,29.280000686645508,21.6299991607666,22.479999542236328
2018-03-12,112.2699966430664,17.440000534057617,66.80999755859375,22.020000457763672,63.47999954223633,30.0,21.729999542236328,22.030000686645508
2018-03-13,109.97000122070312,17.360000610351562,65.22000122070312,22.18000030517578,65.06999969482422,30.18000030517578,21.1200008392334,22.040000915527344
2018-03-14,109.45999908447266,17.149999618530273,65.4000015258789,21.950000762939453,65.0999984741211,30.459999084472656,21.200000762939453,21.610000610351562
2018-03-15,109.0,17.149999618530273,65.3499984741211,22.049999237060547,64.38999938964844,30.84000015258789,21.0,21.6299991607666
2018-03-16,108.88999938964844,17.280000686645508,65.30999755859375,22.170000076293945,63.81999969482422,30.75,21.190000534057617,21.540000915527344
2018-03-19,107.47000122070312,16.969999313354492,63.04999923706055,21.579999923706055,61.90999984741211,29.610000610351562,20.729999542236328,21.209999084472656
2018-03-20,106.0,17.18000030517578,63.97999954223633,21.350000381469727,61.63999938964844,29.93000030517578,20.450000762939453,21.329999923706055
2018-03-21,109.19999694824219,17.25,65.51000213623047,21.290000915527344,61.75,30.610000610351562,20.3700008392334,21.90999984741211
2018-03-22,107.45999908447266,17.5,65.01000213623047,20.75,61.29999923706055,29.75,19.479999542236328,21.270000457763672
2018-03-23,106.27999877929688,16.649999618530273,63.400001525878906,20.81999969482422,61.0099983215332,30.040000915527344,19.049999237060547,20.889999389648438
2018-03-26,108.5999984741211,17.1299991607666,64.66000366210938,20.989999771118164,61.5,30.459999084472656,19.760000228881836,21.920000076293945
2018-03-27,108.0199966430664,17.389999389648438,65.41000366210938,21.440000534057617,60.529998779296875,30.5,20.149999618530273,21.510000228881836
2018-03-28,106.94000244140625,17.450000762939453,65.0999984741211,21.360000610351562,59.880001068115234,30.219999313354492,20.15999984741211,21.40999984741211
2018-03-29,107.97000122070312,17.0,65.76000213623047,21.31999969482422,59.599998474121094,30.34000015258789,20.34000015258789,21.6200008392334
2018-04-02,108.58999633789062,16.809999465942383,65.94000244140625,21.399999618530273,58.869998931884766,30.25,19.969999313354492,21.290000915527344
2018-04-03,109.51000213623047,16.829999923706055,66.43000030517578,21.540000915527344,59.0099983215332,31.209999084472656,21.079999923706055,21.579999923706055
2018-04-04,109.0199966430664,16.979999542236328,66.47000122070312,21.700000762939453,59.02000045776367,30.84000015258789,21.049999237060547,21.270000457763672
2018-04-05,109.98999786376953,17.25,66.29000091552734,21.729999542236328,60.029998779296875,30.93000030517578,21.0,21.3799991607666
2018-04-06,108.4000015258789,17.049999237060547,66.45999908447266,21.989999771118164,59.599998474121094,30.56999969482422,20.790000915527344,21.1299991607666
2018-04-09,107.3499984741211,17.149999618530273,65.97000122070312,21.5,59.27000045776367,30.149999618530273,20.15999984741211,21.309999465942383
2018-04-10,109.13999938964844,17.059999465942383,66.95999908447266,21.989999771118164,59.2400016784668,30.93000030517578,20.579999923706055,21.90999984741211
2018-04-11,108.88999938964844,17.06999969482422,65.98999786376953,21.68000030517578,58.25,30.40999984741211,21.049999237060547,22.18000030517578
2018-04-12,109.31999969482422,16.75,66.58999633789062,21.829999923706055,58.970001220703125,31.059999465942383,20.709999084472656,22.329999923706055
2018-04-13,107.55000305175781,16.600000381469727,65.47000122070312,21.540000915527344,58.81999969482422,30.6200008392334,20.350000381469727,22.389999389648438
2018-04-16,106.0,16.270000457763672,63.810001373291016,21.239999771118164,57.36000061035156,30.049999237060547,20.200000762939453,22.030000686645508
2018-04-17,109.3499984741211,16.260000228881836,66.52999877929688,21.350000381469727,59.060001373291016,30.170000076293945,20.350000381469727,22.65999984741211
2018-04-18,108.2300033569336,16.399999618530273,66.9000015258789,21.600000381469727,57.79999923706055,29.940000534057617,20.459999084472656,22.809999465942383
2018-04-19,108.75,16.049999237060547,65.68000030517578,21.09000015258789,57.31999969482422,28.719999313354492,19.799999237060547,23.020000457763672
2018-04-20,106.05999755859375,16.15999984741211,64.7300033569336,21.270000457763672,56.47999954223633,28.75,19.510000228881836,22.59000015258789
2018-04-23,106.51000213623047,16.149999618530273,64.7300033569336,21.530000686645508,56.34000015258789,28.6299991607666,19.299999237060547,22.770000457763672
2018-04-24,106.5999984741211,16.040000915527344,65.22000122070312,20.790000915527344,57.15999984741211,28.3700008392334,19.040000915527344,22.549999237060547
2018-04-25,100.5999984741211,15.729999542236328,61.810001373291016,20.780000686645508,56.380001068115234,27.219999313354492,19.0,22.389999389648438
2018-04-26,94.66000366210938,15.050000190734863,59.31999969482422,20.1200008392334,54.2599983215332,26.549999237060547,18.3799991607666,22.09000015258789
2018-04-27,96.0,15.399999618530273,62.119998931884766,20.459999084472656,54.689998626708984,27.579999923706055,18.739999771118164,22.010000228881836
2018-04-30,96.91999816894531,15.470000267028809,63.91999816894531,20.739999771118164,57.040000915527344,27.940000534057617,19.059999465942383,21.889999389648438
2018-05-01,94.86000061035156,15.489999771118164,61.61000061035156,20.43000030517578,57.029998779296875,26.350000381469727,18.700000762939453,21.579999923706055
2018-05-02,92.70999908447266,14.899999618530273,57.36000061035156,19.25,55.25,25.1200008392334,18.5,20.700000762939453
2018-05-03,89.66999816894531,13.779999732971191,52.34000015258789,18.280000686645508,51.209999084472656,23.309999465942383,17.700000762939453,19.649999618530273
2018-05-04,82.94999694824219,13.670000076293945,52.29999923706055,17.989999771118164,52.5099983215332,23.239999771118164,16.889999389648438,19.799999237060547
2018-05-07,81.0199966430664,12.710000038146973,50.099998474121094,17.8799991607666,50.5099983215332,21.739999771118164,16.639999389648438,19.989999771118164
2018-05-08,71.8499984741211,11.9399995803833,46.7599983215332,17.040000915527344,47.08000183105469,21.579999923706055,16.329999923706055,19.309999465942383
2018-05-09,74.73999786376953,12.279999732971191,50.5,17.18000030517578,50.47999954223633,22.989999771118164,16.290000915527344,20.079999923706055
2018-05-10,78.5199966430664,13.369999885559082,52.310001373291016,17.989999771118164,54.650001525878906,22.969999313354492,17.690000534057617,20.809999465942383
2018-05-11,73.9800033569336,12.9399995803833,47.9900016784668,16.899999618530273,52.40999984741211,20.850000381469727,17.25,20.760000228881836
2018-05-14,72.30999755859375,13.220000267028809,44.619998931884766,14.149999618530273,52.5,19.280000686645508,17.049999237060547,20.520000457763672
2018-05-15,75.19999694824219,13.930000305175781,45.310001373291016,14.930000305175781,53.630001068115234,19.799999237060547,17.06999969482422,19.8799991607666
2018-05-16,79.4000015258789,14.25,45.95000076293945,15.149999618530273,54.0,20.1200008392334,18.030000686645508,19.8799991607666
2018-05-17,82.63999938964844,13.869999885559082,47.099998474121094,15.350000381469727,54.20000076293945,20.84000015258789,17.809999465942383,20.06999969482422
2018-05-18,80.51000213623047,14.140000343322754,46.599998474121094,15.260000228881836,54.09000015258789,20.719999313354492,17.770000457763672,20.09000015258789
2018-05-21,81.08999633789062,13.770000457763672,46.689998626708984,15.170000076293945,53.75,20.360000610351562,17.770000457763672,20.079999923706055
2018-05-22,81.44999694824219,13.489999771118164,45.849998474121094,15.180000305175781,53.400001525878906,18.770000457763672,17.600000381469727,19.790000915527344
2018-05-23,79.98999786376953,13.289999961853027,44.2599983215332,12.989999771118164,52.790000915527344,18.1299991607666,17.639999389648438,19.579999923706055
2018-05-24,80.1500015258789,13.579999923706055,43.4900016784668,11.5600004196167,52.40999984741211,17.81999969482422,17.510000228881836,19.1299991607666
2018-05-25,81.0,13.649999618530273,43.65999984741211,12.619999885559082,52.41999816894531,17.5,17.719999313354492,19.0
2018-05-29,76.37999725341797,13.010000228881836,41.20000076293945,12.789999961853027,48.869998931884766,16.81999969482422,16.81999969482422,18.799999237060547
2018-05-30,76.37999725341797,12.989999771118164,41.97999954223633,12.880000114440918,49.0,16.68000030517578,16.639999389648438,18.200000762939453
2018-05-31,78.61000061035156,13.529999732971191,42.290000915527344,12.899999618530273,47.70000076293945,17.170000076293945,16.670000076293945,18.15999984741211
2018-06-01,77.2699966430664,13.5,42.22999954223633,12.800000190734863,47.650001525878906,16.790000915527344,16.799999237060547,18.100000381469727
2018-06-04,79.25,13.739999771118164,45.40999984741211,13.350000381469727,48.189998626708984,17.920000076293945,16.81999969482422,17.93000030517578
2018-06-05,82.51000213623047,14.489999771118164,47.630001068115234,13.800000190734863,49.72999954223633,19.25,17.610000610351562,18.209999084472656
2018-06-06,81.4800033569336,14.770000457763672,47.41999816894531,13.710000038146973,48.90999984741211,19.600000381469727,17.389999389648438,17.579999923706055
2018-06-07,80.5,14.800000190734863,47.290000915527344,13.539999961853027,48.13999938964844,18.729999542236328,16.860000610351562,18.030000686645508
2018-06-08,81.44000244140625,15.3100004196167,49.97999954223633,13.649999618530273,49.7400016784668,19.229999542236328,17.34000015258789,18.09000015258789
2018-06-11,82.22000122070312,14.90999984741211,49.25,13.520000457763672,49.310001373291016,19.149999618530273,17.040000915527344,17.989999771118164
2018-06-12,80.5,14.869999885559082,47.0,13.399999618530273,48.54999923706055,18.229999542236328,16.790000915527344,17.719999313354492
2018-06-13,76.9000015258789,14.600000381469727,44.70000076293945,12.949999809265137,47.650001525878906,16.84000015258789,16.219999313354492,17.510000228881836
2018-06-14,67.66000366210938,13.890000343322754,40.4900016784668,12.3100004196167,44.0099983215332,14.680000305175781,15.300000190734863,16.959999084472656
2018-06-15,64.55999755859375,13.720000267028809,40.040000915527344,12.350000381469727,44.25,14.550000190734863,14.850000381469727,16.809999465942383
2018-06-18,59.97999954223633,13.15999984741211,37.20000076293945,11.600000381469727,41.22999954223633,13.199999809265137,14.350000381469727,16.219999313354492
2018-06-19,63.279998779296875,12.920000076293945,38.290000915527344,11.699999809265137,42.720001220703125,13.699999809265137,14.880000114440918,16.59000015258789
2018-06-20,65.37000274658203,12.960000038146973,38.790000915527344,12.0,42.939998626708984,13.699999809265137,14.670000076293945,16.8799991607666
2018-06-21,72.0,13.0,41.16999816894531,12.359999656677246,44.70000076293945,14.859999656677246,15.710000038146973,17.040000915527344
2018-06-22,71.51000213623047,12.829999923706055,40.470001220703125,13.239999771118164,43.599998474121094,14.0,15.720000267028809,16.739999771118164
2018-06-25,67.76000213623047,12.1899995803833,37.4900016784668,12.40999984741211,41.72999954223633,12.3100004196167,15.25,15.479999542236328
2018-06-26,66.11000061035156,11.680000305175781,37.189998626708984,12.210000038146973,41.02000045776367,12.0,14.680000305175781,15.350000381469727
2018-06-27,59.540000915527344,10.199999809265137,33.130001068115234,10.890000343322754,37.83000183105469,10.420000076293945,13.34000015258789,14.300000190734863
2018-06-28,62.290000915527344,10.050000190734863,35.20000076293945,10.600000381469727,37.43000030517578,10.859999656677246,13.130000114440918,14.09000015258789
2018-06-29,58.790000915527344,9.899999618530273,32.97999954223633,10.260000228881836,35.77000045776367,10.579999923706055,12.140000343322754,13.579999923706055
2018-07-02,57.709999084472656,9.760000228881836,32.84000015258789,9.960000038146973,33.95000076293945,11.020000457763672,11.960000038146973,13.170000076293945
2018-07-03,67.43000030517578,10.430000305175781,35.33000183105469,11.319999694824219,38.5,12.380000114440918,13.600000381469727,14.380000114440918
2018-07-05,66.87000274658203,10.800000190734863,35.779998779296875,11.520000457763672,38.040000915527344,13.010000228881836,13.899999618530273,14.8100004196167
2018-07-06,66.25,10.600000381469727,36.13999938964844,11.15999984741211,37.41999816894531,12.75,14.069999694824219,14.670000076293945
2018-07-09,69.08000183105469,10.739999771118164,36.41999816894531,11.430000305175781,40.16999816894531,13.039999961853027,14.619999885559082,15.25
2018-07-10,69.23999786376953,10.760000228881836,36.540000915527344,11.34000015258789,39.290000915527344,12.899999618530273,14.229999542236328,15.109999656677246
2018-07-11,68.98999786376953,10.630000114440918,36.63999938964844,10.979999542236328,38.34000015258789,12.6899995803833,14.619999885559082,14.789999961853027
2018-07-12,67.3499984741211,10.710000038146973,35.34000015258789,10.84000015258789,38.11000061035156,12.25,14.350000381469727,15.130000114440918
2018-07-13,66.0,10.569999694824219,34.720001220703125,10.59000015258789,38.060001373291016,11.770000457763672,14.050000190734863,15.0600004196167
2018-07-16,66.05000305175781,10.40999984741211,34.27000045776367,10.420000076293945,37.630001068115234,11.600000381469727,13.770000457763672,15.050000190734863
2018-07-17,67.30999755859375,10.359999656677246,35.2400016784668,10.359999656677246,37.61000061035156,11.539999961853027,13.8100004196167,15.359999656677246
2018-07-18,67.0999984741211,10.420000076293945,35.11000061035156,10.390000343322754,38.380001068115234,11.739999771118164,14.140000343322754,15.539999961853027
2018-07-19,66.44000244140625,10.550000190734863,34.349998474121094,10.329999923706055,37.45000076293945,11.229999542236328,14.020000457763672,15.539999961853027
2018-07-20,67.66000366210938,10.989999771118164,35.619998931884766,10.720000267028809,38.400001525878906,11.420000076293945,14.3100004196167,16.360000610351562
2018-07-23,66.51000213623047,11.050000190734863,35.119998931884766,10.399999618530273,37.790000915527344,11.260000228881836,14.479999542236328,16.40999984741211
2018-07-24,68.0199966430664,11.220000267028809,35.93000030517578,10.399999618530273,38.59000015258789,11.890000343322754,14.819999694824219,17.100000381469727
2018-07-25,71.05999755859375,11.40999984741211,37.04999923706055,10.930000305175781,40.22999954223633,12.970000267028809,15.850000381469727,17.219999313354492
2018-07-26,71.41999816894531,11.350000381469727,36.72999954223633,11.260000228881836,40.70000076293945,13.15999984741211,16.329999923706055,16.719999313354492
2018-07-27,71.5199966430664,11.199999809265137,36.45000076293945,11.619999885559082,42.189998626708984,13.579999923706055,16.450000762939453,16.700000762939453
2018-07-30,69.5999984741211,11.329999923706055,35.88999938964844,11.510000228881836,42.41999816894531,13.180000305175781,16.420000076293945,16.459999084472656
2018-07-31,68.30999755859375,11.399999618530273,35.630001068115234,11.239999771118164,42.150001525878906,13.510000228881836,16.489999771118164,16.600000381469727
2018-08-01,66.80000305175781,11.579999923706055,36.0,10.960000038146973,40.75,13.59000015258789,16.510000228881836,16.059999465942383
2018-08-02,63.310001373291016,11.479999542236328,36.5099983215332,10.619999885559082,39.81999969482422,13.15999984741211,16.209999084472656,15.989999771118164
2018-08-03,65.7300033569336,11.369999885559082,37.36000061035156,11.029999732971191,39.959999084472656,13.300000190734863,16.229999542236328,16.540000915527344
2018-08-06,64.86000061035156,11.6899995803833,37.20000076293945,10.75,39.5,13.140000343322754,16.309999465942383,16.270000457763672
2018-08-07,59.709999084472656,11.600000381469727,35.040000915527344,10.460000038146973,38.36000061035156,12.569999694824219,15.850000381469727,16.010000228881836
2018-08-08,54.790000915527344,10.989999771118164,33.70000076293945,9.890000343322754,36.88999938964844,11.739999771118164,15.069999694824219,15.529999732971191
2018-08-09,56.040000915527344,10.819999694824219,33.95000076293945,9.539999961853027,37.02000045776367,11.779999732971191,15.029999732971191,15.369999885559082
2018-08-10,51.439998626708984,10.40999984741211,31.959999084472656,9.5,35.22999954223633,11.0600004196167,14.600000381469727,15.199999809265137
2018-08-13,47.720001220703125,9.850000381469727,30.170000076293945,9.210000038146973,32.77000045776367,10.100000381469727,13.800000190734863,14.800000190734863
2018-08-14,48.36000061035156,9.9399995803833,30.530000686645508,9.779999732971191,32.470001220703125,10.210000038146973,13.970000267028809,15.300000190734863
2018-08-15,48.06999969482422,10.119999885559082,31.479999542236328,9.300000190734863,31.770000457763672,10.119999885559082,13.859999656677246,15.010000228881836
2018-08-16,47.869998931884766,10.010000228881836,31.040000915527344,9.0,32.0099983215332,9.9399995803833,13.850000381469727,15.229999542236328
2018-08-17,46.810001373291016,9.850000381469727,29.290000915527344,9.0600004196167,31.520000457763672,9.390000343322754,13.829999923706055,14.890000343322754
2018-08-20,45.75,9.84000015258789,28.34000015258789,8.770000457763672,31.510000228881836,8.829999923706055,13.770000457763672,15.59000015258789
2018-08-21,46.0,9.710000038146973,28.399999618530273,8.680000305175781,31.399999618530273,8.930000305175781,13.319999694824219,15.529999732971191
2018-08-22,48.04999923706055,10.140000343322754,29.350000381469727,8.640000343322754,31.84000015258789,9.380000114440918,13.609999656677246,16.1200008392334
2018-08-23,46.72999954223633,9.869999885559082,28.420000076293945,8.630000114440918,31.059999465942383,9.149999618530273,13.390000343322754,16.049999237060547
2018-08-24,44.70000076293945,9.40999984741211,26.399999618530273,8.300000190734863,29.729999542236328,6.110000133514404,13.1899995803833,15.470000267028809
2018-08-27,44.150001525878906,9.600000381469727,25.799999237060547,8.40999984741211,30.149999618530273,6.090000152587891,13.850000381469727,15.930000305175781
2018-08-28,42.5,9.380000114440918,24.020000457763672,8.050000190734863,29.799999237060547,5.880000114440918,13.460000038146973,15.630000114440918
2018-08-29,38.4900016784668,9.170000076293945,21.989999771118164,7.599999904632568,27.90999984741211,5.650000095367432,12.920000076293945,15.369999885559082
2018-08-30,34.36000061035156,8.460000038146973,18.81999969482422,6.809999942779541,26.030000686645508,5.329999923706055,11.050000190734863,14.010000228881836
2018-08-31,43.63999938964844,9.359999656677246,22.5,7.550000190734863,30.440000534057617,6.840000152587891,12.989999771118164,15.130000114440918
2018-09-04,36.93000030517578,8.390000343322754,20.040000915527344,7.329999923706055,26.760000228881836,6.309999942779541,12.270000457763672,14.430000305175781
2018-09-05,40.97999954223633,8.59000015258789,21.56999969482422,7.539999961853027,29.270000457763672,6.960000038146973,13.119999885559082,14.920000076293945
2018-09-06,44.31999969482422,10.039999961853027,24.5,8.0,30.549999237060547,7.929999828338623,14.699999809265137,15.289999961853027
2018-09-07,42.7599983215332,9.949999809265137,23.690000534057617,7.760000228881836,30.760000228881836,7.840000152587891,15.010000228881836,15.460000038146973
2018-09-10,41.97999954223633,9.789999961853027,22.979999542236328,7.880000114440918,30.690000534057617,7.590000152587891,14.5600004196167,14.819999694824219
2018-09-11,40.2599983215332,9.529999732971191,22.219999313354492,7.860000133514404,29.489999771118164,7.360000133514404,13.890000343322754,14.670000076293945
2018-09-12,40.529998779296875,9.470000267028809,22.40999984741211,7.869999885559082,29.610000610351562,7.360000133514404,14.359999656677246,14.84000015258789
2018-09-13,39.689998626708984,9.729999542236328,21.299999237060547,8.079999923706055,29.540000915527344,6.940000057220459,14.5600004196167,14.880000114440918
2018-09-14,39.349998474121094,9.84000015258789,21.399999618530273,7.800000190734863,29.200000762939453,6.940000057220459,14.460000038146973,14.899999618530273
2018-09-17,39.869998931884766,10.380000114440918,23.6299991607666,7.949999809265137,30.40999984741211,7.420000076293945,15.829999923706055,14.979999542236328
2018-09-18,39.77000045776367,10.8100004196167,23.989999771118164,7.699999809265137,30.860000610351562,7.380000114440918,16.0,15.869999885559082
2018-09-19,41.04999923706055,11.25,24.979999542236328,8.300000190734863,32.959999084472656,7.949999809265137,16.309999465942383,16.43000030517578
2018-09-20,46.16999816894531,12.270000457763672,28.110000610351562,10.180000305175781,36.77000045776367,9.0,17.229999542236328,17.139999389648438
2018-09-21,48.5,12.100000381469727,29.760000228881836,9.979999542236328,37.77000045776367,9.34000015258789,16.940000534057617,17.040000915527344
2018-09-24,46.709999084472656,11.300000190734863,28.34000015258789,9.140000343322754,35.79999923706055,8.649999618530273,16.049999237060547,16.5
2018-09-25,46.779998779296875,11.210000038146973,29.770000457763672,9.399999618530273,35.220001220703125,9.140000343322754,16.100000381469727,16.540000915527344
2018-09-26,47.130001068115234,11.09000015258789,29.270000457763672,9.449999809265137,32.91999816894531,9.069999694824219,16.280000686645508,16.25
2018-09-27,43.81999969482422,10.710000038146973,26.989999771118164,8.680000305175781,32.41999816894531,8.289999961853027,15.25,16.049999237060547
2018-09-28,41.369998931884766,10.300000190734863,25.43000030517578,8.84000015258789,31.049999237060547,7.670000076293945,14.520000457763672,15.449999809265137
2018-10-01,42.02000045776367,10.460000038146973,25.8799991607666,8.600000381469727,32.150001525878906,8.020000457763672,14.6899995803833,15.199999809265137
2018-10-02,44.439998626708984,10.8100004196167,27.829999923706055,9.130000114440918,32.0,8.359999656677246,14.800000190734863,15.680000305175781
2018-10-03,43.90999984741211,10.489999771118164,26.899999618530273,9.050000190734863,32.25,8.289999961853027,14.739999771118164,15.65999984741211
2018-10-04,40.470001220703125,9.579999923706055,24.3799991607666,8.210000038146973,30.100000381469727,7.539999961853027,13.8100004196167,14.829999923706055
2018-10-05,40.959999084472656,9.149999618530273,24.18000030517578,7.699999809265137,30.3700008392334,7.380000114440918,13.880000114440918,14.5600004196167
2018-10-08,41.41999816894531,9.15999984741211,24.8700008392334,8.25,30.5,7.400000095367432,14.260000228881836,15.149999618530273
2018-10-09,38.75,9.199999809265137,23.559999465942383,8.100000381469727,30.280000686645508,7.130000114440918,13.680000305175781,15.229999542236328
2018-10-10,36.189998626708984,9.09000015258789,22.020000457763672,8.010000228881836,29.40999984741211,6.699999809265137,13.3100004196167,14.5600004196167
2018-10-11,36.13999938964844,8.970000267028809,21.639999389648438,7.820000171661377,28.610000610351562,6.599999904632568,13.149999618530273,14.140000343322754
2018-10-12,39.779998779296875,9.260000228881836,24.610000610351562,8.1899995803833,29.979999542236328,7.320000171661377,13.760000228881836,14.739999771118164
2018-10-15,39.650001525878906,9.460000038146973,24.81999969482422,8.399999618530273,30.6299991607666,7.400000095367432,14.0600004196167,14.640000343322754
2018-10-16,39.04999923706055,9.40999984741211,24.229999542236328,8.670000076293945,31.56999969482422,7.46999979019165,14.489999771118164,14.670000076293945
2018-10-17,37.38999938964844,9.199999809265137,23.1299991607666,8.399999618530273,30.1299991607666,7.070000171661377,14.210000038146973,14.619999885559082
2018-10-18,36.279998779296875,8.989999771118164,22.450000762939453,8.229999542236328,29.389999389648438,6.96999979019165,13.960000038146973,14.289999961853027
2018-10-19,37.43000030517578,9.09000015258789,22.889999389648438,8.40999984741211,30.09000015258789,7.079999923706055,13.960000038146973,14.319999694824219
2018-10-22,38.040000915527344,9.199999809265137,22.790000915527344,8.329999923706055,30.170000076293945,7.050000190734863,13.779999732971191,14.100000381469727
2018-10-23,38.02000045776367,9.0,22.450000762939453,8.319999694824219,29.270000457763672,7.059999942779541,13.550000190734863,13.989999771118164
2018-10-24,39.36000061035156,8.760000228881836,22.100000381469727,8.239999771118164,28.889999389648438,6.960000038146973,13.119999885559082,13.399999618530273
2018-10-25,42.18000030517578,9.0,23.350000381469727,8.729999542236328,30.030000686645508,7.800000190734863,13.75,14.489999771118164
2018-10-26,42.560001373291016,9.039999961853027,22.969999313354492,8.609999656677246,30.18000030517578,7.840000152587891,13.640000343322754,15.119999885559082
2018-10-29,41.83000183105469,8.880000114440918,22.309999465942383,8.210000038146973,30.959999084472656,7.980000019073486,13.449999809265137,14.75
2018-10-30,43.099998474121094,9.050000190734863,22.799999237060547,8.579999923706055,31.239999771118164,8.109999656677246,13.859999656677246,14.869999885559082
2018-10-31,44.689998626708984,9.579999923706055,23.059999465942383,9.010000228881836,33.11000061035156,8.34000015258789,14.529999732971191,15.0
2018-11-01,48.52000045776367,9.890000343322754,26.670000076293945,10.220000267028809,35.099998474121094,8.989999771118164,15.010000228881836,15.680000305175781
2018-11-02,48.220001220703125,10.449999809265137,26.81999969482422,10.619999885559082,36.040000915527344,9.15999984741211,15.550000190734863,15.760000228881836
2018-11-05,46.77000045776367,10.25,26.56999969482422,10.6899995803833,36.0099983215332,8.789999961853027,15.5,16.06999969482422
2018-11-06,45.529998779296875,10.260000228881836,26.3700008392334,10.640000343322754,35.75,8.729999542236328,15.460000038146973,16.020000457763672
2018-11-07,43.81999969482422,10.539999961853027,26.389999389648438,10.600000381469727,34.95000076293945,8.670000076293945,15.75,16.299999237060547
2018-11-08,43.939998626708984,10.699999809265137,26.010000228881836,10.6899995803833,34.900001525878906,8.399999618530273,15.600000381469727,15.729999542236328
2018-11-09,43.52000045776367,10.329999923706055,25.260000228881836,10.890000343322754,34.63999938964844,8.350000381469727,15.670000076293945,15.4399995803833
2018-11-12,43.0099983215332,10.130000114440918,24.18000030517578,10.470000267028809,33.41999816894531,8.170000076293945,15.229999542236328,15.539999961853027
2018-11-13,41.18000030517578,9.449999809265137,23.18000030517578,10.510000228881836,30.780000686645508,7.599999904632568,14.5600004196167,14.960000038146973
2018-11-14,44.29999923706055,9.6899995803833,25.170000076293945,10.729999542236328,32.90999984741211,8.0600004196167,15.229999542236328,15.520000457763672
2018-11-15,45.959999084472656,10.479999542236328,26.350000381469727,11.199999809265137,34.400001525878906,8.489999771118164,15.680000305175781,15.90999984741211
2018-11-16,47.459999084472656,10.270000457763672,26.860000610351562,11.800000190734863,34.540000915527344,8.869999885559082,15.949999809265137,15.920000076293945
2018-11-19,46.599998474121094,10.149999618530273,26.440000534057617,11.100000381469727,34.22999954223633,9.100000381469727,15.930000305175781,15.720000267028809
2018-11-20,43.83000183105469,9.600000381469727,25.010000228881836,10.699999809265137,32.2400016784668,8.6899995803833,15.3100004196167,14.880000114440918
2018-11-21,46.34000015258789,9.710000038146973,26.040000915527344,10.600000381469727,33.68000030517578,9.119999885559082,15.279999732971191,15.1899995803833
2018-11-23,45.790000915527344,9.5,26.540000915527344,10.550000190734863,33.209999084472656,9.130000114440918,15.0600004196167,14.899999618530273
2018-11-26,45.060001373291016,9.460000038146973,25.790000915527344,10.720000267028809,33.560001373291016,8.84000015258789,14.75,14.670000076293945
2018-11-27,45.0,9.180000305175781,24.329999923706055,10.520000457763672,32.939998626708984,8.220000267028809,14.3100004196167,14.579999923706055
2018-11-28,44.25,9.100000381469727,26.209999084472656,10.579999923706055,33.22999954223633,8.479999542236328,14.59000015258789,14.899999618530273
2018-11-29,45.220001220703125,9.4399995803833,27.459999084472656,10.649999618530273,35.08000183105469,8.710000038146973,15.130000114440918,15.229999542236328
2018-11-30,44.38999938964844,9.649999618530273,27.559999465942383,10.640000343322754,35.150001525878906,8.720000267028809,15.229999542236328,14.970000267028809
2018-12-03,46.72999954223633,9.829999923706055,28.559999465942383,10.579999923706055,37.45000076293945,9.119999885559082,15.949999809265137,15.640000343322754
2018-12-04,45.220001220703125,9.729999542236328,27.350000381469727,10.680000305175781,36.31999969482422,9.0,16.06999969482422,15.75
2018-12-06,45.220001220703125,9.8100004196167,27.969999313354492,10.34000015258789,36.93000030517578,9.0600004196167,16.6299991607666,15.229999542236328
2018-12-07,42.61000061035156,9.579999923706055,27.739999771118164,10.15999984741211,35.720001220703125,8.949999809265137,16.270000457763672,14.989999771118164
2018-12-10,41.20000076293945,9.300000190734863,26.700000762939453,9.949999809265137,33.84000015258789,8.899999618530273,15.699999809265137,14.539999961853027
2018-12-11,41.650001525878906,9.4399995803833,28.299999237060547,10.109999656677246,34.599998474121094,8.9399995803833,15.90999984741211,14.34000015258789
2018-12-12,41.84000015258789,9.329999923706055,27.8799991607666,10.5600004196167,34.43000030517578,8.829999923706055,15.739999771118164,14.40999984741211
2018-12-13,41.880001068115234,9.359999656677246,27.790000915527344,10.210000038146973,33.869998931884766,8.640000343322754,15.510000228881836,14.359999656677246
2018-12-14,41.75,8.899999618530273,27.530000686645508,10.149999618530273,34.09000015258789,8.65999984741211,15.430000305175781,14.390000343322754
2018-12-17,38.34000015258789,8.6899995803833,25.420000076293945,9.880000114440918,32.560001373291016,7.949999809265137,15.050000190734863,13.65999984741211
2018-12-18,39.84000015258789,8.739999771118164,26.15999984741211,9.930000305175781,32.599998474121094,8.029999732971191,15.199999809265137,13.329999923706055
2018-12-19,38.56999969482422,8.779999732971191,26.049999237060547,9.579999923706055,30.979999542236328,7.869999885559082,14.609999656677246,13.079999923706055
2018-12-20,37.65999984741211,8.75,26.079999923706055,9.670000076293945,29.780000686645508,7.639999866485596,13.970000267028809,12.760000228881836
2018-12-21,36.52000045776367,8.680000305175781,24.969999313354492,9.760000228881836,30.18000030517578,7.610000133514404,13.890000343322754,12.630000114440918
2018-12-24,35.689998626708984,8.699999809265137,24.56999969482422,9.649999618530273,28.389999389648438,7.190000057220459,13.6899995803833,12.3100004196167
2018-12-26,38.459999084472656,8.699999809265137,25.739999771118164,9.949999809265137,29.950000762939453,7.630000114440918,13.609999656677246,13.130000114440918
2018-12-27,40.61000061035156,8.9399995803833,26.34000015258789,10.260000228881836,30.709999084472656,7.96999979019165,14.0,13.270000457763672
2018-12-28,42.54999923706055,9.0,26.920000076293945,10.75,30.420000076293945,8.350000381469727,14.180000305175781,13.069999694824219
2018-12-31,44.220001220703125,9.199999809265137,27.56999969482422,11.130000114440918,31.809999465942383,8.680000305175781,15.0,13.390000343322754
2019-01-02,43.869998931884766,9.140000343322754,28.479999542236328,10.920000076293945,33.29999923706055,8.489999771118164,14.569999694824219,13.720000267028809
2019-01-03,44.36000061035156,9.029999732971191,28.68000030517578,10.729999542236328,33.40999984741211,8.539999961853027,14.390000343322754,13.760000228881836
2019-01-04,46.900001525878906,9.210000038146973,30.700000762939453,11.300000190734863,35.349998474121094,8.899999618530273,15.510000228881836,14.430000305175781
2019-01-07,50.0099983215332,9.369999885559082,31.239999771118164,11.539999961853027,35.810001373291016,8.880000114440918,15.710000038146973,14.529999732971191
2019-01-08,49.5,9.380000114440918,31.459999084472656,12.100000381469727,36.4900016784668,8.920000076293945,15.489999771118164,14.229999542236328
2019-01-09,50.56999969482422,9.9399995803833,32.369998931884766,12.710000038146973,36.959999084472656,9.300000190734863,15.720000267028809,14.420000076293945
2019-01-10,52.349998474121094,10.0,33.439998626708984,12.960000038146973,35.79999923706055,9.479999542236328,15.720000267028809,14.460000038146973
2019-01-11,53.16999816894531,10.069999694824219,32.4900016784668,12.75,36.400001525878906,9.649999618530273,15.930000305175781,14.680000305175781
2019-01-14,53.0,10.119999885559082,32.09000015258789,12.600000381469727,35.790000915527344,9.40999984741211,15.970000267028809,14.609999656677246
2019-01-15,52.75,10.279999732971191,31.799999237060547,12.649999618530273,36.0099983215332,9.380000114440918,16.1299991607666,14.510000228881836
2019-01-16,49.95000076293945,10.170000076293945,31.540000915527344,12.640000343322754,35.91999816894531,9.199999809265137,16.229999542236328,14.699999809265137
2019-01-17,51.65999984741211,10.199999809265137,31.760000228881836,12.1899995803833,35.349998474121094,9.199999809265137,16.420000076293945,14.960000038146973
2019-01-18,53.83000183105469,10.149999618530273,33.209999084472656,12.539999961853027,35.77000045776367,9.460000038146973,16.40999984741211,15.399999618530273
2019-01-22,52.72999954223633,9.880000114440918,32.47999954223633,12.510000228881836,34.970001220703125,9.15999984741211,16.049999237060547,15.40999984741211
2019-01-23,54.970001220703125,9.949999809265137,33.779998779296875,12.380000114440918,34.97999954223633,9.369999885559082,16.350000381469727,15.260000228881836
2019-01-24,53.97999954223633,10.180000305175781,33.5099983215332,12.350000381469727,35.61000061035156,9.239999771118164,16.360000610351562,15.65999984741211
2019-01-25,55.0,10.079999923706055,34.34000015258789,12.430000305175781,34.58000183105469,9.4399995803833,16.450000762939453,15.630000114440918
2019-01-28,55.25,10.300000190734863,34.790000915527344,12.470000267028809,34.619998931884766,9.789999961853027,16.579999923706055,15.359999656677246
2019-01-29,56.709999084472656,10.109999656677246,34.75,12.5,35.09000015258789,9.90999984741211,16.600000381469727,15.670000076293945
2019-01-30,57.150001525878906,10.329999923706055,35.560001373291016,12.59000015258789,35.150001525878906,10.289999961853027,16.68000030517578,15.899999618530273
2019-01-31,57.869998931884766,10.5,36.5099983215332,12.960000038146973,35.650001525878906,10.489999771118164,16.829999923706055,16.350000381469727
2019-02-01,57.97999954223633,10.720000267028809,36.18000030517578,12.850000381469727,35.72999954223633,10.710000038146973,16.579999923706055,16.5
2019-02-04,59.720001220703125,11.09000015258789,37.060001373291016,12.960000038146973,35.630001068115234,11.300000190734863,16.610000610351562,16.600000381469727
2019-02-05,59.68000030517578,11.34000015258789,37.29999923706055,12.960000038146973,36.9900016784668,11.3100004196167,16.649999618530273,16.56999969482422
2019-02-06,57.33000183105469,11.25,35.4900016784668,12.489999771118164,36.970001220703125,10.760000228881836,16.229999542236328,16.110000610351562
2019-02-07,56.880001068115234,10.720000267028809,35.20000076293945,12.0,36.20000076293945,10.630000114440918,15.630000114440918,15.5600004196167
2019-02-08,57.439998626708984,10.720000267028809,35.9900016784668,12.0,37.09000015258789,10.789999961853027,15.90999984741211,15.609999656677246
2019-02-11,57.619998931884766,10.949999809265137,36.31999969482422,11.9399995803833,38.54999923706055,10.819999694824219,16.399999618530273,15.430000305175781
2019-02-12,59.029998779296875,11.350000381469727,36.7599983215332,11.899999618530273,38.54999923706055,11.020000457763672,16.600000381469727,15.829999923706055
2019-02-13,56.81999969482422,11.079999923706055,35.20000076293945,11.5600004196167,38.029998779296875,10.579999923706055,16.079999923706055,15.680000305175781
2019-02-14,58.11000061035156,11.050000190734863,35.41999816894531,11.869999885559082,37.81999969482422,10.819999694824219,16.030000686645508,15.729999542236328
2019-02-15,56.95000076293945,10.779999732971191,34.779998779296875,11.739999771118164,37.20000076293945,10.630000114440918,15.65999984741211,15.470000267028809
2019-02-19,52.0,10.470000267028809,32.61000061035156,11.100000381469727,34.709999084472656,9.970000267028809,14.880000114440918,14.989999771118164
2019-02-20,51.04999923706055,10.119999885559082,33.0,11.100000381469727,34.54999923706055,9.680000305175781,14.630000114440918,14.649999618530273
2019-02-21,51.66999816894531,10.25,32.41999816894531,11.199999809265137,33.81999969482422,9.399999618530273,14.430000305175781,14.579999923706055
2019-02-22,54.08000183105469,10.65999984741211,33.66999816894531,11.619999885559082,34.41999816894531,10.039999961853027,15.210000038146973,14.9399995803833
2019-02-25,52.27000045776367,10.619999885559082,33.459999084472656,11.600000381469727,33.7599983215332,9.630000114440918,15.470000267028809,14.609999656677246
2019-02-26,53.40999984741211,10.329999923706055,33.029998779296875,11.59000015258789,33.709999084472656,9.59000015258789,15.390000343322754,14.470000267028809
2019-02-27,52.209999084472656,10.319999694824219,31.639999389648438,11.399999618530273,32.880001068115234,9.130000114440918,15.039999961853027,14.5
2019-02-28,50.5,10.199999809265137,30.56999969482422,11.229999542236328,31.860000610351562,8.920000076293945,14.529999732971191,14.140000343322754
2019-03-01,46.709999084472656,9.829999923706055,29.059999465942383,11.0,30.489999771118164,8.260000228881836,14.149999618530273,13.739999771118164
2019-03-04,46.31999969482422,9.75,28.389999389648438,11.130000114440918,29.950000762939453,8.119999885559082,14.109999656677246,13.3100004196167
2019-03-05,46.9900016784668,9.869999885559082,28.280000686645508,11.220000267028809,30.399999618530273,8.1899995803833,14.100000381469727,13.010000228881836
2019-03-06,43.72999954223633,9.649999618530273,26.270000457763672,11.010000228881836,29.440000534057617,7.539999961853027,13.529999732971191,12.649999618530273
2019-03-07,43.2599983215332,9.470000267028809,25.600000381469727,10.649999618530273,29.34000015258789,7.309999942779541,13.260000228881836,12.739999771118164
2019-03-08,44.54999923706055,9.399999618530273,26.479999542236328,11.920000076293945,30.100000381469727,7.570000171661377,13.869999885559082,12.84000015258789
2019-03-11,47.529998779296875,9.420000076293945,27.469999313354492,12.229999542236328,30.68000030517578,7.550000190734863,14.5,13.630000114440918
2019-03-12,45.70000076293945,9.649999618530273,27.15999984741211,12.130000114440918,30.200000762939453,7.46999979019165,14.09000015258789,13.779999732971191
2019-03-13,47.0099983215332,9.609999656677246,27.6299991607666,12.039999961853027,30.790000915527344,7.440000057220459,14.100000381469727,14.010000228881836
2019-03-14,46.689998626708984,9.680000305175781,27.270000457763672,12.020000457763672,30.010000228881836,7.269999980926514,14.15999984741211,14.0
2019-03-15,49.33000183105469,10.039999961853027,28.31999969482422,12.40999984741211,30.799999237060547,7.659999847412109,14.449999809265137,14.329999923706055
2019-03-18,51.439998626708984,10.649999618530273,29.389999389648438,12.600000381469727,32.84000015258789,8.0,15.0,14.6899995803833
2019-03-19,51.90999984741211,10.289999961853027,28.889999389648438,12.739999771118164,31.40999984741211,7.650000095367432,14.699999809265137,14.3100004196167
2019-03-20,52.459999084472656,10.039999961853027,28.93000030517578,12.569999694824219,31.75,7.440000057220459,14.529999732971191,14.470000267028809
2019-03-21,51.119998931884766,9.789999961853027,28.139999389648438,11.899999618530273,30.90999984741211,7.190000057220459,14.260000228881836,14.40999984741211
2019-03-22,46.470001220703125,9.260000228881836,25.84000015258789,11.3100004196167,28.579999923706055,6.519999980926514,13.460000038146973,13.760000228881836
2019-03-25,47.400001525878906,9.449999809265137,26.8700008392334,11.640000343322754,28.479999542236328,6.699999809265137,13.5,13.84000015258789
2019-03-26,46.0,9.420000076293945,25.479999542236328,11.199999809265137,27.600000381469727,6.190000057220459,13.100000381469727,13.760000228881836
2019-03-27,42.810001373291016,8.770000457763672,24.25,10.850000381469727,26.110000610351562,6.050000190734863,12.510000228881836,13.380000114440918
2019-03-28,44.119998931884766,9.029999732971191,24.860000610351562,10.960000038146973,27.06999969482422,6.159999847412109,12.989999771118164,13.6899995803833
2019-03-29,45.7599983215332,9.1899995803833,25.520000457763672,10.949999809265137,27.56999969482422,6.079999923706055,13.15999984741211,14.010000228881836
2019-04-01,46.5,9.220000267028809,25.520000457763672,11.050000190734863,26.920000076293945,6.199999809265137,13.300000190734863,14.449999809265137
2019-04-02,44.47999954223633,9.0,24.6299991607666,10.970000267028809,26.68000030517578,6.019999980926514,12.619999885559082,14.319999694824219
2019-04-03,43.06999969482422,8.770000457763672,24.389999389648438,10.890000343322754,25.790000915527344,5.820000171661377,12.449999809265137,14.430000305175781
2019-04-04,43.599998474121094,8.729999542236328,24.610000610351562,10.899999618530273,25.399999618530273,5.880000114440918,12.34000015258789,14.479999542236328
2019-04-05,45.619998931884766,8.850000381469727,24.969999313354492,10.890000343322754,25.200000762939453,5.980000019073486,12.170000076293945,14.569999694824219
2019-04-08,47.470001220703125,8.819999694824219,25.469999313354492,10.800000190734863,25.770000457763672,6.369999885559082,12.529999732971191,15.069999694824219
2019-04-09,46.16999816894531,8.319999694824219,24.329999923706055,10.729999542236328,24.56999969482422,5.96999979019165,11.800000190734863,14.729999542236328
2019-04-10,47.869998931884766,8.3100004196167,25.18000030517578,10.869999885559082,24.700000762939453,5.909999847412109,12.069999694824219,14.989999771118164
2019-04-11,46.099998474121094,8.140000343322754,24.56999969482422,10.8100004196167,23.940000534057617,5.920000076293945,11.869999885559082,14.789999961853027
2019-04-12,48.43000030517578,8.260000228881836,25.610000610351562,11.239999771118164,23.920000076293945,5.960000038146973,12.119999885559082,14.739999771118164
2019-04-15,49.29999923706055,8.529999732971191,26.520000457763672,12.020000457763672,24.799999237060547,6.090000152587891,12.600000381469727,14.9399995803833
2019-04-16,48.5,8.6899995803833,25.780000686645508,11.670000076293945,24.440000534057617,6.050000190734863,12.399999618530273,14.90999984741211
2019-04-17,50.83000183105469,8.789999961853027,26.1299991607666,11.720000267028809,24.329999923706055,6.119999885559082,11.930000305175781,14.84000015258789
2019-04-18,46.97999954223633,8.520000457763672,24.040000915527344,11.229999542236328,23.559999465942383,5.650000095367432,10.899999618530273,14.390000343322754
2019-04-22,47.02000045776367,8.300000190734863,24.329999923706055,11.270000457763672,23.530000686645508,5.550000190734863,10.9399995803833,14.40999984741211
2019-04-23,47.09000015258789,8.390000343322754,24.530000686645508,11.270000457763672,23.459999084472656,5.71999979019165,11.4399995803833,14.880000114440918
2019-04-24,42.40999984741211,7.820000171661377,21.719999313354492,9.739999771118164,21.479999542236328,5.039999961853027,10.279999732971191,14.029999732971191
2019-04-25,41.189998626708984,7.5,21.1299991607666,9.3100004196167,21.31999969482422,5.199999809265137,9.989999771118164,13.699999809265137
2019-04-26,40.81999969482422,7.579999923706055,21.010000228881836,9.630000114440918,20.59000015258789,4.96999979019165,9.930000305175781,13.140000343322754
2019-04-29,39.72999954223633,7.489999771118164,21.290000915527344,9.529999732971191,20.299999237060547,5.0,9.84000015258789,13.220000267028809
2019-04-30,40.58000183105469,8.079999923706055,21.780000686645508,10.0,20.950000762939453,5.079999923706055,10.15999984741211,13.529999732971191
2019-05-01,41.84000015258789,8.279999732971191,22.170000076293945,9.859999656677246,21.100000381469727,5.28000020980835,10.34000015258789,13.4399995803833
2019-05-02,43.720001220703125,8.40999984741211,23.110000610351562,10.029999732971191,21.780000686645508,5.340000152587891,10.600000381469727,13.619999885559082
2019-05-03,48.13999938964844,8.829999923706055,24.489999771118164,10.380000114440918,23.1299991607666,5.739999771118164,10.880000114440918,14.420000076293945
2019-05-06,47.97999954223633,8.720000267028809,24.270000457763672,10.3100004196167,23.469999313354492,5.75,11.470000267028809,14.6899995803833
2019-05-07,45.70000076293945,8.569999694824219,23.440000534057617,9.850000381469727,22.75,5.28000020980835,11.279999732971191,14.65999984741211
2019-05-08,46.900001525878906,8.920000076293945,24.540000915527344,10.180000305175781,23.65999984741211,5.449999809265137,11.789999961853027,14.9399995803833
2019-05-09,48.04999923706055,9.369999885559082,25.549999237060547,10.239999771118164,23.729999542236328,5.579999923706055,11.5600004196167,15.0
2019-05-10,46.52000045776367,8.84000015258789,24.719999313354492,10.260000228881836,23.190000534057617,5.440000057220459,11.609999656677246,14.630000114440918
2019-05-13,42.75,8.510000228881836,23.809999465942383,10.020000457763672,22.229999542236328,5.269999980926514,11.180000305175781,14.039999961853027
2019-05-14,43.47999954223633,8.039999961853027,24.34000015258789,9.680000305175781,22.760000228881836,5.300000190734863,11.300000190734863,14.550000190734863
2019-05-15,44.400001525878906,7.980000019073486,24.760000228881836,9.989999771118164,23.1299991607666,5.539999961853027,11.510000228881836,15.140000343322754
2019-05-16,45.72999954223633,7.78000020980835,25.329999923706055,10.0,23.43000030517578,5.650000095367432,11.5,15.510000228881836
2019-05-17,44.939998626708984,7.570000171661377,24.43000030517578,9.4399995803833,22.719999313354492,5.289999961853027,11.640000343322754,15.369999885559082
2019-05-20,45.72999954223633,7.449999809265137,24.690000534057617,9.4399995803833,23.09000015258789,5.429999828338623,11.65999984741211,15.350000381469727
2019-05-21,48.43000030517578,7.880000114440918,26.079999923706055,9.510000228881836,25.110000610351562,6.099999904632568,11.970000267028809,15.270000457763672
2019-05-22,48.970001220703125,7.730000019073486,26.209999084472656,9.270000457763672,25.719999313354492,5.880000114440918,12.489999771118164,15.3100004196167
2019-05-23,48.349998474121094,7.550000190734863,25.969999313354492,9.069999694824219,25.239999771118164,5.75,12.350000381469727,14.890000343322754
2019-05-24,49.9900016784668,7.929999828338623,26.600000381469727,9.789999961853027,26.020000457763672,5.900000095367432,12.779999732971191,15.40999984741211
2019-05-28,48.810001373291016,7.820000171661377,25.760000228881836,9.319999694824219,26.079999923706055,5.900000095367432,12.729999542236328,15.710000038146973
2019-05-29,48.279998779296875,7.78000020980835,25.59000015258789,9.390000343322754,25.860000610351562,5.96999979019165,12.619999885559082,14.9399995803833
2019-05-30,49.849998474121094,8.020000457763672,25.90999984741211,9.949999809265137,26.100000381469727,5.949999809265137,13.170000076293945,14.869999885559082
2019-05-31,49.880001068115234,8.069999694824219,25.610000610351562,9.949999809265137,25.280000686645508,5.840000152587891,13.09000015258789,14.829999923706055
2019-06-03,50.29999923706055,7.760000228881836,25.0,9.800000190734863,25.489999771118164,5.710000038146973,13.180000305175781,14.970000267028809
2019-06-04,53.810001373291016,8.069999694824219,26.520000457763672,10.229999542236328,26.739999771118164,6.150000095367432,13.34000015258789,15.130000114440918
2019-06-05,54.619998931884766,8.050000190734863,26.969999313354492,10.329999923706055,27.489999771118164,6.170000076293945,13.430000305175781,15.0600004196167
2019-06-06,55.709999084472656,8.279999732971191,27.6200008392334,10.220000267028809,27.399999618530273,6.199999809265137,13.220000267028809,15.229999542236328
2019-06-07,56.11000061035156,8.0600004196167,27.40999984741211,10.020000457763672,26.030000686645508,6.090000152587891,13.15999984741211,15.640000343322754
2019-06-10,57.869998931884766,8.0,28.549999237060547,10.470000267028809,26.959999084472656,6.349999904632568,13.380000114440918,16.1299991607666
2019-06-11,61.79999923706055,8.670000076293945,30.780000686645508,11.319999694824219,29.899999618530273,7.489999771118164,14.34000015258789,16.75
2019-06-12,68.55000305175781,9.220000267028809,34.619998931884766,12.039999961853027,33.65999984741211,7.900000095367432,15.0,17.219999313354492
2019-06-13,68.43000030517578,8.979999542236328,34.04999923706055,11.680000305175781,32.38999938964844,7.679999828338623,14.75,17.139999389648438
2019-06-14,65.76000213623047,8.819999694824219,32.900001525878906,11.380000114440918,31.81999969482422,7.440000057220459,14.789999961853027,17.0
2019-06-17,64.94000244140625,8.710000038146973,33.029998779296875,11.5,32.22999954223633,7.340000152587891,14.800000190734863,17.280000686645508
2019-06-18,67.55999755859375,8.65999984741211,33.59000015258789,11.359999656677246,32.2400016784668,7.420000076293945,14.869999885559082,17.700000762939453
2019-06-19,65.3499984741211,8.390000343322754,32.70000076293945,11.109999656677246,32.38999938964844,7.010000228881836,14.729999542236328,17.649999618530273
2019-06-20,66.97000122070312,8.609999656677246,33.90999984741211,11.289999961853027,32.83000183105469,7.440000057220459,14.600000381469727,18.25
2019-06-21,66.45999908447266,8.630000114440918,34.130001068115234,11.300000190734863,32.900001525878906,7.260000228881836,14.699999809265137,18.219999313354492
2019-06-24,67.26000213623047,8.6899995803833,34.279998779296875,11.289999961853027,33.41999816894531,7.429999828338623,14.630000114440918,18.229999542236328
2019-06-25,69.33000183105469,8.699999809265137,34.7599983215332,11.15999984741211,32.939998626708984,7.389999866485596,14.720000267028809,18.149999618530273
2019-06-26,67.87999725341797,8.800000190734863,33.709999084472656,11.5,32.38999938964844,7.159999847412109,14.319999694824219,18.190000534057617
2019-06-27,70.61000061035156,9.100000381469727,33.90999984741211,11.479999542236328,34.79999923706055,7.389999866485596,14.1899995803833,18.299999237060547
2019-06-28,72.8499984741211,9.270000457763672,35.5,11.699999809265137,34.66999816894531,7.880000114440918,14.460000038146973,18.209999084472656
2019-07-01,71.55000305175781,9.170000076293945,35.5099983215332,11.859999656677246,34.54999923706055,7.880000114440918,14.739999771118164,18.5
2019-07-02,73.95999908447266,9.199999809265137,36.72999954223633,12.020000457763672,34.84000015258789,8.210000038146973,14.829999923706055,18.100000381469727
2019-07-03,73.4000015258789,9.220000267028809,36.45000076293945,12.029999732971191,34.11000061035156,8.15999984741211,14.729999542236328,18.25
2019-07-05,72.5199966430664,9.3100004196167,36.400001525878906,12.0,33.91999816894531,8.34000015258789,14.729999542236328,18.149999618530273
2019-07-08,74.0,9.350000381469727,37.4900016784668,11.930000305175781,34.63999938964844,8.4399995803833,14.920000076293945,18.1299991607666
2019-07-09,74.37000274658203,9.5,38.150001525878906,12.039999961853027,35.349998474121094,8.800000190734863,14.949999809265137,18.15999984741211
2019-07-10,74.55000305175781,9.699999809265137,38.0,11.970000267028809,35.38999938964844,8.569999694824219,15.40999984741211,18.450000762939453
2019-07-11,73.9000015258789,9.890000343322754,37.93000030517578,12.25,35.27000045776367,8.350000381469727,16.399999618530273,18.43000030517578
2019-07-12,73.30000305175781,9.829999923706055,37.86000061035156,12.449999809265137,35.900001525878906,8.350000381469727,16.239999771118164,18.440000534057617
2019-07-15,68.95999908447266,9.229999542236328,35.869998931884766,12.020000457763672,33.470001220703125,7.940000057220459,15.630000114440918,18.09000015258789
2019-07-16,69.11000061035156,9.25,36.16999816894531,12.279999732971191,34.5,7.980000019073486,15.59000015258789,18.1200008392334
2019-07-17,68.16999816894531,9.430000305175781,35.90999984741211,12.470000267028809,34.439998626708984,8.119999885559082,15.729999542236328,17.959999084472656
2019-07-18,67.02999877929688,9.25,35.34000015258789,12.359999656677246,33.58000183105469,7.809999942779541,15.260000228881836,17.729999542236328
2019-07-19,65.81999969482422,9.180000305175781,34.900001525878906,12.329999923706055,33.2599983215332,7.590000152587891,15.199999809265137,17.290000915527344
2019-07-22,63.540000915527344,9.020000457763672,33.5,11.850000381469727,31.559999465942383,7.179999828338623,14.4399995803833,16.989999771118164
2019-07-23,65.08000183105469,9.029999732971191,33.790000915527344,11.75,31.899999618530273,7.119999885559082,14.449999809265137,16.780000686645508
2019-07-24,65.29000091552734,8.979999542236328,33.939998626708984,11.9399995803833,32.5,7.159999847412109,15.010000228881836,16.8700008392334
2019-07-25,65.41999816894531,8.699999809265137,33.970001220703125,11.869999885559082,32.189998626708984,7.070000171661377,15.020000457763672,16.639999389648438
2019-07-26,70.86000061035156,9.149999618530273,37.41999816894531,12.199999809265137,33.5099983215332,7.71999979019165,15.329999923706055,16.809999465942383
2019-07-29,72.0199966430664,9.229999542236328,38.189998626708984,12.579999923706055,33.79999923706055,7.760000228881836,15.579999923706055,16.940000534057617
2019-07-30,70.9000015258789,9.170000076293945,37.599998474121094,12.380000114440918,33.47999954223633,7.679999828338623,15.930000305175781,16.700000762939453
2019-07-31,69.27999877929688,9.210000038146973,36.7400016784668,12.329999923706055,32.900001525878906,7.699999809265137,15.609999656677246,16.450000762939453
2019-08-01,65.41999816894531,8.899999618530273,35.40999984741211,11.850000381469727,32.029998779296875,7.289999961853027,15.149999618530273,16.020000457763672
2019-08-02,65.08999633789062,8.90999984741211,35.02000045776367,12.119999885559082,32.2400016784668,7.510000228881836,14.850000381469727,15.880000114440918
2019-08-05,63.25,8.449999809265137,34.08000183105469,11.289999961853027,31.200000762939453,7.340000152587891,14.710000038146973,15.479999542236328
2019-08-06,66.30000305175781,8.399999618530273,35.31999969482422,11.550000190734863,31.6200008392334,7.349999904632568,14.90999984741211,15.649999618530273
2019-08-07,66.18000030517578,8.1899995803833,34.540000915527344,11.640000343322754,31.100000381469727,7.090000152587891,14.949999809265137,15.850000381469727
2019-08-08,69.16000366210938,8.369999885559082,34.95000076293945,11.630000114440918,32.0099983215332,7.070000171661377,14.930000305175781,15.630000114440918
2019-08-09,76.4800033569336,8.960000038146973,38.16999816894531,12.880000114440918,35.119998931884766,7.659999847412109,15.779999732971191,16.68000030517578
2019-08-12,36.20000076293945,3.950000047683716,16.75,5.5,16.219999313354492,3.1700000762939453,8.199999809265137,11.0
2019-08-13,37.279998779296875,3.740000009536743,17.229999542236328,6.0,16.260000228881836,3.5,8.920000076293945,11.350000381469727
2019-08-14,36.08000183105469,3.4600000381469727,16.579999923706055,5.400000095367432,15.380000114440918,3.3499999046325684,8.75,10.359999656677246
2019-08-15,38.91999816894531,3.9200000762939453,17.469999313354492,5.71999979019165,17.260000228881836,3.9200000762939453,9.510000228881836,10.520000457763672
2019-08-16,38.279998779296875,3.8499999046325684,17.739999771118164,5.699999809265137,17.34000015258789,3.930000066757202,9.710000038146973,10.5600004196167
2019-08-19,32.439998626708984,3.609999895095825,14.949999809265137,5.360000133514404,16.06999969482422,3.309999942779541,8.779999732971191,9.779999732971191
2019-08-20,32.31999969482422,3.6700000762939453,15.140000343322754,5.559999942779541,16.579999923706055,3.3399999141693115,8.899999618530273,9.649999618530273
2019-08-21,33.70000076293945,3.7699999809265137,15.59000015258789,5.639999866485596,16.530000686645508,3.5,9.220000267028809,10.0
2019-08-22,33.209999084472656,3.8299999237060547,15.550000190734863,5.699999809265137,16.860000610351562,3.4800000190734863,8.949999809265137,9.75
2019-08-23,30.90999984741211,3.609999895095825,14.6899995803833,5.389999866485596,16.1299991607666,3.3299999237060547,8.720000267028809,9.619999885559082
2019-08-26,29.84000015258789,3.5399999618530273,13.949999809265137,5.369999885559082,15.329999923706055,3.25,8.449999809265137,9.420000076293945
2019-08-27,27.049999237060547,3.2100000381469727,12.869999885559082,5.110000133514404,14.449999809265137,2.940000057220459,7.960000038146973,8.920000076293945
2019-08-28,26.469999313354492,3.2300000190734863,12.739999771118164,5.039999961853027,14.460000038146973,2.9000000953674316,7.920000076293945,8.779999732971191
2019-08-29,24.889999389648438,3.049999952316284,11.899999618530273,5.079999923706055,13.4399995803833,2.690000057220459,7.789999961853027,8.899999618530273
2019-08-30,23.309999465942383,2.7799999713897705,10.84000015258789,4.800000190734863,12.979999542236328,2.4600000381469727,7.5,8.5600004196167
2019-09-03,21.899999618530273,2.690000057220459,9.569999694824219,4.679999828338623,12.220000267028809,2.2899999618530273,7.400000095367432,8.130000114440918
2019-09-04,23.600000381469727,2.619999885559082,11.050000190734863,4.909999847412109,12.920000076293945,2.7200000286102295,8.220000267028809,8.470000267028809
2019-09-05,24.950000762939453,2.880000114440918,11.449999809265137,5.349999904632568,15.319999694824219,3.119999885559082,8.319999694824219,9.25
2019-09-06,24.860000610351562,2.9100000858306885,11.729999542236328,5.420000076293945,14.949999809265137,3.2100000381469727,8.109999656677246,9.260000228881836
2019-09-09,24.6299991607666,2.9200000762939453,11.800000190734863,5.269999980926514,14.890000343322754,3.180000066757202,8.069999694824219,8.90999984741211
2019-09-10,25.030000686645508,2.940000057220459,11.899999618530273,5.230000019073486,15.100000381469727,3.1700000762939453,8.069999694824219,8.960000038146973
2019-09-11,24.780000686645508,3.0799999237060547,12.020000457763672,5.300000190734863,15.579999923706055,3.259999990463257,8.149999618530273,8.850000381469727
2019-09-12,24.5,3.0299999713897705,11.779999732971191,5.289999961853027,15.390000343322754,3.0899999141693115,7.960000038146973,8.6899995803833
2019-09-13,24.690000534057617,2.950000047683716,11.130000114440918,5.239999771118164,14.84000015258789,2.9200000762939453,7.730000019073486,8.619999885559082
2019-09-16,25.25,3.049999952316284,11.829999923706055,5.320000171661377,16.25,2.930000066757202,8.300000190734863,8.970000267028809
2019-09-17,24.920000076293945,3.109999895095825,12.029999732971191,5.449999809265137,15.960000038146973,2.990000009536743,8.140000343322754,8.720000267028809
2019-09-18,24.25,3.1600000858306885,11.84000015258789,5.320000171661377,15.920000076293945,2.9700000286102295,8.279999732971191,8.800000190734863
2019-09-19,24.350000381469727,3.3399999141693115,12.229999542236328,5.539999961853027,16.399999618530273,3.049999952316284,8.569999694824219,9.229999542236328
2019-09-20,23.790000915527344,3.140000104904175,11.899999618530273,5.28000020980835,16.020000457763672,2.9100000858306885,8.420000076293945,9.180000305175781
2019-09-23,23.549999237060547,3.0299999713897705,11.869999885559082,5.28000020980835,15.9399995803833,2.869999885559082,8.430000305175781,8.989999771118164
2019-09-24,23.549999237060547,2.8499999046325684,11.779999732971191,5.300000190734863,15.640000343322754,2.819999933242798,8.229999542236328,8.920000076293945
2019-09-25,24.520000457763672,2.9100000858306885,12.359999656677246,5.440000057220459,16.170000076293945,2.930000066757202,8.479999542236328,9.079999923706055
2019-09-26,24.90999984741211,2.8499999046325684,12.399999618530273,5.650000095367432,16.1200008392334,2.9800000190734863,8.359999656677246,9.100000381469727
2019-09-27,26.059999465942383,2.8499999046325684,13.069999694824219,5.690000057220459,16.700000762939453,3.2100000381469727,8.5600004196167,9.460000038146973
2019-09-30,26.020000457763672,2.950000047683716,13.0,5.75,17.360000610351562,3.2100000381469727,8.489999771118164,9.25
2019-10-01,25.6200008392334,2.9000000953674316,12.760000228881836,5.730000019073486,17.190000534057617,3.109999895095825,8.359999656677246,9.289999961853027
2019-10-02,26.530000686645508,2.9100000858306885,13.130000114440918,5.809999942779541,17.540000915527344,3.180000066757202,8.579999923706055,9.449999809265137
2019-10-03,25.610000610351562,2.890000104904175,13.109999656677246,5.900000095367432,17.860000610351562,3.0899999141693115,8.449999809265137,9.40999984741211
2019-10-04,26.889999389648438,3.0999999046325684,13.510000228881836,6.03000020980835,18.520000457763672,3.240000009536743,8.989999771118164,9.630000114440918
2019-10-07,26.540000915527344,3.190000057220459,13.359999656677246,5.980000019073486,17.899999618530273,3.2799999713897705,8.699999809265137,9.5
2019-10-08,25.18000030517578,3.0899999141693115,12.710000038146973,5.909999847412109,16.760000228881836,3.059999942779541,8.170000076293945,9.279999732971191
2019-10-09,25.829999923706055,3.0899999141693115,12.75,5.900000095367432,16.34000015258789,3.140000104904175,7.980000019073486,9.239999771118164
2019-10-10,27.760000228881836,3.2200000286102295,13.390000343322754,5.989999771118164,17.200000762939453,3.319999933242798,8.300000190734863,9.5
2019-10-11,27.09000015258789,3.119999885559082,13.0600004196167,5.96999979019165,17.0,3.190000057220459,8.359999656677246,9.289999961853027
2019-10-14,26.399999618530273,3.009999990463257,12.850000381469727,5.849999904632568,16.389999389648438,3.119999885559082,8.210000038146973,9.130000114440918
2019-10-15,26.68000030517578,3.0,13.239999771118164,5.789999961853027,16.780000686645508,3.109999895095825,8.270000457763672,9.239999771118164
2019-10-16,25.8799991607666,2.9700000286102295,12.850000381469727,5.829999923706055,16.18000030517578,3.0899999141693115,8.149999618530273,9.100000381469727
2019-10-17,25.860000610351562,2.9200000762939453,12.510000228881836,6.03000020980835,15.720000267028809,2.9800000190734863,8.069999694824219,9.239999771118164
2019-10-18,25.239999771118164,2.8499999046325684,12.510000228881836,5.800000190734863,15.380000114440918,2.869999885559082,8.069999694824219,9.119999885559082
2019-10-21,25.469999313354492,2.8299999237060547,12.84000015258789,6.010000228881836,15.770000457763672,2.9200000762939453,8.039999961853027,9.25
2019-10-22,24.709999084472656,2.7799999713897705,12.380000114440918,5.960000038146973,15.399999618530273,2.7899999618530273,7.869999885559082,9.069999694824219
2019-10-23,24.920000076293945,2.859999895095825,12.6899995803833,5.980000019073486,15.149999618530273,2.819999933242798,7.690000057220459,9.149999618530273
2019-10-24,24.25,2.7100000381469727,12.420000076293945,6.0,15.199999809265137,2.819999933242798,7.579999923706055,9.3100004196167
2019-10-25,25.110000610351562,2.859999895095825,12.729999542236328,6.059999942779541,15.579999923706055,2.799999952316284,7.570000171661377,9.470000267028809
2019-10-28,23.020000457763672,2.680000066757202,11.279999732971191,5.739999771118164,14.460000038146973,2.640000104904175,7.159999847412109,9.020000457763672
2019-10-29,23.520000457763672,2.809999942779541,11.390000343322754,5.760000228881836,15.140000343322754,2.700000047683716,7.619999885559082,9.40999984741211
2019-10-30,23.18000030517578,2.8499999046325684,11.399999618530273,5.800000190734863,15.489999771118164,2.7200000286102295,7.71999979019165,9.479999542236328
2019-10-31,22.899999618530273,3.2200000286102295,11.5600004196167,5.949999809265137,15.569999694824219,2.7200000286102295,7.559999942779541,9.359999656677246
2019-11-01,22.65999984741211,3.2799999713897705,11.789999961853027,5.920000076293945,15.789999961853027,2.7799999713897705,7.400000095367432,9.479999542236328
2019-11-04,23.899999618530273,3.450000047683716,12.539999961853027,6.050000190734863,16.459999084472656,2.9600000381469727,7.71999979019165,9.75
2019-11-05,24.219999313354492,3.5,12.680000305175781,5.980000019073486,16.440000534057617,3.0799999237060547,8.0,9.84000015258789
2019-11-06,23.360000610351562,3.4100000858306885,12.199999809265137,5.75,15.430000305175781,2.930000066757202,7.610000133514404,9.34000015258789
2019-11-07,23.809999465942383,3.3399999141693115,12.59000015258789,5.800000190734863,15.649999618530273,2.9200000762939453,7.71999979019165,9.5
2019-11-08,23.600000381469727,3.25,12.40999984741211,5.690000057220459,14.029999732971191,2.7200000286102295,6.730000019073486,9.420000076293945
2019-11-11,25.170000076293945,3.2100000381469727,12.720000267028809,5.849999904632568,13.539999961853027,2.690000057220459,6.519999980926514,9.319999694824219
2019-11-12,24.709999084472656,3.430000066757202,12.069999694824219,5.949999809265137,13.720000267028809,2.569999933242798,6.630000114440918,9.100000381469727
2019-11-13,24.260000228881836,3.240000009536743,11.600000381469727,5.96999979019165,13.170000076293945,2.4700000286102295,6.239999771118164,8.960000038146973
2019-11-14,22.75,3.0799999237060547,11.069999694824219,6.03000020980835,12.680000305175781,2.369999885559082,5.909999847412109,9.0
2019-11-15,23.239999771118164,3.1700000762939453,11.579999923706055,6.28000020980835,13.109999656677246,2.559999942779541,6.099999904632568,9.239999771118164
2019-11-18,22.600000381469727,3.049999952316284,11.380000114440918,6.210000038146973,12.970000267028809,2.490000009536743,5.829999923706055,8.90999984741211
2019-11-19,23.3700008392334,3.200000047683716,11.84000015258789,6.25,13.329999923706055,2.690000057220459,6.210000038146973,8.979999542236328
2019-11-20,25.079999923706055,3.490000009536743,12.539999961853027,6.639999866485596,13.479999542236328,2.809999942779541,6.260000228881836,9.199999809265137
2019-11-21,24.989999771118164,3.5999999046325684,12.6899995803833,6.510000228881836,13.270000457763672,2.7799999713897705,6.159999847412109,9.1899995803833
2019-11-22,25.0,3.680000066757202,12.739999771118164,6.579999923706055,13.569999694824219,2.819999933242798,6.079999923706055,9.4399995803833
2019-11-25,25.229999542236328,3.609999895095825,12.8100004196167,6.570000171661377,13.4399995803833,2.799999952316284,6.119999885559082,9.520000457763672
2019-11-26,25.100000381469727,3.6600000858306885,12.899999618530273,6.590000152587891,12.859999656677246,2.799999952316284,5.659999847412109,9.40999984741211
2019-11-27,26.690000534057617,4.010000228881836,13.779999732971191,6.800000190734863,13.890000343322754,3.009999990463257,6.119999885559082,9.680000305175781
2019-11-29,25.850000381469727,3.9700000286102295,13.359999656677246,6.559999942779541,13.640000343322754,2.799999952316284,6.03000020980835,9.609999656677246
2019-12-02,24.760000228881836,3.8299999237060547,12.850000381469727,6.159999847412109,13.390000343322754,2.740000009536743,5.789999961853027,9.34000015258789
2019-12-03,24.799999237060547,3.690000057220459,12.869999885559082,6.130000114440918,13.140000343322754,2.75,5.559999942779541,9.09000015258789
2019-12-04,26.420000076293945,3.700000047683716,13.420000076293945,6.090000152587891,13.539999961853027,2.799999952316284,5.739999771118164,9.449999809265137
2019-12-05,26.920000076293945,3.819999933242798,13.229999542236328,6.190000057220459,13.539999961853027,2.7699999809265137,5.75,9.329999923706055
2019-12-06,28.40999984741211,4.03000020980835,13.800000190734863,6.25,14.119999885559082,2.880000114440918,6.110000133514404,9.65999984741211
2019-12-09,28.579999923706055,4.239999771118164,14.050000190734863,6.539999961853027,14.800000190734863,2.950000047683716,6.25,10.15999984741211
2019-12-10,27.06999969482422,4.039999961853027,13.25,6.300000190734863,13.819999694824219,2.7899999618530273,5.96999979019165,9.850000381469727
2019-12-11,27.1299991607666,4.050000190734863,13.199999809265137,6.300000190734863,13.600000381469727,2.859999895095825,6.019999980926514,9.770000457763672
2019-12-12,28.59000015258789,4.179999828338623,13.960000038146973,6.800000190734863,14.270000457763672,3.0,6.260000228881836,10.1899995803833
2019-12-13,30.040000915527344,4.519999980926514,14.75,6.739999771118164,15.180000305175781,3.140000104904175,6.590000152587891,10.369999885559082
2019-12-16,30.530000686645508,4.639999866485596,14.470000267028809,6.840000152587891,15.350000381469727,3.059999942779541,6.559999942779541,10.270000457763672
2019-12-17,31.1299991607666,4.380000114440918,14.539999961853027,6.889999866485596,15.010000228881836,3.0999999046325684,6.340000152587891,10.289999961853027
2019-12-18,33.0099983215332,4.53000020980835,14.789999961853027,7.239999771118164,15.5600004196167,3.2300000190734863,6.590000152587891,10.699999809265137
2019-12-19,33.54999923706055,4.71999979019165,14.800000190734863,7.230000019073486,15.479999542236328,3.299999952316284,6.659999847412109,10.65999984741211
2019-12-20,33.72999954223633,4.849999904632568,15.0,7.340000152587891,15.609999656677246,3.299999952316284,6.75,11.010000228881836
2019-12-23,36.27000045776367,5.139999866485596,16.34000015258789,7.400000095367432,16.290000915527344,3.700000047683716,7.110000133514404,11.319999694824219
2019-12-24,36.720001220703125,5.21999979019165,16.479999542236328,7.690000057220459,16.579999923706055,3.75,7.309999942779541,11.609999656677246
2019-12-26,37.75,5.489999771118164,17.049999237060547,8.199999809265137,16.959999084472656,4.179999828338623,7.449999809265137,11.850000381469727
2019-12-27,36.380001068115234,5.010000228881836,16.420000076293945,7.769999980926514,16.860000610351562,3.940000057220459,7.199999809265137,11.819999694824219
2019-12-30,36.27000045776367,4.880000114440918,16.290000915527344,7.949999809265137,16.790000915527344,3.7300000190734863,7.239999771118164,11.5600004196167
2019-12-31,36.25,4.860000133514404,16.229999542236328,7.820000171661377,16.43000030517578,3.680000066757202,7.170000076293945,11.579999923706055
2020-01-02,36.36000061035156,4.449999809265137,16.40999984741211,7.619999885559082,15.84000015258789,3.6600000858306885,7.019999980926514,11.260000228881836
2020-01-03,35.36000061035156,4.269999980926514,15.800000190734863,7.440000057220459,15.5,3.5,6.96999979019165,11.15999984741211
2020-01-06,35.83000183105469,4.420000076293945,15.970000267028809,7.300000190734863,15.350000381469727,3.5899999141693115,6.960000038146973,11.140000343322754
2020-01-07,35.29999923706055,4.369999885559082,15.869999885559082,7.230000019073486,15.260000228881836,3.4200000762939453,7.019999980926514,10.90999984741211
2020-01-08,35.810001373291016,4.460000038146973,16.040000915527344,7.28000020980835,14.949999809265137,3.380000114440918,6.900000095367432,10.979999542236328
2020-01-09,36.84000015258789,4.610000133514404,16.649999618530273,7.239999771118164,15.329999923706055,3.5999999046325684,7.159999847412109,10.989999771118164
2020-01-10,36.189998626708984,4.519999980926514,16.3700008392334,7.159999847412109,15.0600004196167,3.5799999237060547,7.03000020980835,10.65999984741211
2020-01-13,34.540000915527344,4.300000190734863,15.619999885559082,6.900000095367432,14.390000343322754,3.4100000858306885,6.710000038146973,10.649999618530273
2020-01-14,33.650001525878906,4.150000095367432,15.470000267028809,7.039999961853027,14.369999885559082,3.3299999237060547,6.539999961853027,10.640000343322754
2020-01-15,32.029998779296875,3.9700000286102295,14.829999923706055,7.010000228881836,13.979999542236328,3.1600000858306885,6.489999771118164,10.380000114440918
2020-01-16,32.900001525878906,4.119999885559082,15.260000228881836,7.150000095367432,14.199999809265137,3.2699999809265137,6.679999828338623,10.350000381469727
2020-01-17,33.04999923706055,4.210000038146973,15.600000381469727,7.329999923706055,14.949999809265137,3.359999895095825,6.789999961853027,10.319999694824219
2020-01-21,32.45000076293945,3.869999885559082,15.079999923706055,7.289999961853027,14.270000457763672,3.140000104904175,6.519999980926514,9.819999694824219
2020-01-22,32.959999084472656,3.869999885559082,14.970000267028809,7.269999980926514,14.579999923706055,3.180000066757202,6.420000076293945,9.949999809265137
2020-01-23,31.690000534057617,3.740000009536743,14.550000190734863,7.110000133514404,13.899999618530273,3.0799999237060547,6.349999904632568,9.760000228881836
2020-01-24,30.290000915527344,3.700000047683716,13.989999771118164,7.099999904632568,13.199999809265137,2.9800000190734863,6.130000114440918,9.65999984741211
2020-01-27,29.739999771118164,3.7100000381469727,13.75,7.010000228881836,13.279999732971191,2.869999885559082,6.199999809265137,9.369999885559082
2020-01-28,31.350000381469727,3.9100000858306885,14.449999809265137,7.21999979019165,13.630000114440918,3.009999990463257,6.21999979019165,9.420000076293945
2020-01-29,30.950000762939453,3.7799999713897705,14.40999984741211,6.929999828338623,13.479999542236328,2.9700000286102295,6.199999809265137,9.579999923706055
2020-01-30,31.65999984741211,3.809999942779541,14.84000015258789,7.099999904632568,13.65999984741211,3.0,6.309999942779541,9.609999656677246
2020-01-31,30.670000076293945,3.740000009536743,14.350000381469727,6.900000095367432,13.170000076293945,2.890000104904175,6.190000057220459,9.390000343322754
2020-02-03,33.130001068115234,3.930000066757202,15.1899995803833,7.110000133514404,14.350000381469727,3.130000114440918,6.46999979019165,9.680000305175781
2020-02-04,32.04999923706055,3.6500000953674316,14.800000190734863,7.199999809265137,13.520000457763672,3.049999952316284,6.260000228881836,9.699999809265137
2020-02-05,32.470001220703125,3.7100000381469727,14.729999542236328,7.190000057220459,13.640000343322754,3.1500000953674316,6.25,9.850000381469727
2020-02-06,32.459999084472656,3.700000047683716,14.800000190734863,7.21999979019165,13.819999694824219,3.140000104904175,6.269999980926514,9.850000381469727
2020-02-07,33.31999969482422,3.700000047683716,14.979999542236328,7.010000228881836,14.029999732971191,3.1500000953674316,6.349999904632568,9.859999656677246
2020-02-10,33.09000015258789,3.7899999618530273,14.989999771118164,7.010000228881836,13.800000190734863,3.0999999046325684,6.309999942779541,9.899999618530273
2020-02-11,31.81999969482422,3.700000047683716,14.65999984741211,6.809999942779541,13.430000305175781,2.990000009536743,6.25,9.5600004196167
2020-02-12,32.72999954223633,3.7100000381469727,14.8100004196167,6.769999980926514,13.460000038146973,3.0,6.369999885559082,9.430000305175781
2020-02-13,31.1200008392334,3.6700000762939453,13.579999923706055,6.610000133514404,12.869999885559082,2.859999895095825,6.25,9.210000038146973
2020-02-14,31.190000534057617,3.640000104904175,13.789999961853027,6.449999809265137,12.800000190734863,2.869999885559082,6.320000171661377,9.479999542236328
2020-02-18,31.260000228881836,3.549999952316284,13.699999809265137,6.550000190734863,12.800000190734863,2.890000104904175,6.21999979019165,9.479999542236328
2020-02-19,32.79999923706055,3.5999999046325684,14.09000015258789,6.519999980926514,12.90999984741211,3.0,6.21999979019165,9.649999618530273
2020-02-20,33.900001525878906,3.559999942779541,14.3100004196167,6.480000019073486,13.210000038146973,3.0799999237060547,6.420000076293945,9.699999809265137
2020-02-21,34.2400016784668,3.450000047683716,14.489999771118164,6.369999885559082,13.25,3.0799999237060547,6.429999828338623,9.59000015258789
2020-02-24,32.88999938964844,3.319999933242798,13.949999809265137,6.25,12.890000343322754,2.9100000858306885,6.179999828338623,9.119999885559082
2020-02-25,31.6200008392334,3.2100000381469727,13.25,6.079999923706055,12.470000267028809,2.799999952316284,5.949999809265137,8.5
2020-02-26,31.809999465942383,3.2200000286102295,13.300000190734863,6.170000076293945,12.180000305175781,2.859999895095825,5.699999809265137,8.569999694824219
2020-02-27,29.799999237060547,3.130000114440918,13.029999732971191,5.929999828338623,11.880000114440918,2.680000066757202,5.510000228881836,8.199999809265137
2020-02-28,28.979999542236328,3.240000009536743,12.640000343322754,5.800000190734863,11.850000381469727,2.680000066757202,5.610000133514404,7.989999771118164
2020-03-02,30.139999389648438,3.5199999809265137,13.079999923706055,5.820000171661377,13.40999984741211,2.7799999713897705,5.769999980926514,8.039999961853027
2020-03-03,29.979999542236328,3.4000000953674316,12.960000038146973,5.809999942779541,13.430000305175781,2.680000066757202,5.880000114440918,8.100000381469727
2020-03-04,31.360000610351562,3.450000047683716,13.569999694824219,5.869999885559082,14.399999618530273,2.759999990463257,6.090000152587891,8.239999771118164
2020-03-05,30.719999313354492,3.359999895095825,13.1899995803833,5.920000076293945,13.829999923706055,2.7300000190734863,6.090000152587891,7.75
2020-03-06,28.280000686645508,3.299999952316284,12.220000267028809,5.800000190734863,13.430000305175781,2.559999942779541,5.71999979019165,7.300000190734863
2020-03-09,22.899999618530273,2.799999952316284,9.960000038146973,4.929999828338623,11.069999694824219,2.0799999237060547,4.739999771118164,5.260000228881836
2020-03-10,25.790000915527344,2.9200000762939453,11.0600004196167,4.940000057220459,11.819999694824219,2.319999933242798,5.300000190734863,6.079999923706055
2020-03-11,23.790000915527344,2.7200000286102295,10.15999984741211,4.889999866485596,11.0,1.9700000286102295,5.019999980926514,5.409999847412109
2020-03-12,19.84000015258789,2.0399999618530273,8.729999542236328,3.869999885559082,10.09000015258789,1.4700000286102295,4.639999866485596,4.650000095367432
2020-03-13,21.34000015258789,2.4700000286102295,9.210000038146973,4.460000038146973,10.34000015258789,1.690000057220459,4.78000020980835,4.5
2020-03-16,17.3700008392334,2.4100000858306885,7.139999866485596,4.019999980926514,9.479999542236328,1.4199999570846558,4.170000076293945,3.819999933242798
2020-03-17,19.31999969482422,2.3499999046325684,7.639999866485596,3.8499999046325684,10.699999809265137,1.5700000524520874,4.690000057220459,3.509999990463257
2020-03-18,16.219999313354492,2.0299999713897705,6.079999923706055,3.2799999713897705,9.819999694824219,1.440000057220459,4.130000114440918,2.569999933242798
2020-03-19,15.15999984741211,2.109999895095825,6.099999904632568,3.359999895095825,9.130000114440918,1.4800000190734863,4.099999904632568,3.049999952316284
2020-03-20,16.360000610351562,2.259999990463257,6.809999942779541,3.430000066757202,9.369999885559082,1.4600000381469727,4.059999942779541,3.5
2020-03-23,15.289999961853027,2.130000114440918,6.449999809265137,3.2100000381469727,9.020000457763672,1.409999966621399,3.8399999141693115,3.4000000953674316
2020-03-24,16.81999969482422,2.4800000190734863,7.269999980926514,3.7200000286102295,11.020000457763672,1.590000033378601,4.380000114440918,3.930000066757202
2020-03-25,17.790000915527344,2.5299999713897705,7.619999885559082,3.880000114440918,11.630000114440918,1.840000033378601,4.679999828338623,4.230000019073486
2020-03-26,18.1299991607666,2.4100000858306885,7.849999904632568,3.6600000858306885,11.550000190734863,1.8200000524520874,4.519999980926514,4.130000114440918
2020-03-27,15.699999809265137,2.2799999713897705,6.739999771118164,3.380000114440918,10.100000381469727,1.600000023841858,4.190000057220459,3.8499999046325684
2020-03-30,16.15999984741211,2.25,6.730000019073486,3.380000114440918,10.34000015258789,1.5499999523162842,4.170000076293945,4.039999961853027
2020-03-31,16.979999542236328,2.25,7.050000190734863,3.549999952316284,11.300000190734863,1.559999942779541,4.599999904632568,4.170000076293945
2020-04-01,16.469999313354492,2.1700000762939453,6.789999961853027,3.5,10.640000343322754,1.6100000143051147,4.46999979019165,4.070000171661377
2020-04-02,17.020000457763672,2.299999952316284,7.199999809265137,3.6600000858306885,10.729999542236328,1.7100000381469727,4.510000228881836,4.360000133514404
2020-04-03,17.479999542236328,2.369999885559082,7.340000152587891,3.559999942779541,10.949999809265137,1.7100000381469727,4.739999771118164,4.360000133514404
2020-04-06,16.739999771118164,2.3399999141693115,7.010000228881836,3.5,10.779999732971191,1.6399999856948853,4.809999942779541,4.260000228881836
2020-04-07,16.34000015258789,2.359999895095825,6.929999828338623,3.5399999618530273,10.699999809265137,1.5499999523162842,4.760000228881836,4.130000114440918
2020-04-08,16.1200008392334,2.4800000190734863,7.199999809265137,3.7300000190734863,10.979999542236328,1.659999966621399,4.880000114440918,4.230000019073486
2020-04-09,16.56999969482422,2.5999999046325684,7.090000152587891,3.6600000858306885,10.420000076293945,1.6200000047683716,4.619999885559082,4.199999809265137
2020-04-13,16.010000228881836,2.390000104904175,6.829999923706055,3.4800000190734863,10.350000381469727,1.590000033378601,4.460000038146973,4.0
2020-04-14,16.459999084472656,2.440000057220459,7.119999885559082,3.5,10.25,1.6200000047683716,4.519999980926514,4.0
2020-04-15,17.350000381469727,2.359999895095825,7.579999923706055,3.700000047683716,10.6899995803833,1.7100000381469727,4.489999771118164,3.9600000381469727
2020-04-16,17.299999237060547,2.390000104904175,7.480000019073486,3.569999933242798,10.680000305175781,1.7100000381469727,4.510000228881836,3.9000000953674316
2020-04-17,16.389999389648438,2.3499999046325684,7.329999923706055,3.549999952316284,10.069999694824219,1.7000000476837158,4.480000019073486,3.880000114440918
2020-04-20,16.68000030517578,2.380000114440918,7.320000171661377,3.490000009536743,9.949999809265137,1.75,4.340000152587891,3.7699999809265137
2020-04-21,15.59000015258789,2.359999895095825,6.849999904632568,3.3499999046325684,9.619999885559082,1.6699999570846558,4.289999961853027,3.450000047683716
2020-04-22,15.229999542236328,2.25,6.670000076293945,3.4000000953674316,9.850000381469727,1.559999942779541,4.179999828338623,3.509999990463257
2020-04-23,15.1899995803833,2.240000009536743,6.300000190734863,3.299999952316284,9.760000228881836,1.5199999809265137,4.409999847412109,3.509999990463257
2020-04-24,14.510000228881836,2.1600000858306885,6.099999904632568,3.3299999237060547,9.600000381469727,1.434999942779541,4.269999980926514,3.299999952316284
2020-04-27,14.149999618530273,2.0799999237060547,5.929999828338623,3.359999895095825,9.34000015258789,1.4199999570846558,4.230000019073486,3.299999952316284
2020-04-28,16.440000534057617,2.299999952316284,6.980000019073486,3.569999933242798,9.890000343322754,1.600000023841858,4.329999923706055,3.759999990463257
2020-04-29,17.5,2.4000000953674316,7.480000019073486,3.640000104904175,10.220000267028809,1.7799999713897705,4.599999904632568,4.059999942779541
2020-04-30,16.309999465942383,2.430000066757202,7.119999885559082,3.619999885559082,10.319999694824219,1.690000057220459,4.579999923706055,3.8399999141693115
2020-05-01,15.229999542236328,2.2200000286102295,6.630000114440918,3.4800000190734863,9.380000114440918,1.5399999618530273,4.28000020980835,3.5399999618530273
2020-05-04,16.100000381469727,2.2699999809265137,7.059999942779541,3.3499999046325684,9.890000343322754,1.6299999952316284,4.369999885559082,3.7100000381469727
2020-05-05,15.829999923706055,2.180000066757202,6.900000095367432,3.319999933242798,9.989999771118164,1.600000023841858,4.269999980926514,3.6600000858306885
2020-05-06,16.3799991607666,2.240000009536743,7.25,3.4200000762939453,10.170000076293945,1.649999976158142,4.289999961853027,3.609999895095825
2020-05-07,17.969999313354492,2.4100000858306885,7.840000152587891,3.4800000190734863,10.420000076293945,1.8700000047683716,4.510000228881836,3.8499999046325684
2020-05-08,18.510000228881836,2.4200000762939453,8.100000381469727,3.5299999713897705,10.75,1.8200000524520874,4.699999809265137,4.050000190734863
2020-05-11,19.540000915527344,2.5399999618530273,8.8100004196167,3.8399999141693115,11.40999984741211,2.119999885559082,5.099999904632568,4.110000133514404
2020-05-12,20.040000915527344,2.5999999046325684,8.729999542236328,4.119999885559082,11.199999809265137,2.069999933242798,5.170000076293945,4.269999980926514
2020-05-13,18.270000457763672,2.640000104904175,7.929999828338623,3.6700000762939453,10.40999984741211,1.9299999475479126,4.880000114440918,3.819999933242798
2020-05-14,19.139999389648438,2.7899999618530273,8.460000038146973,3.740000009536743,11.210000038146973,1.9900000095367432,5.300000190734863,4.070000171661377
2020-05-15,18.719999313354492,2.950000047683716,8.399999618530273,3.890000104904175,10.930000305175781,1.9500000476837158,5.179999828338623,4.139999866485596
2020-05-18,19.360000610351562,2.9800000190734863,8.890000343322754,4.119999885559082,11.6899995803833,2.0899999141693115,5.449999809265137,4.340000152587891
2020-05-19,18.479999542236328,2.990000009536743,8.489999771118164,4.550000190734863,11.350000381469727,2.0199999809265137,5.369999885559082,4.389999866485596
2020-05-20,19.079999923706055,2.940000057220459,8.760000228881836,4.440000057220459,11.029999732971191,2.1600000858306885,5.309999942779541,4.389999866485596
2020-05-21,20.510000228881836,2.940000057220459,9.380000114440918,4.5,12.039999961853027,2.259999990463257,5.659999847412109,4.619999885559082
2020-05-22,20.799999237060547,3.140000104904175,9.510000228881836,4.670000076293945,11.819999694824219,2.4200000762939453,5.659999847412109,4.71999979019165
2020-05-26,20.950000762939453,3.0199999809265137,9.529999732971191,4.800000190734863,11.420000076293945,2.380000114440918,5.610000133514404,4.929999828338623
2020-05-27,20.610000610351562,3.119999885559082,9.65999984741211,4.590000152587891,11.069999694824219,2.359999895095825,5.53000020980835,5.289999961853027
2020-05-28,19.479999542236328,2.759999990463257,8.829999923706055,4.670000076293945,10.729999542236328,2.1500000953674316,5.360000133514404,4.909999847412109
2020-05-29,17.15999984741211,2.7200000286102295,8.010000228881836,4.619999885559082,10.359999656677246,1.9700000286102295,5.369999885559082,5.039999961853027
2020-06-01,18.239999771118164,2.7699999809265137,8.529999732971191,4.730000019073486,10.729999542236328,2.1500000953674316,5.599999904632568,5.090000152587891
2020-06-02,20.479999542236328,2.809999942779541,9.390000343322754,4.940000057220459,11.270000457763672,2.369999885559082,5.96999979019165,5.429999828338623
2020-06-03,21.959999084472656,2.819999933242798,10.15999984741211,5.179999828338623,11.350000381469727,2.5399999618530273,5.75,5.71999979019165
2020-06-04,21.559999465942383,2.759999990463257,10.180000305175781,4.949999809265137,11.170000076293945,2.4700000286102295,5.869999885559082,5.78000020980835
2020-06-05,21.65999984741211,2.7899999618530273,10.369999885559082,5.139999866485596,11.40999984741211,2.609999895095825,6.21999979019165,5.739999771118164
2020-06-08,23.950000762939453,3.140000104904175,11.5,5.309999942779541,12.079999923706055,2.930000066757202,6.539999961853027,6.570000171661377
2020-06-09,22.18000030517578,2.9000000953674316,10.770000457763672,5.010000228881836,11.699999809265137,2.7899999618530273,6.210000038146973,6.440000057220459
2020-06-10,22.059999465942383,2.880000114440918,10.859999656677246,4.949999809265137,11.319999694824219,2.759999990463257,5.989999771118164,6.269999980926514
2020-06-11,20.079999923706055,2.5899999141693115,9.979999542236328,4.590000152587891,10.520000457763672,2.390000104904175,5.46999979019165,5.699999809265137
2020-06-12,21.540000915527344,2.619999885559082,10.75,4.579999923706055,10.859999656677246,2.5799999237060547,5.639999866485596,6.059999942779541
2020-06-15,20.899999618530273,2.549999952316284,10.430000305175781,4.420000076293945,10.539999961853027,2.450000047683716,5.5,5.789999961853027
2020-06-16,20.940000534057617,2.509999990463257,10.390000343322754,4.539999961853027,10.609999656677246,2.5,5.619999885559082,5.800000190734863
2020-06-17,19.780000686645508,2.5799999237060547,10.0600004196167,4.400000095367432,10.40999984741211,2.4000000953674316,5.550000190734863,5.739999771118164
2020-06-18,18.670000076293945,2.359999895095825,9.329999923706055,4.070000171661377,9.720000267028809,2.069999933242798,5.190000057220459,5.349999904632568
2020-06-19,20.059999465942383,2.4700000286102295,10.220000267028809,4.360000133514404,10.140000343322754,2.2799999713897705,5.5,5.570000171661377
2020-06-22,19.270000457763672,2.509999990463257,9.850000381469727,4.21999979019165,9.859999656677246,2.2100000381469727,5.239999771118164,5.380000114440918
2020-06-23,19.81999969482422,2.640000104904175,10.239999771118164,4.309999942779541,10.220000267028809,2.2899999618530273,5.53000020980835,5.559999942779541
2020-06-24,19.729999542236328,2.559999942779541,10.039999961853027,4.239999771118164,10.180000305175781,2.190000057220459,5.360000133514404,5.460000038146973
2020-06-25,20.760000228881836,2.619999885559082,10.670000076293945,4.460000038146973,10.9399995803833,2.450000047683716,5.809999942779541,5.769999980926514
2020-06-26,19.649999618530273,2.609999895095825,10.210000038146973,4.360000133514404,10.510000228881836,2.3399999141693115,5.639999866485596,5.699999809265137
2020-06-29,19.75,2.559999942779541,10.329999923706055,4.380000114440918,10.649999618530273,2.309999942779541,5.71999979019165,5.849999904632568
2020-06-30,18.549999237060547,2.5399999618530273,9.699999809265137,4.260000228881836,10.489999771118164,2.200000047683716,5.630000114440918,5.75
2020-07-01,18.760000228881836,2.5999999046325684,9.770000457763672,4.300000190734863,10.779999732971191,2.309999942779541,5.599999904632568,5.809999942779541
2020-07-02,18.059999465942383,2.509999990463257,9.220000267028809,4.150000095367432,10.390000343322754,2.200000047683716,5.340000152587891,5.800000190734863
2020-07-06,22.1200008392334,2.9000000953674316,11.319999694824219,4.670000076293945,11.649999618530273,2.700000047683716,6.190000057220459,6.239999771118164
2020-07-07,20.84000015258789,2.819999933242798,10.890000343322754,4.460000038146973,11.220000267028809,2.5399999618530273,5.760000228881836,6.019999980926514
2020-07-08,21.209999084472656,2.819999933242798,11.029999732971191,4.429999828338623,11.460000038146973,2.5299999713897705,5.940000057220459,6.199999809265137
2020-07-09,20.329999923706055,2.6600000858306885,10.520000457763672,4.25,10.979999542236328,2.4100000858306885,5.690000057220459,6.190000057220459
2020-07-10,21.469999313354492,2.75,11.369999885559082,4.309999942779541,11.359999656677246,2.5399999618530273,5.71999979019165,6.300000190734863
2020-07-13,21.65999984741211,2.690000057220459,11.34000015258789,4.460000038146973,11.5,2.5199999809265137,5.849999904632568,6.199999809265137
2020-07-14,21.450000762939453,2.690000057220459,11.270000457763672,4.519999980926514,11.479999542236328,2.5899999141693115,5.809999942779541,6.329999923706055
2020-07-15,22.510000228881836,2.7699999809265137,11.680000305175781,4.75,11.6899995803833,2.6500000953674316,5.900000095367432,6.510000228881836
2020-07-16,21.979999542236328,2.75,11.510000228881836,4.769999980926514,11.460000038146973,2.5899999141693115,5.71999979019165,6.519999980926514
2020-07-17,21.43000030517578,2.6700000762939453,11.229999542236328,4.699999809265137,11.050000190734863,2.700000047683716,5.510000228881836,6.409999847412109
2020-07-20,20.65999984741211,2.5899999141693115,10.890000343322754,4.510000228881836,11.020000457763672,2.559999942779541,5.480000019073486,6.409999847412109
2020-07-21,21.510000228881836,2.75,11.359999656677246,4.900000095367432,11.579999923706055,2.75,5.840000152587891,6.489999771118164
2020-07-22,23.229999542236328,2.9700000286102295,12.300000190734863,5.300000190734863,12.300000190734863,2.950000047683716,5.909999847412109,6.639999866485596
2020-07-23,23.43000030517578,2.890000104904175,12.470000267028809,5.440000057220459,12.289999961853027,2.9800000190734863,6.039999961853027,6.809999942779541
2020-07-24,23.530000686645508,2.940000057220459,12.470000267028809,5.429999828338623,12.279999732971191,2.940000057220459,6.170000076293945,6.659999847412109
2020-07-27,23.899999618530273,2.930000066757202,12.770000457763672,5.610000133514404,12.039999961853027,3.009999990463257,5.949999809265137,6.639999866485596
2020-07-28,22.81999969482422,2.819999933242798,12.220000267028809,5.409999847412109,11.520000457763672,2.950000047683716,5.599999904632568,6.480000019073486
2020-07-29,23.049999237060547,2.7300000190734863,12.319999694824219,5.559999942779541,11.420000076293945,2.990000009536743,5.75,6.46999979019165
2020-07-30,21.959999084472656,2.6600000858306885,12.119999885559082,5.260000228881836,11.15999984741211,2.9800000190734863,5.840000152587891,6.329999923706055
2020-07-31,21.280000686645508,2.6600000858306885,12.0,5.079999923706055,10.9399995803833,2.880000114440918,5.619999885559082,6.230000019073486
2020-08-03,23.479999542236328,2.7799999713897705,13.270000457763672,5.510000228881836,12.140000343322754,3.2300000190734863,6.320000171661377,6.659999847412109
2020-08-04,23.229999542236328,2.8299999237060547,13.050000190734863,5.730000019073486,12.229999542236328,3.180000066757202,6.559999942779541,6.809999942779541
2020-08-05,22.31999969482422,2.690000057220459,12.649999618530273,5.46999979019165,11.619999885559082,2.990000009536743,6.269999980926514,6.71999979019165
2020-08-06,22.170000076293945,2.740000009536743,12.6899995803833,5.800000190734863,11.59000015258789,2.950000047683716,6.070000171661377,6.5
2020-08-07,22.280000686645508,2.7300000190734863,12.850000381469727,5.710000038146973,11.529999732971191,2.930000066757202,5.929999828338623,6.440000057220459
2020-08-10,21.950000762939453,2.736999988555908,12.4399995803833,5.519999980926514,11.229999542236328,2.880000114440918,5.739999771118164,6.239999771118164
2020-08-11,20.760000228881836,2.6500000953674316,11.859999656677246,5.440000057220459,11.020000457763672,2.700000047683716,5.559999942779541,5.900000095367432
2020-08-12,19.68000030517578,2.569999933242798,11.460000038146973,5.210000038146973,10.550000190734863,2.640000104904175,5.300000190734863,5.570000171661377
2020-08-13,20.200000762939453,2.7300000190734863,11.529999732971191,5.090000152587891,11.0,2.680000066757202,5.349999904632568,5.659999847412109
2020-08-14,20.239999771118164,2.7799999713897705,11.369999885559082,5.110000133514404,11.149999618530273,2.609999895095825,5.199999809265137,5.71999979019165
2020-08-17,19.100000381469727,2.630000114440918,10.789999961853027,4.960000038146973,10.779999732971191,2.559999942779541,5.019999980926514,5.440000057220459
2020-08-18,18.899999618530273,2.5799999237060547,10.65999984741211,5.079999923706055,10.880000114440918,2.5399999618530273,4.900000095367432,5.440000057220459
2020-08-19,18.6299991607666,2.559999942779541,10.369999885559082,5.0,10.890000343322754,2.4700000286102295,4.840000152587891,5.46999979019165
2020-08-20,18.440000534057617,2.509999990463257,10.25,4.989999771118164,10.90999984741211,2.559999942779541,4.800000190734863,5.46999979019165
2020-08-21,18.219999313354492,2.4600000381469727,10.109999656677246,4.929999828338623,10.989999771118164,2.5199999809265137,4.75,5.349999904632568
2020-08-24,18.360000610351562,2.4200000762939453,10.0600004196167,4.900000095367432,11.029999732971191,2.440000057220459,4.679999828338623,5.400000095367432
2020-08-25,18.579999923706055,2.440000057220459,10.170000076293945,4.929999828338623,11.1899995803833,2.440000057220459,4.539999961853027,5.550000190734863
2020-08-26,18.329999923706055,2.5299999713897705,10.039999961853027,4.75,11.4399995803833,2.4200000762939453,4.489999771118164,5.559999942779541
2020-08-27,17.8799991607666,2.569999933242798,9.899999618530273,4.809999942779541,11.510000228881836,2.4200000762939453,4.409999847412109,5.380000114440918
2020-08-28,19.190000534057617,2.680000066757202,10.600000381469727,5.099999904632568,11.989999771118164,2.680000066757202,4.679999828338623,5.710000038146973
2020-08-31,18.950000762939453,2.509999990463257,10.329999923706055,4.829999923706055,11.489999771118164,2.569999933242798,4.699999809265137,5.579999923706055
2020-09-01,18.809999465942383,2.5299999713897705,10.399999618530273,4.889999866485596,11.779999732971191,2.619999885559082,4.769999980926514,5.639999866485596
2020-09-02,18.860000610351562,2.5199999809265137,10.109999656677246,4.860000133514404,11.760000228881836,2.559999942779541,4.710000038146973,5.539999961853027
2020-09-03,19.3700008392334,2.4800000190734863,10.279999732971191,4.909999847412109,11.90999984741211,2.559999942779541,4.809999942779541,5.519999980926514
2020-09-04,18.93000030517578,2.4600000381469727,10.180000305175781,4.809999942779541,11.960000038146973,2.509999990463257,4.739999771118164,5.420000076293945
2020-09-08,18.8700008392334,2.4700000286102295,10.260000228881836,4.940000057220459,11.930000305175781,2.559999942779541,4.809999942779541,5.440000057220459
2020-09-09,18.739999771118164,2.4200000762939453,10.279999732971191,4.829999923706055,11.960000038146973,2.5799999237060547,4.639999866485596,5.409999847412109
2020-09-10,18.729999542236328,2.4000000953674316,10.25,4.760000228881836,11.899999618530273,2.619999885559082,4.659999847412109,5.159999847412109
2020-09-11,18.0,2.4200000762939453,9.739999771118164,4.989999771118164,11.829999923706055,2.5399999618530273,4.699999809265137,5.170000076293945
2020-09-14,17.450000762939453,2.3299999237060547,9.210000038146973,4.900000095367432,11.460000038146973,2.4200000762939453,4.46999979019165,5.059999942779541
2020-09-15,17.260000228881836,2.369999885559082,9.170000076293945,4.96999979019165,11.479999542236328,2.5,4.440000057220459,5.119999885559082
2020-09-16,16.139999389648438,2.2100000381469727,8.359999656677246,4.590000152587891,10.729999542236328,2.2699999809265137,4.099999904632568,4.849999904632568
2020-09-17,15.380000114440918,2.119999885559082,7.880000114440918,4.25,10.649999618530273,2.109999895095825,4.170000076293945,4.550000190734863
2020-09-18,15.319999694824219,2.109999895095825,7.860000133514404,4.21999979019165,10.720000267028809,2.049999952316284,4.260000228881836,4.460000038146973
2020-09-21,14.720000267028809,2.059999942779541,7.599999904632568,4.110000133514404,10.619999885559082,1.9199999570846558,4.190000057220459,4.130000114440918
2020-09-22,14.100000381469727,2.0799999237060547,7.25,4.03000020980835,10.430000305175781,1.7699999809265137,4.110000133514404,3.880000114440918
2020-09-23,13.359999656677246,1.9900000095367432,6.860000133514404,3.75,9.550000190734863,1.6699999570846558,4.070000171661377,3.6600000858306885
2020-09-24,14.640000343322754,2.130000114440918,7.630000114440918,4.119999885559082,10.140000343322754,1.899999976158142,4.159999847412109,3.8399999141693115
2020-09-25,14.520000457763672,2.130000114440918,7.400000095367432,4.119999885559082,10.329999923706055,1.7999999523162842,4.199999809265137,3.680000066757202
2020-09-28,14.329999923706055,2.0999999046325684,7.230000019073486,4.119999885559082,10.34000015258789,1.7300000190734863,4.170000076293945,3.7200000286102295
2020-09-29,14.100000381469727,2.1500000953674316,7.159999847412109,4.099999904632568,10.130000114440918,1.7799999713897705,4.050000190734863,3.609999895095825
2020-09-30,14.300000190734863,2.240000009536743,7.239999771118164,4.309999942779541,10.329999923706055,1.809999942779541,4.159999847412109,3.569999933242798
2020-10-01,14.619999885559082,2.240000009536743,7.420000076293945,4.349999904632568,10.579999923706055,1.8600000143051147,4.28000020980835,3.6500000953674316
2020-10-02,14.25,2.1500000953674316,7.289999961853027,4.309999942779541,10.779999732971191,1.7899999618530273,4.269999980926514,3.630000114440918
2020-10-05,14.050000190734863,2.140000104904175,7.119999885559082,4.340000152587891,10.989999771118164,1.7799999713897705,4.360000133514404,3.7300000190734863
2020-10-06,13.739999771118164,2.119999885559082,6.909999847412109,4.300000190734863,10.369999885559082,1.7000000476837158,4.230000019073486,3.569999933242798
2020-10-07,13.880000114440918,2.200000047683716,7.059999942779541,4.360000133514404,10.460000038146973,1.6799999475479126,4.230000019073486,3.6600000858306885
2020-10-08,14.270000457763672,2.259999990463257,7.25,4.579999923706055,10.649999618530273,1.7100000381469727,4.329999923706055,3.809999942779541
2020-10-09,14.100000381469727,2.2100000381469727,7.059999942779541,4.380000114440918,10.829999923706055,1.7200000286102295,4.340000152587891,3.869999885559082
2020-10-12,13.819999694824219,2.2699999809265137,7.0,4.349999904632568,11.270000457763672,1.6799999475479126,4.519999980926514,3.7899999618530273
2020-10-13,13.40999984741211,2.2799999713897705,6.789999961853027,4.400000095367432,11.279999732971191,1.659999966621399,4.579999923706055,3.75
2020-10-14,13.260000228881836,2.2699999809265137,6.610000133514404,4.46999979019165,11.529999732971191,1.6100000143051147,4.659999847412109,3.75
2020-10-15,13.239999771118164,2.2100000381469727,6.559999942779541,4.53000020980835,11.550000190734863,1.600000023841858,4.699999809265137,3.569999933242798
2020-10-16,13.539999961853027,2.2300000190734863,6.760000228881836,4.659999847412109,11.760000228881836,1.6799999475479126,4.75,3.559999942779541
2020-10-19,13.829999923706055,2.319999933242798,6.889999866485596,4.739999771118164,12.029999732971191,1.7100000381469727,4.960000038146973,3.5899999141693115
2020-10-20,13.180000305175781,2.3399999141693115,6.610000133514404,4.53000020980835,12.0,1.6699999570846558,5.0,3.4600000381469727
2020-10-21,12.649999618530273,2.2699999809265137,6.489999771118164,4.360000133514404,11.1899995803833,1.690000057220459,4.650000095367432,3.3399999141693115
2020-10-22,12.899999618530273,2.2899999618530273,6.599999904632568,4.360000133514404,11.390000343322754,1.659999966621399,4.71999979019165,3.450000047683716
2020-10-23,13.050000190734863,2.3299999237060547,6.650000095367432,4.380000114440918,11.970000267028809,1.7000000476837158,4.739999771118164,3.609999895095825
2020-10-26,12.949999809265137,2.359999895095825,6.71999979019165,4.309999942779541,12.390000343322754,1.690000057220459,4.75,3.609999895095825
2020-10-27,12.220000267028809,2.2899999618530273,6.360000133514404,4.150000095367432,11.800000190734863,1.600000023841858,4.599999904632568,3.319999933242798
2020-10-28,11.739999771118164,2.1700000762939453,6.119999885559082,4.130000114440918,11.09000015258789,1.6699999570846558,4.590000152587891,3.0999999046325684
2020-10-29,12.039999961853027,2.2100000381469727,6.309999942779541,4.210000038146973,11.3100004196167,1.7200000286102295,4.739999771118164,3.259999990463257
2020-10-30,11.930000305175781,2.1700000762939453,6.260000228881836,4.28000020980835,11.800000190734863,1.7100000381469727,4.820000171661377,3.2200000286102295
2020-11-02,13.140000343322754,2.2300000190734863,6.940000057220459,4.429999828338623,12.140000343322754,1.7899999618530273,5.139999866485596,3.319999933242798
2020-11-03,13.180000305175781,2.1600000858306885,7.050000190734863,4.510000228881836,12.34000015258789,1.7799999713897705,5.179999828338623,3.5199999809265137
2020-11-04,12.84000015258789,2.190000057220459,7.019999980926514,4.519999980926514,12.359999656677246,1.7799999713897705,5.079999923706055,3.5
2020-11-05,14.0,2.390000104904175,7.519999980926514,4.570000171661377,12.640000343322754,1.8600000143051147,5.190000057220459,3.740000009536743
2020-11-06,14.029999732971191,2.440000057220459,7.610000133514404,4.539999961853027,13.050000190734863,1.809999942779541,5.340000152587891,3.7300000190734863
2020-11-09,15.020000457763672,2.390000104904175,8.09000015258789,4.409999847412109,13.029999732971191,1.940000057220459,5.179999828338623,4.139999866485596
2020-11-10,16.3700008392334,2.5,8.800000190734863,4.559999942779541,13.140000343322754,2.119999885559082,5.239999771118164,4.75
2020-11-11,15.6899995803833,2.450000047683716,8.300000190734863,5.150000095367432,13.75,1.9900000095367432,5.329999923706055,4.579999923706055
2020-11-12,14.640000343322754,2.3499999046325684,7.909999847412109,4.889999866485596,12.970000267028809,1.8600000143051147,5.360000133514404,4.320000171661377
2020-11-13,15.279999732971191,2.3499999046325684,8.260000228881836,4.869999885559082,13.380000114440918,1.9600000381469727,5.400000095367432,4.570000171661377
2020-11-16,15.34000015258789,2.4700000286102295,8.369999885559082,5.099999904632568,13.600000381469727,2.049999952316284,5.329999923706055,4.690000057220459
2020-11-17,15.720000267028809,2.5799999237060547,8.609999656677246,5.329999923706055,13.649999618530273,2.049999952316284,5.53000020980835,4.920000076293945
2020-11-18,15.020000457763672,2.4800000190734863,8.1899995803833,5.050000190734863,13.229999542236328,1.940000057220459,5.21999979019165,4.739999771118164
2020-11-19,15.109999656677246,2.450000047683716,8.329999923706055,5.059999942779541,13.020000457763672,1.940000057220459,5.239999771118164,4.78000020980835
2020-11-20,14.949999809265137,2.4200000762939453,8.119999885559082,5.079999923706055,13.270000457763672,1.9600000381469727,5.409999847412109,4.760000228881836
2020-11-23,15.15999984741211,2.4600000381469727,8.3100004196167,5.179999828338623,13.899999618530273,1.909999966621399,5.619999885559082,5.0
2020-11-24,16.489999771118164,2.5799999237060547,8.819999694824219,5.800000190734863,14.0,1.9800000190734863,5.590000152587891,5.329999923706055
2020-11-25,16.469999313354492,2.5799999237060547,8.760000228881836,5.650000095367432,14.0600004196167,2.0,5.5,5.190000057220459
2020-11-27,16.959999084472656,2.619999885559082,9.069999694824219,5.78000020980835,14.079999923706055,2.0399999618530273,5.510000228881836,5.400000095367432
2020-11-30,15.970000267028809,2.700000047683716,8.609999656677246,5.489999771118164,14.09000015258789,1.909999966621399,5.46999979019165,5.03000020980835
2020-12-01,16.299999237060547,2.680000066757202,8.859999656677246,5.769999980926514,14.149999618530273,1.8899999856948853,5.570000171661377,5.269999980926514
2020-12-02,16.920000076293945,2.75,9.119999885559082,5.769999980926514,14.180000305175781,2.049999952316284,5.769999980926514,5.340000152587891
2020-12-03,16.690000534057617,2.799999952316284,8.970000267028809,5.929999828338623,14.420000076293945,2.069999933242798,5.789999961853027,5.130000114440918
2020-12-04,16.850000381469727,2.7799999713897705,9.079999923706055,5.949999809265137,14.050000190734863,2.119999885559082,5.840000152587891,5.289999961853027
2020-12-07,16.56999969482422,2.869999885559082,8.949999809265137,5.900000095367432,14.130000114440918,2.0899999141693115,5.849999904632568,5.25
2020-12-08,16.170000076293945,2.8499999046325684,8.720000267028809,5.949999809265137,13.800000190734863,2.0299999713897705,5.659999847412109,5.159999847412109
2020-12-09,16.200000762939453,2.6500000953674316,8.789999961853027,5.78000020980835,13.510000228881836,1.9700000286102295,5.460000038146973,5.139999866485596
2020-12-10,16.979999542236328,2.7100000381469727,9.380000114440918,5.909999847412109,14.380000114440918,2.130000114440918,5.670000076293945,5.539999961853027
2020-12-11,16.459999084472656,2.7300000190734863,8.989999771118164,5.949999809265137,14.229999542236328,2.0399999618530273,5.800000190734863,5.449999809265137
2020-12-14,16.149999618530273,2.6500000953674316,8.8100004196167,5.909999847412109,14.149999618530273,2.0399999618530273,5.639999866485596,5.389999866485596
2020-12-15,16.6200008392334,2.6600000858306885,9.0600004196167,6.059999942779541,14.239999771118164,2.140000104904175,5.940000057220459,5.510000228881836
2020-12-16,16.510000228881836,2.6700000762939453,9.039999961853027,6.110000133514404,14.390000343322754,2.109999895095825,5.829999923706055,5.480000019073486
2020-12-17,16.329999923706055,2.7300000190734863,8.899999618530273,6.260000228881836,14.640000343322754,2.109999895095825,5.690000057220459,5.480000019073486
2020-12-18,15.930000305175781,2.7899999618530273,8.729999542236328,6.159999847412109,14.399999618530273,2.0299999713897705,5.659999847412109,5.389999866485596
2020-12-21,15.449999809265137,2.690000057220459,8.470000267028809,6.050000190734863,13.720000267028809,1.909999966621399,5.53000020980835,5.190000057220459
2020-12-22,15.3100004196167,2.680000066757202,8.449999809265137,5.96999979019165,13.609999656677246,1.9700000286102295,5.449999809265137,5.010000228881836
2020-12-23,15.90999984741211,2.6600000858306885,8.6899995803833,6.260000228881836,13.380000114440918,2.049999952316284,5.449999809265137,5.039999961853027
2020-12-24,15.569999694824219,2.640000104904175,8.680000305175781,6.139999866485596,13.279999732971191,2.005000114440918,5.260000228881836,4.940000057220459
2020-12-28,15.5,2.630000114440918,8.670000076293945,6.21999979019165,13.1899995803833,1.9700000286102295,5.340000152587891,4.909999847412109
2020-12-29,16.260000228881836,2.6600000858306885,9.130000114440918,6.260000228881836,13.279999732971191,2.1700000762939453,5.460000038146973,4.929999828338623
2020-12-30,15.84000015258789,2.609999895095825,8.880000114440918,6.289999961853027,13.6899995803833,2.200000047683716,5.449999809265137,4.900000095367432
2020-12-31,15.569999694824219,2.700000047683716,8.739999771118164,6.150000095367432,13.779999732971191,2.119999885559082,5.199999809265137,4.699999809265137
2021-01-04,14.619999885559082,2.680000066757202,8.279999732971191,5.71999979019165,13.079999923706055,2.0199999809265137,5.289999961853027,4.519999980926514
2021-01-05,14.550000190734863,2.640000104904175,8.1899995803833,5.679999828338623,13.0,1.9600000381469727,5.28000020980835,4.619999885559082
2021-01-06,14.779999732971191,2.5799999237060547,8.3100004196167,5.929999828338623,12.979999542236328,1.9500000476837158,5.349999904632568,4.650000095367432
2021-01-07,14.84000015258789,2.5199999809265137,8.319999694824219,5.789999961853027,13.420000076293945,1.9700000286102295,5.449999809265137,4.78000020980835
2021-01-08,14.680000305175781,2.509999990463257,8.220000267028809,5.650000095367432,13.010000228881836,1.9299999475479126,5.349999904632568,4.690000057220459
2021-01-11,14.15999984741211,2.440000057220459,7.940000057220459,5.380000114440918,12.619999885559082,1.9500000476837158,5.309999942779541,4.420000076293945
2021-01-12,14.359999656677246,2.549999952316284,8.109999656677246,5.550000190734863,12.680000305175781,1.940000057220459,5.349999904632568,4.179999828338623
2021-01-13,14.140000343322754,2.559999942779541,8.100000381469727,5.480000019073486,12.6899995803833,1.9700000286102295,5.349999904632568,4.090000152587891
2021-01-14,14.489999771118164,2.549999952316284,8.270000457763672,5.329999923706055,12.970000267028809,1.9500000476837158,5.360000133514404,4.150000095367432
2021-01-15,14.0,2.490000009536743,8.0,5.269999980926514,12.829999923706055,1.940000057220459,5.300000190734863,3.9600000381469727
2021-01-19,13.949999809265137,2.450000047683716,7.78000020980835,5.369999885559082,13.0,1.899999976158142,5.380000114440918,3.940000057220459
2021-01-20,14.270000457763672,2.4700000286102295,7.880000114440918,5.489999771118164,13.260000228881836,1.9299999475479126,5.369999885559082,3.680000066757202
2021-01-21,13.890000343322754,2.380000114440918,7.610000133514404,5.230000019073486,12.600000381469727,1.840000033378601,5.21999979019165,3.25
2021-01-22,13.359999656677246,2.390000104904175,7.480000019073486,5.150000095367432,12.390000343322754,1.850000023841858,5.159999847412109,3.490000009536743
2021-01-25,13.380000114440918,2.359999895095825,7.380000114440918,5.119999885559082,12.569999694824219,1.8200000524520874,5.210000038146973,3.450000047683716
2021-01-26,13.899999618530273,2.359999895095825,7.78000020980835,5.170000076293945,13.079999923706055,1.840000033378601,5.199999809265137,3.740000009536743
2021-01-27,13.760000228881836,2.3299999237060547,7.710000038146973,5.03000020980835,13.199999809265137,1.7799999713897705,5.21999979019165,4.050000190734863
2021-01-28,13.739999771118164,2.3299999237060547,7.75,5.349999904632568,13.25,1.7799999713897705,5.199999809265137,3.9800000190734863
2021-01-29,13.319999694824219,2.2899999618530273,7.460000038146973,5.130000114440918,12.609999656677246,1.7300000190734863,5.019999980926514,3.6500000953674316
2021-02-01,13.630000114440918,2.359999895095825,7.860000133514404,5.210000038146973,13.59000015258789,1.809999942779541,5.159999847412109,4.010000228881836
2021-02-02,13.40999984741211,2.369999885559082,7.78000020980835,5.449999809265137,13.119999885559082,1.7999999523162842,5.090000152587891,3.9100000858306885
2021-02-03,13.520000457763672,2.3299999237060547,7.78000020980835,5.349999904632568,13.130000114440918,1.8200000524520874,5.03000020980835,4.300000190734863
2021-02-04,13.789999961853027,2.359999895095825,8.020000457763672,5.329999923706055,13.4399995803833,1.850000023841858,5.090000152587891,4.300000190734863
2021-02-05,14.300000190734863,2.4000000953674316,8.270000457763672,5.380000114440918,13.40999984741211,1.8899999856948853,5.050000190734863,4.210000038146973
2021-02-08,14.5600004196167,2.450000047683716,8.3100004196167,5.53000020980835,13.619999885559082,1.909999966621399,5.010000228881836,4.510000228881836
2021-02-09,14.710000038146973,2.4700000286102295,8.270000457763672,5.670000076293945,13.640000343322754,1.9700000286102295,5.0,4.679999828338623
2021-02-10,14.529999732971191,2.430000066757202,8.130000114440918,5.869999885559082,13.59000015258789,1.940000057220459,5.050000190734863,4.519999980926514
2021-02-11,14.899999618530273,2.390000104904175,8.300000190734863,6.03000020980835,13.770000457763672,2.0,5.079999923706055,4.599999904632568
2021-02-12,14.829999923706055,2.369999885559082,8.279999732971191,5.960000038146973,14.430000305175781,1.9299999475479126,5.090000152587891,4.639999866485596
2021-02-16,15.5,2.380000114440918,8.59000015258789,6.019999980926514,15.039999961853027,2.0799999237060547,5.309999942779541,4.739999771118164
2021-02-17,15.539999961853027,2.380000114440918,8.630000114440918,6.119999885559082,14.979999542236328,2.180000066757202,5.260000228881836,4.800000190734863
2021-02-18,15.34000015258789,2.3399999141693115,8.720000267028809,6.110000133514404,14.609999656677246,2.390000104904175,5.28000020980835,4.630000114440918
2021-02-19,15.25,2.3399999141693115,8.630000114440918,6.179999828338623,14.720000267028809,2.359999895095825,5.170000076293945,4.400000095367432
2021-02-22,14.229999542236328,2.2699999809265137,8.029999732971191,6.079999923706055,14.470000267028809,2.119999885559082,5.099999904632568,4.110000133514404
2021-02-23,14.079999923706055,2.259999990463257,7.949999809265137,6.130000114440918,14.260000228881836,1.9600000381469727,5.0,4.099999904632568
2021-02-24,14.539999961853027,2.2300000190734863,8.15999984741211,6.130000114440918,14.350000381469727,1.9700000286102295,5.019999980926514,4.460000038146973
2021-02-25,13.779999732971191,2.2200000286102295,7.650000095367432,5.539999961853027,13.420000076293945,1.899999976158142,4.829999923706055,4.28000020980835
2021-02-26,13.5600004196167,2.200000047683716,7.449999809265137,5.510000228881836,13.329999923706055,1.8899999856948853,4.699999809265137,4.329999923706055
2021-03-01,14.100000381469727,2.2300000190734863,7.590000152587891,5.659999847412109,13.380000114440918,1.909999966621399,4.699999809265137,4.159999847412109
2021-03-02,14.140000343322754,2.180000066757202,7.670000076293945,5.639999866485596,13.270000457763672,1.8799999952316284,4.570000171661377,3.9600000381469727
2021-03-03,13.5600004196167,2.1500000953674316,7.28000020980835,5.550000190734863,13.270000457763672,1.7999999523162842,4.460000038146973,3.990000009536743
2021-03-04,13.470000267028809,2.109999895095825,7.389999866485596,5.380000114440918,13.510000228881836,1.7999999523162842,4.460000038146973,4.190000057220459
2021-03-05,13.100000381469727,2.119999885559082,7.119999885559082,5.210000038146973,13.670000076293945,1.7699999809265137,4.480000019073486,4.25
2021-03-08,12.720000267028809,2.130000114440918,7.130000114440918,5.340000152587891,13.279999732971191,1.75,4.420000076293945,3.950000047683716
2021-03-09,12.880000114440918,2.1500000953674316,7.190000057220459,5.289999961853027,13.300000190734863,1.7100000381469727,4.349999904632568,4.079999923706055
2021-03-10,13.90999984741211,2.240000009536743,7.75,5.639999866485596,13.880000114440918,1.8700000047683716,4.489999771118164,4.309999942779541
2021-03-11,14.210000038146973,2.240000009536743,7.860000133514404,6.019999980926514,13.970000267028809,1.850000023841858,4.690000057220459,4.400000095367432
2021-03-12,14.420000076293945,2.240000009536743,7.940000057220459,5.909999847412109,14.289999961853027,1.8700000047683716,4.650000095367432,4.409999847412109
2021-03-15,14.84000015258789,2.3299999237060547,8.220000267028809,6.019999980926514,14.6899995803833,2.0199999809265137,4.710000038146973,4.510000228881836
2021-03-16,14.630000114440918,2.25,8.0,5.989999771118164,14.579999923706055,1.9299999475479126,4.75,4.389999866485596
2021-03-17,14.800000190734863,2.240000009536743,8.069999694824219,6.019999980926514,14.6899995803833,1.940000057220459,4.75,4.559999942779541
2021-03-18,14.1899995803833,2.1700000762939453,7.800000190734863,5.940000057220459,14.479999542236328,1.8700000047683716,4.570000171661377,4.349999904632568
2021-03-19,14.300000190734863,2.1600000858306885,7.920000076293945,5.900000095367432,14.59000015258789,1.8799999952316284,4.570000171661377,4.400000095367432
2021-03-22,14.489999771118164,2.1700000762939453,7.900000095367432,5.889999866485596,14.869999885559082,1.8799999952316284,4.599999904632568,4.389999866485596
2021-03-23,14.569999694824219,2.119999885559082,7.880000114440918,5.960000038146973,14.579999923706055,1.909999966621399,4.539999961853027,4.199999809265137
2021-03-24,14.050000190734863,2.140000104904175,7.650000095367432,5.869999885559082,14.609999656677246,1.7699999809265137,4.570000171661377,4.099999904632568
2021-03-25,13.609999656677246,2.119999885559082,7.599999904632568,6.039999961853027,14.109999656677246,1.7799999713897705,4.539999961853027,4.099999904632568
2021-03-26,13.680000305175781,2.130000114440918,7.650000095367432,6.210000038146973,14.100000381469727,1.809999942779541,4.610000133514404,4.119999885559082
2021-03-29,13.680000305175781,2.1500000953674316,7.590000152587891,6.269999980926514,14.520000457763672,1.7699999809265137,4.78000020980835,4.090000152587891
2021-03-30,13.40999984741211,2.2100000381469727,7.699999809265137,6.369999885559082,14.779999732971191,1.7599999904632568,4.809999942779541,4.119999885559082
2021-03-31,13.350000381469727,2.259999990463257,7.610000133514404,6.329999923706055,14.84000015258789,1.7300000190734863,4.829999923706055,4.110000133514404
2021-04-01,13.180000305175781,2.2799999713897705,7.590000152587891,6.340000152587891,14.989999771118164,1.7400000095367432,4.869999885559082,4.239999771118164
2021-04-05,13.170000076293945,2.25,7.670000076293945,6.489999771118164,14.859999656677246,1.7999999523162842,4.849999904632568,4.150000095367432
2021-04-06,13.579999923706055,2.309999942779541,7.800000190734863,6.5,15.0,1.8200000524520874,4.789999961853027,4.380000114440918
2021-04-07,13.25,2.200000047683716,7.769999980926514,6.639999866485596,14.6899995803833,1.7599999904632568,4.619999885559082,4.289999961853027
2021-04-08,13.279999732971191,2.2699999809265137,7.699999809265137,6.360000133514404,14.609999656677246,1.7899999618530273,4.730000019073486,4.179999828338623
2021-04-09,13.079999923706055,2.2300000190734863,7.510000228881836,6.199999809265137,14.420000076293945,1.75,4.610000133514404,4.019999980926514
2021-04-12,12.670000076293945,2.1600000858306885,7.320000171661377,6.119999885559082,14.699999809265137,1.7699999809265137,4.53000020980835,3.9200000762939453
2021-04-13,12.789999961853027,2.1500000953674316,7.289999961853027,6.0,14.1899995803833,1.7000000476837158,4.369999885559082,3.930000066757202
2021-04-14,12.770000457763672,2.140000104904175,7.340000152587891,5.940000057220459,14.15999984741211,1.6699999570846558,4.300000190734863,3.940000057220459
2021-04-15,12.529999732971191,2.0899999141693115,7.199999809265137,6.050000190734863,14.170000076293945,1.690000057220459,4.320000171661377,3.8399999141693115
2021-04-16,13.0,2.1600000858306885,7.369999885559082,5.920000076293945,14.5600004196167,1.7000000476837158,4.400000095367432,3.9600000381469727
2021-04-19,12.989999771118164,2.1700000762939453,7.420000076293945,5.96999979019165,14.600000381469727,1.7100000381469727,4.579999923706055,3.9200000762939453
2021-04-20,12.600000381469727,2.119999885559082,7.190000057220459,5.769999980926514,14.300000190734863,1.7100000381469727,4.389999866485596,3.799999952316284
2021-04-21,12.720000267028809,2.130000114440918,7.230000019073486,5.909999847412109,14.229999542236328,1.7599999904632568,4.460000038146973,3.859999895095825
2021-04-22,12.5600004196167,2.130000114440918,7.190000057220459,5.809999942779541,14.180000305175781,1.7699999809265137,4.449999809265137,3.759999990463257
2021-04-23,12.539999961853027,2.0899999141693115,7.199999809265137,5.949999809265137,13.850000381469727,1.7799999713897705,4.429999828338623,3.75
2021-04-26,12.84000015258789,2.059999942779541,7.409999847412109,5.949999809265137,13.40999984741211,1.7699999809265137,4.369999885559082,3.7799999713897705
2021-04-27,13.880000114440918,2.0899999141693115,7.71999979019165,5.980000019073486,13.449999809265137,1.840000033378601,4.440000057220459,3.880000114440918
2021-04-28,13.84000015258789,2.130000114440918,7.789999961853027,5.980000019073486,13.619999885559082,1.850000023841858,4.599999904632568,4.0
2021-04-29,13.699999809265137,2.130000114440918,7.630000114440918,5.949999809265137,13.619999885559082,1.8200000524520874,4.599999904632568,3.990000009536743
2021-04-30,13.369999885559082,2.119999885559082,7.489999771118164,5.849999904632568,13.420000076293945,1.7699999809265137,4.539999961853027,3.7799999713897705
2021-05-03,13.220000267028809,2.069999933242798,7.320000171661377,5.820000171661377,13.359999656677246,1.7400000095367432,4.489999771118164,3.759999990463257
2021-05-04,12.920000076293945,2.0399999618530273,7.239999771118164,5.820000171661377,13.350000381469727,1.7200000286102295,4.389999866485596,3.680000066757202
2021-05-05,12.9399995803833,2.0299999713897705,7.28000020980835,5.800000190734863,13.640000343322754,1.7000000476837158,4.369999885559082,3.7899999618530273
2021-05-06,13.020000457763672,2.0199999809265137,7.460000038146973,5.78000020980835,13.550000190734863,1.7599999904632568,4.320000171661377,3.7699999809265137
2021-05-07,14.229999542236328,2.0899999141693115,7.889999866485596,5.909999847412109,14.3100004196167,1.7999999523162842,4.519999980926514,3.990000009536743
2021-05-10,14.0600004196167,2.119999885559082,7.940000057220459,5.849999904632568,14.369999885559082,1.7699999809265137,4.519999980926514,4.070000171661377
2021-05-11,13.710000038146973,2.119999885559082,7.849999904632568,5.909999847412109,14.279999732971191,1.7300000190734863,4.460000038146973,3.9000000953674316
2021-05-12,13.5,2.009999990463257,7.690000057220459,5.909999847412109,14.039999961853027,1.690000057220459,4.590000152587891,4.150000095367432
2021-05-13,14.289999961853027,1.9700000286102295,7.960000038146973,5.920000076293945,14.899999618530273,1.7000000476837158,4.71999979019165,4.199999809265137
2021-05-14,15.300000190734863,2.0299999713897705,8.329999923706055,6.199999809265137,15.670000076293945,1.8200000524520874,4.690000057220459,4.46999979019165
2021-05-17,15.770000457763672,2.0,8.5600004196167,6.590000152587891,15.050000190734863,1.8700000047683716,4.860000133514404,4.690000057220459
2021-05-18,15.529999732971191,2.0199999809265137,8.420000076293945,6.46999979019165,14.970000267028809,1.909999966621399,4.789999961853027,4.690000057220459
2021-05-19,15.449999809265137,2.0199999809265137,8.34000015258789,6.539999961853027,14.670000076293945,1.840000033378601,4.710000038146973,4.550000190734863
2021-05-20,15.760000228881836,2.0399999618530273,8.550000190734863,6.650000095367432,14.930000305175781,1.899999976158142,4.690000057220459,4.579999923706055
2021-05-21,15.140000343322754,2.0,8.229999542236328,6.539999961853027,14.670000076293945,1.8300000429153442,4.610000133514404,4.5
2021-05-24,14.859999656677246,1.9700000286102295,8.130000114440918,6.489999771118164,14.569999694824219,1.7999999523162842,4.539999961853027,4.630000114440918
2021-05-25,14.579999923706055,1.9500000476837158,8.100000381469727,6.159999847412109,14.390000343322754,1.7799999713897705,4.369999885559082,4.510000228881836
2021-05-26,15.180000305175781,1.9900000095367432,8.3100004196167,6.519999980926514,14.609999656677246,1.840000033378601,4.409999847412109,4.519999980926514
2021-05-27,15.289999961853027,1.9199999570846558,8.569999694824219,6.389999866485596,14.649999618530273,1.8700000047683716,4.489999771118164,4.559999942779541
2021-05-28,16.389999389648438,2.140000104904175,8.880000114440918,6.650000095367432,15.289999961853027,1.9600000381469727,4.610000133514404,4.699999809265137
2021-06-01,16.479999542236328,2.309999942779541,9.109999656677246,6.940000057220459,16.100000381469727,2.0299999713897705,4.949999809265137,4.880000114440918
2021-06-02,16.709999084472656,2.450000047683716,9.069999694824219,7.0,16.530000686645508,2.0999999046325684,5.03000020980835,4.949999809265137
2021-06-03,17.270000457763672,2.4800000190734863,9.369999885559082,6.849999904632568,16.739999771118164,2.180000066757202,5.309999942779541,5.150000095367432
2021-06-04,17.6200008392334,2.6500000953674316,9.930000305175781,7.0,16.940000534057617,2.3299999237060547,5.389999866485596,5.400000095367432
2021-06-07,18.110000610351562,2.7699999809265137,10.210000038146973,7.170000076293945,17.479999542236328,2.369999885559082,5.5,5.659999847412109
2021-06-08,17.700000762939453,2.6500000953674316,9.770000457763672,7.039999961853027,17.420000076293945,2.2200000286102295,5.320000171661377,5.510000228881836
2021-06-09,18.309999465942383,2.7899999618530273,10.210000038146973,7.179999828338623,17.420000076293945,2.299999952316284,5.710000038146973,5.550000190734863
2021-06-10,18.350000381469727,2.740000009536743,10.390000343322754,7.269999980926514,17.40999984741211,2.319999933242798,5.650000095367432,5.71999979019165
2021-06-11,17.6200008392334,2.640000104904175,9.90999984741211,7.099999904632568,16.770000457763672,2.240000009536743,5.389999866485596,5.380000114440918
2021-06-14,17.65999984741211,2.7200000286102295,10.100000381469727,7.039999961853027,17.040000915527344,2.380000114440918,5.389999866485596,5.460000038146973
2021-06-15,17.719999313354492,2.690000057220459,10.069999694824219,7.150000095367432,17.06999969482422,2.369999885559082,5.380000114440918,5.429999828338623
2021-06-16,17.979999542236328,2.690000057220459,10.220000267028809,7.119999885559082,16.989999771118164,2.369999885559082,5.309999942779541,5.5
2021-06-17,17.399999618530273,2.6600000858306885,9.90999984741211,6.940000057220459,16.889999389648438,2.2799999713897705,5.110000133514404,5.139999866485596
2021-06-18,17.059999465942383,2.5,9.670000076293945,6.820000171661377,16.600000381469727,2.359999895095825,5.170000076293945,5.050000190734863
2021-06-21,16.479999542236328,2.380000114440918,9.449999809265137,6.739999771118164,16.59000015258789,2.2699999809265137,5.059999942779541,5.039999961853027
2021-06-22,16.90999984741211,2.450000047683716,9.739999771118164,6.900000095367432,16.8799991607666,2.309999942779541,5.090000152587891,5.210000038146973
2021-06-23,16.420000076293945,2.5199999809265137,9.579999923706055,7.010000228881836,16.469999313354492,2.2699999809265137,5.179999828338623,5.050000190734863
2021-06-24,16.3799991607666,2.5799999237060547,9.539999961853027,7.190000057220459,16.399999618530273,2.3399999141693115,5.230000019073486,5.21999979019165
2021-06-25,15.789999961853027,2.5199999809265137,9.199999809265137,6.949999809265137,15.449999809265137,2.1500000953674316,4.96999979019165,4.889999866485596
2021-06-28,15.6899995803833,2.4600000381469727,9.15999984741211,6.889999866485596,15.199999809265137,2.190000057220459,4.869999885559082,4.690000057220459
2021-06-29,15.260000228881836,2.509999990463257,8.800000190734863,6.800000190734863,15.0,2.109999895095825,4.71999979019165,4.550000190734863
2021-06-30,15.029999732971191,2.559999942779541,8.619999885559082,6.809999942779541,15.170000076293945,2.069999933242798,4.630000114440918,4.679999828338623
2021-07-01,14.789999961853027,2.5,8.5,6.619999885559082,14.890000343322754,2.0299999713897705,4.559999942779541,4.590000152587891
2021-07-02,15.0,2.5,8.529999732971191,6.650000095367432,15.119999885559082,2.0299999713897705,4.579999923706055,4.53000020980835
2021-07-06,14.529999732971191,2.5,8.3100004196167,6.829999923706055,15.130000114440918,2.0399999618530273,4.610000133514404,4.340000152587891
2021-07-07,14.3100004196167,2.5,8.300000190734863,6.889999866485596,15.399999618530273,1.9800000190734863,4.53000020980835,4.329999923706055
2021-07-08,14.0,2.369999885559082,8.130000114440918,6.849999904632568,15.630000114440918,1.940000057220459,4.5,4.21999979019165
2021-07-09,14.300000190734863,2.4100000858306885,8.199999809265137,6.96999979019165,15.880000114440918,1.9500000476837158,4.630000114440918,4.320000171661377
2021-07-12,14.90999984741211,2.490000009536743,8.579999923706055,7.300000190734863,16.329999923706055,2.0299999713897705,4.809999942779541,4.53000020980835
2021-07-13,14.899999618530273,2.450000047683716,8.5,7.130000114440918,16.399999618530273,2.0399999618530273,4.730000019073486,4.550000190734863
2021-07-14,14.850000381469727,2.4600000381469727,8.539999961853027,7.420000076293945,15.770000457763672,1.9800000190734863,4.610000133514404,4.5
2021-07-15,14.449999809265137,2.430000066757202,8.350000381469727,7.590000152587891,15.550000190734863,2.009999990463257,4.550000190734863,4.340000152587891
2021-07-16,14.100000381469727,2.359999895095825,8.180000305175781,7.46999979019165,15.720000267028809,2.0,4.429999828338623,4.21999979019165
2021-07-19,13.930000305175781,2.3499999046325684,7.940000057220459,7.269999980926514,15.460000038146973,1.9500000476837158,4.369999885559082,4.099999904632568
2021-07-20,13.770000457763672,2.2799999713897705,8.029999732971191,7.400000095367432,16.239999771118164,1.9600000381469727,4.489999771118164,4.150000095367432
2021-07-21,14.550000190734863,2.3299999237060547,8.380000114440918,7.630000114440918,16.309999465942383,2.0299999713897705,4.559999942779541,4.389999866485596
2021-07-22,14.069999694824219,2.309999942779541,8.119999885559082,7.639999866485596,16.540000915527344,1.9800000190734863,4.449999809265137,4.320000171661377
2021-07-23,13.65999984741211,2.259999990463257,7.96999979019165,7.670000076293945,16.100000381469727,1.9500000476837158,4.420000076293945,4.239999771118164
2021-07-26,13.869999885559082,2.390000104904175,8.149999618530273,7.900000095367432,16.3799991607666,1.9700000286102295,4.510000228881836,4.360000133514404
2021-07-27,13.859999656677246,2.440000057220459,8.09000015258789,7.849999904632568,16.610000610351562,1.9600000381469727,4.519999980926514,4.21999979019165
2021-07-28,14.079999923706055,2.5199999809265137,8.260000228881836,7.989999771118164,16.649999618530273,1.9700000286102295,4.480000019073486,4.329999923706055
2021-07-29,14.0600004196167,2.549999952316284,8.079999923706055,8.130000114440918,16.6200008392334,1.9900000095367432,4.46999979019165,4.380000114440918
2021-07-30,13.5,2.5299999713897705,7.809999942779541,7.880000114440918,15.510000228881836,1.9500000476837158,4.400000095367432,4.360000133514404
2021-08-02,13.399999618530273,2.5199999809265137,7.789999961853027,7.730000019073486,15.5,1.899999976158142,4.389999866485596,4.269999980926514
2021-08-03,13.75,2.490000009536743,8.020000457763672,7.739999771118164,15.5,1.940000057220459,4.539999961853027,4.289999961853027
2021-08-04,13.510000228881836,2.440000057220459,7.960000038146973,7.650000095367432,15.25,1.899999976158142,4.449999809265137,4.190000057220459
2021-08-05,13.789999961853027,2.4600000381469727,8.100000381469727,7.869999885559082,15.479999542236328,1.9199999570846558,4.639999866485596,4.389999866485596
2021-08-06,13.859999656677246,2.4800000190734863,8.210000038146973,7.889999866485596,15.5,1.9800000190734863,4.760000228881836,4.429999828338623
2021-08-09,13.970000267028809,2.450000047683716,8.199999809265137,7.690000057220459,15.449999809265137,1.9600000381469727,4.639999866485596,4.480000019073486
2021-08-10,14.670000076293945,2.569999933242798,8.550000190734863,7.900000095367432,15.800000190734863,2.0899999141693115,4.78000020980835,4.739999771118164
2021-08-11,14.859999656677246,2.5899999141693115,8.710000038146973,8.050000190734863,15.699999809265137,2.130000114440918,4.739999771118164,5.099999904632568
2021-08-12,14.859999656677246,2.700000047683716,8.710000038146973,8.069999694824219,16.239999771118164,2.059999942779541,4.849999904632568,5.039999961853027
2021-08-13,14.510000228881836,2.609999895095825,8.479999542236328,7.989999771118164,16.600000381469727,2.0899999141693115,4.71999979019165,4.869999885559082
2021-08-16,14.229999542236328,2.549999952316284,8.359999656677246,7.769999980926514,16.170000076293945,2.009999990463257,4.639999866485596,4.800000190734863
2021-08-17,14.199999809265137,2.4700000286102295,8.319999694824219,7.699999809265137,15.819999694824219,1.9700000286102295,4.630000114440918,4.769999980926514
2021-08-18,14.140000343322754,2.4600000381469727,8.1899995803833,7.489999771118164,15.399999618530273,1.9299999475479126,4.550000190734863,4.599999904632568
2021-08-19,14.300000190734863,2.390000104904175,8.300000190734863,7.25,15.210000038146973,1.9199999570846558,4.659999847412109,4.400000095367432
2021-08-20,14.600000381469727,2.4800000190734863,8.550000190734863,7.309999942779541,15.520000457763672,1.9800000190734863,4.619999885559082,4.409999847412109
2021-08-23,15.420000076293945,2.5799999237060547,8.960000038146973,7.460000038146973,15.9399995803833,2.0299999713897705,4.829999923706055,4.570000171661377
2021-08-24,16.84000015258789,2.75,9.739999771118164,7.800000190734863,17.15999984741211,2.200000047683716,5.03000020980835,4.840000152587891
2021-08-25,17.399999618530273,2.7300000190734863,10.119999885559082,7.699999809265137,17.020000457763672,2.309999942779541,5.159999847412109,5.0
2021-08-26,17.09000015258789,2.740000009536743,10.050000190734863,7.5,16.850000381469727,2.2300000190734863,5.21999979019165,4.909999847412109
2021-08-27,17.649999618530273,2.680000066757202,10.229999542236328,7.699999809265137,17.489999771118164,2.299999952316284,5.190000057220459,5.070000171661377
2021-08-30,19.110000610351562,2.930000066757202,10.979999542236328,7.920000076293945,18.469999313354492,2.5399999618530273,5.570000171661377,5.199999809265137
2021-08-31,18.700000762939453,2.930000066757202,10.779999732971191,7.840000152587891,18.209999084472656,2.5199999809265137,5.340000152587891,5.210000038146973
2021-09-01,18.399999618530273,2.809999942779541,10.550000190734863,7.710000038146973,17.389999389648438,2.450000047683716,5.320000171661377,5.039999961853027
2021-09-02,17.950000762939453,2.7300000190734863,10.359999656677246,7.659999847412109,17.239999771118164,2.4200000762939453,5.21999979019165,5.050000190734863
2021-09-03,17.770000457763672,2.6600000858306885,10.279999732971191,7.570000171661377,16.989999771118164,2.4800000190734863,5.079999923706055,4.940000057220459
2021-09-07,18.989999771118164,3.0,11.15999984741211,7.699999809265137,18.290000915527344,2.7100000381469727,5.269999980926514,5.320000171661377
2021-09-08,18.559999465942383,2.8299999237060547,11.079999923706055,7.440000057220459,17.40999984741211,2.5999999046325684,5.230000019073486,5.199999809265137
2021-09-09,18.530000686645508,2.7799999713897705,10.819999694824219,7.159999847412109,17.0,2.4600000381469727,5.070000171661377,5.260000228881836
2021-09-10,18.290000915527344,2.700000047683716,10.5600004196167,7.170000076293945,16.649999618530273,2.4700000286102295,5.0,5.150000095367432
2021-09-13,19.729999542236328,3.1600000858306885,11.539999961853027,7.269999980926514,18.459999084472656,2.630000114440918,5.519999980926514,5.420000076293945
2021-09-14,19.899999618530273,3.119999885559082,11.239999771118164,7.199999809265137,17.989999771118164,2.5199999809265137,5.329999923706055,5.349999904632568
2021-09-15,19.43000030517578,3.140000104904175,11.020000457763672,7.179999828338623,17.780000686645508,2.450000047683716,5.309999942779541,5.349999904632568
2021-09-16,19.440000534057617,3.3399999141693115,11.069999694824219,7.239999771118164,18.299999237060547,2.4600000381469727,5.28000020980835,5.349999904632568
2021-09-17,19.670000076293945,3.3499999046325684,10.979999542236328,7.269999980926514,17.649999618530273,2.4100000858306885,5.170000076293945,5.179999828338623
2021-09-20,17.309999465942383,2.9000000953674316,9.829999923706055,7.090000152587891,16.610000610351562,2.130000114440918,4.78000020980835,4.860000133514404
2021-09-21,16.889999389648438,2.9000000953674316,9.609999656677246,7.199999809265137,16.700000762939453,2.0899999141693115,4.769999980926514,4.699999809265137
2021-09-22,16.950000762939453,3.180000066757202,9.699999809265137,7.090000152587891,16.889999389648438,2.180000066757202,4.889999866485596,4.659999847412109
2021-09-23,16.75,3.140000104904175,9.59000015258789,7.050000190734863,16.709999084472656,2.1600000858306885,4.710000038146973,4.630000114440918
2021-09-24,16.079999923706055,3.0399999618530273,9.380000114440918,6.900000095367432,16.350000381469727,2.119999885559082,4.670000076293945,4.53000020980835
2021-09-27,16.65999984741211,3.059999942779541,9.6899995803833,7.050000190734863,16.56999969482422,2.2200000286102295,4.670000076293945,4.550000190734863
2021-09-28,16.559999465942383,2.9800000190734863,9.600000381469727,6.96999979019165,16.6299991607666,2.200000047683716,4.739999771118164,4.579999923706055
2021-09-29,16.850000381469727,3.049999952316284,9.760000228881836,7.019999980926514,17.450000762939453,2.200000047683716,4.920000076293945,4.53000020980835
2021-09-30,16.989999771118164,3.0999999046325684,10.069999694824219,7.130000114440918,17.469999313354492,2.25,4.929999828338623,4.659999847412109
2021-10-01,17.31999969482422,3.0999999046325684,10.239999771118164,7.070000171661377,17.440000534057617,2.2899999618530273,5.03000020980835,4.670000076293945
2021-10-04,16.790000915527344,3.049999952316284,10.149999618530273,6.960000038146973,18.059999465942383,2.2799999713897705,5.25,4.71999979019165
2021-10-05,17.06999969482422,3.140000104904175,10.3100004196167,6.860000133514404,18.260000228881836,2.299999952316284,5.150000095367432,4.900000095367432
2021-10-06,16.989999771118164,3.200000047683716,10.229999542236328,6.820000171661377,17.770000457763672,2.2899999618530273,5.090000152587891,4.809999942779541
2021-10-07,16.6299991607666,3.2300000190734863,10.229999542236328,6.809999942779541,18.040000915527344,2.25,5.150000095367432,4.800000190734863
2021-10-08,16.549999237060547,3.2200000286102295,10.25,6.800000190734863,18.149999618530273,2.259999990463257,5.119999885559082,4.820000171661377
2021-10-11,16.520000457763672,3.5799999237060547,10.3100004196167,6.820000171661377,19.93000030517578,2.259999990463257,5.369999885559082,4.769999980926514
2021-10-12,16.360000610351562,3.4000000953674316,10.350000381469727,6.840000152587891,19.600000381469727,2.299999952316284,5.380000114440918,4.590000152587891
2021-10-13,16.530000686645508,3.4000000953674316,10.289999961853027,6.949999809265137,19.610000610351562,2.2699999809265137,5.360000133514404,4.610000133514404
2021-10-14,16.780000686645508,3.569999933242798,10.319999694824219,7.090000152587891,19.790000915527344,2.3299999237060547,5.409999847412109,4.539999961853027
2021-10-15,17.290000915527344,3.7300000190734863,10.739999771118164,7.199999809265137,19.56999969482422,2.369999885559082,5.429999828338623,4.579999923706055
2021-10-18,17.1200008392334,3.8499999046325684,10.770000457763672,7.159999847412109,19.709999084472656,2.3399999141693115,5.539999961853027,4.53000020980835
2021-10-19,17.100000381469727,3.950000047683716,10.920000076293945,7.139999866485596,20.469999313354492,2.359999895095825,5.690000057220459,4.519999980926514
2021-10-20,18.350000381469727,3.9700000286102295,11.710000038146973,7.199999809265137,20.889999389648438,2.5199999809265137,5.940000057220459,4.739999771118164
2021-10-21,18.020000457763672,4.079999923706055,11.399999618530273,6.920000076293945,20.600000381469727,2.4600000381469727,5.900000095367432,4.590000152587891
2021-10-22,17.6299991607666,4.130000114440918,11.40999984741211,6.880000114440918,20.110000610351562,2.430000066757202,5.789999961853027,4.46999979019165
2021-10-25,18.260000228881836,4.239999771118164,11.899999618530273,7.050000190734863,20.440000534057617,2.4700000286102295,6.03000020980835,4.659999847412109
2021-10-26,17.709999084472656,4.159999847412109,11.6899995803833,7.010000228881836,20.049999237060547,2.440000057220459,5.929999828338623,4.639999866485596
2021-10-27,16.700000762939453,3.8399999141693115,11.010000228881836,6.769999980926514,19.09000015258789,2.3299999237060547,5.710000038146973,4.489999771118164
2021-10-28,16.6200008392334,3.8399999141693115,11.149999618530273,6.820000171661377,18.93000030517578,2.319999933242798,5.519999980926514,4.389999866485596
2021-10-29,15.729999542236328,3.5199999809265137,10.630000114440918,6.78000020980835,18.329999923706055,2.180000066757202,5.309999942779541,4.199999809265137
2021-11-01,15.869999885559082,3.5899999141693115,10.829999923706055,6.800000190734863,18.1200008392334,2.2300000190734863,5.349999904632568,4.349999904632568
2021-11-02,16.010000228881836,3.5899999141693115,11.140000343322754,6.889999866485596,17.90999984741211,2.240000009536743,5.309999942779541,4.170000076293945
2021-11-03,16.780000686645508,3.8399999141693115,11.75,7.039999961853027,18.200000762939453,2.3399999141693115,5.380000114440918,4.28000020980835
2021-11-04,16.190000534057617,3.690000057220459,11.34000015258789,6.849999904632568,17.6200008392334,2.25,5.090000152587891,4.110000133514404
2021-11-05,16.1299991607666,3.759999990463257,11.40999984741211,7.079999923706055,18.100000381469727,2.200000047683716,5.210000038146973,4.190000057220459
2021-11-08,16.799999237060547,3.9200000762939453,11.890000343322754,7.099999904632568,18.989999771118164,2.2899999618530273,5.420000076293945,4.340000152587891
2021-11-09,17.040000915527344,3.930000066757202,12.079999923706055,7.199999809265137,18.770000457763672,2.3399999141693115,5.480000019073486,4.559999942779541
2021-11-10,17.200000762939453,3.8499999046325684,12.140000343322754,7.25,18.850000381469727,2.299999952316284,5.5,4.400000095367432
2021-11-11,17.510000228881836,3.740000009536743,11.880000114440918,7.28000020980835,19.09000015258789,2.2699999809265137,5.710000038146973,4.300000190734863
2021-11-12,17.15999984741211,3.680000066757202,11.520000457763672,6.789999961853027,18.540000915527344,2.299999952316284,5.389999866485596,4.300000190734863
2021-11-15,17.059999465942383,3.859999895095825,11.390000343322754,6.78000020980835,18.350000381469727,2.309999942779541,5.380000114440918,4.25
2021-11-16,15.670000076293945,3.5299999713897705,10.5,6.610000133514404,17.739999771118164,2.119999885559082,5.309999942779541,4.019999980926514
2021-11-17,15.25,3.430000066757202,10.0600004196167,6.659999847412109,17.760000228881836,2.059999942779541,5.179999828338623,3.9700000286102295
2021-11-18,15.5600004196167,3.359999895095825,10.1899995803833,6.820000171661377,18.350000381469727,2.009999990463257,5.150000095367432,4.099999904632568
2021-11-19,14.760000228881836,3.0399999618530273,9.579999923706055,6.400000095367432,17.75,1.899999976158142,4.840000152587891,3.869999885559082
2021-11-22,14.100000381469727,2.9800000190734863,9.149999618530273,6.010000228881836,17.3799991607666,1.899999976158142,4.690000057220459,3.759999990463257
2021-11-23,14.170000076293945,3.119999885559082,9.260000228881836,6.119999885559082,17.75,1.8799999952316284,4.710000038146973,3.7799999713897705
2021-11-24,13.789999961853027,3.1600000858306885,9.140000343322754,6.019999980926514,17.440000534057617,1.899999976158142,4.550000190734863,3.6500000953674316
2021-11-26,13.569999694824219,3.0799999237060547,9.149999618530273,5.989999771118164,16.799999237060547,1.8899999856948853,4.329999923706055,3.430000066757202
2021-11-29,13.25,3.009999990463257,8.789999961853027,5.860000133514404,16.739999771118164,1.8300000429153442,4.210000038146973,3.390000104904175
2021-11-30,13.270000457763672,3.130000114440918,8.680000305175781,6.079999923706055,16.520000457763672,1.940000057220459,4.050000190734863,3.5799999237060547
2021-12-01,14.300000190734863,3.2799999713897705,9.430000305175781,6.110000133514404,17.770000457763672,1.9299999475479126,4.360000133514404,3.6700000762939453
2021-12-02,14.619999885559082,3.3499999046325684,9.529999732971191,6.210000038146973,18.739999771118164,2.0799999237060547,4.590000152587891,3.9600000381469727
2021-12-03,14.130000114440918,3.130000114440918,9.170000076293945,6.099999904632568,18.479999542236328,2.009999990463257,4.519999980926514,3.819999933242798
2021-12-06,14.289999961853027,3.259999990463257,9.390000343322754,6.230000019073486,18.81999969482422,2.059999942779541,4.519999980926514,3.990000009536743
2021-12-07,14.5,3.440000057220459,9.630000114440918,6.340000152587891,19.040000915527344,2.1500000953674316,4.699999809265137,4.190000057220459
2021-12-08,14.619999885559082,3.4000000953674316,9.710000038146973,6.130000114440918,19.0,2.119999885559082,4.699999809265137,4.170000076293945
2021-12-09,14.510000228881836,3.369999885559082,9.760000228881836,6.159999847412109,18.90999984741211,2.0899999141693115,4.670000076293945,4.070000171661377
2021-12-10,14.210000038146973,3.319999933242798,9.569999694824219,6.130000114440918,18.600000381469727,2.0399999618530273,4.639999866485596,3.990000009536743
2021-12-13,13.640000343322754,3.1700000762939453,9.100000381469727,6.079999923706055,18.06999969482422,1.8799999952316284,4.480000019073486,3.880000114440918
2021-12-14,14.039999961853027,3.119999885559082,9.329999923706055,5.989999771118164,17.950000762939453,1.899999976158142,4.340000152587891,3.809999942779541
2021-12-15,14.399999618530273,3.130000114440918,9.5,5.96999979019165,18.239999771118164,1.8799999952316284,4.360000133514404,3.819999933242798
2021-12-16,14.770000457763672,3.0899999141693115,9.75,6.03000020980835,18.93000030517578,1.8799999952316284,4.5,3.9100000858306885
2021-12-17,14.34000015258789,3.0899999141693115,9.399999618530273,6.039999961853027,18.739999771118164,1.8600000143051147,4.570000171661377,3.809999942779541
2021-12-20,14.170000076293945,3.059999942779541,9.449999809265137,5.96999979019165,19.010000228881836,1.8799999952316284,4.409999847412109,3.75
2021-12-21,14.3100004196167,3.059999942779541,9.489999771118164,6.139999866485596,19.639999389648438,1.8799999952316284,4.510000228881836,3.8399999141693115
2021-12-22,14.319999694824219,3.109999895095825,9.539999961853027,6.230000019073486,19.639999389648438,1.9299999475479126,4.46999979019165,3.890000104904175
2021-12-23,14.550000190734863,3.180000066757202,9.6899995803833,6.429999828338623,19.729999542236328,2.009999990463257,4.510000228881836,3.9200000762939453
2021-12-27,15.149999618530273,3.2699999809265137,10.149999618530273,6.590000152587891,20.0,2.0199999809265137,4.599999904632568,4.070000171661377
2021-12-28,14.479999542236328,3.259999990463257,9.609999656677246,6.610000133514404,20.6299991607666,1.9299999475479126,4.650000095367432,4.070000171661377
2021-12-29,14.359999656677246,3.2699999809265137,9.850000381469727,6.559999942779541,20.459999084472656,1.9500000476837158,4.53000020980835,3.990000009536743
2021-12-30,14.319999694824219,3.190000057220459,9.739999771118164,6.630000114440918,20.8799991607666,1.940000057220459,4.440000057220459,3.9100000858306885
2021-12-31,14.020000457763672,3.130000114440918,9.489999771118164,6.670000076293945,21.110000610351562,1.9500000476837158,4.440000057220459,3.819999933242798
2022-01-03,14.270000457763672,3.200000047683716,9.699999809265137,6.639999866485596,20.049999237060547,1.9500000476837158,4.5,4.039999961853027
2022-01-04,14.039999961853027,3.2699999809265137,9.630000114440918,6.46999979019165,19.979999542236328,1.9700000286102295,4.409999847412109,4.159999847412109
2022-01-05,13.420000076293945,3.0799999237060547,9.180000305175781,6.440000057220459,18.959999084472656,1.909999966621399,4.309999942779541,3.990000009536743
2022-01-06,13.569999694824219,2.9800000190734863,9.270000457763672,6.389999866485596,18.75,1.9199999570846558,4.239999771118164,3.950000047683716
2022-01-07,13.989999771118164,3.069999933242798,9.380000114440918,6.460000038146973,19.15999984741211,1.9900000095367432,4.409999847412109,4.03000020980835
2022-01-10,13.789999961853027,3.009999990463257,9.270000457763672,6.300000190734863,18.670000076293945,1.9500000476837158,4.579999923706055,3.9100000858306885
2022-01-11,14.069999694824219,3.130000114440918,9.510000228881836,6.300000190734863,18.889999389648438,1.9600000381469727,4.699999809265137,4.090000152587891
2022-01-12,14.239999771118164,3.2899999618530273,9.569999694824219,6.389999866485596,19.68000030517578,1.9299999475479126,4.869999885559082,4.150000095367432
2022-01-13,14.449999809265137,3.299999952316284,9.520000457763672,6.329999923706055,19.459999084472656,1.9600000381469727,4.739999771118164,4.199999809265137
2022-01-14,14.680000305175781,3.380000114440918,9.489999771118164,6.28000020980835,19.479999542236328,1.9299999475479126,4.699999809265137,4.360000133514404
2022-01-18,13.960000038146973,3.059999942779541,8.90999984741211,6.139999866485596,18.440000534057617,1.8600000143051147,4.590000152587891,4.170000076293945
2022-01-19,14.119999885559082,3.049999952316284,9.0,6.039999961853027,18.709999084472656,1.8300000429153442,4.559999942779541,4.090000152587891
2022-01-20,13.949999809265137,2.9800000190734863,8.850000381469727,5.900000095367432,18.469999313354492,1.8300000429153442,4.429999828338623,3.9800000190734863
2022-01-21,13.220000267028809,2.9200000762939453,8.430000305175781,5.739999771118164,18.579999923706055,1.7699999809265137,4.340000152587891,3.8299999237060547
2022-01-24,12.40999984741211,2.880000114440918,8.260000228881836,5.75,18.6299991607666,1.7599999904632568,4.400000095367432,3.7699999809265137
2022-01-25,12.8100004196167,2.930000066757202,8.5600004196167,5.699999809265137,19.1299991607666,1.7899999618530273,4.460000038146973,3.930000066757202
2022-01-26,12.949999809265137,2.930000066757202,8.6899995803833,5.619999885559082,19.079999923706055,1.7899999618530273,4.510000228881836,3.950000047683716
2022-01-27,12.800000190734863,2.869999885559082,8.680000305175781,5.570000171661377,18.850000381469727,1.7599999904632568,4.550000190734863,3.9700000286102295
2022-01-28,13.960000038146973,3.130000114440918,9.529999732971191,6.019999980926514,19.440000534057617,1.8600000143051147,4.710000038146973,4.25
2022-01-31,14.430000305175781,3.390000104904175,9.680000305175781,6.170000076293945,19.8799991607666,1.9500000476837158,4.920000076293945,4.320000171661377
2022-02-01,14.300000190734863,3.4800000190734863,9.680000305175781,6.25,20.280000686645508,1.9500000476837158,4.96999979019165,4.369999885559082
2022-02-02,14.229999542236328,3.3399999141693115,9.59000015258789,6.179999828338623,20.020000457763672,1.909999966621399,4.840000152587891,4.309999942779541
2022-02-03,13.930000305175781,3.309999942779541,9.300000190734863,6.059999942779541,19.440000534057617,1.8700000047683716,4.690000057220459,4.159999847412109
2022-02-04,13.819999694824219,3.2899999618530273,9.300000190734863,6.070000171661377,19.229999542236328,1.8899999856948853,4.710000038146973,4.099999904632568
2022-02-07,13.930000305175781,3.4000000953674316,9.369999885559082,6.050000190734863,18.940000534057617,1.9299999475479126,4.760000228881836,4.130000114440918
2022-02-08,13.869999885559082,3.490000009536743,9.34000015258789,6.110000133514404,18.940000534057617,1.850000023841858,4.699999809265137,4.050000190734863
2022-02-09,13.729999542236328,3.4200000762939453,9.279999732971191,6.210000038146973,19.170000076293945,1.8899999856948853,4.650000095367432,4.070000171661377
2022-02-10,13.6899995803833,3.359999895095825,9.229999542236328,6.119999885559082,19.010000228881836,1.8200000524520874,4.650000095367432,4.110000133514404
2022-02-11,13.760000228881836,3.4800000190734863,9.029999732971191,6.329999923706055,20.309999465942383,1.8600000143051147,4.860000133514404,4.190000057220459
2022-02-14,13.550000190734863,3.390000104904175,9.0,6.329999923706055,19.889999389648438,1.809999942779541,4.869999885559082,4.090000152587891
2022-02-15,13.789999961853027,3.490000009536743,9.170000076293945,6.5,19.899999618530273,1.8700000047683716,4.929999828338623,4.139999866485596
2022-02-16,14.449999809265137,3.6500000953674316,9.720000267028809,6.480000019073486,20.399999618530273,1.9500000476837158,5.25,4.389999866485596
2022-02-17,14.050000190734863,3.619999885559082,9.430000305175781,6.460000038146973,20.579999923706055,1.8600000143051147,5.179999828338623,4.320000171661377
2022-02-18,14.430000305175781,3.740000009536743,9.680000305175781,6.349999904632568,20.299999237060547,1.940000057220459,5.260000228881836,4.289999961853027
2022-02-22,15.279999732971191,4.119999885559082,10.1899995803833,6.380000114440918,21.079999923706055,1.9600000381469727,5.420000076293945,4.460000038146973
2022-02-23,15.319999694824219,3.9100000858306885,10.119999885559082,6.309999942779541,21.079999923706055,2.0,5.860000133514404,4.440000057220459
2022-02-24,15.0,3.7799999713897705,9.970000267028809,6.010000228881836,20.989999771118164,1.9299999475479126,5.75,4.309999942779541
2022-02-25,14.899999618530273,3.7799999713897705,9.890000343322754,5.900000095367432,21.600000381469727,1.9600000381469727,5.75,4.380000114440918
2022-02-28,14.430000305175781,3.680000066757202,9.470000267028809,5.670000076293945,20.950000762939453,1.8600000143051147,5.599999904632568,4.199999809265137
2022-03-01,14.350000381469727,3.680000066757202,9.649999618530273,5.429999828338623,23.190000534057617,1.840000033378601,5.619999885559082,4.349999904632568
2022-03-02,14.890000343322754,3.819999933242798,9.890000343322754,5.630000114440918,23.559999465942383,1.9900000095367432,5.880000114440918,4.679999828338623
2022-03-03,15.109999656677246,3.859999895095825,9.989999771118164,5.460000038146973,24.100000381469727,1.9600000381469727,6.210000038146973,4.550000190734863
2022-03-04,14.5,3.809999942779541,9.59000015258789,5.349999904632568,23.93000030517578,1.899999976158142,6.380000114440918,4.340000152587891
2022-03-07,14.260000228881836,3.7100000381469727,9.109999656677246,5.25,23.40999984741211,1.8600000143051147,6.449999809265137,4.079999923706055
2022-03-08,14.710000038146973,3.8499999046325684,9.380000114440918,5.269999980926514,23.200000762939453,1.9199999570846558,6.300000190734863,4.380000114440918
2022-03-09,15.489999771118164,3.8299999237060547,9.949999809265137,5.610000133514404,23.139999389648438,1.9299999475479126,5.960000038146973,4.650000095367432
2022-03-10,16.06999969482422,4.03000020980835,10.300000190734863,5.78000020980835,24.110000610351562,2.0,6.550000190734863,4.820000171661377
2022-03-11,15.529999732971191,3.9600000381469727,10.140000343322754,5.730000019073486,22.850000381469727,1.9500000476837158,6.380000114440918,4.659999847412109
2022-03-14,15.170000076293945,3.9200000762939453,9.920000076293945,5.539999961853027,21.639999389648438,1.899999976158142,5.940000057220459,4.5
2022-03-15,15.140000343322754,3.8299999237060547,9.930000305175781,5.579999923706055,21.270000457763672,1.8700000047683716,5.889999866485596,4.340000152587891
2022-03-16,15.510000228881836,3.880000114440918,10.149999618530273,5.78000020980835,20.93000030517578,1.8799999952316284,5.800000190734863,4.309999942779541
2022-03-17,15.800000190734863,3.859999895095825,10.460000038146973,5.800000190734863,21.510000228881836,1.9299999475479126,5.730000019073486,4.480000019073486
2022-03-18,16.09000015258789,3.819999933242798,10.260000228881836,5.860000133514404,21.450000762939453,1.909999966621399,5.820000171661377,4.380000114440918
2022-03-21,16.360000610351562,3.7799999713897705,10.4399995803833,5.809999942779541,22.030000686645508,1.909999966621399,5.960000038146973,4.570000171661377
2022-03-22,16.520000457763672,3.7300000190734863,10.420000076293945,5.75,22.229999542236328,1.909999966621399,5.920000076293945,4.53000020980835
2022-03-23,16.489999771118164,3.6500000953674316,10.270000457763672,5.639999866485596,22.3700008392334,1.8899999856948853,5.929999828338623,4.650000095367432
2022-03-24,16.959999084472656,3.75,10.850000381469727,5.760000228881836,22.90999984741211,1.9500000476837158,6.309999942779541,4.789999961853027
2022-03-25,16.979999542236328,3.819999933242798,10.699999809265137,5.699999809265137,22.90999984741211,1.9800000190734863,6.659999847412109,4.789999961853027
2022-03-28,17.25,3.819999933242798,10.6899995803833,5.75,23.059999465942383,1.9800000190734863,6.619999885559082,4.760000228881836
2022-03-29,17.15999984741211,3.8299999237060547,10.6899995803833,5.840000152587891,22.440000534057617,2.009999990463257,6.639999866485596,4.809999942779541
2022-03-30,17.139999389648438,3.9100000858306885,10.829999923706055,5.75,22.90999984741211,2.0199999809265137,6.860000133514404,4.880000114440918
2022-03-31,17.299999237060547,4.03000020980835,10.800000190734863,5.71999979019165,23.6299991607666,2.0199999809265137,7.010000228881836,4.829999923706055
2022-04-01,17.809999465942383,4.110000133514404,11.100000381469727,5.849999904632568,24.06999969482422,2.0799999237060547,7.070000171661377,5.050000190734863
2022-04-04,17.670000076293945,4.190000057220459,11.010000228881836,6.050000190734863,23.950000762939453,2.069999933242798,7.070000171661377,5.309999942779541
2022-04-05,17.25,4.090000152587891,10.619999885559082,6.0,23.969999313354492,2.0,7.039999961853027,5.190000057220459
2022-04-06,16.989999771118164,4.090000152587891,10.510000228881836,5.949999809265137,23.350000381469727,1.9600000381469727,6.840000152587891,5.070000171661377
2022-04-07,17.020000457763672,4.099999904632568,10.3100004196167,6.050000190734863,23.450000762939453,1.9700000286102295,7.03000020980835,5.130000114440918
2022-04-08,17.209999084472656,4.25,10.300000190734863,6.110000133514404,24.149999618530273,1.9900000095367432,7.170000076293945,5.139999866485596
2022-04-11,16.790000915527344,4.119999885559082,9.979999542236328,6.03000020980835,23.540000915527344,1.9500000476837158,7.190000057220459,5.03000020980835
2022-04-12,16.479999542236328,4.010000228881836,9.930000305175781,5.96999979019165,23.739999771118164,1.9199999570846558,7.110000133514404,5.070000171661377
2022-04-13,16.649999618530273,4.03000020980835,9.970000267028809,6.25,24.15999984741211,1.9199999570846558,7.179999828338623,5.139999866485596
2022-04-14,17.079999923706055,4.0,10.0,6.5,24.889999389648438,1.9299999475479126,7.46999979019165,5.179999828338623
2022-04-18,17.0,4.039999961853027,10.130000114440918,6.420000076293945,24.049999237060547,1.940000057220459,7.28000020980835,5.230000019073486
2022-04-19,17.040000915527344,4.090000152587891,10.119999885559082,6.570000171661377,25.079999923706055,1.9299999475479126,7.309999942779541,5.139999866485596
2022-04-20,16.93000030517578,3.9200000762939453,10.039999961853027,6.449999809265137,24.649999618530273,1.899999976158142,7.019999980926514,5.070000171661377
2022-04-21,15.960000038146973,3.75,9.510000228881836,6.179999828338623,23.049999237060547,1.840000033378601,6.699999809265137,4.769999980926514
2022-04-22,15.510000228881836,3.630000114440918,9.260000228881836,5.760000228881836,22.59000015258789,1.809999942779541,6.550000190734863,4.639999866485596
2022-04-25,15.359999656677246,3.619999885559082,9.300000190734863,5.820000171661377,22.469999313354492,1.8600000143051147,6.429999828338623,4.46999979019165
2022-04-26,14.350000381469727,3.5899999141693115,8.869999885559082,5.570000171661377,21.5,1.7599999904632568,6.369999885559082,4.150000095367432
2022-04-27,14.65999984741211,3.619999885559082,9.140000343322754,5.670000076293945,22.200000762939453,1.809999942779541,6.559999942779541,4.190000057220459
2022-04-28,14.859999656677246,3.759999990463257,9.279999732971191,5.889999866485596,22.3799991607666,1.840000033378601,6.75,4.329999923706055
2022-04-29,14.670000076293945,3.6600000858306885,9.09000015258789,5.619999885559082,21.56999969482422,1.7899999618530273,6.409999847412109,4.239999771118164
2022-05-02,14.229999542236328,3.5799999237060547,8.789999961853027,5.630000114440918,20.6200008392334,1.809999942779541,6.179999828338623,4.139999866485596
2022-05-03,14.960000038146973,3.640000104904175,9.15999984741211,5.909999847412109,21.270000457763672,1.850000023841858,6.449999809265137,4.260000228881836
2022-05-04,15.229999542236328,3.759999990463257,9.289999961853027,5.840000152587891,21.579999923706055,1.850000023841858,6.610000133514404,4.400000095367432
2022-05-05,14.479999542236328,3.6600000858306885,8.920000076293945,5.650000095367432,20.559999465942383,1.75,6.170000076293945,4.139999866485596
2022-05-06,14.399999618530273,3.4000000953674316,8.920000076293945,5.550000190734863,20.469999313354492,1.7300000190734863,5.989999771118164,4.119999885559082
2022-05-09,13.729999542236328,3.200000047683716,8.680000305175781,5.309999942779541,19.549999237060547,1.649999976158142,5.539999961853027,3.880000114440918
2022-05-10,13.960000038146973,3.359999895095825,8.859999656677246,5.190000057220459,20.31999969482422,1.649999976158142,5.690000057220459,3.9200000762939453
2022-05-11,14.399999618530273,3.490000009536743,9.069999694824219,5.320000171661377,20.920000076293945,1.649999976158142,6.010000228881836,4.059999942779541
2022-05-12,14.710000038146973,3.5,9.079999923706055,5.260000228881836,20.68000030517578,1.6699999570846558,6.079999923706055,4.039999961853027
2022-05-13,15.510000228881836,3.559999942779541,9.069999694824219,5.369999885559082,21.450000762939453,1.7200000286102295,6.090000152587891,4.25
2022-05-16,15.949999809265137,3.6700000762939453,9.279999732971191,5.639999866485596,21.649999618530273,1.7999999523162842,6.400000095367432,4.420000076293945
2022-05-17,16.229999542236328,3.680000066757202,9.489999771118164,5.760000228881836,22.270000457763672,1.8700000047683716,6.519999980926514,4.489999771118164
2022-05-18,15.729999542236328,3.5799999237060547,9.25,5.699999809265137,21.31999969482422,1.809999942779541,6.320000171661377,4.260000228881836
2022-05-19,15.770000457763672,3.6700000762939453,9.260000228881836,5.610000133514404,21.520000457763672,1.7799999713897705,6.380000114440918,4.369999885559082
2022-05-20,15.539999961853027,3.630000114440918,9.069999694824219,5.670000076293945,21.479999542236328,1.809999942779541,6.230000019073486,4.340000152587891
2022-05-23,16.1299991607666,3.740000009536743,9.350000381469727,5.78000020980835,22.1299991607666,1.940000057220459,6.420000076293945,4.5
2022-05-24,16.65999984741211,3.6700000762939453,9.350000381469727,5.75,22.940000534057617,1.8700000047683716,6.449999809265137,4.429999828338623
2022-05-25,16.520000457763672,3.809999942779541,9.369999885559082,5.769999980926514,23.719999313354492,1.899999976158142,6.800000190734863,4.5
2022-05-26,16.81999969482422,3.880000114440918,9.390000343322754,5.829999923706055,24.25,1.899999976158142,6.670000076293945,4.539999961853027
2022-05-27,16.479999542236328,3.9100000858306885,9.380000114440918,5.909999847412109,23.959999084472656,1.8899999856948853,6.690000057220459,4.659999847412109
2022-05-31,15.920000076293945,3.940000057220459,9.210000038146973,5.880000114440918,23.670000076293945,1.8600000143051147,6.760000228881836,4.5
2022-06-01,15.789999961853027,3.9100000858306885,9.0,5.789999961853027,23.260000228881836,1.809999942779541,6.619999885559082,4.400000095367432
2022-06-02,16.06999969482422,3.890000104904175,9.1899995803833,6.039999961853027,23.299999237060547,1.850000023841858,6.579999923706055,4.369999885559082
2022-06-03,15.1899995803833,3.8499999046325684,9.109999656677246,6.099999904632568,23.559999465942383,1.8300000429153442,6.599999904632568,4.440000057220459
2022-06-06,14.800000190734863,3.7799999713897705,8.920000076293945,6.050000190734863,22.989999771118164,1.809999942779541,6.670000076293945,4.360000133514404
2022-06-07,14.720000267028809,3.7899999618530273,8.859999656677246,6.170000076293945,23.3700008392334,1.7999999523162842,6.769999980926514,4.380000114440918
2022-06-08,14.270000457763672,3.7200000286102295,8.609999656677246,6.119999885559082,23.0,1.809999942779541,6.820000171661377,4.389999866485596
2022-06-09,13.199999809265137,3.490000009536743,7.909999847412109,5.789999961853027,22.239999771118164,1.7400000095367432,6.449999809265137,4.139999866485596
2022-06-10,12.949999809265137,3.3499999046325684,7.840000152587891,5.639999866485596,21.149999618530273,1.690000057220459,6.139999866485596,4.050000190734863
2022-06-13,12.069999694824219,3.109999895095825,7.21999979019165,5.340000152587891,20.399999618530273,1.5099999904632568,5.679999828338623,3.880000114440918
2022-06-14,12.3100004196167,3.0299999713897705,7.300000190734863,5.289999961853027,20.079999923706055,1.4600000381469727,5.440000057220459,3.7200000286102295
2022-06-15,12.460000038146973,3.180000066757202,7.510000228881836,5.349999904632568,20.709999084472656,1.5,5.570000171661377,3.75
2022-06-16,12.050000190734863,3.130000114440918,7.360000133514404,5.130000114440918,20.18000030517578,1.409999966621399,5.260000228881836,3.5199999809265137
2022-06-17,12.0,3.0799999237060547,7.449999809265137,5.110000133514404,19.729999542236328,1.3700000047683716,5.099999904632568,3.4200000762939453
2022-06-21,12.010000228881836,3.1600000858306885,7.380000114440918,5.159999847412109,20.049999237060547,1.3899999856948853,5.489999771118164,3.5399999618530273
2022-06-22,12.0,3.2300000190734863,7.449999809265137,5.139999866485596,20.489999771118164,1.409999966621399,5.389999866485596,3.4700000286102295
2022-06-23,11.609999656677246,3.059999942779541,7.300000190734863,5.090000152587891,19.84000015258789,1.3799999952316284,5.159999847412109,3.2300000190734863
2022-06-24,11.420000076293945,3.069999933242798,7.150000095367432,5.110000133514404,19.729999542236328,1.409999966621399,5.130000114440918,3.2200000286102295
2022-06-27,11.4399995803833,3.180000066757202,7.139999866485596,5.170000076293945,21.3700008392334,1.399999976158142,5.28000020980835,3.380000114440918
2022-06-28,11.800000190734863,3.0799999237060547,7.099999904632568,5.239999771118164,20.920000076293945,1.399999976158142,5.329999923706055,3.430000066757202
2022-06-29,11.65999984741211,3.0199999809265137,7.170000076293945,5.139999866485596,20.739999771118164,1.3700000047683716,5.139999866485596,3.3399999141693115
2022-06-30,11.199999809265137,3.069999933242798,6.909999847412109,5.079999923706055,20.479999542236328,1.3600000143051147,5.139999866485596,3.259999990463257
2022-07-01,11.630000114440918,3.0799999237060547,7.159999847412109,5.190000057220459,21.360000610351562,1.399999976158142,5.21999979019165,3.319999933242798
2022-07-05,11.220000267028809,3.009999990463257,6.840000152587891,5.039999961853027,19.75,1.3899999856948853,4.900000095367432,3.130000114440918
2022-07-06,11.149999618530273,3.109999895095825,6.690000057220459,5.269999980926514,19.719999313354492,1.3600000143051147,4.980000019073486,3.0899999141693115
2022-07-07,11.329999923706055,3.1700000762939453,6.690000057220459,5.119999885559082,20.850000381469727,1.3200000524520874,5.139999866485596,3.119999885559082
2022-07-08,11.430000305175781,3.119999885559082,6.679999828338623,4.699999809265137,20.959999084472656,1.3700000047683716,5.039999961853027,3.1700000762939453
2022-07-11,10.970000267028809,3.180000066757202,6.559999942779541,4.739999771118164,20.690000534057617,1.3300000429153442,5.03000020980835,3.049999952316284
2022-07-12,11.010000228881836,3.1500000953674316,6.489999771118164,4.710000038146973,20.889999389648438,1.2999999523162842,5.050000190734863,3.0
2022-07-13,10.720000267028809,3.1600000858306885,6.320000171661377,4.730000019073486,21.170000076293945,1.2899999618530273,4.980000019073486,3.009999990463257
2022-07-14,10.109999656677246,3.140000104904175,6.139999866485596,4.760000228881836,20.469999313354492,1.2599999904632568,4.809999942779541,2.930000066757202
2022-07-15,10.369999885559082,3.2100000381469727,6.289999961853027,4.829999923706055,21.040000915527344,1.2899999618530273,4.829999923706055,2.9700000286102295
2022-07-18,10.699999809265137,3.1700000762939453,6.409999847412109,4.78000020980835,21.079999923706055,1.2899999618530273,4.849999904632568,2.990000009536743
2022-07-19,10.729999542236328,3.119999885559082,6.329999923706055,4.769999980926514,21.260000228881836,1.2999999523162842,5.010000228881836,3.059999942779541
2022-07-20,10.15999984741211,3.0,5.989999771118164,4.78000020980835,20.479999542236328,1.25,4.789999961853027,2.990000009536743
2022-07-21,10.0,2.890000104904175,5.929999828338623,4.75,20.1299991607666,1.25,4.670000076293945,2.9100000858306885
2022-07-22,10.279999732971191,3.049999952316284,6.159999847412109,4.789999961853027,20.43000030517578,1.4900000095367432,4.710000038146973,2.9100000858306885
2022-07-25,10.84000015258789,3.25,6.460000038146973,4.909999847412109,21.280000686645508,1.5399999618530273,4.949999809265137,3.140000104904175
2022-07-26,10.890000343322754,3.2699999809265137,6.489999771118164,4.880000114440918,21.459999084472656,1.5,4.880000114440918,3.200000047683716
2022-07-27,11.5,3.569999933242798,6.820000171661377,5.139999866485596,22.34000015258789,1.5800000429153442,5.199999809265137,3.3499999046325684
2022-07-28,12.420000076293945,3.8299999237060547,7.389999866485596,5.539999961853027,23.649999618530273,1.6699999570846558,5.889999866485596,3.4800000190734863
2022-07-29,12.960000038146973,3.890000104904175,7.800000190734863,5.900000095367432,23.950000762939453,1.7200000286102295,5.980000019073486,3.7100000381469727
2022-08-01,12.930000305175781,3.9100000858306885,7.78000020980835,5.909999847412109,23.920000076293945,1.690000057220459,5.800000190734863,3.6500000953674316
2022-08-02,13.029999732971191,3.690000057220459,7.829999923706055,5.849999904632568,22.899999618530273,1.6399999856948853,5.650000095367432,3.6600000858306885
2022-08-03,13.199999809265137,3.7799999713897705,7.820000171661377,5.900000095367432,23.809999465942383,1.7000000476837158,5.659999847412109,3.7200000286102295
2022-08-04,12.819999694824219,3.690000057220459,7.639999866485596,5.809999942779541,23.68000030517578,1.6799999475479126,5.550000190734863,3.6600000858306885
2022-08-05,12.890000343322754,3.880000114440918,7.809999942779541,6.03000020980835,24.110000610351562,1.809999942779541,5.880000114440918,3.75
2022-08-08,13.600000381469727,3.9700000286102295,8.069999694824219,6.230000019073486,24.8700008392334,1.7899999618530273,6.159999847412109,4.0
2022-08-09,12.800000190734863,3.8399999141693115,7.789999961853027,6.050000190734863,24.3799991607666,1.7100000381469727,5.929999828338623,3.9100000858306885
2022-08-10,12.510000228881836,3.680000066757202,7.650000095367432,6.170000076293945,24.200000762939453,1.7999999523162842,5.889999866485596,3.9100000858306885
2022-08-11,13.079999923706055,3.75,7.849999904632568,6.139999866485596,24.479999542236328,1.7599999904632568,6.190000057220459,4.090000152587891
2022-08-12,13.350000381469727,3.880000114440918,8.069999694824219,6.400000095367432,24.389999389648438,1.8300000429153442,6.559999942779541,4.409999847412109
2022-08-15,13.710000038146973,3.9000000953674316,8.3100004196167,6.480000019073486,24.190000534057617,1.8200000524520874,6.349999904632568,4.639999866485596
2022-08-16,13.65999984741211,3.75,8.220000267028809,6.269999980926514,24.059999465942383,1.899999976158142,6.289999961853027,4.610000133514404
2022-08-17,13.550000190734863,3.7799999713897705,8.109999656677246,6.630000114440918,24.190000534057617,1.8899999856948853,6.340000152587891,4.639999866485596
2022-08-18,13.890000343322754,3.930000066757202,8.15999984741211,6.78000020980835,25.239999771118164,1.75,6.53000020980835,4.849999904632568
2022-08-19,13.199999809265137,3.7799999713897705,7.820000171661377,6.659999847412109,24.219999313354492,1.7000000476837158,6.389999866485596,4.650000095367432
2022-08-22,13.649999618530273,3.7799999713897705,8.079999923706055,6.550000190734863,24.3799991607666,1.7699999809265137,6.539999961853027,4.769999980926514
2022-08-23,14.199999809265137,3.990000009536743,8.460000038146973,6.590000152587891,24.989999771118164,1.8899999856948853,6.880000114440918,5.170000076293945
2022-08-24,14.369999885559082,4.130000114440918,8.550000190734863,6.699999809265137,26.200000762939453,1.909999966621399,6.949999809265137,5.300000190734863
2022-08-25,14.4399995803833,4.46999979019165,8.720000267028809,6.809999942779541,26.479999542236328,1.9299999475479126,7.090000152587891,5.579999923706055
2022-08-26,14.75,4.369999885559082,8.739999771118164,6.730000019073486,26.1299991607666,1.8600000143051147,7.150000095367432,5.510000228881836
2022-08-29,14.829999923706055,4.480000019073486,8.680000305175781,6.760000228881836,25.950000762939453,1.899999976158142,7.420000076293945,5.880000114440918
2022-08-30,14.6899995803833,4.210000038146973,8.489999771118164,6.5,24.940000534057617,1.9299999475479126,6.840000152587891,5.510000228881836
2022-08-31,14.109999656677246,4.199999809265137,8.109999656677246,6.320000171661377,24.389999389648438,1.7999999523162842,6.550000190734863,5.489999771118164
2022-09-01,14.460000038146973,4.28000020980835,8.289999961853027,6.360000133514404,24.40999984741211,1.850000023841858,6.610000133514404,5.619999885559082
2022-09-02,14.90999984741211,4.400000095367432,8.539999961853027,6.420000076293945,24.65999984741211,1.8700000047683716,6.900000095367432,5.820000171661377
2022-09-06,14.789999961853027,4.539999961853027,8.680000305175781,6.489999771118164,25.18000030517578,1.850000023841858,6.960000038146973,6.019999980926514
2022-09-07,15.829999923706055,4.869999885559082,9.029999732971191,6.679999828338623,26.06999969482422,1.9199999570846558,7.510000228881836,6.599999904632568
2022-09-08,15.720000267028809,4.630000114440918,8.920000076293945,6.78000020980835,25.84000015258789,1.9199999570846558,7.230000019073486,6.769999980926514
2022-09-09,16.770000457763672,4.849999904632568,9.520000457763672,6.809999942779541,26.700000762939453,1.9500000476837158,7.639999866485596,6.96999979019165
2022-09-12,16.75,4.900000095367432,9.369999885559082,6.96999979019165,26.760000228881836,1.9600000381469727,7.949999809265137,7.019999980926514
2022-09-13,16.34000015258789,4.75,9.010000228881836,6.650000095367432,25.979999542236328,1.909999966621399,7.71999979019165,7.110000133514404
2022-09-14,16.889999389648438,5.0,9.229999542236328,6.800000190734863,26.760000228881836,1.9600000381469727,8.279999732971191,7.300000190734863
2022-09-15,16.329999923706055,4.75,8.869999885559082,6.579999923706055,25.34000015258789,1.850000023841858,7.840000152587891,6.670000076293945
2022-09-16,16.360000610351562,4.559999942779541,8.84000015258789,6.409999847412109,25.010000228881836,1.8300000429153442,7.639999866485596,6.96999979019165
2022-09-19,17.15999984741211,4.800000190734863,9.279999732971191,6.710000038146973,25.940000534057617,1.899999976158142,8.029999732971191,7.210000038146973
2022-09-20,16.75,4.679999828338623,9.119999885559082,6.679999828338623,25.40999984741211,1.8700000047683716,7.809999942779541,7.159999847412109
2022-09-21,16.40999984741211,4.420000076293945,8.84000015258789,6.5,24.84000015258789,1.8200000524520874,7.639999866485596,6.820000171661377
2022-09-22,16.299999237060547,4.400000095367432,8.75,6.389999866485596,24.649999618530273,1.8200000524520874,7.659999847412109,6.920000076293945
2022-09-23,15.779999732971191,4.260000228881836,8.359999656677246,6.090000152587891,23.719999313354492,1.7699999809265137,7.179999828338623,6.230000019073486
2022-09-26,14.890000343322754,4.050000190734863,7.869999885559082,5.909999847412109,22.40999984741211,1.7100000381469727,6.820000171661377,6.25
2022-09-27,14.5,4.03000020980835,7.510000228881836,5.889999866485596,22.450000762939453,1.7000000476837158,6.900000095367432,6.210000038146973
2022-09-28,14.449999809265137,4.21999979019165,7.610000133514404,6.170000076293945,22.969999313354492,1.7300000190734863,7.239999771118164,6.389999866485596
2022-09-29,14.390000343322754,4.28000020980835,7.519999980926514,6.199999809265137,23.079999923706055,1.7200000286102295,7.329999923706055,6.21999979019165
2022-09-30,14.270000457763672,4.400000095367432,7.460000038146973,6.230000019073486,22.770000457763672,1.75,7.380000114440918,6.210000038146973
2022-10-03,15.420000076293945,4.539999961853027,8.029999732971191,6.559999942779541,24.110000610351562,1.8799999952316284,7.650000095367432,6.820000171661377
2022-10-04,15.630000114440918,4.539999961853027,8.069999694824219,6.630000114440918,23.780000686645508,1.9199999570846558,7.829999923706055,6.929999828338623
2022-10-05,15.369999885559082,4.599999904632568,7.940000057220459,6.639999866485596,23.969999313354492,1.940000057220459,8.079999923706055,7.400000095367432
2022-10-06,15.079999923706055,4.480000019073486,7.769999980926514,6.739999771118164,24.239999771118164,1.8799999952316284,8.289999961853027,7.210000038146973
2022-10-07,14.720000267028809,4.389999866485596,7.699999809265137,6.579999923706055,23.729999542236328,1.8200000524520874,8.199999809265137,7.190000057220459
2022-10-10,14.59000015258789,4.449999809265137,7.619999885559082,6.619999885559082,23.65999984741211,1.809999942779541,7.929999828338623,6.880000114440918
2022-10-11,14.369999885559082,4.25,7.480000019073486,6.480000019073486,22.790000915527344,1.7899999618530273,7.769999980926514,6.730000019073486
2022-10-12,14.0600004196167,4.199999809265137,7.260000228881836,6.539999961853027,22.260000228881836,1.7699999809265137,7.699999809265137,6.599999904632568
2022-10-13,14.3100004196167,4.300000190734863,7.349999904632568,6.550000190734863,22.959999084472656,1.8200000524520874,7.829999923706055,6.869999885559082
2022-10-14,14.170000076293945,4.190000057220459,7.159999847412109,6.239999771118164,22.3799991607666,1.7799999713897705,7.510000228881836,6.659999847412109
2022-10-17,14.539999961853027,4.360000133514404,7.449999809265137,6.260000228881836,23.0,1.809999942779541,7.590000152587891,7.070000171661377
2022-10-18,14.680000305175781,4.210000038146973,7.449999809265137,6.539999961853027,23.100000381469727,1.8700000047683716,7.71999979019165,6.940000057220459
2022-10-19,14.609999656677246,4.170000076293945,7.46999979019165,6.329999923706055,23.280000686645508,1.809999942779541,7.860000133514404,7.039999961853027
2022-10-20,14.510000228881836,4.130000114440918,7.639999866485596,6.28000020980835,23.200000762939453,1.7699999809265137,7.900000095367432,7.050000190734863
2022-10-21,14.890000343322754,4.269999980926514,7.840000152587891,6.46999979019165,23.549999237060547,1.8300000429153442,8.100000381469727,7.170000076293945
2022-10-24,14.520000457763672,4.150000095367432,7.75,6.539999961853027,23.360000610351562,1.8849999904632568,7.840000152587891,7.389999866485596
2022-10-25,14.9399995803833,4.420000076293945,7.880000114440918,6.550000190734863,24.600000381469727,1.909999966621399,7.880000114440918,7.630000114440918
2022-10-26,14.710000038146973,4.579999923706055,7.769999980926514,6.539999961853027,24.68000030517578,1.899999976158142,8.149999618530273,7.78000020980835
2022-10-27,15.069999694824219,4.630000114440918,7.849999904632568,6.550000190734863,25.34000015258789,1.850000023841858,8.399999618530273,7.869999885559082
2022-10-28,14.670000076293945,4.71999979019165,7.610000133514404,6.579999923706055,25.3799991607666,1.840000033378601,8.449999809265137,7.639999866485596
2022-10-31,14.850000381469727,4.909999847412109,7.760000228881836,6.739999771118164,25.170000076293945,1.8600000143051147,8.670000076293945,7.639999866485596
2022-11-01,15.600000381469727,4.929999828338623,8.1899995803833,6.739999771118164,26.350000381469727,1.9299999475479126,9.079999923706055,8.260000228881836
2022-11-02,14.970000267028809,4.920000076293945,7.840000152587891,6.480000019073486,25.34000015258789,1.909999966621399,9.050000190734863,7.929999828338623
2022-11-03,14.890000343322754,4.980000019073486,7.860000133514404,6.679999828338623,25.489999771118164,1.8899999856948853,9.140000343322754,8.119999885559082
2022-11-04,15.09000015258789,5.079999923706055,7.989999771118164,6.920000076293945,25.90999984741211,1.9299999475479126,9.369999885559082,8.039999961853027
2022-11-07,14.369999885559082,4.869999885559082,7.769999980926514,6.789999961853027,25.190000534057617,1.8899999856948853,9.050000190734863,7.929999828338623
2022-11-08,14.270000457763672,4.730000019073486,7.71999979019165,6.690000057220459,26.299999237060547,1.909999966621399,8.779999732971191,7.75
2022-11-09,13.430000305175781,4.53000020980835,7.420000076293945,6.21999979019165,25.239999771118164,1.8799999952316284,8.210000038146973,7.119999885559082
2022-11-10,13.25,4.46999979019165,7.409999847412109,6.079999923706055,25.079999923706055,1.7799999713897705,8.039999961853027,7.190000057220459
2022-11-11,13.670000076293945,4.670000076293945,7.670000076293945,6.360000133514404,25.950000762939453,1.8300000429153442,8.489999771118164,7.650000095367432
2022-11-14,13.6899995803833,4.829999923706055,7.679999828338623,6.260000228881836,26.860000610351562,1.7899999618530273,8.829999923706055,8.039999961853027
2022-11-15,13.319999694824219,4.71999979019165,7.539999961853027,6.079999923706055,27.059999465942383,1.7799999713897705,8.920000076293945,8.079999923706055
2022-11-16,13.100000381469727,4.550000190734863,7.400000095367432,6.119999885559082,26.270000457763672,1.7200000286102295,8.59000015258789,7.639999866485596
2022-11-17,12.84000015258789,4.449999809265137,7.210000038146973,6.0,25.8700008392334,1.6299999952316284,8.449999809265137,7.389999866485596
2022-11-18,12.930000305175781,4.730000019073486,7.289999961853027,6.289999961853027,26.290000915527344,1.6100000143051147,8.6899995803833,7.360000133514404
2022-11-21,12.850000381469727,4.639999866485596,7.28000020980835,6.199999809265137,26.0,1.559999942779541,8.579999923706055,7.269999980926514
2022-11-22,13.029999732971191,4.769999980926514,7.329999923706055,6.409999847412109,26.139999389648438,1.6200000047683716,8.989999771118164,7.480000019073486
2022-11-23,13.25,5.019999980926514,7.539999961853027,6.360000133514404,26.700000762939453,1.6699999570846558,8.960000038146973,7.659999847412109
2022-11-25,13.680000305175781,5.25,7.75,6.400000095367432,27.56999969482422,1.7799999713897705,9.140000343322754,8.220000267028809
2022-11-28,13.720000267028809,5.480000019073486,7.849999904632568,6.360000133514404,27.989999771118164,1.7200000286102295,9.300000190734863,8.279999732971191
2022-11-29,13.9399995803833,5.650000095367432,7.920000076293945,6.53000020980835,28.989999771118164,1.7200000286102295,9.850000381469727,8.600000381469727
2022-11-30,14.529999732971191,5.449999809265137,8.100000381469727,6.690000057220459,28.649999618530273,1.7599999904632568,9.890000343322754,8.390000343322754
2022-12-01,14.25,5.630000114440918,8.130000114440918,6.650000095367432,29.110000610351562,1.809999942779541,9.970000267028809,8.380000114440918
2022-12-02,14.239999771118164,5.400000095367432,8.220000267028809,6.409999847412109,28.639999389648438,1.7799999713897705,9.779999732971191,8.260000228881836
2022-12-05,13.40999984741211,5.090000152587891,7.639999866485596,6.239999771118164,27.420000076293945,1.7400000095367432,9.470000267028809,7.78000020980835
2022-12-06,13.609999656677246,5.0,7.630000114440918,6.320000171661377,27.040000915527344,1.75,9.130000114440918,7.650000095367432
2022-12-07,13.949999809265137,5.289999961853027,7.949999809265137,6.289999961853027,27.639999389648438,1.8200000524520874,9.4399995803833,7.78000020980835
2022-12-08,13.3100004196167,4.980000019073486,7.510000228881836,6.070000171661377,26.18000030517578,1.7300000190734863,8.9399995803833,7.400000095367432
2022-12-09,13.289999961853027,4.929999828338623,7.440000057220459,6.050000190734863,25.979999542236328,1.7000000476837158,8.520000457763672,7.380000114440918
2022-12-12,13.710000038146973,5.329999923706055,7.760000228881836,6.309999942779541,26.450000762939453,1.7200000286102295,9.279999732971191,7.489999771118164
2022-12-13,13.420000076293945,5.210000038146973,7.619999885559082,6.239999771118164,26.010000228881836,1.7649999856948853,9.0,7.510000228881836
2022-12-14,13.460000038146973,5.329999923706055,7.670000076293945,6.360000133514404,25.700000762939453,1.7999999523162842,8.850000381469727,7.389999866485596
2022-12-15,13.449999809265137,5.340000152587891,7.690000057220459,6.360000133514404,25.479999542236328,1.75,8.859999656677246,7.46999979019165
2022-12-16,13.430000305175781,5.320000171661377,7.679999828338623,6.510000228881836,26.110000610351562,1.75,9.140000343322754,7.46999979019165
2022-12-19,13.729999542236328,5.420000076293945,7.960000038146973,6.440000057220459,27.770000457763672,1.7999999523162842,9.34000015258789,7.940000057220459
2022-12-20,14.399999618530273,5.389999866485596,8.569999694824219,6.440000057220459,28.040000915527344,1.8300000429153442,9.5,8.470000267028809
2022-12-21,15.149999618530273,5.5,8.90999984741211,6.480000019073486,28.860000610351562,1.9199999570846558,10.199999809265137,8.680000305175781
2022-12-22,15.460000038146973,5.599999904632568,8.949999809265137,6.539999961853027,29.59000015258789,2.059999942779541,10.539999961853027,8.859999656677246
2022-12-23,15.84000015258789,5.889999866485596,9.279999732971191,6.550000190734863,29.950000762939453,2.1600000858306885,10.869999885559082,9.09000015258789
2022-12-27,15.979999542236328,6.119999885559082,9.359999656677246,6.900000095367432,30.889999389648438,2.180000066757202,11.579999923706055,8.84000015258789
2022-12-28,16.540000915527344,6.119999885559082,9.630000114440918,6.900000095367432,30.809999465942383,2.119999885559082,11.359999656677246,9.09000015258789
2022-12-29,16.299999237060547,6.0,9.609999656677246,6.78000020980835,31.139999389648438,2.1600000858306885,11.739999771118164,9.050000190734863
2022-12-30,16.420000076293945,5.940000057220459,9.729999542236328,6.849999904632568,31.940000534057617,2.1600000858306885,11.800000190734863,9.1899995803833
2023-01-03,15.8100004196167,5.769999980926514,9.550000190734863,6.599999904632568,31.1299991607666,2.1600000858306885,11.5600004196167,8.710000038146973
2023-01-04,16.520000457763672,5.920000076293945,9.890000343322754,6.690000057220459,31.8700008392334,2.200000047683716,11.539999961853027,8.710000038146973
2023-01-05,17.610000610351562,6.0,10.5600004196167,6.730000019073486,32.95000076293945,2.390000104904175,12.399999618530273,9.350000381469727
2023-01-06,18.110000610351562,6.289999961853027,11.100000381469727,7.0,33.41999816894531,2.369999885559082,12.119999885559082,9.449999809265137
2023-01-09,18.600000381469727,6.409999847412109,11.399999618530273,7.050000190734863,33.599998474121094,2.5,12.350000381469727,9.75
2023-01-10,18.75,6.28000020980835,11.579999923706055,6.989999771118164,33.88999938964844,2.549999952316284,11.979999542236328,9.720000267028809
2023-01-11,19.81999969482422,6.389999866485596,12.390000343322754,7.340000152587891,35.93000030517578,2.690000057220459,11.890000343322754,9.869999885559082
2023-01-12,20.75,6.400000095367432,12.850000381469727,7.610000133514404,35.099998474121094,2.869999885559082,11.880000114440918,10.350000381469727
2023-01-13,20.559999465942383,6.400000095367432,13.039999961853027,7.699999809265137,34.9900016784668,2.930000066757202,11.920000076293945,11.079999923706055
2023-01-17,22.170000076293945,6.71999979019165,13.760000228881836,7.840000152587891,35.119998931884766,3.0999999046325684,11.779999732971191,12.220000267028809
2023-01-18,20.920000076293945,6.099999904632568,12.399999618530273,7.21999979019165,33.099998474121094,2.700000047683716,10.789999961853027,11.210000038146973
2023-01-19,21.389999389648438,5.789999961853027,12.890000343322754,7.119999885559082,32.83000183105469,2.640000104904175,10.229999542236328,11.220000267028809
2023-01-20,22.68000030517578,6.099999904632568,13.75,7.340000152587891,34.20000076293945,2.8299999237060547,10.430000305175781,11.920000076293945
2023-01-23,21.920000076293945,6.179999828338623,13.579999923706055,7.5,34.209999084472656,2.7100000381469727,10.739999771118164,11.979999542236328
2023-01-24,21.850000381469727,6.369999885559082,13.529999732971191,7.389999866485596,34.33000183105469,2.680000066757202,11.15999984741211,12.0
2023-01-25,22.75,6.75,14.050000190734863,7.599999904632568,35.34000015258789,2.890000104904175,11.75,12.079999923706055
2023-01-26,22.610000610351562,6.690000057220459,13.899999618530273,7.480000019073486,34.86000061035156,2.7899999618530273,11.460000038146973,12.020000457763672
2023-01-27,21.670000076293945,6.369999885559082,13.239999771118164,7.210000038146973,33.7599983215332,2.690000057220459,11.069999694824219,11.539999961853027
2023-01-30,20.84000015258789,6.110000133514404,12.630000114440918,7.099999904632568,32.4900016784668,2.630000114440918,10.729999542236328,11.149999618530273
2023-01-31,21.969999313354492,6.239999771118164,13.399999618530273,7.130000114440918,33.83000183105469,2.7699999809265137,11.180000305175781,11.949999809265137
2023-02-01,21.540000915527344,6.079999923706055,13.170000076293945,7.25,33.779998779296875,2.6600000858306885,10.979999542236328,11.75
2023-02-02,21.829999923706055,6.170000076293945,13.130000114440918,7.210000038146973,33.790000915527344,2.630000114440918,11.069999694824219,11.470000267028809
2023-02-03,20.59000015258789,5.940000057220459,12.329999923706055,6.849999904632568,32.529998779296875,2.559999942779541,10.470000267028809,11.180000305175781
2023-02-06,20.8799991607666,5.989999771118164,12.720000267028809,6.880000114440918,32.79999923706055,2.559999942779541,10.649999618530273,11.479999542236328
2023-02-07,20.729999542236328,6.110000133514404,12.779999732971191,7.0,32.65999984741211,2.5999999046325684,10.789999961853027,11.539999961853027
2023-02-08,20.8799991607666,6.210000038146973,12.970000267028809,7.010000228881836,33.400001525878906,2.5999999046325684,11.220000267028809,11.550000190734863
2023-02-09,20.229999542236328,6.039999961853027,12.699999809265137,6.820000171661377,32.20000076293945,2.5299999713897705,10.829999923706055,11.279999732971191
2023-02-10,20.40999984741211,6.170000076293945,12.760000228881836,6.800000190734863,32.900001525878906,2.5999999046325684,11.270000457763672,11.579999923706055
2023-02-13,21.34000015258789,6.269999980926514,13.550000190734863,6.980000019073486,33.79999923706055,2.75,11.479999542236328,12.029999732971191
2023-02-14,21.719999313354492,6.300000190734863,13.920000076293945,6.909999847412109,33.81999969482422,2.859999895095825,11.779999732971191,12.09000015258789
2023-02-15,21.43000030517578,6.179999828338623,13.829999923706055,6.760000228881836,34.209999084472656,2.819999933242798,11.739999771118164,11.880000114440918
2023-02-16,21.420000076293945,6.269999980926514,13.949999809265137,6.949999809265137,33.849998474121094,2.9700000286102295,11.729999542236328,11.890000343322754
2023-02-17,20.219999313354492,6.25,13.300000190734863,6.760000228881836,33.099998474121094,2.700000047683716,11.279999732971191,11.40999984741211
2023-02-21,20.260000228881836,6.130000114440918,13.15999984741211,6.739999771118164,32.400001525878906,2.680000066757202,11.010000228881836,11.399999618530273
2023-02-22,20.299999237060547,6.079999923706055,13.239999771118164,6.510000228881836,32.34000015258789,2.6600000858306885,11.149999618530273,11.369999885559082
2023-02-23,20.899999618530273,6.28000020980835,13.539999961853027,6.849999904632568,32.84000015258789,2.799999952316284,11.510000228881836,11.710000038146973
2023-02-24,20.729999542236328,6.210000038146973,13.449999809265137,7.0,33.0099983215332,2.759999990463257,11.479999542236328,11.880000114440918
2023-02-27,21.209999084472656,6.110000133514404,13.710000038146973,6.920000076293945,33.459999084472656,2.890000104904175,11.420000076293945,12.109999656677246
2023-02-28,20.719999313354492,6.179999828338623,13.319999694824219,6.739999771118164,32.9900016784668,2.9000000953674316,11.359999656677246,11.770000457763672
2023-03-01,20.559999465942383,6.320000171661377,13.420000076293945,6.900000095367432,33.52000045776367,2.819999933242798,11.289999961853027,12.100000381469727
2023-03-02,19.149999618530273,5.900000095367432,12.479999542236328,6.889999866485596,32.310001373291016,2.6700000762939453,10.829999923706055,11.550000190734863
2023-03-03,19.700000762939453,5.909999847412109,12.84000015258789,6.710000038146973,32.4900016784668,2.809999942779541,10.6899995803833,11.930000305175781
2023-03-06,20.34000015258789,6.199999809265137,13.039999961853027,6.769999980926514,34.0099983215332,2.9000000953674316,11.220000267028809,12.710000038146973
2023-03-07,19.850000381469727,6.139999866485596,12.670000076293945,6.579999923706055,33.08000183105469,2.7699999809265137,10.670000076293945,11.800000190734863
2023-03-08,20.780000686645508,6.199999809265137,13.180000305175781,6.820000171661377,33.08000183105469,2.819999933242798,10.770000457763672,12.050000190734863
2023-03-09,19.8799991607666,5.880000114440918,12.5600004196167,6.800000190734863,31.920000076293945,2.690000057220459,10.300000190734863,11.5600004196167
2023-03-10,18.940000534057617,5.389999866485596,11.710000038146973,6.380000114440918,29.579999923706055,2.559999942779541,9.859999656677246,10.649999618530273
2023-03-13,18.479999542236328,5.230000019073486,11.270000457763672,6.550000190734863,28.670000076293945,2.4700000286102295,9.4399995803833,9.90999984741211
2023-03-14,18.280000686645508,4.960000038146973,10.989999771118164,6.460000038146973,28.829999923706055,2.4100000858306885,9.109999656677246,9.779999732971191
2023-03-15,16.809999465942383,4.909999847412109,10.3100004196167,6.25,27.3799991607666,2.180000066757202,8.420000076293945,9.270000457763672
2023-03-16,18.100000381469727,5.260000228881836,10.880000114440918,6.46999979019165,28.600000381469727,2.259999990463257,8.869999885559082,9.520000457763672
2023-03-17,17.1299991607666,5.21999979019165,10.4399995803833,6.550000190734863,28.399999618530273,2.0999999046325684,8.649999618530273,9.050000190734863
2023-03-20,16.790000915527344,5.019999980926514,10.279999732971191,6.510000228881836,28.1299991607666,2.140000104904175,8.569999694824219,9.130000114440918
2023-03-21,17.950000762939453,5.349999904632568,11.050000190734863,6.659999847412109,29.350000381469727,2.2899999618530273,9.100000381469727,9.819999694824219
2023-03-22,17.510000228881836,5.260000228881836,10.739999771118164,6.679999828338623,28.299999237060547,2.180000066757202,9.100000381469727,9.770000457763672
2023-03-23,17.040000915527344,5.150000095367432,10.579999923706055,6.789999961853027,28.020000457763672,2.1700000762939453,9.010000228881836,9.65999984741211
2023-03-24,17.030000686645508,5.369999885559082,10.649999618530273,7.059999942779541,29.0,2.2200000286102295,9.130000114440918,9.619999885559082
2023-03-27,18.049999237060547,5.610000133514404,11.1899995803833,7.179999828338623,30.799999237060547,2.2899999618530273,9.670000076293945,10.3100004196167
2023-03-28,18.200000762939453,5.699999809265137,11.399999618530273,7.28000020980835,32.58000183105469,2.3399999141693115,9.890000343322754,10.829999923706055
2023-03-29,18.579999923706055,5.630000114440918,11.630000114440918,7.190000057220459,32.93000030517578,2.390000104904175,10.199999809265137,11.229999542236328
2023-03-30,18.579999923706055,5.579999923706055,11.399999618530273,7.25,32.720001220703125,2.3499999046325684,10.319999694824219,11.430000305175781
2023-03-31,17.809999465942383,5.409999847412109,10.979999542236328,6.949999809265137,32.97999954223633,2.25,10.239999771118164,10.979999542236328
2023-04-03,18.43000030517578,5.550000190734863,11.359999656677246,7.099999904632568,34.630001068115234,2.3399999141693115,10.670000076293945,11.649999618530273
2023-04-04,17.90999984741211,5.400000095367432,11.09000015258789,6.829999923706055,33.29999923706055,2.2899999618530273,10.210000038146973,11.399999618530273
2023-04-05,18.030000686645508,5.579999923706055,11.09000015258789,6.75,33.849998474121094,2.299999952316284,10.119999885559082,11.470000267028809
2023-04-06,17.790000915527344,5.71999979019165,10.9399995803833,6.679999828338623,33.709999084472656,2.25,9.890000343322754,11.15999984741211
2023-04-10,18.010000228881836,5.880000114440918,11.130000114440918,6.739999771118164,34.41999816894531,2.3299999237060547,10.420000076293945,12.300000190734863
2023-04-11,18.729999542236328,6.130000114440918,11.649999618530273,6.889999866485596,34.540000915527344,2.4100000858306885,10.850000381469727,12.40999984741211
2023-04-12,19.549999237060547,6.21999979019165,12.359999656677246,7.070000171661377,36.40999984741211,2.5299999713897705,11.25,12.539999961853027
2023-04-13,20.040000915527344,6.159999847412109,12.4399995803833,7.099999904632568,36.95000076293945,2.4800000190734863,11.229999542236328,12.350000381469727
2023-04-14,20.760000228881836,6.289999961853027,12.729999542236328,7.090000152587891,37.560001373291016,2.640000104904175,11.329999923706055,12.449999809265137
2023-04-17,21.110000610351562,6.28000020980835,12.930000305175781,6.949999809265137,37.630001068115234,2.6500000953674316,11.34000015258789,12.279999732971191
2023-04-18,19.989999771118164,6.079999923706055,12.380000114440918,6.900000095367432,36.63999938964844,2.5299999713897705,11.09000015258789,12.220000267028809
2023-04-19,18.290000915527344,5.849999904632568,11.640000343322754,6.519999980926514,35.15999984741211,2.3299999237060547,10.289999961853027,11.5600004196167
2023-04-20,18.600000381469727,5.940000057220459,11.869999885559082,6.670000076293945,35.189998626708984,2.3499999046325684,10.229999542236328,11.479999542236328
2023-04-21,18.06999969482422,5.920000076293945,11.65999984741211,6.550000190734863,34.29999923706055,2.369999885559082,10.25,11.300000190734863
2023-04-24,18.149999618530273,5.920000076293945,11.699999809265137,6.420000076293945,34.77000045776367,2.3299999237060547,10.680000305175781,11.430000305175781
2023-04-25,18.1200008392334,5.960000038146973,11.630000114440918,6.28000020980835,34.40999984741211,2.25,10.770000457763672,11.119999885559082
2023-04-26,17.959999084472656,5.989999771118164,11.489999771118164,6.210000038146973,34.43000030517578,2.259999990463257,10.960000038146973,11.020000457763672
2023-04-27,17.6200008392334,5.840000152587891,11.479999542236328,6.25,34.2599983215332,2.240000009536743,10.930000305175781,11.079999923706055
2023-04-28,17.690000534057617,6.099999904632568,11.520000457763672,6.119999885559082,34.13999938964844,2.2300000190734863,11.380000114440918,11.119999885559082
2023-05-01,17.219999313354492,5.940000057220459,11.199999809265137,6.099999904632568,33.41999816894531,2.119999885559082,11.229999542236328,10.970000267028809
2023-05-02,17.3700008392334,5.829999923706055,11.390000343322754,6.0,33.84000015258789,2.0999999046325684,11.25,10.8100004196167
2023-05-03,17.200000762939453,5.789999961853027,11.300000190734863,6.059999942779541,33.25,2.0799999237060547,10.930000305175781,10.619999885559082
2023-05-04,16.809999465942383,5.670000076293945,10.930000305175781,6.010000228881836,32.529998779296875,2.049999952316284,10.789999961853027,10.539999961853027
2023-05-05,17.799999237060547,6.0,11.65999984741211,6.349999904632568,34.130001068115234,2.130000114440918,11.75,11.390000343322754
2023-05-08,17.93000030517578,5.980000019073486,11.930000305175781,6.360000133514404,33.810001373291016,2.2799999713897705,11.899999618530273,11.520000457763672
2023-05-09,18.389999389648438,6.159999847412109,12.140000343322754,6.400000095367432,34.470001220703125,2.2699999809265137,12.220000267028809,11.739999771118164
2023-05-10,18.309999465942383,6.269999980926514,12.350000381469727,6.340000152587891,35.150001525878906,2.3499999046325684,12.170000076293945,11.649999618530273
2023-05-11,18.56999969482422,6.179999828338623,12.75,6.409999847412109,36.2400016784668,2.369999885559082,12.65999984741211,11.75
2023-05-12,18.479999542236328,6.150000095367432,12.390000343322754,6.289999961853027,37.36000061035156,2.3399999141693115,13.119999885559082,11.359999656677246
2023-05-15,18.299999237060547,6.199999809265137,12.25,6.28000020980835,36.599998474121094,2.299999952316284,12.649999618530273,11.130000114440918
2023-05-16,17.1200008392334,6.0,11.350000381469727,6.269999980926514,35.130001068115234,2.1600000858306885,12.069999694824219,10.800000190734863
2023-05-17,17.81999969482422,6.269999980926514,11.84000015258789,6.260000228881836,35.70000076293945,2.2300000190734863,12.510000228881836,11.0600004196167
2023-05-18,17.309999465942383,6.039999961853027,11.529999732971191,6.130000114440918,35.15999984741211,2.180000066757202,12.319999694824219,10.880000114440918
2023-05-19,17.670000076293945,6.179999828338623,11.600000381469727,6.130000114440918,36.119998931884766,2.25,12.529999732971191,10.8100004196167
2023-05-22,17.229999542236328,6.489999771118164,11.369999885559082,6.25,35.77000045776367,2.1500000953674316,12.260000228881836,10.800000190734863
2023-05-23,17.639999389648438,6.579999923706055,11.460000038146973,6.309999942779541,36.290000915527344,2.200000047683716,12.460000038146973,11.170000076293945
2023-05-24,17.739999771118164,6.579999923706055,11.760000228881836,6.300000190734863,36.709999084472656,2.200000047683716,12.789999961853027,11.380000114440918
2023-05-25,17.59000015258789,6.429999828338623,11.65999984741211,6.130000114440918,36.72999954223633,2.140000104904175,12.720000267028809,11.0600004196167
2023-05-26,17.56999969482422,6.429999828338623,11.680000305175781,6.110000133514404,36.689998626708984,2.180000066757202,12.300000190734863,11.119999885559082
2023-05-30,17.979999542236328,6.760000228881836,12.109999656677246,6.110000133514404,37.459999084472656,2.180000066757202,12.520000457763672,11.279999732971191
2023-05-31,17.559999465942383,6.519999980926514,11.869999885559082,6.130000114440918,37.0,2.240000009536743,12.180000305175781,10.989999771118164
2023-06-01,18.329999923706055,6.880000114440918,12.09000015258789,6.349999904632568,38.38999938964844,2.259999990463257,12.720000267028809,11.300000190734863
2023-06-02,18.40999984741211,6.940000057220459,11.819999694824219,6.309999942779541,38.52000045776367,2.25,12.760000228881836,11.479999542236328
2023-06-05,19.200000762939453,7.119999885559082,12.329999923706055,6.369999885559082,39.13999938964844,2.3299999237060547,12.859999656677246,11.729999542236328
2023-06-06,21.889999389648438,7.110000133514404,13.930000305175781,6.579999923706055,40.83000183105469,2.6600000858306885,12.949999809265137,12.460000038146973
2023-06-07,22.450000762939453,7.190000057220459,14.5,6.590000152587891,40.130001068115234,2.640000104904175,12.90999984741211,12.529999732971191
2023-06-08,21.860000610351562,7.150000095367432,14.680000305175781,6.559999942779541,39.470001220703125,2.5999999046325684,12.920000076293945,12.619999885559082
2023-06-09,21.799999237060547,7.050000190734863,14.8100004196167,6.539999961853027,39.13999938964844,2.5999999046325684,12.699999809265137,12.550000190734863
2023-06-12,22.010000228881836,6.920000076293945,14.600000381469727,6.449999809265137,38.779998779296875,2.549999952316284,12.65999984741211,12.390000343322754
2023-06-13,22.469999313354492,6.789999961853027,15.180000305175781,6.340000152587891,38.54999923706055,2.630000114440918,12.289999961853027,12.399999618530273
2023-06-14,22.299999237060547,6.730000019073486,15.529999732971191,6.300000190734863,38.189998626708984,2.619999885559082,12.1899995803833,12.5
2023-06-15,23.299999237060547,6.960000038146973,15.960000038146973,6.420000076293945,38.34000015258789,2.805000066757202,12.529999732971191,13.449999809265137
2023-06-16,24.469999313354492,7.269999980926514,16.8700008392334,6.53000020980835,40.90999984741211,3.009999990463257,13.319999694824219,14.550000190734863
2023-06-20,25.920000076293945,7.440000057220459,17.149999618530273,6.840000152587891,42.77000045776367,3.0999999046325684,13.300000190734863,14.539999961853027
2023-06-21,26.729999542236328,7.260000228881836,17.799999237060547,7.070000171661377,43.79999923706055,3.2200000286102295,13.84000015258789,15.449999809265137
2023-06-22,25.18000030517578,6.869999885559082,16.5,6.730000019073486,42.09000015258789,2.9200000762939453,13.050000190734863,14.729999542236328
2023-06-23,25.309999465942383,6.909999847412109,16.780000686645508,6.650000095367432,42.040000915527344,2.9600000381469727,13.1899995803833,14.789999961853027
2023-06-26,27.520000457763672,7.150000095367432,17.56999969482422,6.800000190734863,42.38999938964844,3.119999885559082,13.899999618530273,15.399999618530273
2023-06-27,26.450000762939453,6.829999923706055,16.770000457763672,7.099999904632568,41.79999923706055,3.009999990463257,13.149999618530273,14.989999771118164
2023-06-28,26.440000534057617,6.760000228881836,16.8700008392334,7.139999866485596,41.7400016784668,3.069999933242798,13.039999961853027,14.770000457763672
2023-06-29,26.639999389648438,6.880000114440918,17.239999771118164,7.300000190734863,42.36000061035156,3.109999895095825,13.3100004196167,15.1899995803833
2023-06-30,26.389999389648438,6.929999828338623,17.200000762939453,6.800000190734863,43.31999969482422,3.109999895095825,13.779999732971191,14.890000343322754
2023-07-03,26.25,6.809999942779541,17.309999465942383,6.820000171661377,42.81999969482422,3.130000114440918,13.739999771118164,14.890000343322754
2023-07-05,26.15999984741211,6.980000019073486,17.440000534057617,6.929999828338623,43.650001525878906,3.2200000286102295,13.989999771118164,15.149999618530273
2023-07-06,24.190000534057617,6.539999961853027,16.110000610351562,6.820000171661377,40.970001220703125,2.9000000953674316,13.020000457763672,14.050000190734863
2023-07-07,25.059999465942383,6.679999828338623,16.59000015258789,6.71999979019165,41.63999938964844,2.950000047683716,13.739999771118164,14.369999885559082
2023-07-10,24.31999969482422,6.699999809265137,16.1299991607666,6.730000019073486,41.310001373291016,2.940000057220459,13.479999542236328,14.510000228881836
2023-07-11,24.68000030517578,6.789999961853027,16.329999923706055,6.75,41.5,2.950000047683716,13.260000228881836,14.420000076293945
2023-07-12,25.5,6.860000133514404,16.700000762939453,6.800000190734863,43.189998626708984,3.009999990463257,13.399999618530273,14.9399995803833
2023-07-13,26.579999923706055,6.960000038146973,17.3700008392334,7.059999942779541,43.54999923706055,3.1700000762939453,13.609999656677246,15.170000076293945
2023-07-14,24.93000030517578,6.710000038146973,16.280000686645508,6.75,42.779998779296875,2.9800000190734863,12.829999923706055,14.479999542236328
2023-07-17,26.1299991607666,7.0,17.170000076293945,6.739999771118164,44.869998931884766,3.180000066757202,13.539999961853027,15.239999771118164
2023-07-18,26.15999984741211,6.940000057220459,17.43000030517578,6.760000228881836,44.709999084472656,3.1700000762939453,13.710000038146973,15.479999542236328
2023-07-19,25.149999618530273,6.789999961853027,17.100000381469727,6.670000076293945,43.900001525878906,3.0899999141693115,13.279999732971191,15.350000381469727
2023-07-20,25.600000381469727,7.03000020980835,17.399999618530273,6.630000114440918,43.88999938964844,3.1500000953674316,13.329999923706055,15.25
2023-07-21,26.31999969482422,7.170000076293945,17.850000381469727,6.769999980926514,44.619998931884766,3.359999895095825,13.699999809265137,15.460000038146973
2023-07-24,25.670000076293945,7.059999942779541,17.3799991607666,6.989999771118164,44.25,3.25,13.399999618530273,15.630000114440918
2023-07-25,26.06999969482422,7.050000190734863,17.68000030517578,6.849999904632568,44.060001373291016,3.2699999809265137,13.229999542236328,15.630000114440918
2023-07-26,26.200000762939453,7.190000057220459,17.760000228881836,6.889999866485596,43.689998626708984,3.369999885559082,13.199999809265137,15.399999618530273
2023-07-27,24.6299991607666,6.730000019073486,16.520000457763672,6.630000114440918,41.2400016784668,3.0799999237060547,12.3100004196167,14.350000381469727
2023-07-28,25.260000228881836,6.739999771118164,16.719999313354492,6.650000095367432,41.18000030517578,3.2300000190734863,12.449999809265137,14.59000015258789
2023-07-31,25.15999984741211,6.489999771118164,16.950000762939453,6.659999847412109,42.0,3.1700000762939453,12.399999618530273,14.890000343322754
2023-08-01,25.600000381469727,6.369999885559082,16.389999389648438,6.559999942779541,42.869998931884766,3.0799999237060547,11.970000267028809,14.680000305175781
2023-08-02,24.479999542236328,6.349999904632568,15.8100004196167,6.329999923706055,41.43000030517578,2.950000047683716,11.510000228881836,14.260000228881836
2023-08-03,24.1200008392334,6.210000038146973,15.680000305175781,6.480000019073486,40.029998779296875,2.9600000381469727,11.539999961853027,14.0
2023-08-04,24.3700008392334,6.21999979019165,16.350000381469727,6.519999980926514,40.31999969482422,3.0,11.539999961853027,14.069999694824219
2023-08-07,24.18000030517578,6.110000133514404,16.100000381469727,6.46999979019165,40.720001220703125,2.9600000381469727,11.5,13.949999809265137
2023-08-08,24.959999084472656,6.46999979019165,16.729999542236328,6.650000095367432,41.15999984741211,3.049999952316284,11.6899995803833,14.329999923706055
2023-08-09,24.760000228881836,6.449999809265137,16.610000610351562,6.489999771118164,41.75,3.059999942779541,11.869999885559082,14.329999923706055
2023-08-10,25.700000762939453,6.639999866485596,17.209999084472656,6.360000133514404,42.900001525878906,3.059999942779541,12.180000305175781,14.390000343322754
2023-08-11,25.520000457763672,6.809999942779541,16.770000457763672,6.570000171661377,44.75,3.140000104904175,12.25,14.510000228881836
2023-08-14,23.540000915527344,6.519999980926514,15.800000190734863,6.260000228881836,43.63999938964844,2.880000114440918,11.699999809265137,14.229999542236328
2023-08-15,23.299999237060547,6.53000020980835,15.649999618530273,6.119999885559082,44.79999923706055,2.7699999809265137,11.850000381469727,14.069999694824219
2023-08-16,23.440000534057617,6.690000057220459,15.949999809265137,6.210000038146973,45.0099983215332,2.7799999713897705,12.460000038146973,14.630000114440918
2023-08-17,22.420000076293945,6.690000057220459,15.319999694824219,6.260000228881836,44.43000030517578,2.759999990463257,12.899999618530273,14.739999771118164
2023-08-18,22.56999969482422,6.630000114440918,15.170000076293945,6.449999809265137,44.75,2.75,12.869999885559082,14.59000015258789
2023-08-21,22.139999389648438,6.539999961853027,15.029999732971191,6.349999904632568,44.040000915527344,2.680000066757202,12.350000381469727,14.399999618530273
2023-08-22,23.139999389648438,6.75,15.539999961853027,6.46999979019165,46.72999954223633,2.700000047683716,12.989999771118164,14.619999885559082
2023-08-23,23.700000762939453,6.96999979019165,16.530000686645508,6.519999980926514,47.310001373291016,2.7799999713897705,13.279999732971191,15.029999732971191
2023-08-24,24.030000686645508,7.0,15.859999656677246,6.46999979019165,46.310001373291016,2.859999895095825,12.859999656677246,14.6899995803833
2023-08-25,24.709999084472656,7.130000114440918,16.540000915527344,6.5,45.77000045776367,2.950000047683716,12.890000343322754,14.75
2023-08-28,26.579999923706055,7.429999828338623,17.809999465942383,6.579999923706055,47.689998626708984,3.2200000286102295,13.140000343322754,14.899999618530273
2023-08-29,26.989999771118164,7.349999904632568,18.25,6.659999847412109,48.189998626708984,3.2100000381469727,12.869999885559082,14.84000015258789
2023-08-30,26.68000030517578,7.260000228881836,18.139999389648438,6.679999828338623,47.099998474121094,3.049999952316284,12.65999984741211,14.609999656677246
2023-08-31,26.649999618530273,7.199999809265137,18.079999923706055,6.670000076293945,45.560001373291016,3.069999933242798,12.489999771118164,14.4399995803833
2023-09-01,26.059999465942383,7.099999904632568,17.579999923706055,6.460000038146973,45.83000183105469,2.9200000762939453,12.460000038146973,14.210000038146973
2023-09-05,24.770000457763672,6.75,16.809999465942383,6.269999980926514,43.9900016784668,2.859999895095825,11.920000076293945,13.649999618530273
2023-09-06,24.299999237060547,6.610000133514404,16.56999969482422,6.0,42.90999984741211,2.799999952316284,11.670000076293945,13.470000267028809
2023-09-07,23.899999618530273,6.300000190734863,16.329999923706055,5.960000038146973,40.83000183105469,2.690000057220459,11.4399995803833,13.09000015258789
2023-09-08,23.079999923706055,6.070000171661377,15.859999656677246,5.900000095367432,38.84000015258789,2.5999999046325684,10.890000343322754,12.65999984741211
2023-09-11,22.950000762939453,5.880000114440918,15.739999771118164,5.909999847412109,37.86000061035156,2.5,10.489999771118164,12.069999694824219
2023-09-12,23.290000915527344,6.139999866485596,15.970000267028809,6.090000152587891,39.91999816894531,2.5299999713897705,11.130000114440918,12.449999809265137
2023-09-13,23.530000686645508,6.239999771118164,16.049999237060547,6.070000171661377,40.7400016784668,2.5799999237060547,11.4399995803833,12.84000015258789
2023-09-14,24.0,6.440000057220459,16.229999542236328,6.059999942779541,41.40999984741211,2.609999895095825,11.670000076293945,12.930000305175781
2023-09-15,23.6299991607666,6.260000228881836,15.869999885559082,5.960000038146973,40.439998626708984,2.5799999237060547,11.300000190734863,12.710000038146973
2023-09-18,24.479999542236328,6.510000228881836,16.309999465942383,6.25,42.099998474121094,2.640000104904175,12.0600004196167,13.079999923706055
2023-09-19,23.56999969482422,6.360000133514404,15.789999961853027,6.159999847412109,41.47999954223633,2.559999942779541,11.680000305175781,12.9399995803833
2023-09-20,22.610000610351562,6.139999866485596,15.3100004196167,6.090000152587891,40.33000183105469,2.4700000286102295,11.239999771118164,12.789999961853027
2023-09-21,22.280000686645508,6.170000076293945,14.949999809265137,5.949999809265137,40.15999984741211,2.4100000858306885,11.0,13.119999885559082
2023-09-22,21.850000381469727,6.039999961853027,14.640000343322754,5.940000057220459,40.11000061035156,2.390000104904175,10.90999984741211,12.869999885559082
2023-09-25,21.3799991607666,5.889999866485596,14.289999961853027,5.869999885559082,39.0,2.319999933242798,10.489999771118164,12.579999923706055
2023-09-26,20.75,5.679999828338623,13.84000015258789,5.889999866485596,38.5099983215332,2.25,10.34000015258789,12.210000038146973
2023-09-27,20.739999771118164,5.78000020980835,13.760000228881836,6.079999923706055,39.04999923706055,2.25,10.569999694824219,12.6899995803833
2023-09-28,20.81999969482422,6.039999961853027,13.869999885559082,6.21999979019165,38.77000045776367,2.2799999713897705,10.59000015258789,12.619999885559082
2023-09-29,19.729999542236328,5.820000171661377,13.050000190734863,6.03000020980835,37.36000061035156,2.2200000286102295,10.180000305175781,12.25
2023-10-02,19.309999465942383,5.670000076293945,12.649999618530273,6.0,37.029998779296875,2.130000114440918,10.0,12.119999885559082
2023-10-03,18.3799991607666,5.46999979019165,12.119999885559082,5.909999847412109,36.189998626708984,2.009999990463257,9.819999694824219,11.640000343322754
2023-10-04,18.690000534057617,5.550000190734863,12.270000457763672,6.059999942779541,36.43000030517578,1.9900000095367432,10.220000267028809,11.460000038146973
2023-10-05,18.899999618530273,5.670000076293945,12.680000305175781,6.039999961853027,36.939998626708984,2.0399999618530273,10.579999923706055,11.489999771118164
2023-10-06,18.969999313354492,5.829999923706055,12.770000457763672,6.130000114440918,37.540000915527344,2.069999933242798,10.760000228881836,11.399999618530273
2023-10-09,18.40999984741211,5.949999809265137,12.380000114440918,6.139999866485596,38.47999954223633,2.0199999809265137,10.970000267028809,11.970000267028809
2023-10-10,18.200000762939453,6.059999942779541,12.029999732971191,6.190000057220459,39.59000015258789,1.9700000286102295,11.180000305175781,12.079999923706055
2023-10-11,18.360000610351562,6.400000095367432,12.399999618530273,6.429999828338623,40.939998626708984,2.0299999713897705,11.9399995803833,12.5
2023-10-12,18.209999084472656,6.460000038146973,12.100000381469727,6.550000190734863,40.90999984741211,2.0199999809265137,11.850000381469727,12.859999656677246
2023-10-13,18.06999969482422,6.260000228881836,11.930000305175781,6.550000190734863,39.65999984741211,1.9900000095367432,11.75,12.739999771118164
2023-10-16,18.989999771118164,6.28000020980835,12.600000381469727,6.619999885559082,40.40999984741211,2.059999942779541,11.760000228881836,12.979999542236328
2023-10-17,19.530000686645508,7.0,12.489999771118164,6.800000190734863,43.709999084472656,2.049999952316284,12.75,13.720000267028809
2023-10-18,19.1299991607666,7.03000020980835,12.289999961853027,6.590000152587891,43.400001525878906,2.130000114440918,13.3100004196167,13.5
2023-10-19,18.760000228881836,6.659999847412109,11.670000076293945,6.46999979019165,41.97999954223633,2.009999990463257,12.920000076293945,12.609999656677246
2023-10-20,18.649999618530273,6.679999828338623,11.329999923706055,6.420000076293945,41.029998779296875,1.9800000190734863,12.680000305175781,12.289999961853027
2023-10-23,18.700000762939453,6.019999980926514,11.479999542236328,5.840000152587891,39.369998931884766,2.0199999809265137,11.680000305175781,11.489999771118164
2023-10-24,18.0,6.039999961853027,11.069999694824219,5.909999847412109,39.33000183105469,1.909999966621399,11.329999923706055,11.239999771118164
2023-10-25,19.010000228881836,6.360000133514404,11.84000015258789,6.050000190734863,40.11000061035156,2.0399999618530273,11.430000305175781,11.270000457763672
2023-10-26,19.540000915527344,6.349999904632568,11.930000305175781,6.03000020980835,40.130001068115234,2.069999933242798,11.619999885559082,11.300000190734863
2023-10-27,19.43000030517578,6.190000057220459,11.75,6.019999980926514,38.900001525878906,1.9900000095367432,11.149999618530273,11.039999961853027
2023-10-30,18.040000915527344,5.800000190734863,11.130000114440918,5.869999885559082,37.380001068115234,1.8200000524520874,10.539999961853027,10.449999809265137
2023-10-31,18.31999969482422,5.599999904632568,11.210000038146973,5.699999809265137,36.880001068115234,1.7899999618530273,10.210000038146973,9.930000305175781
2023-11-01,19.459999084472656,5.940000057220459,11.949999809265137,5.78000020980835,37.9900016784668,1.940000057220459,10.699999809265137,10.350000381469727
2023-11-02,20.260000228881836,6.130000114440918,12.3100004196167,5.900000095367432,38.349998474121094,1.9800000190734863,10.920000076293945,10.699999809265137
2023-11-03,20.450000762939453,5.96999979019165,12.4399995803833,6.079999923706055,38.349998474121094,2.0799999237060547,10.539999961853027,10.720000267028809
2023-11-06,19.709999084472656,5.889999866485596,12.039999961853027,6.139999866485596,36.88999938964844,2.049999952316284,10.199999809265137,10.239999771118164
2023-11-07,19.770000457763672,6.03000020980835,12.069999694824219,6.190000057220459,36.959999084472656,2.0299999713897705,10.34000015258789,10.140000343322754
2023-11-08,19.170000076293945,5.909999847412109,11.720000267028809,5.920000076293945,36.27000045776367,1.9500000476837158,10.010000228881836,10.029999732971191
2023-11-09,19.139999389648438,5.860000133514404,11.770000457763672,5.949999809265137,35.84000015258789,1.909999966621399,10.029999732971191,9.960000038146973
2023-11-10,19.530000686645508,5.949999809265137,11.779999732971191,6.050000190734863,35.84000015258789,1.8799999952316284,10.229999542236328,10.319999694824219
2023-11-13,19.3799991607666,5.960000038146973,11.65999984741211,5.860000133514404,35.75,1.9199999570846558,10.100000381469727,10.15999984741211
2023-11-14,19.709999084472656,6.210000038146973,11.960000038146973,6.0,36.54999923706055,1.9600000381469727,10.34000015258789,10.470000267028809
2023-11-15,19.639999389648438,5.980000019073486,11.989999771118164,5.820000171661377,35.400001525878906,1.9700000286102295,9.949999809265137,10.25
2023-11-16,19.290000915527344,5.860000133514404,11.869999885559082,5.75,35.84000015258789,1.9600000381469727,10.010000228881836,10.210000038146973
2023-11-17,20.239999771118164,6.159999847412109,12.5,5.940000057220459,37.060001373291016,2.049999952316284,10.460000038146973,10.729999542236328
2023-11-20,24.31999969482422,7.400000095367432,14.649999618530273,6.800000190734863,43.70000076293945,2.5399999618530273,13.029999732971191,15.010000228881836
2023-11-21,24.350000381469727,7.309999942779541,14.5600004196167,6.570000171661377,42.630001068115234,2.5399999618530273,13.09000015258789,14.829999923706055
2023-11-22,22.719999313354492,7.340000152587891,13.5,6.389999866485596,42.380001068115234,2.4000000953674316,12.739999771118164,15.0
2023-11-24,25.920000076293945,7.929999828338623,15.319999694824219,6.5,45.59000015258789,3.0299999713897705,13.75,16.84000015258789
2023-11-27,28.299999237060547,8.279999732971191,16.81999969482422,6.539999961853027,47.220001220703125,3.2699999809265137,14.550000190734863,17.260000228881836
2023-11-28,28.010000228881836,8.050000190734863,16.8799991607666,6.360000133514404,45.869998931884766,3.319999933242798,13.680000305175781,16.790000915527344
2023-11-29,28.719999313354492,8.460000038146973,17.31999969482422,6.449999809265137,46.91999816894531,3.5399999618530273,13.9399995803833,16.979999542236328
2023-11-30,28.420000076293945,8.390000343322754,17.18000030517578,6.519999980926514,46.959999084472656,3.4100000858306885,13.960000038146973,16.610000610351562
2023-12-01,27.709999084472656,7.840000152587891,16.93000030517578,6.619999885559082,45.650001525878906,3.390000104904175,13.369999885559082,16.149999618530273
2023-12-04,27.0,7.789999961853027,16.8799991607666,6.579999923706055,46.13999938964844,3.3399999141693115,12.949999809265137,16.040000915527344
2023-12-05,27.030000686645508,8.229999542236328,17.31999969482422,6.650000095367432,47.220001220703125,3.4700000286102295,12.970000267028809,17.09000015258789
2023-12-06,26.309999465942383,8.319999694824219,16.93000030517578,6.539999961853027,46.619998931884766,3.490000009536743,13.010000228881836,16.40999984741211
2023-12-07,26.389999389648438,8.630000114440918,17.0,6.53000020980835,47.029998779296875,3.740000009536743,13.5,16.5
2023-12-08,27.190000534057617,8.600000381469727,17.5,6.699999809265137,47.369998931884766,3.8399999141693115,13.829999923706055,17.139999389648438
2023-12-11,27.5,8.699999809265137,17.469999313354492,6.519999980926514,46.84000015258789,3.940000057220459,13.960000038146973,17.079999923706055
2023-12-12,27.100000381469727,9.25,17.280000686645508,6.760000228881836,49.0,3.7200000286102295,14.770000457763672,17.260000228881836
2023-12-13,28.200000762939453,9.390000343322754,17.860000610351562,6.71999979019165,49.5099983215332,3.9700000286102295,14.890000343322754,17.600000381469727
2023-12-14,27.389999389648438,9.079999923706055,17.329999923706055,6.849999904632568,48.400001525878906,3.890000104904175,15.130000114440918,17.43000030517578
2023-12-15,26.799999237060547,9.34000015258789,16.450000762939453,6.650000095367432,48.79999923706055,3.700000047683716,15.489999771118164,17.040000915527344
2023-12-18,27.829999923706055,9.369999885559082,17.010000228881836,6.75,50.36000061035156,3.8399999141693115,15.3100004196167,17.520000457763672
2023-12-19,27.649999618530273,9.210000038146973,16.729999542236328,6.800000190734863,50.560001373291016,3.809999942779541,14.720000267028809,17.31999969482422
2023-12-20,29.190000534057617,9.020000457763672,17.510000228881836,6.809999942779541,50.08000183105469,4.130000114440918,14.9399995803833,17.700000762939453
2023-12-21,29.329999923706055,8.789999961853027,17.770000457763672,6.989999771118164,50.04999923706055,4.46999979019165,14.8100004196167,17.649999618530273
2023-12-22,29.809999465942383,8.930000305175781,18.200000762939453,6.909999847412109,50.36000061035156,4.460000038146973,15.100000381469727,17.5
2023-12-26,29.729999542236328,9.210000038146973,17.81999969482422,7.059999942779541,50.47999954223633,4.360000133514404,15.140000343322754,17.469999313354492
2023-12-27,29.299999237060547,9.020000457763672,17.729999542236328,7.079999923706055,49.54999923706055,4.25,15.029999732971191,17.239999771118164
2023-12-28,28.700000762939453,8.930000305175781,17.360000610351562,7.090000152587891,48.650001525878906,4.139999866485596,14.90999984741211,17.010000228881836
2023-12-29,28.700000762939453,9.100000381469727,17.270000457763672,7.090000152587891,49.52000045776367,4.059999942779541,15.09000015258789,17.190000534057617
2024-01-02,28.049999237060547,8.880000114440918,16.959999084472656,7.0,48.220001220703125,3.940000057220459,15.180000305175781,16.520000457763672
2024-01-03,27.559999465942383,8.819999694824219,16.780000686645508,6.869999885559082,48.4900016784668,3.700000047683716,14.949999809265137,16.770000457763672
2024-01-04,26.739999771118164,8.670000076293945,16.239999771118164,6.650000095367432,47.7400016784668,3.430000066757202,14.270000457763672,16.229999542236328
2024-01-05,26.1299991607666,8.930000305175781,16.489999771118164,6.690000057220459,48.16999816894531,3.369999885559082,14.350000381469727,16.700000762939453
2024-01-08,26.34000015258789,9.050000190734863,16.600000381469727,6.710000038146973,48.79999923706055,3.559999942779541,14.300000190734863,16.709999084472656
2024-01-09,24.850000381469727,8.729999542236328,15.489999771118164,6.599999904632568,46.45000076293945,3.380000114440918,13.710000038146973,16.040000915527344
2024-01-10,25.40999984741211,8.949999809265137,16.09000015258789,6.610000133514404,46.86000061035156,3.559999942779541,13.880000114440918,15.899999618530273
2024-01-11,25.440000534057617,8.770000457763672,15.779999732971191,6.599999904632568,46.599998474121094,3.509999990463257,13.8100004196167,15.989999771118164
2024-01-12,26.079999923706055,8.75,15.979999542236328,6.650000095367432,46.90999984741211,3.549999952316284,14.40999984741211,15.890000343322754
2024-01-16,25.670000076293945,8.930000305175781,15.680000305175781,6.510000228881836,46.720001220703125,3.5399999618530273,14.0600004196167,14.90999984741211
2024-01-17,27.43000030517578,9.0,16.260000228881836,6.590000152587891,47.150001525878906,3.7699999809265137,14.170000076293945,15.0
2024-01-18,27.920000076293945,8.979999542236328,16.670000076293945,6.71999979019165,47.22999954223633,3.930000066757202,14.170000076293945,15.199999809265137
2024-01-19,28.610000610351562,9.09000015258789,17.190000534057617,6.889999866485596,47.779998779296875,4.059999942779541,14.40999984741211,15.630000114440918
2024-01-22,30.219999313354492,9.289999961853027,18.18000030517578,7.320000171661377,48.130001068115234,4.179999828338623,14.779999732971191,15.640000343322754
2024-01-23,30.059999465942383,8.9399995803833,18.389999389648438,7.25,47.34000015258789,4.119999885559082,14.600000381469727,15.789999961853027
2024-01-24,30.979999542236328,8.930000305175781,19.0,7.110000133514404,48.04999923706055,4.179999828338623,14.699999809265137,16.440000534057617
2024-01-25,32.939998626708984,9.489999771118164,20.31999969482422,7.28000020980835,49.790000915527344,4.559999942779541,15.229999542236328,17.3700008392334
2024-01-26,33.619998931884766,9.489999771118164,21.280000686645508,7.179999828338623,49.939998626708984,4.53000020980835,15.470000267028809,17.690000534057617
2024-01-29,32.720001220703125,9.420000076293945,21.280000686645508,7.119999885559082,49.09000015258789,4.369999885559082,15.149999618530273,17.540000915527344
2024-01-30,33.119998931884766,9.5,21.5,7.190000057220459,48.779998779296875,4.400000095367432,15.029999732971191,17.290000915527344
2024-01-31,33.119998931884766,9.5,21.610000610351562,7.090000152587891,48.70000076293945,4.369999885559082,14.930000305175781,17.280000686645508
2024-02-01,34.13999938964844,9.729999542236328,21.829999923706055,7.190000057220459,49.16999816894531,4.570000171661377,15.180000305175781,17.489999771118164
2024-02-02,34.619998931884766,9.600000381469727,21.899999618530273,7.119999885559082,48.59000015258789,4.71999979019165,14.949999809265137,17.18000030517578
2024-02-05,32.52000045776367,9.079999923706055,20.770000457763672,6.78000020980835,46.900001525878906,4.550000190734863,14.3100004196167,16.40999984741211
2024-02-06,32.40999984741211,9.09000015258789,20.65999984741211,6.710000038146973,46.849998474121094,4.460000038146973,14.270000457763672,16.530000686645508
2024-02-07,30.219999313354492,8.59000015258789,19.31999969482422,6.429999828338623,44.220001220703125,4.010000228881836,13.300000190734863,16.040000915527344
2024-02-08,28.81999969482422,8.300000190734863,18.149999618530273,6.21999979019165,43.369998931884766,3.7300000190734863,12.8100004196167,15.8100004196167
2024-02-09,30.280000686645508,8.479999542236328,19.0,6.21999979019165,44.08000183105469,3.940000057220459,13.539999961853027,16.639999389648438
2024-02-12,30.579999923706055,8.34000015258789,19.25,6.230000019073486,43.36000061035156,3.9600000381469727,13.569999694824219,16.739999771118164
2024-02-13,30.639999389648438,8.550000190734863,19.3700008392334,6.21999979019165,43.34000015258789,3.9100000858306885,13.600000381469727,16.65999984741211
2024-02-14,30.93000030517578,8.59000015258789,19.850000381469727,6.389999866485596,43.93000030517578,4.079999923706055,13.369999885559082,17.020000457763672
2024-02-15,31.149999618530273,8.390000343322754,20.149999618530273,6.420000076293945,43.380001068115234,4.130000114440918,13.600000381469727,17.0
2024-02-16,31.610000610351562,8.319999694824219,20.559999465942383,6.360000133514404,42.34000015258789,4.25,13.479999542236328,16.850000381469727
2024-02-20,32.47999954223633,8.420000076293945,20.770000457763672,6.400000095367432,42.060001373291016,4.309999942779541,13.210000038146973,16.709999084472656
2024-02-21,33.619998931884766,8.369999885559082,20.780000686645508,6.480000019073486,42.209999084472656,4.28000020980835,13.199999809265137,16.959999084472656
2024-02-22,35.189998626708984,8.619999885559082,21.510000228881836,6.869999885559082,43.599998474121094,4.28000020980835,14.199999809265137,18.049999237060547
2024-02-23,36.22999954223633,8.479999542236328,21.959999084472656,6.699999809265137,44.540000915527344,4.369999885559082,14.390000343322754,18.040000915527344
2024-02-26,36.95000076293945,8.3100004196167,22.68000030517578,6.619999885559082,43.45000076293945,4.409999847412109,14.119999885559082,17.90999984741211
2024-02-27,36.41999816894531,8.140000343322754,21.610000610351562,6.489999771118164,42.349998474121094,4.190000057220459,13.260000228881836,17.40999984741211
2024-02-28,36.689998626708984,8.010000228881836,21.739999771118164,6.400000095367432,41.56999969482422,4.079999923706055,13.130000114440918,17.06999969482422
2024-02-29,39.790000915527344,8.029999732971191,22.010000228881836,6.570000171661377,42.02000045776367,4.349999904632568,13.260000228881836,17.299999237060547
2024-03-01,39.41999816894531,8.130000114440918,22.290000915527344,6.809999942779541,42.689998626708984,4.309999942779541,13.350000381469727,17.829999923706055
2024-03-04,39.439998626708984,8.050000190734863,21.709999084472656,6.980000019073486,41.630001068115234,4.369999885559082,13.619999885559082,18.709999084472656
2024-03-05,38.38999938964844,8.0,21.139999389648438,6.659999847412109,41.40999984741211,4.21999979019165,12.90999984741211,18.200000762939453
2024-03-06,40.880001068115234,8.039999961853027,22.860000610351562,6.78000020980835,41.849998474121094,4.570000171661377,12.739999771118164,18.670000076293945
2024-03-07,40.08000183105469,7.849999904632568,22.920000076293945,6.539999961853027,39.29999923706055,4.800000190734863,12.260000228881836,18.31999969482422
2024-03-08,39.900001525878906,7.880000114440918,22.59000015258789,6.670000076293945,39.61000061035156,4.579999923706055,12.119999885559082,17.649999618530273
2024-03-11,38.88999938964844,7.739999771118164,21.780000686645508,6.639999866485596,39.02000045776367,4.389999866485596,12.079999923706055,17.34000015258789
2024-03-12,39.9900016784668,7.949999809265137,22.790000915527344,6.679999828338623,39.369998931884766,4.5,12.510000228881836,17.639999389648438
2024-03-13,42.209999084472656,7.909999847412109,24.299999237060547,6.909999847412109,39.15999984741211,5.199999809265137,12.40999984741211,18.110000610351562
2024-03-14,41.58000183105469,7.789999961853027,23.360000610351562,6.820000171661377,39.15999984741211,4.960000038146973,12.289999961853027,18.0
2024-03-15,43.5,7.900000095367432,23.84000015258789,6.940000057220459,39.63999938964844,5.289999961853027,12.8100004196167,18.059999465942383
2024-03-18,45.630001068115234,8.899999618530273,24.780000686645508,7.110000133514404,42.529998779296875,5.400000095367432,13.630000114440918,19.260000228881836
2024-03-19,45.529998779296875,8.779999732971191,24.3700008392334,7.010000228881836,41.90999984741211,5.519999980926514,13.630000114440918,18.969999313354492
2024-03-20,48.20000076293945,9.289999961853027,25.34000015258789,7.199999809265137,43.65999984741211,5.670000076293945,14.34000015258789,19.360000610351562
2024-03-21,50.689998626708984,9.65999984741211,25.959999084472656,7.289999961853027,43.400001525878906,5.880000114440918,14.520000457763672,20.190000534057617
2024-03-22,51.7400016784668,9.619999885559082,26.079999923706055,7.130000114440918,43.68000030517578,5.900000095367432,14.800000190734863,20.260000228881836
2024-03-25,52.09000015258789,9.270000457763672,26.149999618530273,7.130000114440918,42.83000183105469,5.980000019073486,14.800000190734863,20.3700008392334
2024-03-26,50.790000915527344,9.140000343322754,25.65999984741211,6.909999847412109,42.54999923706055,5.639999866485596,14.680000305175781,19.799999237060547
2024-03-27,51.66999816894531,9.380000114440918,26.149999618530273,6.820000171661377,43.5,5.829999923706055,15.050000190734863,20.1200008392334
2024-03-28,48.18000030517578,9.15999984741211,25.420000076293945,6.679999828338623,43.13999938964844,5.710000038146973,15.100000381469727,19.799999237060547
2024-04-01,49.13999938964844,9.529999732971191,25.790000915527344,6.550000190734863,42.709999084472656,5.659999847412109,15.34000015258789,19.6299991607666
2024-04-02,47.15999984741211,9.300000190734863,24.920000076293945,6.46999979019165,41.7400016784668,5.460000038146973,14.979999542236328,19.90999984741211
2024-04-03,50.4900016784668,9.729999542236328,26.100000381469727,6.710000038146973,43.779998779296875,5.75,17.09000015258789,20.639999389648438
2024-04-04,49.75,9.760000228881836,25.799999237060547,6.519999980926514,43.52000045776367,5.699999809265137,16.719999313354492,20.229999542236328
2024-04-05,51.119998931884766,10.449999809265137,27.3700008392334,6.820000171661377,46.599998474121094,5.949999809265137,18.549999237060547,21.040000915527344
2024-04-08,51.06999969482422,10.800000190734863,27.729999542236328,7.599999904632568,46.040000915527344,6.110000133514404,18.079999923706055,21.709999084472656
2024-04-09,51.65999984741211,10.850000381469727,28.65999984741211,7.519999980926514,46.5,6.03000020980835,17.65999984741211,21.75
2024-04-10,50.40999984741211,10.5600004196167,28.850000381469727,7.239999771118164,45.650001525878906,5.900000095367432,17.3700008392334,21.459999084472656
2024-04-11,51.7400016784668,10.649999618530273,29.770000457763672,7.389999866485596,46.119998931884766,6.010000228881836,17.440000534057617,21.610000610351562
2024-04-12,51.459999084472656,10.229999542236328,29.610000610351562,7.260000228881836,45.18000030517578,5.829999923706055,16.899999618530273,21.170000076293945
2024-04-15,47.459999084472656,9.5,27.600000381469727,6.96999979019165,42.45000076293945,5.349999904632568,15.600000381469727,20.209999084472656
2024-04-16,48.029998779296875,9.369999885559082,27.770000457763672,6.869999885559082,42.06999969482422,5.389999866485596,15.630000114440918,20.25
2024-04-17,48.09000015258789,9.130000114440918,27.68000030517578,6.75,42.02000045776367,5.340000152587891,15.59000015258789,19.469999313354492
2024-04-18,48.310001373291016,8.970000267028809,28.030000686645508,6.690000057220459,41.88999938964844,5.300000190734863,15.510000228881836,19.06999969482422
2024-04-19,49.81999969482422,9.130000114440918,28.459999084472656,6.900000095367432,43.08000183105469,5.5,15.949999809265137,19.34000015258789
2024-04-22,53.27000045776367,10.210000038146973,31.020000457763672,7.159999847412109,46.25,6.199999809265137,16.989999771118164,20.790000915527344
2024-04-23,52.06999969482422,10.270000457763672,30.530000686645508,7.110000133514404,45.099998474121094,6.079999923706055,16.56999969482422,20.8700008392334
2024-04-24,48.97999954223633,9.899999618530273,29.06999969482422,7.019999980926514,43.56999969482422,5.71999979019165,15.960000038146973,20.15999984741211
2024-04-25,49.08000183105469,9.84000015258789,29.489999771118164,7.170000076293945,43.86000061035156,5.75,16.1299991607666,20.239999771118164
2024-04-26,51.380001068115234,10.079999923706055,30.700000762939453,7.190000057220459,44.040000915527344,6.03000020980835,16.809999465942383,21.170000076293945
2024-04-29,53.150001525878906,10.239999771118164,31.260000228881836,7.25,44.84000015258789,6.239999771118164,17.450000762939453,21.479999542236328
2024-04-30,54.15999984741211,10.3100004196167,32.43000030517578,7.139999866485596,44.369998931884766,6.329999923706055,17.579999923706055,21.959999084472656
2024-05-01,54.66999816894531,10.380000114440918,32.369998931884766,7.079999923706055,45.38999938964844,6.429999828338623,18.100000381469727,22.079999923706055
2024-05-02,56.11000061035156,10.4399995803833,31.889999389648438,7.239999771118164,46.560001373291016,6.510000228881836,18.5,22.360000610351562
2024-05-03,60.220001220703125,10.880000114440918,34.31999969482422,7.420000076293945,48.7400016784668,6.869999885559082,19.200000762939453,23.3799991607666
2024-05-06,64.19999694824219,11.0600004196167,36.79999923706055,7.599999904632568,49.599998474121094,7.46999979019165,19.610000610351562,23.8799991607666
2024-05-07,63.43000030517578,10.920000076293945,35.650001525878906,7.489999771118164,49.849998474121094,7.190000057220459,19.5,24.030000686645508
2024-05-08,64.47000122070312,11.0,36.04999923706055,7.480000019073486,49.4900016784668,7.289999961853027,19.399999618530273,24.459999084472656
2024-05-09,63.369998931884766,10.760000228881836,35.5099983215332,7.5,49.0099983215332,7.21999979019165,19.200000762939453,24.3799991607666
2024-05-10,62.400001525878906,10.319999694824219,34.970001220703125,7.679999828338623,47.09000015258789,7.099999904632568,18.670000076293945,22.780000686645508
2024-05-13,61.27000045776367,9.970000267028809,34.650001525878906,7.21999979019165,45.939998626708984,7.0,18.299999237060547,22.780000686645508
2024-05-14,63.150001525878906,10.119999885559082,35.470001220703125,7.150000095367432,47.5099983215332,7.409999847412109,18.950000762939453,23.020000457763672
2024-05-15,66.9000015258789,10.960000038146973,36.84000015258789,7.539999961853027,48.790000915527344,7.71999979019165,19.690000534057617,23.90999984741211
2024-05-16,65.05000305175781,10.869999885559082,36.61000061035156,7.579999923706055,48.310001373291016,7.610000133514404,19.350000381469727,23.639999389648438
2024-05-17,64.9800033569336,10.359999656677246,36.66999816894531,7.449999809265137,47.88999938964844,7.590000152587891,18.860000610351562,23.440000534057617
2024-05-20,66.19999694824219,10.260000228881836,37.279998779296875,7.429999828338623,48.869998931884766,7.670000076293945,19.3799991607666,23.770000457763672
2024-05-21,64.6500015258789,10.09000015258789,36.18000030517578,7.28000020980835,47.27000045776367,7.510000228881836,19.389999389648438,23.530000686645508
2024-05-22,60.68000030517578,9.59000015258789,33.58000183105469,6.909999847412109,45.029998779296875,7.010000228881836,18.219999313354492,21.770000457763672
2024-05-23,56.959999084472656,9.350000381469727,30.989999771118164,6.840000152587891,44.36000061035156,6.400000095367432,17.93000030517578,21.350000381469727
2024-05-24,58.29999923706055,9.479999542236328,32.470001220703125,6.929999828338623,45.720001220703125,6.480000019073486,17.979999542236328,21.010000228881836
2024-05-28,59.310001373291016,9.90999984741211,33.06999969482422,7.099999904632568,47.65999984741211,6.550000190734863,19.100000381469727,22.25
2024-05-29,61.95000076293945,10.0,34.16999816894531,7.230000019073486,48.529998779296875,6.769999980926514,18.829999923706055,22.459999084472656
2024-05-30,66.05000305175781,10.399999618530273,36.880001068115234,7.519999980926514,50.209999084472656,7.489999771118164,20.479999542236328,23.90999984741211
2024-05-31,66.29000091552734,9.9399995803833,35.849998474121094,7.460000038146973,49.349998474121094,7.239999771118164,19.639999389648438,23.209999084472656
2024-06-03,65.22000122070312,9.380000114440918,35.599998474121094,7.320000171661377,47.45000076293945,6.960000038146973,18.850000381469727,22.100000381469727
2024-06-04,61.029998779296875,8.989999771118164,33.2400016784668,6.989999771118164,44.189998626708984,6.400000095367432,17.799999237060547,20.280000686645508
2024-06-05,60.0,8.850000381469727,33.25,7.119999885559082,44.369998931884766,6.400000095367432,17.799999237060547,20.809999465942383
2024-06-06,57.41999816894531,8.6899995803833,31.510000228881836,7.050000190734863,43.720001220703125,6.159999847412109,17.260000228881836,20.100000381469727
2024-06-07,57.06999969482422,8.729999542236328,31.670000076293945,6.989999771118164,43.45000076293945,6.199999809265137,16.950000762939453,20.020000457763672
2024-06-10,59.459999084472656,9.140000343322754,33.060001373291016,7.179999828338623,46.16999816894531,6.449999809265137,18.110000610351562,20.829999923706055
2024-06-11,57.02000045776367,8.970000267028809,32.13999938964844,6.960000038146973,44.63999938964844,6.190000057220459,17.639999389648438,20.270000457763672
2024-06-12,59.68000030517578,8.970000267028809,33.939998626708984,7.0,45.209999084472656,6.559999942779541,17.770000457763672,20.670000076293945
2024-06-13,63.0,9.600000381469727,35.20000076293945,7.170000076293945,47.11000061035156,7.210000038146973,18.979999542236328,21.170000076293945
2024-06-14,63.470001220703125,9.5,34.790000915527344,7.139999866485596,47.279998779296875,7.170000076293945,18.920000076293945,20.8799991607666
2024-06-17,62.040000915527344,9.109999656677246,34.06999969482422,6.949999809265137,45.150001525878906,6.849999904632568,18.030000686645508,20.440000534057617
2024-06-18,63.16999816894531,9.5,34.83000183105469,7.070000171661377,45.59000015258789,6.989999771118164,18.40999984741211,21.010000228881836
2024-06-20,58.79999923706055,9.210000038146973,33.0,6.949999809265137,43.630001068115234,6.690000057220459,18.809999465942383,20.760000228881836
2024-06-21,57.5099983215332,9.039999961853027,32.060001373291016,6.849999904632568,43.970001220703125,6.579999923706055,18.440000534057617,20.299999237060547
2024-06-24,57.75,9.020000457763672,32.20000076293945,6.889999866485596,44.40999984741211,6.710000038146973,18.469999313354492,20.770000457763672
2024-06-25,58.45000076293945,9.010000228881836,32.63999938964844,6.840000152587891,44.38999938964844,6.730000019073486,18.719999313354492,20.81999969482422
2024-06-26,56.93000030517578,8.920000076293945,30.8700008392334,6.710000038146973,43.72999954223633,6.519999980926514,17.93000030517578,20.280000686645508
2024-06-27,57.900001525878906,9.449999809265137,31.639999389648438,6.849999904632568,45.619998931884766,6.849999904632568,19.270000457763672,20.719999313354492
2024-06-28,57.33000183105469,9.069999694824219,30.559999465942383,6.760000228881836,44.2599983215332,6.78000020980835,18.979999542236328,20.1200008392334
2024-07-01,52.9900016784668,8.600000381469727,27.670000076293945,6.53000020980835,42.689998626708984,6.130000114440918,17.899999618530273,19.34000015258789
2024-07-02,54.810001373291016,8.65999984741211,28.110000610351562,6.590000152587891,43.279998779296875,6.239999771118164,18.110000610351562,20.010000228881836
2024-07-03,55.599998474121094,8.789999961853027,28.5,6.75,44.630001068115234,6.460000038146973,18.350000381469727,20.149999618530273
2024-07-05,54.18000030517578,8.899999618530273,28.459999084472656,6.75,45.09000015258789,6.300000190734863,18.110000610351562,20.079999923706055
2024-07-08,55.189998626708984,9.020000457763672,28.530000686645508,6.710000038146973,46.29999923706055,6.360000133514404,18.309999465942383,20.549999237060547
2024-07-09,55.4900016784668,9.140000343322754,28.829999923706055,6.630000114440918,46.27000045776367,6.389999866485596,18.15999984741211,20.729999542236328
2024-07-10,56.040000915527344,9.279999732971191,29.510000228881836,6.809999942779541,46.5,6.539999961853027,18.639999389648438,21.049999237060547
2024-07-11,54.70000076293945,9.319999694824219,29.0,7.039999961853027,46.70000076293945,6.449999809265137,18.700000762939453,21.1299991607666
2024-07-12,53.70000076293945,9.199999809265137,28.65999984741211,6.840000152587891,46.880001068115234,6.329999923706055,18.790000915527344,21.290000915527344
2024-07-15,52.22999954223633,8.770000457763672,27.420000076293945,6.639999866485596,45.400001525878906,6.039999961853027,17.799999237060547,20.989999771118164
2024-07-16,54.16999816894531,8.850000381469727,28.610000610351562,6.71999979019165,46.0,6.289999961853027,17.690000534057617,20.639999389648438
2024-07-17,52.40999984741211,8.479999542236328,27.459999084472656,6.730000019073486,44.79999923706055,6.03000020980835,17.010000228881836,19.8700008392334
2024-07-18,52.66999816894531,8.40999984741211,27.5,6.670000076293945,44.79999923706055,5.900000095367432,16.75,19.90999984741211
2024-07-19,54.810001373291016,8.4399995803833,28.209999084472656,6.739999771118164,46.13999938964844,6.090000152587891,17.1299991607666,20.190000534057617
2024-07-22,53.11000061035156,8.75,28.280000686645508,6.880000114440918,46.54999923706055,6.079999923706055,17.719999313354492,20.15999984741211
2024-07-23,54.959999084472656,8.9399995803833,29.5,6.829999923706055,48.09000015258789,6.489999771118164,18.549999237060547,20.469999313354492
2024-07-24,52.15999984741211,8.569999694824219,28.68000030517578,6.599999904632568,46.869998931884766,6.21999979019165,17.690000534057617,19.690000534057617
2024-07-25,50.84000015258789,8.40999984741211,28.3700008392334,6.489999771118164,45.63999938964844,6.070000171661377,17.34000015258789,19.68000030517578
2024-07-26,51.880001068115234,8.4399995803833,28.329999923706055,6.53000020980835,46.060001373291016,6.179999828338623,17.440000534057617,19.979999542236328
2024-07-29,50.810001373291016,8.260000228881836,27.59000015258789,6.309999942779541,45.36000061035156,6.010000228881836,17.170000076293945,19.299999237060547
2024-07-30,50.65999984741211,8.119999885559082,27.020000457763672,6.269999980926514,44.0,5.880000114440918,16.719999313354492,18.950000762939453
2024-07-31,52.81999969482422,8.489999771118164,28.969999313354492,6.460000038146973,45.43000030517578,6.28000020980835,17.670000076293945,19.940000534057617
2024-08-01,51.630001068115234,8.350000381469727,28.3700008392334,6.309999942779541,45.279998779296875,6.059999942779541,17.059999465942383,19.3700008392334
2024-08-02,47.2400016784668,7.78000020980835,26.649999618530273,6.130000114440918,42.72999954223633,5.610000133514404,16.059999465942383,18.139999389648438
2024-08-05,46.540000915527344,7.760000228881836,26.610000610351562,6.110000133514404,41.970001220703125,5.570000171661377,16.170000076293945,18.059999465942383
2024-08-06,48.0,7.949999809265137,28.049999237060547,6.110000133514404,43.130001068115234,5.760000228881836,17.399999618530273,18.450000762939453
2024-08-07,47.22999954223633,7.980000019073486,28.670000076293945,6.050000190734863,44.209999084472656,5.659999847412109,16.940000534057617,19.030000686645508
2024-08-08,51.470001220703125,8.489999771118164,32.77000045776367,6.650000095367432,48.79999923706055,6.5,17.81999969482422,19.780000686645508
2024-08-09,52.880001068115234,8.8100004196167,34.2400016784668,6.800000190734863,50.9900016784668,6.849999904632568,19.09000015258789,20.579999923706055
2024-08-12,54.689998626708984,9.100000381469727,34.2400016784668,6.739999771118164,51.83000183105469,6.960000038146973,19.639999389648438,21.440000534057617
2024-08-13,56.83000183105469,9.270000457763672,34.40999984741211,6.849999904632568,51.70000076293945,7.130000114440918,19.280000686645508,21.59000015258789
2024-08-14,58.369998931884766,9.369999885559082,35.439998626708984,6.949999809265137,51.86000061035156,7.190000057220459,19.06999969482422,21.600000381469727
2024-08-15,59.279998779296875,9.600000381469727,35.4900016784668,7.019999980926514,52.790000915527344,7.380000114440918,19.559999465942383,21.780000686645508
2024-08-16,56.59000015258789,9.4399995803833,35.16999816894531,6.929999828338623,52.52000045776367,7.159999847412109,19.56999969482422,21.670000076293945
2024-08-19,57.7599983215332,9.420000076293945,34.63999938964844,7.019999980926514,52.869998931884766,7.360000133514404,19.260000228881836,21.790000915527344
2024-08-20,57.68000030517578,9.239999771118164,34.7599983215332,7.0,52.599998474121094,7.349999904632568,19.350000381469727,21.639999389648438
2024-08-21,56.02000045776367,9.199999809265137,33.869998931884766,7.019999980926514,51.59000015258789,7.130000114440918,18.8700008392334,21.1200008392334
2024-08-22,52.5099983215332,8.65999984741211,33.119998931884766,6.769999980926514,50.56999969482422,6.760000228881836,18.030000686645508,20.68000030517578
2024-08-23,53.54999923706055,8.84000015258789,34.68000030517578,7.03000020980835,51.13999938964844,6.949999809265137,18.56999969482422,21.06999969482422
2024-08-26,52.72999954223633,8.720000267028809,33.790000915527344,7.03000020980835,50.810001373291016,6.880000114440918,18.520000457763672,21.31999969482422
2024-08-27,52.75,8.649999618530273,34.939998626708984,6.889999866485596,51.5,7.0,18.520000457763672,21.59000015258789
2024-08-28,52.529998779296875,8.720000267028809,35.189998626708984,6.849999904632568,51.970001220703125,7.0,18.450000762939453,21.729999542236328
2024-08-29,55.7400016784668,8.819999694824219,37.68000030517578,7.0,53.0,7.300000190734863,18.729999542236328,22.440000534057617
2024-08-30,58.77000045776367,9.140000343322754,39.16999816894531,7.090000152587891,54.41999816894531,7.340000152587891,19.399999618530273,23.700000762939453
2024-09-03,60.599998474121094,8.90999984741211,40.290000915527344,7.059999942779541,54.86000061035156,7.369999885559082,19.18000030517578,23.25
2024-09-04,64.48999786376953,9.430000305175781,42.2400016784668,7.260000228881836,56.68000030517578,7.800000190734863,20.5,24.040000915527344
2024-09-05,63.400001525878906,9.40999984741211,41.9900016784668,7.429999828338623,56.66999816894531,7.710000038146973,20.690000534057617,23.920000076293945
2024-09-06,62.06999969482422,9.270000457763672,41.08000183105469,7.199999809265137,56.18000030517578,7.46999979019165,20.18000030517578,23.350000381469727
2024-09-09,63.84000015258789,9.649999618530273,42.290000915527344,7.25,57.7599983215332,7.75,20.68000030517578,23.270000457763672
2024-09-10,61.5099983215332,9.460000038146973,41.54999923706055,7.239999771118164,57.22999954223633,7.539999961853027,19.829999923706055,22.719999313354492
2024-09-11,64.0,10.069999694824219,43.15999984741211,7.429999828338623,58.689998626708984,7.840000152587891,20.56999969482422,22.81999969482422
2024-09-12,65.5,10.149999618530273,43.47999954223633,7.860000133514404,58.9900016784668,8.170000076293945,20.959999084472656,23.110000610351562
2024-09-13,67.76000213623047,10.40999984741211,45.060001373291016,7.96999979019165,59.13999938964844,8.279999732971191,21.15999984741211,23.309999465942383
2024-09-16,67.23999786376953,10.470000267028809,44.33000183105469,8.180000305175781,58.7599983215332,8.279999732971191,21.309999465942383,23.8700008392334
2024-09-17,69.55000305175781,10.319999694824219,45.13999938964844,8.359999656677246,58.56999969482422,8.210000038146973,20.829999923706055,23.649999618530273
2024-09-18,70.86000061035156,10.34000015258789,46.130001068115234,8.729999542236328,59.439998626708984,8.260000228881836,20.6200008392334,23.559999465942383
2024-09-19,74.83000183105469,10.40999984741211,47.099998474121094,8.949999809265137,62.40999984741211,8.380000114440918,21.100000381469727,24.260000228881836
2024-09-20,74.05999755859375,10.130000114440918,46.630001068115234,8.850000381469727,61.86000061035156,8.270000457763672,20.469999313354492,23.649999618530273
2024-09-23,71.75,9.960000038146973,45.630001068115234,8.529999732971191,59.97999954223633,8.279999732971191,20.260000228881836,22.8799991607666
2024-09-24,69.19999694824219,10.0,44.36000061035156,8.5600004196167,60.18000030517578,7.929999828338623,21.06999969482422,22.75
2024-09-25,66.73999786376953,9.869999885559082,43.130001068115234,8.600000381469727,59.400001525878906,7.590000152587891,20.459999084472656,22.350000381469727
2024-09-26,65.44000244140625,9.640000343322754,43.209999084472656,8.680000305175781,58.2400016784668,7.429999828338623,19.280000686645508,22.059999465942383
2024-09-27,66.44000244140625,9.760000228881836,43.779998779296875,8.289999961853027,58.619998931884766,7.380000114440918,18.8799991607666,21.68000030517578
2024-09-30,63.5,9.470000267028809,42.09000015258789,8.0600004196167,60.040000915527344,7.110000133514404,18.34000015258789,21.209999084472656
2024-10-01,65.27999877929688,9.760000228881836,42.40999984741211,8.039999961853027,61.029998779296875,7.179999828338623,18.860000610351562,21.670000076293945
2024-10-02,65.0,9.8100004196167,41.939998626708984,8.09000015258789,59.97999954223633,7.159999847412109,18.530000686645508,21.690000534057617
2024-10-03,67.2300033569336,10.140000343322754,43.40999984741211,8.25,62.119998931884766,7.380000114440918,19.309999465942383,22.360000610351562
2024-10-04,67.94999694824219,9.9399995803833,43.4900016784668,8.170000076293945,63.060001373291016,7.340000152587891,19.56999969482422,22.239999771118164
2024-10-07,65.55999755859375,9.670000076293945,42.52000045776367,8.350000381469727,61.02000045776367,7.03000020980835,19.25,21.979999542236328
2024-10-08,68.97000122070312,9.869999885559082,44.18000030517578,8.380000114440918,61.72999954223633,7.289999961853027,19.309999465942383,22.100000381469727
2024-10-09,70.73999786376953,10.3100004196167,46.58000183105469,8.5,63.790000915527344,7.590000152587891,20.65999984741211,23.59000015258789
2024-10-10,73.19999694824219,10.430000305175781,47.939998626708984,8.630000114440918,63.66999816894531,7.820000171661377,20.729999542236328,24.25
2024-10-11,74.83000183105469,10.40999984741211,49.77000045776367,8.479999542236328,64.97000122070312,7.929999828338623,20.81999969482422,24.8799991607666
2024-10-14,74.18000030517578,10.380000114440918,49.439998626708984,8.460000038146973,64.87999725341797,7.670000076293945,20.959999084472656,25.25
2024-10-15,74.97000122070312,10.489999771118164,49.650001525878906,8.329999923706055,65.5999984741211,7.929999828338623,20.770000457763672,25.739999771118164
2024-10-16,70.29000091552734,10.010000228881836,48.84000015258789,8.149999618530273,64.36000061035156,7.630000114440918,20.239999771118164,24.8799991607666
2024-10-17,71.19999694824219,10.09000015258789,48.81999969482422,8.149999618530273,67.8499984741211,7.739999771118164,20.469999313354492,25.020000457763672
2024-10-18,72.75,10.329999923706055,50.619998931884766,8.050000190734863,67.62999725341797,7.909999847412109,20.969999313354492,25.0
2024-10-21,72.8499984741211,10.4399995803833,50.630001068115234,8.09000015258789,67.66000366210938,8.050000190734863,21.280000686645508,24.8700008392334
2024-10-22,72.41999816894531,10.5600004196167,50.540000915527344,8.100000381469727,67.66000366210938,7.929999828338623,21.139999389648438,24.81999969482422
2024-10-23,70.94999694824219,10.539999961853027,49.77000045776367,8.329999923706055,66.55999755859375,7.78000020980835,20.8799991607666,24.299999237060547
2024-10-24,76.83999633789062,10.960000038146973,52.93000030517578,8.630000114440918,68.18000030517578,8.449999809265137,21.950000762939453,25.110000610351562
2024-10-25,79.41000366210938,11.260000228881836,53.88999938964844,9.210000038146973,68.61000061035156,8.829999923706055,22.25,25.649999618530273
2024-10-28,79.11000061035156,11.220000267028809,54.11000061035156,9.140000343322754,67.0,8.930000305175781,22.15999984741211,25.510000228881836
2024-10-29,78.95999908447266,11.1899995803833,53.529998779296875,9.069999694824219,66.4000015258789,9.109999656677246,22.440000534057617,24.84000015258789
2024-10-30,78.02999877929688,11.300000190734863,52.2599983215332,9.0600004196167,66.73999786376953,8.90999984741211,22.09000015258789,24.549999237060547
2024-10-31,78.2300033569336,11.34000015258789,52.720001220703125,9.15999984741211,66.93000030517578,9.100000381469727,22.399999618530273,24.510000228881836
2024-11-01,75.6500015258789,11.210000038146973,51.93000030517578,9.079999923706055,66.0199966430664,8.90999984741211,22.420000076293945,25.3700008392334
2024-11-04,75.08999633789062,11.319999694824219,51.75,9.390000343322754,65.72000122070312,8.850000381469727,23.420000076293945,26.59000015258789
2024-11-05,75.43000030517578,11.710000038146973,51.790000915527344,9.569999694824219,67.69000244140625,8.819999694824219,22.600000381469727,27.489999771118164
2024-11-06,82.16999816894531,11.899999618530273,54.939998626708984,9.880000114440918,69.2300033569336,9.670000076293945,23.030000686645508,28.25
2024-11-07,81.68000030517578,11.9399995803833,54.7599983215332,10.300000190734863,69.41999816894531,9.800000190734863,23.809999465942383,29.31999969482422
2024-11-08,79.2300033569336,11.569999694824219,53.81999969482422,10.34000015258789,70.16000366210938,9.720000267028809,23.170000076293945,29.239999771118164
2024-11-11,79.12000274658203,11.609999656677246,53.810001373291016,10.260000228881836,71.06999969482422,9.699999809265137,23.479999542236328,29.84000015258789
2024-11-12,79.77999877929688,12.199999809265137,54.75,10.1899995803833,71.69000244140625,9.899999618530273,24.229999542236328,29.790000915527344
2024-11-13,79.55000305175781,12.699999809265137,55.029998779296875,10.40999984741211,73.97000122070312,9.960000038146973,25.850000381469727,30.90999984741211
2024-11-14,79.04000091552734,13.15999984741211,54.709999084472656,10.420000076293945,75.83999633789062,10.380000114440918,27.40999984741211,32.2599983215332
2024-11-15,80.04000091552734,12.970000267028809,56.290000915527344,10.350000381469727,76.37999725341797,10.619999885559082,27.420000076293945,32.38999938964844
2024-11-18,84.41999816894531,13.399999618530273,59.15999984741211,10.989999771118164,80.0199966430664,11.25,29.18000030517578,34.939998626708984
2024-11-19,80.8499984741211,13.6899995803833,57.029998779296875,10.949999809265137,79.41000366210938,11.15999984741211,28.280000686645508,35.54999923706055
2024-11-20,81.80000305175781,13.699999809265137,57.65999984741211,11.029999732971191,81.88999938964844,11.420000076293945,28.829999923706055,37.16999816894531
2024-11-21,80.01000213623047,13.850000381469727,55.93000030517578,10.40999984741211,82.27999877929688,10.699999809265137,29.559999465942383,37.470001220703125
2024-11-22,80.91000366210938,13.890000343322754,55.47999954223633,10.479999542236328,84.93000030517578,10.699999809265137,29.780000686645508,40.029998779296875
2024-11-25,80.76000213623047,13.970000267028809,55.5099983215332,11.15999984741211,82.62999725341797,10.890000343322754,29.040000915527344,39.2599983215332
2024-11-26,83.80000305175781,13.920000076293945,56.72999954223633,11.65999984741211,83.93000030517578,11.420000076293945,29.010000228881836,40.029998779296875
2024-11-27,82.04000091552734,13.770000457763672,56.11000061035156,11.420000076293945,84.19999694824219,11.390000343322754,29.190000534057617,39.709999084472656
2024-11-29,84.9000015258789,13.630000114440918,56.439998626708984,11.869999885559082,85.58999633789062,11.930000305175781,29.719999313354492,40.29999923706055
2024-12-02,87.68000030517578,13.989999771118164,59.22999954223633,12.300000190734863,86.93000030517578,12.1899995803833,29.3799991607666,40.220001220703125
2024-12-03,84.56999969482422,14.170000076293945,58.11000061035156,12.9399995803833,87.0999984741211,12.220000267028809,29.389999389648438,40.150001525878906
2024-12-04,82.93000030517578,13.869999885559082,56.119998931884766,12.119999885559082,86.05999755859375,11.739999771118164,28.31999969482422,38.380001068115234
2024-12-05,85.91999816894531,14.119999885559082,58.22999954223633,12.210000038146973,87.0199966430664,12.390000343322754,28.299999237060547,38.459999084472656
2024-12-06,86.62000274658203,14.210000038146973,58.91999816894531,12.220000267028809,87.41999816894531,12.550000190734863,28.18000030517578,38.869998931884766
2024-12-09,85.93000030517578,14.390000343322754,58.279998779296875,12.40999984741211,87.86000061035156,12.449999809265137,28.610000610351562,40.5099983215332
2024-12-10,84.16000366210938,14.180000305175781,57.95000076293945,12.010000228881836,86.7300033569336,12.15999984741211,28.549999237060547,40.650001525878906
2024-12-11,90.66999816894531,14.960000038146973,61.77000045776367,13.270000457763672,90.51000213623047,13.029999732971191,30.1200008392334,43.119998931884766
2024-12-12,89.58000183105469,14.949999809265137,61.58000183105469,13.199999809265137,89.66000366210938,13.180000305175781,30.170000076293945,43.959999084472656
2024-12-13,92.9800033569336,15.199999809265137,62.31999969482422,13.220000267028809,89.38999938964844,13.220000267028809,29.649999618530273,44.560001373291016
2024-12-16,106.83000183105469,15.479999542236328,67.76000213623047,13.119999885559082,91.79000091552734,15.399999618530273,30.31999969482422,44.58000183105469
2024-12-17,106.26000213623047,15.130000114440918,68.72000122070312,12.6899995803833,90.69000244140625,15.539999961853027,29.690000534057617,44.880001068115234
2024-12-18,97.44999694824219,13.819999694824219,63.33000183105469,11.880000114440918,85.6500015258789,14.470000267028809,28.190000534057617,41.689998626708984
2024-12-19,95.23999786376953,13.550000190734863,61.29999923706055,11.789999961853027,84.97000122070312,14.5,27.5,41.41999816894531
2024-12-20,96.69999694824219,13.670000076293945,63.59000015258789,11.779999732971191,85.91999816894531,15.40999984741211,27.75,42.02000045776367
2024-12-23,97.73999786376953,14.0,63.11000061035156,11.850000381469727,86.66999816894531,15.489999771118164,28.219999313354492,42.439998626708984
2024-12-24,100.04000091552734,14.369999885559082,64.87000274658203,11.850000381469727,88.20999908447266,15.829999923706055,28.75,42.790000915527344
2024-12-26,101.41999816894531,14.4399995803833,64.72000122070312,12.15999984741211,88.11000061035156,15.520000457763672,28.969999313354492,43.060001373291016
2024-12-27,100.2300033569336,14.619999885559082,64.30000305175781,12.40999984741211,88.38999938964844,15.510000228881836,29.780000686645508,42.63999938964844
2024-12-30,97.31999969482422,14.710000038146973,62.81999969482422,12.0600004196167,87.76000213623047,15.130000114440918,29.56999969482422,42.369998931884766
2024-12-31,96.76000213623047,14.489999771118164,62.31999969482422,11.9399995803833,87.94000244140625,15.109999656677246,29.270000457763672,42.5099983215332
