Date,BBAR,BMA,EDN,GGAL,PAM,TGS,YPF
2010-01-04,3.37400484085083,17.19268226623535,8.199999809265137,4.194057464599609,11.756643295288086,1.4067209959030151,35.91170883178711
2010-01-05,3.642637014389038,17.106395721435547,8.170000076293945,4.338930606842041,11.628210067749023,1.4678823947906494,35.26798629760742
2010-01-06,3.605026960372925,16.5542049407959,8.390000343322754,4.078159809112549,11.06507682800293,1.5008161067962646,36.008262634277344
2010-01-07,3.653381824493408,16.646242141723633,8.479999542236328,4.223031044006348,11.292305946350098,1.496111273765564,35.66225814819336
2010-01-08,3.6909899711608887,16.473676681518555,8.220000267028809,4.150596618652344,11.124354362487793,1.4914063215255737,36.12895965576172
2010-01-11,3.642637014389038,16.4046573638916,7.599999904632568,3.991236686706543,10.887245178222656,1.4772922992706299,36.708309173583984
2010-01-12,3.6587536334991455,16.4046573638916,7.630000114440918,3.8029026985168457,10.590859413146973,1.4302446842193604,36.853145599365234
2010-01-13,3.6748721599578857,16.490934371948242,7.820000171661377,3.8898258209228516,10.660016059875488,1.3643780946731567,35.80710220336914
2010-01-14,3.7823240756988525,16.956846237182617,8.109999656677246,4.049186706542969,11.321945190429688,1.4255398511886597,36.241615295410156
2010-01-15,3.685617208480835,16.836057662963867,7.800000190734863,3.9332876205444336,10.897125244140625,1.4114254713058472,35.84732437133789
2010-01-19,3.7823240756988525,16.674999237060547,8.0,4.034699440002441,10.768691062927246,1.387901782989502,35.613983154296875
2010-01-20,3.7232255935668945,16.76127815246582,7.710000038146973,3.991236686706543,11.035438537597656,1.3784923553466797,34.60011672973633
2010-01-21,3.653381824493408,17.014366149902344,7.690000057220459,3.8970694541931152,10.887245178222656,1.4020161628723145,35.60593032836914
2010-01-22,3.6909899711608887,16.57721519470215,7.480000019073486,3.8391194343566895,11.173752784729004,1.4020161628723145,35.026588439941406
2010-01-25,3.653381824493408,16.272356033325195,7.53000020980835,3.8318774700164795,11.18363094329834,1.3455588817596436,33.80350875854492
2010-01-26,3.653381824493408,16.11705780029297,7.559999942779541,3.77392840385437,11.173752784729004,1.392606496810913,33.65867233276367
2010-01-27,3.680244207382202,16.11705780029297,7.5,3.7304673194885254,11.321945190429688,1.3643780946731567,33.6345329284668
2010-01-28,3.680244207382202,16.157325744628906,7.480000019073486,3.74495267868042,11.312065124511719,1.3643780946731567,33.39313507080078
2010-01-29,3.4116134643554688,16.39890480041504,7.53000020980835,3.77392840385437,11.193511009216309,1.3643780946731567,33.58625793457031
2010-02-01,3.5136938095092773,16.28386116027832,7.650000095367432,3.868095636367798,11.153992652893066,1.3737876415252686,33.88397979736328
2010-02-02,3.5029470920562744,16.24359893798828,7.150000095367432,3.8463640213012695,11.18363094329834,1.387901782989502,33.69085693359375
2010-02-03,3.4438490867614746,15.85246753692627,7.570000171661377,3.7884156703948975,11.21327018737793,1.3455588817596436,33.77936935424805
2010-02-04,3.271926164627075,14.776844024658203,7.130000114440918,3.6000816822052,10.778570175170898,1.274987816810608,32.99081039428711
2010-02-05,3.218198776245117,14.702071189880371,7.019999980926514,3.513157606124878,10.52170181274414,1.312625765800476,32.2746696472168
2010-02-08,3.1537275314331055,14.351200103759766,6.909999847412109,3.491426944732666,10.432787895202637,1.3737876415252686,32.508018493652344
2010-02-09,3.1537275314331055,14.33969783782959,6.880000114440918,3.455209255218506,10.847726821899414,1.3643780946731567,32.60457992553711
2010-02-10,3.1537275314331055,14.437479972839355,6.96999979019165,3.491426944732666,10.956401824951172,1.3784923553466797,33.31266784667969
2010-02-11,3.1859638690948486,14.65030288696289,7.239999771118164,3.636298894882202,10.96628189086914,1.3596735000610352,32.99081039428711
2010-02-12,3.239689588546753,14.868877410888672,7.179999828338623,3.7304673194885254,10.916884422302246,1.3737876415252686,32.8781623840332
2010-02-16,3.2558066844940186,15.219747543334961,7.25,3.563863515853882,11.045318603515625,1.3361496925354004,32.58848190307617
2010-02-17,3.3095343112945557,15.582121849060059,7.190000057220459,3.484182834625244,11.11447525024414,1.3408544063568115,32.749412536621094
2010-02-18,3.2880423069000244,15.863973617553711,7.170000076293945,3.4986703395843506,11.173752784729004,1.3361496925354004,33.01494598388672
2010-02-19,3.2987892627716064,15.886975288391113,7.46999979019165,3.571106433868408,11.21327018737793,1.3361496925354004,33.103458404541016
2010-02-22,3.3417699337005615,15.990514755249023,7.300000190734863,3.5204017162323,11.06507682800293,1.3408544063568115,32.765506744384766
2010-02-23,3.2611804008483887,15.79494857788086,7.159999847412109,3.469695568084717,10.7094144821167,1.3173305988311768,33.32876205444336
2010-02-24,3.2611804008483887,15.599376678466797,6.989999771118164,3.469695568084717,10.610617637634277,1.3549686670303345,33.77132797241211
2010-02-25,3.1644718647003174,15.02993392944336,6.760000228881836,3.4189906120300293,10.324111938476562,1.3361496925354004,32.95058059692383
2010-02-26,3.2665531635284424,14.932150840759277,6.75,3.4769394397735596,10.501943588256836,1.3314447402954102,33.031036376953125
2010-03-01,3.3256514072418213,15.518851280212402,6.78000020980835,3.6000816822052,10.551342010498047,1.3455588817596436,32.73332214355469
2010-03-02,3.37400484085083,15.85821533203125,6.900000095367432,3.6725172996520996,10.916884422302246,1.3643780946731567,32.62066650390625
2010-03-03,3.2772982120513916,15.725922584533691,6.820000171661377,3.6290555000305176,10.877366065979004,1.3596735000610352,33.988590240478516
2010-03-04,3.331023693084717,15.691412925720215,6.840000152587891,3.6000816822052,11.06507682800293,1.3596735000610352,34.50355529785156
2010-03-05,3.331023693084717,15.85246753692627,7.03000020980835,3.5493757724761963,11.06507682800293,1.3643780946731567,35.5978889465332
2010-03-08,3.4116134643554688,16.048032760620117,6.880000114440918,3.636298894882202,10.96628189086914,1.387901782989502,35.56570053100586
2010-03-09,3.4545936584472656,16.111305236816406,6.920000076293945,3.6580302715301514,10.808208465576172,1.4114254713058472,35.2840690612793
2010-03-10,3.5513017177581787,16.249353408813477,6.889999866485596,3.8391194343566895,10.7094144821167,1.392606496810913,35.2840690612793
2010-03-11,3.545928478240967,16.358640670776367,6.829999923706055,3.77392840385437,10.67977523803711,1.369083046913147,35.2840690612793
2010-03-12,3.57816481590271,16.249353408813477,6.849999904632568,3.8608508110046387,10.82796859741211,1.3737876415252686,35.2840690612793
2010-03-15,3.615772008895874,16.324129104614258,7.25,3.8898258209228516,10.768691062927246,1.4819968938827515,35.3001708984375
2010-03-16,3.7071073055267334,16.485179901123047,7.400000095367432,3.983992576599121,10.778570175170898,1.4584733247756958,35.3001708984375
2010-03-17,3.760833740234375,17.054630279541016,7.559999942779541,4.078159809112549,10.82796859741211,1.5008161067962646,35.2840690612793
2010-03-18,3.7930703163146973,16.7900390625,7.349999904632568,4.114377975463867,10.82796859741211,1.5525680780410767,34.761051177978516
2010-03-19,3.760833740234375,16.916584014892578,7.380000114440918,4.194057464599609,11.163872718811035,1.5525680780410767,34.43918991088867
2010-03-22,3.8414242267608643,17.457273483276367,7.53000020980835,4.317199230194092,11.400980949401855,1.5055205821990967,34.7127685546875
2010-03-23,4.136915683746338,18.084239959716797,7.619999885559082,4.469315528869629,11.450379371643066,1.5102251768112183,34.141456604003906
2010-03-24,4.169152736663818,18.440860748291016,7.579999923706055,4.440340995788574,11.450379371643066,1.5055205821990967,34.463321685791016
2010-03-25,4.169152736663818,18.463869094848633,7.46999979019165,4.491046905517578,11.460258483886719,1.529044270515442,34.141456604003906
2010-03-26,4.169152736663818,18.020965576171875,7.5,4.404123306274414,11.440499305725098,1.5807963609695435,34.60011672973633
2010-03-29,4.136915683746338,18.34307289123535,7.409999847412109,4.440340995788574,11.262667655944824,1.529044270515442,34.7127685546875
2010-03-30,4.083191394805908,17.595314025878906,7.360000133514404,4.3823933601379395,11.361462593078613,1.5666824579238892,34.664493560791016
2010-03-31,3.9757373332977295,17.19268226623535,7.03000020980835,4.3099565505981445,11.242908477783203,1.5713872909545898,35.002445220947266
2010-04-01,3.970364809036255,17.227190017700195,7.050000190734863,4.223031044006348,11.312065124511719,1.6184349060058594,34.96221160888672
2010-04-05,4.040210247039795,17.974945068359375,7.199999809265137,4.4113664627075195,11.292305946350098,1.6937106847763062,35.41281509399414
2010-04-06,4.067073345184326,18.193519592285156,7.610000133514404,4.483803749084473,11.588691711425781,1.627844214439392,35.517425537109375
2010-04-07,4.029465675354004,17.980701446533203,7.670000076293945,4.425853729248047,11.391101837158203,1.5996158123016357,35.380638122558594
2010-04-08,4.018719673156738,17.831153869628906,7.730000019073486,4.4113664627075195,11.410861015319824,1.623139500617981,35.14728546142578
2010-04-09,4.1637797355651855,18.23378562927246,7.900000095367432,4.548995018005371,11.361462593078613,1.627844214439392,35.3001708984375
2010-04-12,4.190642833709717,18.291301727294922,7.849999904632568,4.585212230682373,11.460258483886719,1.6654821634292603,35.22774887084961
2010-04-13,4.185269832611084,18.22228240966797,7.800000190734863,4.5272650718688965,11.420740127563477,1.6466631889343262,35.235801696777344
2010-04-14,4.185269832611084,18.193519592285156,7.619999885559082,4.534509658813477,11.430619239807129,1.6701871156692505,35.1070556640625
2010-04-15,4.1637797355651855,17.96344757080078,7.710000038146973,4.548995018005371,11.371342658996582,1.674891710281372,35.30821990966797
2010-04-16,4.03483772277832,17.54354476928711,7.630000114440918,4.396880149841309,10.986041069030762,1.674891710281372,35.16337203979492
2010-04-19,3.970364809036255,17.693099975585938,7.650000095367432,4.433097839355469,11.055196762084961,1.6654821634292603,35.2036018371582
2010-04-20,4.03483772277832,17.290464401245117,7.679999828338623,4.462072372436523,11.005800247192383,1.717234492301941,35.25993728637695
2010-04-21,4.088563919067383,17.250200271606445,7.630000114440918,4.520021915435791,10.946521759033203,1.7642818689346313,37.02206039428711
2010-04-22,4.158407211303711,17.49753189086914,7.590000152587891,4.693867206573486,11.21327018737793,1.7642818689346313,36.672794342041016
2010-04-23,4.104681491851807,17.480274200439453,7.5,4.614187717437744,11.055196762084961,1.7548726797103882,35.874473571777344
2010-04-26,4.088563919067383,17.117902755737305,7.519999980926514,4.585212230682373,10.995920181274414,1.7266440391540527,35.79131317138672
2010-04-27,3.868286609649658,16.50819206237793,7.519999980926514,4.404123306274414,10.867486000061035,1.6884859800338745,35.924373626708984
2010-04-28,3.836050271987915,16.174571990966797,7.489999771118164,4.454829216003418,10.739051818847656,1.645558476448059,36.12394332885742
2010-04-29,3.7984423637390137,16.427661895751953,7.5,4.454829216003418,10.847726821899414,1.6550978422164917,36.032474517822266
2010-04-30,3.728597640991211,16.105552673339844,7.71999979019165,4.338930606842041,10.808208465576172,1.6026304960250854,37.1135368347168
2010-05-03,3.7662065029144287,16.39890480041504,7.980000019073486,4.433097839355469,10.818087577819824,1.645558476448059,36.16552734375
2010-05-04,3.5889103412628174,15.990514755249023,7.75,4.280981540679932,10.66989517211914,1.645558476448059,36.448265075683594
2010-05-05,3.486830472946167,15.254257202148438,7.710000038146973,4.215790271759033,10.551342010498047,1.5835517644882202,36.548057556152344
2010-05-06,3.22357177734375,14.638797760009766,7.369999885559082,3.8898258209228516,10.156160354614258,1.5406244993209839,34.934783935546875
2010-05-07,3.3202784061431885,14.56977367401123,7.21999979019165,3.8391194343566895,10.314231872558594,1.5263149738311768,34.38593673706055
2010-05-10,3.7823240756988525,15.990514755249023,7.75,4.331686496734619,10.66989517211914,1.6264796257019043,35.00131607055664
2010-05-11,3.7393431663513184,15.909985542297363,7.690000057220459,4.288225173950195,10.53158187866211,1.6550978422164917,35.242469787597656
2010-05-12,3.7232255935668945,16.16307258605957,7.539999961853027,4.3027119636535645,10.541460990905762,1.6884859800338745,35.857845306396484
2010-05-13,3.733970880508423,16.105552673339844,7.460000038146973,4.280981540679932,10.482184410095215,1.7075649499893188,35.5501594543457
2010-05-14,3.5727922916412354,15.415311813354492,7.349999904632568,4.056428909301758,10.274713516235352,1.5978610515594482,33.13856506347656
2010-05-17,3.4169862270355225,15.559113502502441,7.309999942779541,3.94777512550354,10.077123641967773,1.5978610515594482,32.2570915222168
2010-05-18,3.438476800918579,15.96175765991211,7.179999828338623,3.9260456562042236,10.2648344039917,1.5740123987197876,33.10530471801758
2010-05-19,3.379377841949463,16.007770538330078,7.289999961853027,3.94777512550354,10.175919532775879,1.5597031116485596,31.86624526977539
2010-05-20,3.2665531635284424,15.610879898071289,7.019999980926514,3.708735466003418,10.017847061157227,1.4547691345214844,28.98065185546875
2010-05-21,3.304161787033081,15.530353546142578,7.03000020980835,3.8608508110046387,10.096882820129395,1.5024664402008057,29.0804443359375
2010-05-24,3.239689588546753,15.294523239135742,7.050000190734863,3.8391194343566895,9.998086929321289,1.488157033920288,29.163604736328125
2010-05-25,3.040902853012085,14.402963638305664,7.139999866485596,3.8391194343566895,10.087003707885742,1.488157033920288,28.182336807250977
2010-05-26,2.9280776977539062,14.17863941192627,7.159999847412109,3.7304673194885254,9.928930282592773,1.5024664402008057,28.722864151000977
2010-05-27,3.08388352394104,15.518851280212402,7.460000038146973,3.9767487049102783,10.106761932373047,1.5453940629959106,29.521188735961914
2010-05-28,3.175217866897583,15.674150466918945,7.239999771118164,4.0202107429504395,10.126521110534668,1.5263149738311768,29.77065658569336
2010-06-01,3.2558066844940186,16.105552673339844,7.119999885559082,3.9984805583953857,10.146281242370605,1.5024664402008057,29.521188735961914
2010-06-02,3.427731513977051,16.347137451171875,7.25,4.114377975463867,10.245075225830078,1.5453940629959106,29.604339599609375
2010-06-03,3.52443790435791,16.801542282104492,7.269999980926514,4.201303482055664,10.324111938476562,1.5501636266708374,29.43802833557129
2010-06-04,3.390123128890991,16.7440242767334,7.150000095367432,3.94053053855896,10.215437889099121,1.5501636266708374,29.604339599609375
2010-06-07,3.449221134185791,16.772783279418945,7.25,3.955017566680908,10.156160354614258,1.507236123085022,29.654233932495117
2010-06-08,3.456435203552246,16.784286499023438,7.199999809265137,3.983992576599121,10.027726173400879,1.5263149738311768,30.560659408569336
2010-06-09,3.534580707550049,16.738271713256836,7.0,4.128865718841553,10.077123641967773,1.5263149738311768,31.57518768310547
2010-06-10,3.570647954940796,16.893571853637695,7.150000095367432,4.266494274139404,10.324111938476562,1.5263149738311768,32.41508483886719
2010-06-11,3.7269387245178223,17.059663772583008,7.210000038146973,4.3027119636535645,10.393268585205078,1.5263149738311768,32.43172073364258
2010-06-14,3.6668269634246826,17.20796012878418,7.269999980926514,4.338930606842041,10.442666053771973,1.5406244993209839,33.346458435058594
2010-06-15,3.805083751678467,17.854515075683594,7.199999809265137,4.454829216003418,10.472305297851562,1.5406244993209839,32.872459411621094
2010-06-16,3.8531737327575684,18.15703582763672,7.150000095367432,4.440340995788574,10.462425231933594,1.5501636266708374,33.146881103515625
2010-06-17,3.9072744846343994,18.032468795776367,7.179999828338623,4.396880149841309,10.432787895202637,1.5692427158355713,32.8558235168457
2010-06-18,4.033509254455566,18.29346466064453,7.449999809265137,4.454829216003418,10.413026809692383,1.5167757272720337,32.8558235168457
2010-06-21,4.0455322265625,18.845117568969727,7.119999885559082,4.462072372436523,11.015678405761719,1.5644731521606445,32.59803771972656
2010-06-22,4.09963321685791,18.88070297241211,6.909999847412109,4.585212230682373,10.590859413146973,1.5597031116485596,33.10530471801758
2010-06-23,4.05154275894165,18.44769287109375,6.909999847412109,4.512777328491211,10.571100234985352,1.5501636266708374,32.39014434814453
2010-06-24,3.937330722808838,18.127370834350586,6.820000171661377,4.454829216003418,10.67977523803711,1.5501636266708374,32.34856414794922
2010-06-25,3.9493532180786133,18.317188262939453,6.78000020980835,4.483803749084473,10.571100234985352,1.5549335479736328,32.43172073364258
2010-06-28,3.997441053390503,17.848583221435547,6.659999847412109,4.3823933601379395,10.254955291748047,1.5549335479736328,32.381832122802734
2010-06-29,3.817105531692505,17.32065773010254,6.5,4.1868157386779785,9.978328704833984,1.5215455293655396,32.56477737426758
2010-06-30,3.799074172973633,17.468952178955078,6.360000133514404,4.128865718841553,9.879533767700195,1.497696876525879,32.35688018798828
2010-07-01,3.7449722290039062,17.480819702148438,6.5,4.10713529586792,9.899292945861816,1.5644731521606445,31.78308868408203
2010-07-02,3.7449722290039062,17.48674964904785,6.519999980926514,4.14335298538208,10.017847061157227,1.5740123987197876,32.27372360229492
2010-07-06,3.805083751678467,17.771469116210938,6.550000190734863,4.165083885192871,9.978328704833984,1.5453940629959106,31.20098304748535
2010-07-07,3.913285493850708,18.45362091064453,6.699999809265137,4.338930606842041,10.126521110534668,1.531084656715393,31.65003776550293
2010-07-08,4.039520740509033,18.75020980834961,6.650000095367432,4.418609142303467,10.175919532775879,1.5597031116485596,31.65835189819336
2010-07-09,4.255923748016357,19.135765075683594,6.699999809265137,4.614187717437744,10.719293594360352,1.6264796257019043,32.22382736206055
2010-07-12,4.09963321685791,18.607845306396484,6.75,4.498289585113525,10.422907829284668,1.645558476448059,31.99930191040039
2010-07-13,4.207834243774414,18.981542587280273,6.690000057220459,4.5272650718688965,10.413026809692383,1.7266438007354736,32.622989654541016
2010-07-14,4.207834243774414,19.503536224365234,6.630000114440918,4.512777328491211,10.472305297851562,1.8029600381851196,32.21551513671875
2010-07-15,4.171767711639404,19.408628463745117,6.579999923706055,4.469315528869629,10.541460990905762,1.7648016214370728,32.03256607055664
2010-07-16,4.117666244506836,19.420495986938477,6.519999980926514,4.4113664627075195,10.551342010498047,1.7648016214370728,32.02424621582031
2010-07-19,4.231878757476807,19.930618286132812,6.579999923706055,4.512777328491211,10.65013599395752,1.7504926919937134,33.92856979370117
2010-07-20,4.207834243774414,21.223739624023438,6.550000190734863,4.469315528869629,10.620498657226562,1.7934201955795288,32.5814094543457
2010-07-21,4.406202793121338,20.93901252746582,6.550000190734863,4.541750907897949,10.620498657226562,1.7791112661361694,32.20719909667969
2010-07-22,4.568506240844727,21.170352935791016,6.610000133514404,4.563483238220215,10.5612211227417,1.788650393486023,33.18014907836914
2010-07-23,4.598561763763428,21.194082260131836,6.659999847412109,4.563483238220215,10.462425231933594,1.7743414640426636,33.18014907836914
2010-07-26,4.646651268005371,21.496604919433594,6.639999866485596,4.621432304382324,10.541460990905762,1.7838807106018066,33.18014907836914
2010-07-27,4.598561763763428,22.024526596069336,6.610000133514404,4.628674507141113,10.610617637634277,1.788650393486023,33.23835754394531
2010-07-28,4.568506240844727,22.071975708007812,6.570000171661377,4.556238174438477,10.472305297851562,1.7648016214370728,33.213409423828125
2010-07-29,4.712772846221924,22.682947158813477,7.079999923706055,4.585212230682373,10.472305297851562,1.7838807106018066,32.98888397216797
2010-07-30,4.748841285705566,22.52279281616211,7.050000190734863,4.563483238220215,10.422907829284668,1.8029600381851196,33.78721237182617
2010-08-02,4.857041358947754,23.311708450317383,6.880000114440918,4.824253559112549,10.363630294799805,1.8268083333969116,34.560569763183594
2010-08-03,4.688730239868164,22.504987716674805,6.75,4.998099327087402,10.0474853515625,1.7838807106018066,35.00962829589844
2010-08-04,4.652660846710205,23.110027313232422,6.699999809265137,5.077780723571777,10.077123641967773,1.736183524131775,35.0927848815918
2010-08-05,4.742830753326416,23.99385643005371,6.590000152587891,5.1574602127075195,10.13640022277832,1.7314136028289795,36.132266998291016
2010-08-06,4.652660846710205,24.248920440673828,6.75,5.056049346923828,10.324111938476562,1.7075649499893188,35.34225845336914
2010-08-09,4.580527305603027,24.4268741607666,6.710000038146973,5.208166122436523,10.501943588256836,1.7409532070159912,34.8765754699707
2010-08-10,4.580527305603027,24.557369232177734,6.699999809265137,5.164703845977783,10.462425231933594,1.717104434967041,35.75804901123047
2010-08-11,4.472326755523682,23.732864379882812,6.460000038146973,5.468935012817383,10.16603946685791,1.69325590133667,35.0927848815918
2010-08-12,4.454293251037598,23.602365493774414,6.53000020980835,5.541370868682861,10.225317001342773,1.6694071292877197,35.392154693603516
2010-08-13,4.556482791900635,23.353227615356445,6.559999942779541,5.664514541625977,10.077123641967773,1.7504926919937134,35.14268112182617
2010-08-16,4.562493801116943,23.430343627929688,6.659999847412109,6.048427581787109,10.492064476013184,1.8315777778625488,35.34225845336914
2010-08-17,4.724797248840332,23.06257438659668,6.650000095367432,6.229516983032227,10.373509407043457,1.7695717811584473,34.59383773803711
2010-08-18,4.977266311645508,23.93453598022461,6.590000152587891,6.294708251953125,10.373509407043457,1.7695717811584473,34.26120376586914
2010-08-19,4.851032733917236,23.329504013061523,6.409999847412109,6.15708065032959,10.254955291748047,1.7648016214370728,33.91193771362305
2010-08-20,5.1515913009643555,23.311708450317383,6.78000020980835,6.135350227355957,10.294473648071289,1.7600319385528564,34.09489059448242
2010-08-23,5.163613796234131,22.973596572875977,6.519999980926514,5.80938720703125,10.195677757263184,1.7409532070159912,34.32772445678711
2010-08-24,4.736817836761475,21.96520233154297,6.369999885559082,5.4327168464660645,10.057364463806152,1.6741769313812256,33.77888107299805
2010-08-25,4.736817836761475,22.006725311279297,6.449999809265137,5.758680820465088,9.98820686340332,1.678946614265442,33.3963508605957
2010-08-26,4.8209757804870605,22.26772117614746,6.46999979019165,5.831116676330566,10.057364463806152,1.69325590133667,33.53773498535156
2010-08-27,4.881087303161621,22.22027015686035,6.510000228881836,5.8166303634643555,10.1166410446167,1.6884859800338745,33.687408447265625
2010-08-30,4.700752258300781,22.273651123046875,6.420000076293945,5.59207820892334,10.096882820129395,1.645558476448059,33.604251861572266
2010-08-31,4.790919303894043,22.4160213470459,6.449999809265137,5.852847099304199,10.235196113586426,1.645558476448059,33.10530471801758
2010-09-01,4.971256256103516,22.95580291748047,6.400000095367432,6.106375694274902,10.383389472961426,1.6360188722610474,35.04289245605469
2010-09-02,4.965244770050049,22.866823196411133,6.519999980926514,6.120862007141113,10.442666053771973,1.6550978422164917,34.84331512451172
2010-09-03,4.99530029296875,22.51685905456543,6.71999979019165,6.142592430114746,10.333991050720215,1.6837162971496582,34.39426040649414
2010-09-07,5.0493998527526855,22.315176010131836,6.75,6.309196949005127,10.225317001342773,1.6884859800338745,33.98678207397461
2010-09-08,5.109512805938721,22.30924415588379,6.71999979019165,6.338171482086182,10.294473648071289,1.621709942817688,32.26540756225586
2010-09-09,5.091479778289795,23.193073272705078,6.920000076293945,6.367144584655762,10.353750228881836,1.621709942817688,32.639617919921875
2010-09-10,5.109512805938721,23.47186851501465,6.900000095367432,6.272977352142334,10.511823654174805,1.6264796257019043,32.847511291503906
2010-09-13,5.307883262634277,24.142148971557617,6.920000076293945,6.425094127655029,10.413026809692383,1.645558476448059,33.2633056640625
2010-09-14,5.283837795257568,24.889545440673828,6.900000095367432,6.352657794952393,10.482184410095215,1.6646374464035034,33.78721237182617
2010-09-15,5.259792327880859,24.14808464050293,6.889999866485596,6.352657794952393,10.65013599395752,1.621709942817688,33.84541702270508
2010-09-16,5.319903373718262,23.84556770324707,6.699999809265137,6.301952362060547,10.501943588256836,1.6407889127731323,33.84541702270508
2010-09-17,5.301870346069336,24.320100784301758,6.900000095367432,6.635157585144043,10.847726821899414,1.6026304960250854,33.84541702270508
2010-09-20,5.506250858306885,25.109031677246094,7.110000133514404,6.961122035980225,10.867486000061035,1.6121704578399658,33.76225662231445
2010-09-21,5.494229316711426,25.488662719726562,6.989999771118164,6.8524699211120605,10.788450241088867,1.717104434967041,33.679100036621094
2010-09-22,5.464172840118408,25.595426559448242,7.159999847412109,6.816247940063477,10.729172706604004,1.6550978422164917,32.83087921142578
2010-09-23,5.42810583114624,25.65474510192871,7.0,6.7075958251953125,10.69953441619873,1.6264796257019043,32.59803771972656
2010-09-24,5.800799369812012,27.985912322998047,7.039999961853027,7.105995178222656,10.926763534545898,1.5978610515594482,32.847511291503906
2010-09-27,5.8849568367004395,27.327497482299805,7.760000228881836,7.026315212249756,11.480016708374023,1.6550978422164917,32.76435470581055
2010-09-28,5.939057350158691,27.24445152282715,7.940000057220459,7.352277755737305,11.509655952453613,1.7075649499893188,32.47330093383789
2010-09-29,5.933044910430908,26.562301635742188,7.860000133514404,7.214649200439453,11.450379371643066,1.7648016214370728,32.76435470581055
2010-09-30,5.95107889175415,26.419940948486328,7.840000152587891,7.229133605957031,11.351582527160645,1.7791112661361694,32.423404693603516
2010-10-01,5.927034854888916,26.18266487121582,7.869999885559082,7.294328212738037,11.11447525024414,1.6980255842208862,32.59803771972656
2010-10-04,5.927034854888916,25.702198028564453,7.900000095367432,7.221895694732666,11.015678405761719,1.7123348712921143,32.481624603271484
2010-10-05,6.071303844451904,26.71652603149414,8.34000015258789,7.388494491577148,11.272546768188477,1.6741769313812256,32.43172073364258
2010-10-06,6.107370376586914,26.11741828918457,8.5,7.287082672119141,11.173752784729004,1.7075649499893188,33.01382827758789
2010-10-07,5.95107889175415,25.631011962890625,8.369999885559082,7.142212867736816,11.144112586975098,1.7457232475280762,32.847511291503906
2010-10-08,6.077314853668213,26.259777069091797,8.59000015258789,7.330546855926514,11.410861015319824,1.717104434967041,32.69783401489258
2010-10-11,6.071303844451904,26.200456619262695,8.649999618530273,7.330546855926514,11.707247734069824,1.7218741178512573,32.68120574951172
2010-10-12,6.107370376586914,26.1886043548584,8.859999656677246,7.345034599304199,11.657849311828613,1.7409532070159912,32.622989654541016
2010-10-13,6.071303844451904,26.92413330078125,9.069999694824219,7.460934638977051,11.894957542419434,1.8077294826507568,32.69783401489258
2010-10-14,6.119393825531006,26.621620178222656,8.859999656677246,7.229133605957031,11.83568000793457,1.8077294826507568,32.43172073364258
2010-10-15,6.131415843963623,26.307231903076172,9.100000381469727,7.250866889953613,12.28026008605957,1.8029600381851196,32.589725494384766
2010-10-18,6.059281826019287,26.34282112121582,9.399999618530273,7.272597789764404,12.537127494812012,1.7838807106018066,32.282039642333984
2010-10-19,6.365851402282715,26.336885452270508,9.5,7.468177318572998,12.448211669921875,1.788650393486023,32.1074104309082
2010-10-20,6.80466890335083,27.404598236083984,9.489999771118164,7.9969611167907715,12.784114837646484,1.7791112661361694,32.30698013305664
2010-10-21,6.828714847564697,27.58255958557129,9.100000381469727,8.185294151306152,12.863152503967285,1.8315777778625488,32.381832122802734
2010-10-22,6.912870407104492,27.11394500732422,9.079999923706055,8.29394817352295,12.853272438049316,1.8363479375839233,32.47330093383789
2010-10-25,7.381743431091309,28.294363021850586,9.119999885559082,8.829977035522461,13.169417381286621,1.9126639366149902,32.556461334228516
2010-10-26,7.183374404907227,27.885082244873047,9.640000343322754,8.67061996459961,13.12001895904541,1.8935847282409668,32.556461334228516
2010-10-27,7.417811393737793,30.619604110717773,11.260000228881836,9.42395305633545,14.740262985229492,2.0748345851898193,32.92235565185547
2010-10-28,7.063150882720947,29.623071670532227,10.25,9.112476348876953,13.999298095703125,1.9651306867599487,32.930667877197266
2010-10-29,7.243485450744629,29.569692611694336,10.220000267028809,9.438440322875977,14.236407279968262,1.955591082572937,33.1302490234375
2010-11-01,7.171350479125977,29.213788986206055,10.989999771118164,9.865815162658691,14.641468048095703,1.9508216381072998,33.279930114746094
2010-11-02,7.369721412658691,29.658666610717773,10.65999984741211,10.29318904876709,14.07833480834961,2.027137041091919,33.63751983642578
2010-11-03,7.628200531005859,29.658666610717773,10.890000343322754,10.96684741973877,14.177130699157715,2.0986835956573486,33.92856979370117
2010-11-04,8.181232452392578,31.73476791381836,11.149999618530273,11.763643264770508,14.858817100524902,2.0986835956573486,33.71235656738281
2010-11-05,8.211287498474121,30.429792404174805,10.899999618530273,11.836079597473145,14.740262985229492,2.141610622406006,33.86204147338867
2010-11-08,7.70033597946167,29.717985153198242,10.699999809265137,11.654994010925293,14.680985450744629,2.146380662918091,35.35057067871094
2010-11-09,7.219441890716553,30.014564514160156,10.619999885559082,11.176911354064941,14.414237976074219,2.146380662918091,35.74973678588867
2010-11-10,7.574102878570557,29.94338035583496,10.40999984741211,11.741911888122559,14.503154754638672,2.2131569385528564,35.504371643066406
2010-11-11,7.664267539978027,29.872201919555664,10.119999885559082,11.597040176391602,14.809419631958008,2.165459394454956,35.728214263916016
2010-11-12,7.3216328620910645,29.973047256469727,9.90999984741211,11.017550468444824,14.088214874267578,2.050985813140869,35.831520080566406
2010-11-15,7.544047832489014,30.73824119567871,10.25,11.227615356445312,14.216649055480957,2.1225316524505615,36.33946990966797
2010-11-16,6.936913013458252,28.519771575927734,9.880000114440918,10.69158935546875,13.534960746765137,2.0652949810028076,35.69377899169922
2010-11-17,6.798658847808838,28.63840103149414,9.850000381469727,10.894408226013184,13.455923080444336,2.256084442138672,35.84013748168945
2010-11-18,7.129273414611816,29.04175567626953,10.210000038146973,11.061012268066406,13.93014144897461,2.308551549911499,35.67656326293945
2010-11-19,7.063150882720947,29.860332489013672,10.109999656677246,11.126206398010254,14.18700885772705,2.2990121841430664,35.43549728393555
2010-11-22,7.237473487854004,30.073888778686523,10.199999809265137,11.249348640441895,14.354961395263672,2.251314640045166,34.643455505371094
2010-11-23,7.08118200302124,29.166322708129883,10.739999771118164,10.930630683898926,15.016889572143555,2.1749987602233887,34.402400970458984
2010-11-24,7.213429927825928,29.741703033447266,11.75,11.72018051147461,16.153038024902344,2.3228607177734375,34.81563949584961
2010-11-26,7.045115947723389,29.302751541137695,12.449999809265137,11.502874374389648,17.2793025970459,2.3610188961029053,34.69511032104492
2010-11-29,7.057139873504639,29.854412078857422,12.84000015258789,11.256592750549316,17.22990608215332,2.337169885635376,34.43683624267578
2010-11-30,6.786635875701904,29.605283737182617,12.75,11.133452415466309,17.17062759399414,2.3610188961029053,33.72226333618164
2010-12-01,7.08719539642334,30.661128997802734,13.15999984741211,11.597040176391602,17.49665069580078,2.4087159633636475,33.57590866088867
2010-12-02,7.23146390914917,31.14159393310547,13.899999618530273,11.980952262878418,17.872074127197266,2.475492238998413,33.705055236816406
2010-12-03,7.237473487854004,30.696720123291016,14.199999809265137,11.886784553527832,17.86219596862793,2.456413507461548,33.94610595703125
2010-12-06,7.273540496826172,30.649259567260742,14.319999694824219,12.147561073303223,17.891834259033203,2.5279593467712402,35.28913879394531
2010-12-07,7.153316974639893,31.230571746826172,13.5,11.444926261901855,17.289182662963867,2.8809196949005127,36.356689453125
2010-12-08,7.099215030670166,31.24836540222168,13.75,11.147936820983887,17.1409912109375,2.952465772628784,36.31364059448242
2010-12-09,6.882814407348633,31.60427474975586,13.199999809265137,11.256592750549316,16.854482650756836,2.9095382690429688,37.15734100341797
2010-12-10,7.099215030670166,32.23303985595703,13.369999885559082,11.205886840820312,16.53833770751953,2.8618404865264893,38.73283386230469
2010-12-13,6.948937892913818,32.16184997558594,12.850000381469727,10.872679710388184,16.53833770751953,2.7998342514038086,38.1387939453125
2010-12-14,7.051127910614014,32.06101608276367,12.5600004196167,10.894408226013184,16.241952896118164,2.814143419265747,37.010986328125
2010-12-15,6.8467488288879395,30.910242080688477,12.25,10.336651802062988,15.323156356811523,2.5804264545440674,37.01959228515625
2010-12-16,6.936913013458252,30.43572425842285,12.800000190734863,10.416332244873047,15.77761459350586,2.6042752265930176,37.01959228515625
2010-12-17,6.8467488288879395,30.346738815307617,13.489999771118164,10.553959846496582,16.607494354248047,2.4993410110473633,37.52753829956055
2010-12-20,6.8166913986206055,29.801027297973633,12.979999542236328,11.08998966217041,16.064119338989258,2.485031843185425,37.51892852783203
2010-12-21,6.918881416320801,30.328954696655273,13.010000228881836,11.003063201904297,15.807252883911133,2.537498950958252,38.242103576660156
2010-12-22,7.00303840637207,30.073888778686523,13.720000267028809,11.242105484008789,16.004844665527344,2.5804264545440674,39.41294860839844
2010-12-23,7.00303840637207,29.46885108947754,13.75,10.974087715148926,15.925806999206543,2.618584394454956,43.3387565612793
2010-12-27,6.924893379211426,29.130739212036133,13.899999618530273,10.793000221252441,16.459300994873047,2.532729148864746,42.40034866333008
2010-12-28,6.924893379211426,28.875673294067383,13.699999809265137,10.96684741973877,16.903881072998047,2.618584394454956,42.61558151245117
2010-12-29,6.960960865020752,28.632478713989258,13.779999732971191,11.068257331848145,17.210145950317383,2.8046040534973145,43.562591552734375
2010-12-30,6.936913013458252,29.480709075927734,13.59000015258789,10.930630683898926,16.92363929748535,2.709209442138672,43.24405288696289
2010-12-31,6.972982883453369,29.777301788330078,13.630000114440918,11.08998966217041,16.79520606994629,2.675821542739868,43.36458206176758
2011-01-03,7.30960750579834,30.495038986206055,13.489999771118164,11.6187744140625,17.091590881347656,2.733057975769043,44.03609848022461
2011-01-04,7.2014079093933105,30.352676391601562,13.069999694824219,11.49563217163086,16.735929489135742,2.7235188484191895,46.0850944519043
2011-01-05,6.936913013458252,28.946863174438477,12.75,11.379732131958008,16.8446044921875,2.685360908508301,46.98906326293945
2011-01-06,6.864781379699707,28.91718864440918,12.779999732971191,11.263835906982422,16.44942283630371,2.647202968597412,46.5758171081543
2011-01-07,6.780623435974121,29.267179489135742,12.670000076293945,11.032035827636719,16.40990447998047,2.618584394454956,45.11225128173828
2011-01-10,6.726522445678711,28.45451545715332,12.600000381469727,10.930630683898926,16.034482955932617,2.5565779209136963,45.41357421875
2011-01-11,6.672421932220459,28.1994571685791,12.520000457763672,10.981332778930664,16.151697158813477,2.4993410110473633,46.17118453979492
2011-01-12,6.726522445678711,28.567222595214844,12.550000190734863,11.061012268066406,16.310630798339844,2.651972532272339,45.628807067871094
2011-01-13,6.7565789222717285,28.057086944580078,12.800000190734863,10.98857593536377,16.50929832458496,2.6328935623168945,45.30165100097656
2011-01-14,6.858769416809082,27.35121726989746,12.800000190734863,10.901652336120605,16.489431381225586,2.623354196548462,44.53543472290039
2011-01-18,7.123260974884033,28.045228958129883,12.869999885559082,11.249348640441895,17.31390380859375,2.7187488079071045,44.9228515625
2011-01-19,7.4418559074401855,29.676443099975586,12.699999809265137,11.966466903686523,17.562238693237305,2.790294885635376,44.32020568847656
2011-01-20,7.261519908905029,29.486642837524414,12.859999656677246,11.785374641418457,18.07877540588379,2.852301597595215,43.82086944580078
2011-01-21,7.009049415588379,29.17226791381836,13.09000015258789,11.705694198608398,18.754243850708008,2.809373617172241,44.04470443725586
2011-01-24,6.786635875701904,28.929058074951172,12.800000190734863,11.604284286499023,18.039039611816406,2.790294885635376,43.691734313964844
2011-01-25,6.882814407348633,28.519771575927734,12.800000190734863,11.488387107849121,18.10857391357422,2.7712156772613525,43.3387565612793
2011-01-26,6.942925930023193,28.84601593017578,12.75,11.67672061920166,18.267507553100586,2.876150131225586,43.90696716308594
2011-01-27,6.852758407592773,28.01556968688965,12.9399995803833,11.568065643310547,17.681438446044922,2.976314067840576,43.26987838745117
2011-01-28,6.55219841003418,27.226652145385742,12.109999656677246,11.358002662658691,17.23443603515625,2.842761993408203,41.944061279296875
2011-01-31,6.5702314376831055,27.3690128326416,12.479999542236328,11.336268424987793,17.452970504760742,2.8904592990875244,43.34735870361328
2011-02-01,6.732534885406494,27.036834716796875,12.869999885559082,11.140693664550781,17.254302978515625,2.8904592990875244,43.261268615722656
2011-02-02,6.702477931976318,26.876678466796875,12.770000457763672,11.4159517288208,17.145034790039062,2.93338680267334,43.34735870361328
2011-02-03,6.660402297973633,26.241979598999023,12.880000114440918,11.597040176391602,17.15496826171875,2.952465772628784,43.390411376953125
2011-02-04,6.654387950897217,25.079364776611328,12.510000228881836,11.589799880981445,17.00596809387207,2.919077157974243,43.691734313964844
2011-02-07,6.7205119132995605,24.557369232177734,12.5,11.4159517288208,16.73776626586914,2.8809196949005127,43.66590881347656
2011-02-08,6.858769416809082,25.3284969329834,12.399999618530273,11.539091110229492,16.88676643371582,2.8332223892211914,43.36458206176758
2011-02-09,6.750568389892578,24.877685546875,11.829999923706055,11.140693664550781,16.61856460571289,2.842761993408203,42.78776931762695
2011-02-10,6.654387950897217,24.326038360595703,11.0,10.546716690063477,16.042428970336914,2.7425973415374756,41.92684555053711
2011-02-11,6.882814407348633,24.670076370239258,11.069999694824219,10.65537166595459,16.042428970336914,2.7139792442321777,42.01293182373047
2011-02-14,7.093206882476807,25.5776309967041,11.239999771118164,10.80024242401123,15.893427848815918,2.599505662918091,42.090423583984375
2011-02-15,6.930905342102051,25.097166061401367,11.050000190734863,10.61191177368164,15.794093132019043,2.6281239986419678,41.96127700805664
2011-02-16,7.075173377990723,25.227649688720703,11.149999618530273,10.872679710388184,16.06229591369629,2.651972532272339,41.625526428222656
2011-02-17,7.23146390914917,25.0378360748291,11.260000228881836,10.80024242401123,16.32056427001953,2.7187488079071045,41.84074783325195
2011-02-18,7.153316974639893,25.079364776611328,11.289999961853027,11.061012268066406,16.459630966186523,2.7235188484191895,42.658626556396484
2011-02-22,6.798658847808838,24.587032318115234,10.829999923706055,10.749539375305176,15.813961029052734,2.623354196548462,43.43345260620117
2011-02-23,6.4800639152526855,24.231124877929688,10.84000015258789,10.148317337036133,15.366958618164062,2.542268753051758,43.390411376953125
2011-02-24,6.660402297973633,24.231124877929688,10.4399995803833,10.017931938171387,15.287490844726562,2.485031843185425,42.84803009033203
2011-02-25,6.991015911102295,24.925138473510742,10.960000038146973,10.423574447631836,15.456358909606934,2.4945714473724365,43.51954650878906
2011-02-28,7.129273414611816,24.824296951293945,10.989999771118164,10.409088134765625,15.496092796325684,2.532729148864746,44.46656036376953
2011-03-01,6.9850053787231445,24.36162757873535,10.680000305175781,10.29318904876709,15.198090553283691,2.48026180267334,44.53543472290039
2011-03-02,6.672421932220459,24.195539474487305,10.5,9.996198654174805,14.929888725280762,2.4945714473724365,44.73344421386719
2011-03-03,7.02708101272583,24.770915985107422,10.869999885559082,10.3728666305542,15.227890014648438,2.5184199810028076,44.64735412597656
2011-03-04,6.948937892913818,24.201465606689453,10.210000038146973,10.416332244873047,15.366958618164062,2.5184199810028076,45.043373107910156
2011-03-07,6.900847434997559,24.16588020324707,10.239999771118164,10.271459579467773,15.327224731445312,2.3896374702453613,45.250003814697266
2011-03-08,6.918881416320801,24.195539474487305,10.199999809265137,10.3728666305542,15.098755836486816,2.4039463996887207,45.28443145751953
2011-03-09,6.792646884918213,24.26671600341797,10.329999923706055,10.199020385742188,14.93982219696045,2.413485527038574,45.60297775268555
2011-03-10,6.702477931976318,24.00572395324707,10.449999809265137,10.003443717956543,14.621953964233398,2.284702777862549,44.707618713378906
2011-03-11,6.666411399841309,24.136215209960938,10.699999809265137,10.032418251037598,14.502753257751465,2.2608542442321777,44.337425231933594
2011-03-14,6.648376941680908,23.875219345092773,10.710000038146973,9.931009292602539,14.105417251586914,2.194077730178833,41.58246994018555
2011-03-15,6.293717384338379,23.632020950317383,10.260000228881836,9.402223587036133,13.708081245422363,2.170228958129883,40.626861572265625
2011-03-16,6.4920878410339355,22.896488189697266,9.970000267028809,9.19940185546875,13.777615547180176,2.136841297149658,39.75732421875
2011-03-17,6.5582075119018555,23.359163284301758,10.039999961853027,9.344276428222656,13.787549018859863,2.1559200286865234,39.60236358642578
2011-03-18,6.419952869415283,23.519315719604492,10.100000381469727,9.329787254333496,13.807415008544922,2.146380662918091,40.334136962890625
2011-03-21,6.654387950897217,23.311708450317383,10.25,9.337029457092285,14.035883903503418,2.1273016929626465,38.18183898925781
2011-03-22,6.636355876922607,23.127826690673828,10.149999618530273,9.329787254333496,13.906749725341797,2.050985813140869,36.115631103515625
2011-03-23,6.732534885406494,22.926151275634766,10.130000114440918,9.32254409790039,13.906749725341797,2.0462162494659424,35.66794967651367
2011-03-24,6.69646692276001,22.97953224182129,10.050000190734863,9.510875701904297,13.916683197021484,2.0032882690429688,35.74543762207031
2011-03-25,6.612310886383057,22.902420043945312,10.109999656677246,9.308056831359863,13.996150016784668,2.0414466857910156,36.356689453125
2011-03-28,6.654387950897217,23.145620346069336,10.3100004196167,9.17767333984375,14.02595043182373,2.0128281116485596,36.279205322265625
2011-03-29,6.5642218589782715,23.400684356689453,10.479999542236328,8.924144744873047,14.065683364868164,2.0414466857910156,36.864627838134766
2011-03-30,6.71450138092041,23.964202880859375,10.40999984741211,9.119721412658691,14.055749893188477,2.0986835956573486,37.407012939453125
2011-03-31,6.594275951385498,23.744728088378906,10.470000267028809,9.003826141357422,14.075616836547852,2.198847532272339,38.345420837402344
2011-04-01,6.8166913986206055,24.397214889526367,10.649999618530273,9.532608985900879,14.75108814239502,2.2942421436309814,38.543426513671875
2011-04-04,6.936913013458252,25.31070899963379,11.029999732971191,10.017931938171387,15.148423194885254,2.332400321960449,38.82752990722656
2011-04-05,6.972982883453369,25.53017234802246,11.3100004196167,10.097613334655762,15.118623733520508,2.337169885635376,39.38712692260742
2011-04-06,7.009049415588379,25.55390739440918,11.3100004196167,10.003443717956543,14.91995620727539,2.2703938484191895,39.89506912231445
2011-04-07,7.009049415588379,24.7768497467041,11.180000305175781,9.887545585632324,14.552419662475586,2.289472818374634,39.171905517578125
2011-04-08,6.991015911102295,24.877685546875,11.0600004196167,9.959983825683594,14.542487144470215,2.279933452606201,39.688453674316406
2011-04-11,6.991015911102295,24.47432518005371,11.0600004196167,9.74267292022705,14.472952842712402,2.275163412094116,39.78315353393555
2011-04-12,6.864781379699707,24.15994644165039,10.899999618530273,9.52536392211914,14.184884071350098,2.198847532272339,39.29242706298828
2011-04-13,6.991015911102295,24.43280601501465,10.670000076293945,9.757161140441895,14.234551429748535,2.170228958129883,39.171905517578125
2011-04-14,6.912870407104492,23.507455825805664,10.600000381469727,9.619532585144043,14.13521671295166,2.146380662918091,38.681175231933594
2011-04-15,6.780623435974121,23.09817123413086,10.550000190734863,9.612286567687988,14.045817375183105,2.1273016929626465,38.98248291015625
2011-04-18,6.792646884918213,22.41008186340332,10.289999961853027,9.279084205627441,13.608747482299805,2.089143753051758,37.897735595703125
2011-04-19,7.015060901641846,22.26772117614746,10.199999809265137,9.496389389038086,13.608747482299805,2.084374189376831,37.673892974853516
2011-04-20,7.321333408355713,22.481271743774414,10.579999923706055,9.720941543579102,14.71135425567627,2.222696304321289,38.02687072753906
2011-04-21,7.401059627532959,22.457544326782227,10.539999961853027,9.626776695251465,14.393485069274902,2.2370057106018066,38.17323303222656
2011-04-25,7.234967231750488,22.487199783325195,10.399999618530273,9.626776695251465,14.641819953918457,2.1893086433410645,38.09574508666992
2011-04-26,7.042298793792725,22.08383560180664,10.25,9.373248100280762,14.651753425598145,2.1225316524505615,37.90634536743164
2011-04-27,6.8297014236450195,21.710140228271484,10.399999618530273,9.329787254333496,14.701420783996582,2.089143753051758,37.90634536743164
2011-04-28,6.849632263183594,21.366100311279297,10.399999618530273,9.213888168334961,14.770954132080078,2.194077730178833,37.475887298583984
2011-04-29,6.916069984436035,21.941482543945312,10.420000076293945,9.257349014282227,15.347090721130371,2.5279593467712402,37.88911819458008
2011-05-02,6.856276512145996,22.285520553588867,10.40999984741211,9.27183723449707,15.585492134094238,2.485031843185425,37.74276351928711
2011-05-03,6.696828365325928,22.52279281616211,10.09000015258789,9.308056831359863,15.307357788085938,2.5518078804016113,36.96055221557617
2011-05-04,6.623748302459717,22.344833374023438,10.039999961853027,9.206646919250488,15.158356666564941,2.5518078804016113,36.81718826293945
2011-05-05,6.397863388061523,21.888099670410156,9.800000190734863,8.982093811035156,14.562353134155273,2.532729148864746,36.691741943359375
2011-05-06,6.404507160186768,22.16722869873047,10.0,8.982093811035156,14.602087020874023,2.5518078804016113,36.79927062988281
2011-05-09,6.597172737121582,22.03520393371582,9.899999618530273,9.337029457092285,14.602087020874023,2.508880615234375,39.06618118286133
2011-05-10,6.809770584106445,22.940502166748047,9.649999618530273,9.800622940063477,14.651753425598145,2.5231895446777344,40.86717224121094
2011-05-11,6.643680095672607,22.450130462646484,9.399999618530273,9.465478897094727,14.63188648223877,2.48026180267334,39.424583435058594
2011-05-12,6.537378787994385,21.827743530273438,9.420000076293945,9.56725788116455,14.63188648223877,2.561347484588623,39.03929901123047
2011-05-13,6.377931594848633,21.657995223999023,9.5600004196167,9.480020523071289,15.088822364807129,2.4898014068603516,38.214969635009766
2011-05-16,6.258346080780029,21.318506240844727,9.569999694824219,9.320080757141113,14.969621658325195,2.446873903274536,38.07160949707031
2011-05-17,6.158689498901367,21.211631774902344,9.420000076293945,9.225569725036621,15.019289016723633,2.4087159633636475,38.59128952026367
2011-05-18,6.245057106018066,21.657995223999023,9.300000190734863,9.378240585327148,15.158356666564941,2.48026180267334,39.505226135253906
2011-05-19,6.19855260848999,21.274497985839844,9.890000343322754,9.167409896850586,15.198090553283691,2.504110813140869,39.738189697265625
2011-05-20,6.045748710632324,20.834423065185547,9.770000457763672,9.014740943908691,15.168291091918945,2.508880615234375,39.74714660644531
2011-05-23,5.853082180023193,20.65839385986328,9.479999542236328,8.70940113067627,14.79082202911377,2.542268753051758,39.20954132080078
2011-05-24,5.826506614685059,20.180599212646484,9.25,8.476764678955078,14.75108814239502,2.465834140777588,39.86362838745117
2011-05-25,5.780001163482666,19.99199867248535,8.859999656677246,8.084187507629395,14.75108814239502,2.4126627445220947,40.329559326171875
2011-05-26,5.859724998474121,19.96685218811035,8.850000381469727,8.389522552490234,14.502753257751465,2.392723321914673,40.714847564697266
2011-05-27,5.93944787979126,20.243467330932617,8.800000190734863,8.433145523071289,14.59215259552002,2.2863805294036865,40.82236099243164
2011-05-31,5.919517993927002,20.406925201416016,8.609999656677246,8.447686195373535,14.512685775756836,2.3395519256591797,41.39581298828125
2011-06-01,5.633838653564453,19.910266876220703,8.420000076293945,8.142345428466797,14.353752136230469,2.326259136199951,39.7561149597168
2011-06-02,5.507609844207764,19.803390502929688,8.350000381469727,8.265935897827148,14.40341854095459,2.299673318862915,40.0249137878418
2011-06-03,5.853082180023193,19.89140510559082,8.420000076293945,8.56400203704834,14.343818664550781,2.366137981414795,39.8009147644043
2011-06-06,5.7733564376831055,19.71537208557129,8.239999771118164,8.433145523071289,14.25441837310791,2.392723321914673,39.424583435058594
2011-06-07,5.853082180023193,19.771963119506836,8.239999771118164,8.585814476013184,14.383551597595215,2.366137981414795,38.88697814941406
2011-06-08,5.919517993927002,19.822256088256836,8.350000381469727,8.585814476013184,14.244484901428223,2.366137981414795,37.95512390136719
2011-06-09,6.178621768951416,20.306339263916016,9.039999961853027,8.949312210083008,15.009355545043945,2.445894718170166,38.618167877197266
2011-06-10,6.331426620483398,20.570384979248047,9.130000114440918,8.96385383605957,15.019289016723633,2.5522382259368896,37.749046325683594
2011-06-13,6.278276443481445,20.991596221923828,9.09000015258789,8.920232772827148,14.840487480163574,2.5190060138702393,38.098487854003906
2011-06-14,6.643680095672607,21.387664794921875,9.600000381469727,9.225569725036621,15.188157081604004,2.5256524085998535,38.107444763183594
2011-06-15,6.570598125457764,21.884323120117188,9.430000305175781,9.196487426757812,14.870288848876953,2.492420196533203,37.605682373046875
2011-06-16,6.504161357879639,21.129901885986328,9.329999923706055,9.160140991210938,14.681553840637207,2.4990665912628174,37.25623321533203
2011-06-17,6.74333381652832,22.7959041595459,9.649999618530273,9.283732414245605,14.731221199035645,2.465834140777588,37.69527816772461
2011-06-20,6.650323390960693,22.538145065307617,9.550000190734863,9.30553913116455,15.019289016723633,2.4791274070739746,37.65943908691406
2011-06-21,6.816416263580322,22.5947208404541,9.550000190734863,9.450937271118164,15.188157081604004,2.512359619140625,38.16120529174805
2011-06-22,6.783196449279785,22.538145065307617,9.399999618530273,9.50182819366455,15.178223609924316,2.5256524085998535,37.4981575012207
2011-06-23,6.690183639526367,22.36212158203125,9.520000457763672,9.42912769317627,15.148423194885254,2.5190060138702393,37.63256072998047
2011-06-24,6.597172737121582,22.26152992248535,9.949999809265137,9.42912769317627,15.148423194885254,2.492420196533203,37.18455505371094
2011-06-27,6.610461235046387,22.531864166259766,9.800000190734863,9.538175582885742,15.019289016723633,2.492420196533203,37.13975143432617
2011-06-28,6.796483516693115,22.984512329101562,9.760000228881836,9.828980445861816,15.118623733520508,2.4591879844665527,37.63256072998047
2011-06-29,6.796483516693115,23.393152236938477,9.880000114440918,9.879865646362305,15.019289016723633,2.5322988033294678,38.940738677978516
2011-06-30,6.842987537384033,23.726354598999023,10.020000457763672,9.843517303466797,15.237824440002441,2.5256524085998535,40.36540222167969
2011-07-01,6.94264554977417,24.204145431518555,9.899999618530273,10.141585350036621,15.21795654296875,2.5655312538146973,40.63420486450195
2011-07-05,6.982506275177002,24.39275360107422,10.4399995803833,10.243362426757812,15.21795654296875,2.58547043800354,41.144927978515625
2011-07-06,6.94264554977417,24.889406204223633,10.850000381469727,10.359681129455566,15.595425605773926,2.6187031269073486,41.324134826660156
2011-07-07,6.902782917022705,25.115734100341797,10.630000114440918,10.57050895690918,15.913294792175293,2.605410099029541,41.20764923095703
2011-07-08,6.842987537384033,24.782541275024414,10.350000381469727,10.592321395874023,15.823894500732422,2.538945436477661,40.99260330200195
2011-07-11,6.617104530334473,24.147560119628906,10.149999618530273,10.337871551513672,15.456358909606934,2.538945436477661,40.419158935546875
2011-07-12,6.603816509246826,23.606897354125977,10.140000343322754,10.30152416229248,15.307357788085938,2.538945436477661,38.51065444946289
2011-07-13,6.550666809082031,23.820650100708008,10.0600004196167,10.374223709106445,15.118623733520508,2.5322988033294678,38.833213806152344
2011-07-14,6.4775872230529785,23.31770896911621,9.899999618530273,10.286982536315918,14.75108814239502,2.5455918312072754,38.37625503540039
2011-07-15,6.470944404602051,23.393152236938477,9.869999885559082,10.396034240722656,14.76102066040039,2.5322988033294678,38.555450439453125
2011-07-18,6.34471321105957,22.8336238861084,9.529999732971191,10.236095428466797,14.532553672790527,2.445894718170166,37.802799224853516
2011-07-19,6.4377241134643555,22.36212158203125,9.5,10.541433334350586,14.59215259552002,2.3794305324554443,37.6773567199707
2011-07-20,6.431081771850586,22.324392318725586,9.5600004196167,10.56324291229248,14.612020492553711,2.4259555339813232,37.919288635253906
2011-07-21,6.590528964996338,22.412410736083984,9.5600004196167,10.665019035339355,14.582220077514648,2.4525415897369385,38.725704193115234
2011-07-22,6.583887100219727,22.418697357177734,9.520000457763672,10.628670692443848,14.512685775756836,2.465834140777588,38.725704193115234
2011-07-25,6.451012134552002,22.575868606567383,9.739999771118164,10.57050895690918,14.413352966308594,2.512359619140625,38.645050048828125
2011-07-26,6.464301109313965,22.689029693603516,9.75,10.52688980102539,14.691487312316895,2.4990665912628174,38.170166015625
2011-07-27,6.338069915771484,22.02891731262207,9.720000267028809,10.185202598571777,14.453085899353027,2.4791274070739746,37.964080810546875
2011-07-28,6.3845744132995605,22.110645294189453,9.569999694824219,10.279711723327637,14.413352966308594,2.465834140777588,37.72215270996094
2011-07-29,6.583887100219727,21.790021896362305,9.800000190734863,10.345142364501953,14.29415225982666,2.4126627445220947,38.14328384399414
2011-08-01,6.583887100219727,21.834026336669922,9.899999618530273,10.279711723327637,14.44315242767334,2.4060163497924805,38.008880615234375
2011-08-02,6.490874290466309,20.966442108154297,10.289999961853027,10.483271598815918,14.572286605834961,2.4392483234405518,37.39063262939453
2011-08-03,6.444367408752441,21.268220901489258,10.109999656677246,10.43238353729248,14.63188648223877,2.37278413772583,36.189979553222656
2011-08-04,6.045748710632324,19.369604110717773,9.460000038146973,9.719926834106445,13.588881492614746,2.3329055309295654,34.29938507080078
2011-08-05,5.952736854553223,19.313024520874023,9.149999618530273,9.472746849060059,13.231278419494629,2.213268995285034,34.59507751464844
2011-08-08,5.142207145690918,18.093381881713867,8.380000114440918,8.389522552490234,12.098872184753418,2.0271682739257812,30.912456512451172
2011-08-09,5.514255046844482,19.369604110717773,8.199999809265137,8.876612663269043,12.307473182678223,2.0803401470184326,32.13103485107422
2011-08-10,5.421241760253906,18.82265281677246,8.0,8.782102584838867,12.039271354675293,2.1268656253814697,32.44464111328125
2011-08-11,5.580688953399658,19.074127197265625,8.5,9.1819486618042,12.645208358764648,2.226562261581421,33.555702209472656
2011-08-12,5.647126197814941,18.778648376464844,8.529999732971191,9.443668365478516,12.367073059082031,2.41930890083313,33.600502014160156
2011-08-15,5.500965595245361,18.766071319580078,8.130000114440918,9.370966911315918,12.367073059082031,2.538945436477661,34.87283706665039
2011-08-16,5.514255046844482,18.533458709716797,8.109999656677246,8.949312210083008,12.347207069396973,2.492420196533203,34.90867614746094
2011-08-17,5.514255046844482,18.464303970336914,8.0,9.261919021606445,12.575675010681152,2.392723321914673,35.25812530517578
2011-08-18,5.215287685394287,17.41441535949707,7.789999961853027,8.69486141204834,12.228006362915039,2.2597944736480713,33.6632194519043
2011-08-19,5.128920078277588,16.590848922729492,7.5,8.571273803710938,12.267740249633789,2.3129661083221436,32.86576843261719
2011-08-22,5.062483310699463,16.59712791442871,7.309999942779541,8.687591552734375,12.247872352600098,2.4392483234405518,32.9912109375
2011-08-23,5.235218048095703,17.162939071655273,7.539999961853027,8.811182022094727,12.396873474121094,2.3860771656036377,33.743858337402344
2011-08-24,5.1687822341918945,17.037200927734375,7.650000095367432,8.723942756652832,12.327340126037598,2.326259136199951,34.03058624267578
2011-08-25,5.128920078277588,16.76058578491211,7.650000095367432,8.542193412780762,12.168405532836914,2.366137981414795,33.03600311279297
2011-08-26,5.175426006317139,16.773155212402344,7.420000076293945,8.498574256896973,12.079005241394043,2.326259136199951,33.77073669433594
2011-08-29,5.321587562561035,16.936616897583008,7.690000057220459,8.585814476013184,12.247872352600098,2.3594911098480225,34.22770690917969
2011-08-30,5.3481621742248535,16.96804428100586,7.510000228881836,8.687591552734375,12.297539710998535,2.392723321914673,35.02516174316406
2011-08-31,5.281724452972412,17.02463150024414,7.659999847412109,8.651243209838867,12.367073059082031,2.4591879844665527,35.32980728149414
2011-09-01,5.202001094818115,16.766876220703125,7.820000171661377,8.491305351257324,12.287606239318848,2.4591879844665527,34.47859573364258
2011-09-02,4.982758522033691,15.974736213684082,7.460000038146973,8.142345428466797,12.12867259979248,2.4259555339813232,33.994747161865234
2011-09-06,4.7635178565979,15.603814125061035,7.449999809265137,8.07691478729248,11.930004119873047,2.37278413772583,33.37649917602539
2011-09-07,4.996046543121338,15.7924222946167,7.650000095367432,8.018756866455078,12.257806777954102,2.366137981414795,34.9534797668457
2011-09-08,4.803379535675049,15.182604789733887,7.570000171661377,7.568020343780518,12.228006362915039,2.3063197135925293,34.21874237060547
2011-09-09,4.590781211853027,14.50362777709961,7.5,7.4226226806640625,12.12867259979248,2.253148078918457,33.4571418762207
2011-09-12,4.404759407043457,13.6549072265625,7.150000095367432,7.349921703338623,11.930004119873047,2.1999762058258057,33.286895751953125
2011-09-13,4.431334018707275,13.560613632202148,7.150000095367432,7.255413055419922,11.92007064819336,2.226562261581421,34.129146575927734
2011-09-14,4.590781211853027,14.057267189025879,7.150000095367432,7.466240882873535,11.681669235229492,2.14015793800354,35.007240295410156
2011-09-15,4.5575642585754395,14.082414627075195,7.010000228881836,7.50259256362915,11.930004119873047,2.1468045711517334,35.123722076416016
2011-09-16,4.570851802825928,14.855690956115723,6.949999809265137,7.393545150756836,11.790936470031738,2.093632936477661,35.132686614990234
2011-09-19,4.491127014160156,14.78653621673584,6.800000190734863,7.269952297210693,11.800869941711426,2.1999762058258057,34.147064208984375
2011-09-20,4.431334018707275,14.428187370300293,6.800000190734863,7.030044078826904,11.850537300109863,2.14015793800354,34.70259094238281
2011-09-21,4.08586311340332,13.774358749389648,6.789999961853027,6.6447367668151855,11.7412691116333,2.0604002475738525,34.16498947143555
2011-09-22,3.9529881477355957,12.762186050415039,6.449999809265137,6.244889259338379,11.363800048828125,2.0338146686553955,31.77263641357422
2011-09-23,3.966275930404663,13.315423965454102,6.139999866485596,6.28850793838501,11.224733352661133,2.0005829334259033,31.72783088684082
2011-09-26,3.9197704792022705,13.504026412963867,6.059999942779541,6.33212947845459,11.31413459777832,2.086986780166626,32.02351760864258
2011-09-27,4.052644729614258,13.648624420166016,6.25,6.535687446594238,11.50286865234375,1.9939359426498413,33.16145324707031
2011-09-28,3.9330577850341797,13.290275573730469,6.059999942779541,6.295779705047607,11.622069358825684,2.0471079349517822,31.799516677856445
2011-09-29,3.853334665298462,13.17711353302002,6.110000133514404,6.259427547454834,11.721403121948242,2.020522117614746,31.72783088684082
2011-09-30,3.6540236473083496,12.57987117767334,6.099999904632568,6.019521713256836,11.473068237304688,2.0604002475738525,30.652612686157227
2011-10-03,3.487931728363037,11.781447410583496,5.650000095367432,5.554244041442871,11.1850004196167,2.0005829334259033,30.213573455810547
2011-10-04,3.481287717819214,11.731151580810547,5.559999942779541,5.895930767059326,10.986332893371582,1.9474108219146729,31.190221786499023
2011-10-05,3.6075174808502197,12.271819114685059,5.800000190734863,5.815961837768555,10.986332893371582,1.9607038497924805,32.337127685546875
2011-10-06,3.6407358646392822,12.755898475646973,5.900000095367432,5.954090118408203,11.1055326461792,1.92747163772583,33.34065628051758
2011-10-07,3.587588310241699,12.617589950561523,5.800000190734863,5.845041275024414,11.15519905090332,1.7945427894592285,32.80305099487305
2011-10-10,3.7802536487579346,13.239985466003418,5.849999904632568,6.266698837280273,11.433335304260254,1.9673503637313843,34.25458908081055
2011-10-11,3.7868967056274414,13.441160202026367,5.800000190734863,6.252159118652344,11.393601417541504,1.8942391872406006,34.33523178100586
2011-10-12,4.099149703979492,13.837227821350098,6.150000095367432,6.535687446594238,11.800869941711426,1.9208250045776367,34.47859573364258
2011-10-13,4.1523003578186035,14.01954174041748,6.380000114440918,6.768327713012695,12.426673889160156,1.9341182708740234,33.82450485229492
2011-10-14,4.4446210861206055,14.673369407653809,7.0,7.160903453826904,12.764410018920898,1.9474108219146729,34.487552642822266
2011-10-17,4.251954078674316,13.522889137268066,7.320000171661377,6.8337554931640625,12.704809188842773,1.92747163772583,33.93202209472656
2011-10-18,4.437976360321045,14.132705688476562,7.289999961853027,6.877374649047852,12.635275840759277,1.9939359426498413,33.260013580322266
2011-10-19,4.3183913230896,13.84980297088623,7.46999979019165,6.688356876373291,12.357139587402344,2.0005829334259033,33.03600311279297
2011-10-20,4.298460483551025,13.441160202026367,7.78000020980835,6.695624828338623,12.635275840759277,1.9939359426498413,32.54320526123047
2011-10-21,4.537632465362549,14.346457481384277,7.900000095367432,6.986424922943115,12.595541954040527,2.0471079349517822,33.242095947265625
2011-10-24,4.590781211853027,14.97513484954834,7.909999847412109,6.920993328094482,12.873676300048828,2.226562261581421,33.51089859008789
2011-10-25,4.577494144439697,14.44704532623291,8.029999732971191,6.819215774536133,12.684942245483398,2.160097599029541,32.96432876586914
2011-10-26,4.5509185791015625,14.396747589111328,7.96999979019165,6.855566501617432,12.982943534851074,2.186683416366577,31.54863166809082
2011-10-27,4.683793544769287,15.056865692138672,8.239999771118164,7.255413055419922,13.032610893249512,2.0005829334259033,31.700956344604492
2011-10-28,4.60407018661499,14.648222923278809,8.399999618530273,6.94280481338501,12.933277130126953,2.1933298110961914,31.172304153442383
2011-10-31,4.1257243156433105,12.60501480102539,8.050000190734863,6.004981517791748,12.526007652282715,2.093632936477661,30.115009307861328
2011-11-01,4.012782096862793,12.542149543762207,7.559999942779541,5.837772369384766,11.930004119873047,2.0471079349517822,28.94122886657715
2011-11-02,4.172231674194336,13.195975303649902,8.199999809265137,5.808691501617432,12.814075469970703,2.0604002475738525,28.672426223754883
2011-11-03,4.185518264770508,13.271417617797852,8.15999984741211,6.070410251617432,12.794209480285645,2.1268656253814697,28.000417709350586
2011-11-04,4.0393571853637695,12.812480926513672,8.0600004196167,5.87412166595459,12.496207237243652,2.1069259643554688,28.215457916259766
2011-11-07,4.08586311340332,13.133108139038086,7.940000057220459,5.830502510070801,12.526007652282715,2.1268656253814697,28.421541213989258
2011-11-08,4.258599281311035,13.824654579162598,7.849999904632568,6.084950923919678,12.565740585327148,2.067047119140625,32.2116813659668
2011-11-09,4.052644729614258,13.007372856140137,6.809999942779541,5.87412166595459,11.92007064819336,2.093632936477661,31.922161102294922
2011-11-10,4.032713890075684,13.403437614440918,6.710000038146973,5.714182376861572,12.168405532836914,2.113572597503662,33.1629524230957
2011-11-11,4.0592875480651855,13.673768043518066,7.349999904632568,5.815961837768555,11.95980453491211,2.093632936477661,34.03714370727539
2011-11-14,4.012782096862793,13.189685821533203,7.239999771118164,5.568783760070801,11.870403289794922,2.0803401470184326,33.896148681640625
2011-11-15,4.092505931854248,13.195975303649902,7.099999904632568,5.583323955535889,11.81080436706543,2.086986780166626,34.48834228515625
2011-11-16,3.946345329284668,12.510712623596191,6.96999979019165,5.416114807128906,11.492935180664062,2.0736935138702393,34.450740814208984
2011-11-17,3.707174062728882,12.120933532714844,6.650000095367432,5.081696033477783,11.393601417541504,1.92747163772583,33.849143981933594
2011-11-18,3.693885326385498,12.271819114685059,6.739999771118164,5.0962371826171875,11.304201126098633,1.92747163772583,33.379146575927734
2011-11-21,3.554368495941162,12.045494079589844,6.349999904632568,4.921758651733398,11.1055326461792,1.9607038497924805,32.04436111450195
2011-11-22,3.5676543712615967,12.353544235229492,6.199999809265137,5.0308074951171875,11.175065994262695,1.8942391872406006,31.489761352539062
2011-11-23,3.4480700492858887,11.787735939025879,6.199999809265137,4.8635969161987305,10.87706470489502,1.9607038497924805,31.00096893310547
2011-11-25,3.4945757389068604,11.718578338623047,6.400000095367432,4.870867729187012,10.996265411376953,2.0005829334259033,30.624971389770508
2011-11-28,3.561011791229248,12.152365684509277,6.46999979019165,4.921758651733398,10.936665534973145,2.0604002475738525,31.583757400512695
2011-11-29,3.4746439456939697,11.938615798950195,6.550000190734863,4.827248573303223,11.42340087890625,1.9739967584609985,31.489761352539062
2011-11-30,3.547724962234497,12.47928237915039,6.449999809265137,5.103506088256836,11.681669235229492,1.9872897863388062,32.90915298461914
2011-12-01,3.554368495941162,12.598732948303223,6.309999942779541,5.1325860023498535,11.512802124023438,1.9939359426498413,32.82455062866211
2011-12-02,3.614161252975464,12.938218116760254,6.389999866485596,5.110777378082275,11.562469482421875,1.9939359426498413,32.448551177978516
2011-12-05,3.5676543712615967,13.170827865600586,6.599999904632568,5.088967323303223,11.671735763549805,1.9407645463943481,32.918556213378906
2011-12-06,3.587588310241699,13.026233673095703,6.400000095367432,5.023538112640381,11.23466682434082,1.9673503637313843,33.2005500793457
2011-12-07,3.554368495941162,13.139392852783203,6.320000171661377,4.936297416687012,11.026065826416016,1.9739967584609985,33.1347541809082
2011-12-08,3.3949196338653564,12.384982109069824,6.119999885559082,4.80543851852417,10.976398468017578,1.9673503637313843,31.73415756225586
2011-12-09,3.5277929306030273,12.938218116760254,6.119999885559082,4.885408401489258,10.976398468017578,1.980643391609192,32.45795440673828
2011-12-12,3.4480700492858887,12.699320793151855,6.0,4.812707901000977,10.916797637939453,2.0005829334259033,32.288753509521484
2011-12-13,3.3351266384124756,12.485569953918457,5.900000095367432,4.630959510803223,10.787663459777832,1.980643391609192,31.95975685119629
2011-12-14,3.3085522651672363,12.183802604675293,5.900000095367432,4.39832067489624,10.459861755371094,1.980643391609192,31.442766189575195
2011-12-15,3.348414182662964,12.17122745513916,5.849999904632568,4.471020698547363,10.479729652404785,1.9341182708740234,31.170167922973633
2011-12-16,3.315195083618164,12.542149543762207,6.090000152587891,4.5437211990356445,10.529396057128906,2.0537540912628174,30.991567611694336
2011-12-19,3.1956093311309814,12.177513122558594,5.840000152587891,4.311082363128662,10.360528945922852,1.8942391872406006,30.502769470214844
2011-12-20,3.169034957885742,12.655309677124023,5.739999771118164,4.449210166931152,10.559196472167969,2.0271682739257812,31.799964904785156
2011-12-21,3.2221837043762207,12.655309677124023,5.550000190734863,4.39832067489624,10.529396057128906,1.980643391609192,32.00675964355469
2011-12-22,3.2686893939971924,12.724465370178223,5.730000019073486,4.41286039352417,10.201594352722168,1.9939359426498413,32.09135437011719
2011-12-23,3.3218400478363037,12.447844505310059,5.53000020980835,4.361971378326416,10.201594352722168,1.9939359426498413,32.918556213378906
2011-12-27,3.295264482498169,12.416414260864258,5.730000019073486,4.223843097686768,10.261194229125977,1.9872897863388062,33.32274627685547
2011-12-28,3.208897352218628,12.051778793334961,5.760000228881836,4.187493801116943,10.320795059204102,1.9739967584609985,32.58955001831055
2011-12-29,3.301908254623413,12.57987117767334,5.800000190734863,4.260191917419434,10.42012882232666,1.9939359426498413,33.3321533203125
2011-12-30,3.2354722023010254,12.259243965148926,5.260000228881836,4.311082363128662,10.678397178649902,1.9939359426498413,32.59895324707031
2012-01-03,3.4480700492858887,12.843914031982422,5.869999885559082,4.776359558105469,10.549263000488281,2.020522117614746,33.32274627685547
2012-01-04,3.9330577850341797,14.214433670043945,6.309999942779541,5.299794673919678,10.698264122009277,1.9939359426498413,33.416751861572266
2012-01-05,3.9795641899108887,14.220719337463379,6.5,5.40157413482666,10.906864166259766,2.020522117614746,33.40735626220703
2012-01-06,4.172231674194336,14.654509544372559,6.900000095367432,5.532432556152344,10.96646499633789,1.9939359426498413,34.63873291015625
2012-01-09,4.198805809020996,15.088300704956055,7.03000020980835,5.488813877105713,11.254533767700195,2.0471079349517822,34.82674026489258
2012-01-10,4.245312690734863,15.276896476745605,6.880000114440918,5.59786319732666,11.50286865234375,1.9939359426498413,34.66694259643555
2012-01-11,4.2320237159729,15.434074401855469,6.559999942779541,5.459733963012695,11.1850004196167,2.0005829334259033,34.394344329833984
2012-01-12,4.132368087768555,14.89969539642334,6.590000152587891,5.503353595733643,11.350000381469727,1.9739967584609985,35.052337646484375
2012-01-13,3.9862072467803955,14.792827606201172,6.369999885559082,5.2343645095825195,11.279999732971191,1.9607038497924805,34.49774169921875
2012-01-17,3.9928510189056396,14.792827606201172,6.389999866485596,5.292524337768555,11.270000457763672,1.980643391609192,34.47894287109375
2012-01-18,4.08586311340332,15.258042335510254,6.659999847412109,5.554244041442871,11.270000457763672,1.9673503637313843,35.72913360595703
2012-01-19,4.3183913230896,15.798707962036133,6.570000171661377,5.801421642303467,11.399999618530273,1.9939359426498413,36.42472457885742
2012-01-20,4.285172462463379,16.553119659423828,6.420000076293945,5.74326229095459,11.40999984741211,2.0072290897369385,36.91352462768555
2012-01-23,4.265242099761963,16.08161163330078,6.619999885559082,5.735992908477783,11.329999923706055,2.040461301803589,38.67131423950195
2012-01-24,4.238667011260986,16.389665603637695,6.619999885559082,5.765073299407959,11.40999984741211,2.020522117614746,37.9663200378418
2012-01-25,4.291816234588623,16.578266143798828,6.619999885559082,5.830502510070801,11.550000190734863,2.0338146686553955,38.144920349121094
2012-01-26,4.338321685791016,16.364513397216797,6.610000133514404,5.961361408233643,11.59000015258789,2.040461301803589,38.21071243286133
2012-01-27,4.1523003578186035,16.08789825439453,6.579999923706055,5.626943588256836,11.65999984741211,2.0271682739257812,37.48691940307617
2012-01-30,3.8666205406188965,15.584954261779785,6.389999866485596,5.452464580535889,11.5,1.9939359426498413,33.70814514160156
2012-01-31,4.08586311340332,15.553522109985352,6.389999866485596,5.6196722984313965,11.1899995803833,1.9872897863388062,32.899757385253906
2012-02-01,4.07257604598999,15.578667640686035,6.400000095367432,5.641483306884766,11.029999732971191,1.9872897863388062,32.50495147705078
2012-02-02,4.158942699432373,15.591241836547852,6.400000095367432,5.554244041442871,11.029999732971191,1.980643391609192,33.15354919433594
2012-02-03,4.225379467010498,15.553522109985352,6.150000095367432,5.510623931884766,10.949999809265137,1.9607038497924805,30.26777458190918
2012-02-06,4.185518264770508,15.138594627380371,6.190000057220459,5.5251641273498535,10.960000038146973,1.8942391872406006,30.559171676635742
2012-02-07,4.0393571853637695,14.289875984191895,5.960000038146973,5.263444900512695,10.829999923706055,1.8610074520111084,30.512168884277344
2012-02-08,3.9862072467803955,13.837227821350098,5.960000038146973,5.0962371826171875,10.800000190734863,1.92747163772583,33.74574661254883
2012-02-09,4.019424915313721,13.81836986541748,5.869999885559082,5.088967323303223,10.8100004196167,1.9141788482666016,32.768157958984375
2012-02-10,4.032713890075684,13.365717887878418,5.940000057220459,5.081696033477783,10.770000457763672,1.92747163772583,32.26055908203125
2012-02-13,4.052644729614258,13.862373352050781,5.760000228881836,5.081696033477783,10.729999542236328,1.9407645463943481,31.66836166381836
2012-02-14,4.065931797027588,13.422297477722168,5.760000228881836,4.979917049407959,10.710000038146973,1.92747163772583,30.79416847229004
2012-02-15,3.999494791030884,13.397151947021484,5.760000228881836,5.1471266746521,10.619999885559082,1.9075323343276978,29.976375579833984
2012-02-16,4.079219341278076,13.79951000213623,5.650000095367432,5.212556838989258,10.640000343322754,1.9208250045776367,30.230175018310547
2012-02-17,4.192160606384277,14.302449226379395,5.650000095367432,5.5251641273498535,10.630000114440918,1.92747163772583,31.04796600341797
2012-02-21,4.278528690338135,14.566496849060059,5.599999904632568,5.801421642303467,10.65999984741211,1.9407645463943481,31.47096824645996
2012-02-22,4.218735694885254,14.44704532623291,5.699999809265137,5.648754119873047,10.609999656677246,1.92747163772583,31.54616355895996
2012-02-23,4.225379467010498,14.308735847473145,5.860000133514404,5.605133056640625,10.59000015258789,1.9141788482666016,31.630762100219727
2012-02-24,4.07257604598999,13.560613632202148,5.75,5.176205635070801,10.600000381469727,1.8809466361999512,31.01976776123047
2012-02-27,4.0393571853637695,13.045097351074219,5.389999866485596,4.9072184562683105,10.550000190734863,1.8942391872406006,29.280778884887695
2012-02-28,4.0592875480651855,13.183402061462402,5.489999771118164,5.176205635070801,10.550000190734863,1.8875927925109863,28.763784408569336
2012-02-29,4.032713890075684,12.680458068847656,5.449999809265137,5.001727104187012,10.4399995803833,1.9208250045776367,24.6560115814209
2012-03-01,4.192160606384277,12.900494575500488,5.429999828338623,5.28525447845459,10.470000267028809,1.9341182708740234,27.72039031982422
2012-03-02,4.119080543518066,12.850201606750488,5.5,5.248904705047607,10.5600004196167,1.9141788482666016,27.034196853637695
2012-03-05,4.0592875480651855,12.56101131439209,5.5,5.0671563148498535,10.479999542236328,1.9141788482666016,25.46440887451172
2012-03-06,3.946345329284668,12.309538841247559,4.949999809265137,4.994456768035889,10.239999771118164,1.8875927925109863,25.38920783996582
2012-03-07,3.9862072467803955,12.517004013061523,5.099999904632568,5.1325860023498535,10.510000228881836,1.8742998838424683,25.887407302856445
2012-03-08,3.972919225692749,12.397552490234375,5.139999866485596,5.016266345977783,10.550000190734863,1.9341182708740234,26.8179988861084
2012-03-09,3.9264142513275146,12.284388542175293,5.0,4.921758651733398,10.399999618530273,1.9141788482666016,25.60540771484375
2012-03-12,3.8732645511627197,11.995201110839844,4.849999904632568,4.849058628082275,10.0,1.92747163772583,24.637216567993164
2012-03-13,4.026069641113281,12.353544235229492,4.860000133514404,5.081696033477783,10.0,1.9208250045776367,25.050813674926758
2012-03-14,4.032713890075684,12.57987117767334,4.53000020980835,5.001727104187012,10.0,1.92747163772583,25.154212951660156
2012-03-15,4.092505931854248,12.950787544250488,4.599999904632568,5.0671563148498535,9.899999618530273,1.9141788482666016,26.291603088378906
2012-03-16,4.1057939529418945,13.170827865600586,4.599999904632568,5.176205635070801,9.8100004196167,1.9075323343276978,26.08480453491211
2012-03-19,4.026069641113281,13.447444915771484,4.46999979019165,5.0308074951171875,9.510000228881836,1.9208250045776367,25.70880889892578
2012-03-20,4.012782096862793,12.975934982299805,4.360000133514404,4.827248573303223,9.3100004196167,1.9141788482666016,25.79340934753418
2012-03-21,4.019424915313721,13.3468599319458,4.289999961853027,4.950837135314941,9.149999618530273,1.8942391872406006,27.936588287353516
2012-03-22,4.032713890075684,13.133108139038086,4.050000190734863,4.827248573303223,8.760000228881836,1.8211287260055542,26.517202377319336
2012-03-23,4.032713890075684,13.453731536865234,3.990000009536743,4.8417887687683105,8.579999923706055,1.8344213962554932,26.911998748779297
2012-03-26,3.972919225692749,12.517004013061523,3.700000047683716,4.638228416442871,8.399999618530273,1.841067910194397,26.05660629272461
2012-03-27,4.07257604598999,12.36611557006836,3.700000047683716,4.638228416442871,8.4399995803833,1.8344213962554932,25.699405670166016
2012-03-28,3.9928510189056396,12.586156845092773,3.7200000286102295,4.514641284942627,8.510000228881836,1.8610074520111084,25.52080726623535
2012-03-29,3.999494791030884,12.340972900390625,3.950000047683716,4.601879596710205,8.470000267028809,1.8610074520111084,26.883798599243164
2012-03-30,4.006138324737549,12.328398704528809,3.8499999046325684,4.674578666687012,8.600000381469727,1.8610074520111084,26.705202102661133
2012-04-02,4.0592875480651855,12.007771492004395,3.8499999046325684,4.463752269744873,8.600000381469727,1.807835578918457,22.569232940673828
2012-04-03,3.9862072467803955,11.882034301757812,3.8499999046325684,4.471020698547363,8.300000190734863,1.7746034860610962,21.76083755493164
2012-04-04,3.8865528106689453,11.265932083129883,3.690000057220459,4.296542167663574,7.96999979019165,1.7014923095703125,21.657442092895508
2012-04-05,3.826759099960327,11.096185684204102,3.700000047683716,4.2747321128845215,8.100000381469727,1.781249761581421,21.16864013671875
2012-04-09,3.8466899394989014,10.901298522949219,3.5799999237060547,4.245652675628662,7.840000152587891,1.8809466361999512,21.319040298461914
2012-04-10,3.680598497390747,10.80699634552002,3.5,4.2529215812683105,8.0,1.8277748823165894,20.886642456054688
2012-04-11,3.8134713172912598,11.38537883758545,3.6500000953674316,4.318350315093994,8.0,1.8809466361999512,19.843252182006836
2012-04-12,3.9330577850341797,11.184200286865234,3.7699999809265137,4.587339878082275,8.149999618530273,1.8742998838424683,21.55403709411621
2012-04-13,3.8732645511627197,10.769271850585938,3.630000114440918,4.340161323547363,7.840000152587891,1.8610074520111084,20.63284683227539
2012-04-16,3.7669661045074463,10.467507362365723,3.569999933242798,4.231113433837891,7.559999942779541,1.8344213962554932,18.329866409301758
2012-04-17,3.614161252975464,9.45533275604248,2.9200000762939453,3.9257748126983643,7.5,1.721431851387024,18.329866409301758
2012-04-18,3.554368495941162,9.505627632141113,2.759999990463257,3.874884605407715,7.309999942779541,1.4489269256591797,12.332707405090332
2012-04-19,3.3949196338653564,10.134305953979492,2.759999990463257,3.9693946838378906,7.21999979019165,1.4888057708740234,13.55469799041748
2012-04-20,3.2753334045410156,9.989710807800293,2.700000047683716,4.063904285430908,7.150000095367432,1.5552701950073242,13.714496612548828
2012-04-23,3.1491034030914307,9.91426944732666,2.5999999046325684,3.9839346408843994,7.039999961853027,1.5020986795425415,13.169302940368652
2012-04-24,3.3417701721191406,9.958277702331543,2.5,4.231113433837891,7.039999961853027,1.5286844968795776,12.830903053283691
2012-04-25,3.3085522651672363,9.901695251464844,2.509999990463257,4.238382339477539,6.909999847412109,1.5818560123443604,12.511305809020996
2012-04-26,3.2354722023010254,9.838826179504395,2.25,4.0857133865356445,6.710000038146973,1.5818560123443604,13.150501251220703
2012-04-27,3.1889657974243164,9.581069946289062,2.369999885559082,4.063904285430908,6.659999847412109,1.6616135835647583,13.319700241088867
2012-04-30,3.2354722023010254,9.694230079650879,2.75,4.063904285430908,6.760000228881836,1.8277748823165894,13.705097198486328
2012-05-01,3.2620465755462646,9.650225639343262,2.700000047683716,4.143872261047363,6.710000038146973,1.7014923095703125,13.535896301269531
2012-05-02,3.155747175216675,9.568496704101562,2.3299999237060547,4.005744934082031,6.320000171661377,1.6948456764221191,13.52649974822998
2012-05-03,2.996299982070923,9.178716659545898,2.119999885559082,3.831265687942505,6.230000019073486,1.7413709163665771,13.300901412963867
2012-05-04,2.923218011856079,9.310737609863281,2.240000009536743,3.8239943981170654,6.119999885559082,1.728078007698059,14.428892135620117
2012-05-07,2.936506986618042,9.51820182800293,2.7699999809265137,3.8167245388031006,6.380000114440918,1.7147852182388306,13.98709487915039
2012-05-08,3.0560927391052246,10.285192489624023,3.259999990463257,4.2747321128845215,6.579999923706055,1.7147852182388306,13.996495246887207
2012-05-09,3.0162298679351807,10.209750175476074,2.880000114440918,4.100252151489258,6.079999923706055,1.7945427894592285,14.588690757751465
2012-05-10,3.0162298679351807,9.744527816772461,2.6600000858306885,3.9621224403381348,6.079999923706055,1.7945427894592285,14.94588851928711
2012-05-11,3.076023578643799,9.788536071777344,2.700000047683716,3.787645101547241,5.949999809265137,1.74801766872406,14.5228910446167
2012-05-14,2.8434948921203613,9.216434478759766,2.5299999713897705,3.620436191558838,5.570000171661377,1.721431851387024,13.441899299621582
2012-05-15,2.8634254932403564,9.071840286254883,2.390000104904175,3.709702968597412,5.300000190734863,1.6948456764221191,13.366700172424316
2012-05-16,2.777057647705078,8.650626182556152,2.369999885559082,3.534095048904419,4.980000019073486,1.6084420680999756,12.389107704162598
2012-05-17,2.6641151905059814,8.56889533996582,2.25,3.3950729370117188,4.78000020980835,1.5286844968795776,12.191707611083984
2012-05-18,2.5910348892211914,8.656911849975586,2.3499999046325684,3.3950729370117188,4.71999979019165,1.5685631036758423,11.608911514282227
2012-05-21,2.5843911170959473,8.751214027404785,2.119999885559082,3.497511863708496,4.800000190734863,1.5885026454925537,11.81571102142334
2012-05-22,2.624253273010254,8.770075798034668,2.1700000762939453,3.526780366897583,5.0,1.6948456764221191,11.702912330627441
2012-05-23,2.5843911170959473,8.663200378417969,2.4000000953674316,3.577998399734497,4.78000020980835,1.6616135835647583,11.56191349029541
2012-05-24,2.657470941543579,8.669485092163086,2.5299999713897705,3.6072657108306885,4.699999809265137,1.6017956733703613,12.464306831359863
2012-05-25,2.637540578842163,8.462019920349121,2.5299999713897705,3.621899366378784,4.639999866485596,1.6483204364776611,13.15990161895752
2012-05-29,2.657470941543579,8.418014526367188,2.549999952316284,3.534095048904419,4.699999809265137,1.5020986795425415,13.629898071289062
2012-05-30,2.6043217182159424,8.254555702209473,2.4700000286102295,3.3877573013305664,4.670000076293945,1.5153915882110596,12.219908714294434
2012-05-31,2.55781626701355,8.028231620788574,2.299999952316284,3.3145864009857178,4.699999809265137,1.3957552909851074,12.022510528564453
2012-06-01,2.4581618309020996,7.801907062530518,2.259999990463257,3.2926361560821533,4.599999904632568,1.428987741470337,11.881509780883789
2012-06-04,2.391724109649658,8.015660285949707,2.059999942779541,3.3584890365600586,4.46999979019165,1.3625231981277466,11.702912330627441
2012-06-05,2.3452184200286865,8.254555702209473,2.1700000762939453,3.3145864009857178,4.570000171661377,1.422341227531433,11.355114936828613
2012-06-06,2.43822979927063,8.443160057067871,2.2300000190734863,3.380439281463623,4.449999809265137,1.3691694736480713,11.58071231842041
2012-06-07,2.318643808364868,7.984225273132324,2.1600000858306885,3.24873423576355,4.409999847412109,1.3625231981277466,11.411514282226562
2012-06-08,2.2721383571624756,7.789333820343018,2.190000057220459,3.197514533996582,4.300000190734863,1.375815987586975,11.308115005493164
2012-06-11,2.059540271759033,7.292677879333496,2.0799999237060547,3.0804436206817627,4.110000133514404,1.3226443529129028,10.452720642089844
2012-06-12,2.152552366256714,7.380694389343262,1.9900000095367432,3.1243460178375244,4.119999885559082,1.1830689907073975,9.634926795959473
2012-06-13,2.1591956615448,7.3618316650390625,2.0199999809265137,3.1170291900634766,4.059999942779541,1.1298972368240356,9.644328117370605
2012-06-14,2.152552366256714,7.305253028869629,2.2200000286102295,3.24873423576355,4.039999961853027,1.1498366594314575,9.822924613952637
2012-06-15,2.0528969764709473,7.386980056762695,2.25,3.3658058643341064,4.139999866485596,1.1631295680999756,10.499722480773926
2012-06-18,2.1392643451690674,7.544150352478027,2.119999885559082,3.2267842292785645,4.179999828338623,1.090018391609192,10.706520080566406
2012-06-19,2.238919496536255,7.839628219604492,2.0799999237060547,3.3658058643341064,4.300000190734863,1.1697759628295898,11.063714981079102
2012-06-20,2.179126262664795,7.801907062530518,1.9800000190734863,3.30726957321167,4.309999942779541,1.1166043281555176,10.997917175292969
2012-06-21,2.17248272895813,7.456135272979736,1.9800000190734863,3.1755638122558594,4.190000057220459,1.1498366594314575,10.621920585632324
2012-06-22,2.312000036239624,7.908783912658691,2.0899999141693115,3.3365375995635986,4.21999979019165,1.1830689907073975,10.95091724395752
2012-06-25,2.179126262664795,7.751613616943359,2.0,3.329221248626709,4.099999904632568,1.1232507228851318,10.668920516967773
2012-06-26,2.18576979637146,7.676172733306885,2.0,3.30726957321167,4.059999942779541,1.1298972368240356,10.856918334960938
2012-06-27,2.125977039337158,7.707607269287109,2.0,3.234100818634033,4.059999942779541,1.1498366594314575,10.979117393493652
2012-06-28,2.1326210498809814,7.858486175537109,2.0,3.2926361560821533,4.159999847412109,1.1564830541610718,11.054317474365234
2012-06-29,2.2123451232910156,8.14768123626709,2.0,3.402390718460083,4.150000095367432,1.1963616609573364,11.608911514282227
2012-07-02,2.3385748863220215,8.248270034790039,2.059999942779541,3.424342155456543,4.119999885559082,1.2295939922332764,11.82511043548584
2012-07-03,2.431586265563965,8.537464141845703,2.109999895095825,3.4389753341674805,4.190000057220459,1.1830689907073975,12.229308128356934
2012-07-05,2.238919496536255,7.839628219604492,2.319999933242798,3.2194669246673584,4.210000038146973,1.1830689907073975,12.06010913848877
2012-07-06,2.1990575790405273,7.563011169433594,2.299999952316284,3.160930633544922,4.21999979019165,1.1963616609573364,12.144709587097168
2012-07-09,2.092759132385254,7.380694389343262,2.309999942779541,3.109711170196533,4.190000057220459,1.1631295680999756,11.834511756896973
2012-07-10,2.17248272895813,7.43727445602417,2.309999942779541,3.109711170196533,4.050000190734863,1.1431902647018433,11.665311813354492
2012-07-11,2.2588512897491455,7.751613616943359,2.240000009536743,3.1901988983154297,4.199999809265137,1.1099576950073242,11.76871109008789
2012-07-12,2.2189881801605225,7.544150352478027,2.2799999713897705,3.1901988983154297,4.099999904632568,1.1365437507629395,11.55251407623291
2012-07-13,2.2654945850372314,7.613301753997803,2.2799999713897705,3.2853198051452637,4.070000171661377,1.1033114194869995,11.646512985229492
2012-07-16,2.1990575790405273,7.512717247009277,2.299999952316284,3.24141788482666,4.170000076293945,1.0966649055480957,11.749910354614258
2012-07-17,2.1990575790405273,7.669886112213135,2.6600000858306885,3.2560508251190186,4.119999885559082,1.0833719968795776,11.721713066101074
2012-07-18,2.2522077560424805,7.801907062530518,2.5,3.424342155456543,4.349999904632568,1.0833719968795776,12.285707473754883
2012-07-19,2.2787821292877197,7.827054500579834,2.319999933242798,3.3145864009857178,4.400000095367432,1.0966649055480957,12.154109001159668
2012-07-20,2.2123451232910156,7.456135272979736,2.5999999046325684,3.2706849575042725,4.340000152587891,1.1298972368240356,11.740511894226074
2012-07-23,2.1924145221710205,7.39326810836792,2.5999999046325684,3.24873423576355,4.170000076293945,1.1365437507629395,11.684112548828125
2012-07-24,2.17248272895813,7.267531394958496,2.5999999046325684,3.212149143218994,4.170000076293945,1.1564830541610718,11.373916625976562
2012-07-25,2.18576979637146,7.273819446563721,2.5999999046325684,3.1828815937042236,4.349999904632568,1.1431902647018433,11.543112754821777
2012-07-26,2.2787821292877197,7.443560600280762,2.5999999046325684,3.3365375995635986,4.300000190734863,1.0966649055480957,11.57131290435791
2012-07-27,2.358506202697754,7.5755839347839355,2.5999999046325684,3.380439281463623,4.21999979019165,1.1431902647018433,11.505513191223145
2012-07-30,2.292069435119629,7.58187198638916,2.5999999046325684,3.3950729370117188,4.170000076293945,1.1564830541610718,11.326915740966797
2012-07-31,2.2654945850372314,7.713893890380859,2.549999952316284,3.3950729370117188,4.050000190734863,1.1498366594314575,10.72531795501709
2012-08-01,2.225632667541504,7.563011169433594,2.4800000190734863,3.3438544273376465,4.059999942779541,1.1498366594314575,10.856918334960938
2012-08-02,2.2123451232910156,7.368120193481445,2.309999942779541,3.4389753341674805,4.03000020980835,1.209654450416565,10.584320068359375
2012-08-03,2.292069435119629,7.443560600280762,2.309999942779541,3.4462921619415283,4.130000114440918,1.2428867816925049,10.640719413757324
2012-08-06,2.30535626411438,7.808194160461426,2.25,3.482876777648926,4.110000133514404,1.2428867816925049,10.885117530822754
2012-08-07,2.365149736404419,8.03451919555664,2.200000047683716,3.621899366378784,4.110000133514404,1.209654450416565,10.988517761230469
2012-08-08,2.4116556644439697,8.348856925964355,2.2899999618530273,3.6584842205047607,4.179999828338623,1.2495332956314087,10.847517013549805
2012-08-09,2.4847354888916016,8.682058334350586,2.2699999809265137,3.7023861408233643,4.150000095367432,1.2561798095703125,10.922718048095703
2012-08-10,2.517954111099243,8.8706636428833,2.2699999809265137,3.680436372756958,4.179999828338623,1.2894121408462524,10.988517761230469
2012-08-13,2.5245981216430664,8.694631576538086,2.2699999809265137,3.6877524852752686,4.239999771118164,1.2628262042999268,11.110716819763184
2012-08-14,2.4714488983154297,8.48716926574707,2.25,3.5633630752563477,4.269999980926514,1.1232507228851318,11.458515167236328
2012-08-15,2.43822979927063,8.51231575012207,2.2300000190734863,3.482876777648926,4.199999809265137,1.2295939922332764,11.232916831970215
2012-08-16,2.5312416553497314,8.550039291381836,2.1500000953674316,3.6950690746307373,4.199999809265137,1.1764224767684937,11.232916831970215
2012-08-17,2.517954111099243,8.506028175354004,2.140000104904175,3.6584842205047607,4.190000057220459,1.2295939922332764,11.16711711883545
2012-08-20,2.4581618309020996,8.267132759094238,2.140000104904175,3.570681095123291,4.03000020980835,1.1963616609573364,11.138916015625
2012-08-21,2.444873571395874,8.216835021972656,2.119999885559082,3.651167869567871,4.050000190734863,1.2428867816925049,11.204715728759766
2012-08-22,2.4050118923187256,7.984225273132324,2.119999885559082,3.5999488830566406,3.9700000286102295,1.1963616609573364,11.148316383361816
2012-08-23,2.358506202697754,8.172828674316406,2.0799999237060547,3.6072657108306885,4.0,1.2295939922332764,11.204715728759766
2012-08-24,2.3385748863220215,8.00937271118164,2.3499999046325684,3.5999488830566406,4.0,1.222947359085083,11.58071231842041
2012-08-27,2.358506202697754,7.858486175537109,2.4700000286102295,3.621899366378784,4.070000171661377,1.2362403869628906,12.022510528564453
2012-08-28,2.391724109649658,7.915070533752441,2.509999990463257,3.592632532119751,4.119999885559082,1.2561798095703125,11.994311332702637
2012-08-29,2.371793270111084,7.915070533752441,2.4100000858306885,3.5853147506713867,4.099999904632568,1.2428867816925049,11.966109275817871
2012-08-30,2.371793270111084,7.877348899841309,2.359999895095825,3.592632532119751,4.059999942779541,1.2030081748962402,11.834511756896973
2012-08-31,2.358506202697754,7.871062755584717,2.359999895095825,3.577998399734497,3.9700000286102295,1.1963616609573364,11.759312629699707
2012-09-04,2.358506202697754,7.783046722412109,2.2699999809265137,3.534095048904419,4.0,1.1498366594314575,11.270515441894531
2012-09-05,2.298713207244873,7.795620918273926,2.2699999809265137,3.4901933670043945,3.9800000190734863,1.1298972368240356,11.411514282226562
2012-09-06,2.4648051261901855,8.15396785736084,2.2699999809265137,3.6584842205047607,4.019999980926514,1.1232507228851318,11.834511756896973
2012-09-07,2.3983681201934814,8.260844230651855,2.2699999809265137,3.621899366378784,3.869999885559082,1.1166043281555176,12.135309219360352
2012-09-10,2.4116556644439697,8.374007225036621,2.25,3.643850803375244,3.8499999046325684,1.1166043281555176,12.013110160827637
2012-09-11,2.391724109649658,8.581469535827637,2.25,3.731654167175293,3.819999933242798,1.1298972368240356,12.1823091506958
2012-09-12,2.5378851890563965,8.48716926574707,2.2699999809265137,3.812140703201294,3.8299999237060547,1.07007896900177,12.1823091506958
2012-09-13,2.6707589626312256,8.87695026397705,2.1600000858306885,4.141404628753662,3.8399999141693115,1.07007896900177,12.313908576965332
2012-09-14,2.710620880126953,9.103273391723633,2.180000066757202,4.214574813842773,3.9200000762939453,1.1166043281555176,11.984910011291504
2012-09-17,2.6508283615112305,8.895809173583984,2.2200000286102295,4.090185642242432,3.8399999141693115,1.1298972368240356,11.326915740966797
2012-09-18,2.6641151905059814,9.071840286254883,2.180000066757202,4.192624092102051,3.799999952316284,1.1498366594314575,11.702912330627441
2012-09-19,2.703977346420288,9.45533275604248,2.180000066757202,4.199940204620361,3.7799999713897705,1.1564830541610718,11.684112548828125
2012-09-20,2.737196207046509,9.461621284484863,2.180000066757202,4.229207992553711,3.740000009536743,1.1764224767684937,12.210508346557617
2012-09-21,2.909930944442749,9.669084548950195,2.1600000858306885,4.317011833190918,3.799999952316284,1.1298972368240356,12.736905097961426
2012-09-24,3.162391185760498,10.21603775024414,2.1600000858306885,4.6609086990356445,3.799999952316284,1.1298972368240356,12.567705154418945
2012-09-25,2.890000581741333,9.49933910369873,2.200000047683716,4.397498607635498,3.7799999713897705,1.1498366594314575,12.868502616882324
2012-09-26,2.777057647705078,9.122132301330566,2.1500000953674316,4.192624092102051,3.700000047683716,1.1298972368240356,12.304508209228516
2012-09-27,2.7969887256622314,9.065552711486816,2.200000047683716,4.302377700805664,3.75,1.1298972368240356,12.313908576965332
2012-09-28,2.7239089012145996,8.914669036865234,2.1500000953674316,4.2365241050720215,3.690000057220459,1.0634328126907349,12.219908714294434
2012-10-01,2.7305519580841064,8.864376068115234,2.2899999618530273,4.1706719398498535,3.6700000762939453,1.0368467569351196,12.163509368896484
2012-10-02,2.850137948989868,8.933531761169434,2.0999999046325684,4.1560378074646,3.609999895095825,1.0634328126907349,12.125908851623535
2012-10-03,2.8102762699127197,8.851799964904785,2.009999990463257,4.119453430175781,3.630000114440918,1.0634328126907349,11.787510871887207
2012-10-04,2.850137948989868,9.065552711486816,2.059999942779541,4.331645488739014,3.6500000953674316,1.0368467569351196,11.843911170959473
2012-10-05,2.9165749549865723,9.222724914550781,2.25,4.331645488739014,3.8399999141693115,1.043493390083313,11.843911170959473
2012-10-08,2.8434948921203613,8.814079284667969,2.4000000953674316,4.280426502227783,3.759999990463257,1.0302001237869263,11.759312629699707
2012-10-09,2.757127523422241,8.751214027404785,2.3399999141693115,4.163355827331543,3.6600000858306885,1.056786298751831,11.646512985229492
2012-10-10,2.6641151905059814,8.468308448791504,2.1500000953674316,4.031649589538574,3.5399999618530273,1.0634328126907349,11.420914649963379
2012-10-11,2.644184112548828,8.51231575012207,2.1500000953674316,4.1560378074646,3.630000114440918,1.056786298751831,11.721713066101074
2012-10-12,2.644184112548828,8.600330352783203,2.059999942779541,4.1706719398498535,3.5899999141693115,1.0501396656036377,11.477314949035645
2012-10-15,2.6508283615112305,8.87695026397705,2.0299999713897705,4.199940204620361,3.5999999046325684,0.9836751818656921,11.467911720275879
2012-10-16,2.790344476699829,8.990114212036133,2.0299999713897705,4.309694290161133,3.640000104904175,0.9836751818656921,11.420914649963379
2012-10-17,2.7969887256622314,9.191288948059082,2.0299999713897705,4.309694290161133,3.640000104904175,1.0036145448684692,11.834511756896973
2012-10-18,2.763770341873169,9.172430038452148,1.9299999475479126,4.185306072235107,3.640000104904175,1.0501396656036377,11.608911514282227
2012-10-19,2.684046506881714,8.996399879455566,1.940000057220459,4.097501277923584,3.5299999713897705,1.0235539674758911,11.665311813354492
2012-10-22,2.777057647705078,9.49305534362793,1.940000057220459,4.1560378074646,3.559999942779541,1.0169073343276978,11.637113571166992
2012-10-23,2.644184112548828,9.034119606018066,1.940000057220459,4.002381801605225,3.4600000381469727,1.0036145448684692,11.176517486572266
2012-10-24,2.5910348892211914,8.914669036865234,1.940000057220459,3.9511632919311523,3.4200000762939453,0.9969679713249207,11.279914855957031
2012-10-25,2.55781626701355,8.927244186401367,1.899999976158142,3.958481788635254,3.440000057220459,0.9836751818656921,11.110716819763184
2012-10-26,2.5245981216430664,8.801506042480469,1.899999976158142,3.877992868423462,3.380000114440918,1.0235539674758911,10.95091724395752
2012-10-31,2.424942970275879,8.49345588684082,1.899999976158142,3.6950690746307373,3.440000057220459,1.07007896900177,10.499722480773926
2012-11-01,2.4847354888916016,8.675773620605469,2.049999952316284,3.6584842205047607,3.430000066757202,0.9836751818656921,9.869927406311035
2012-11-02,2.4913792610168457,8.669485092163086,2.0399999618530273,3.621899366378784,3.430000066757202,1.0501396656036377,10.264721870422363
2012-11-05,2.431586265563965,8.700921058654785,1.9800000190734863,3.5633630752563477,3.4100000858306885,0.9969679713249207,10.20832347869873
2012-11-06,2.4648051261901855,8.738640785217285,1.9800000190734863,3.621899366378784,3.440000057220459,1.0036145448684692,10.245923042297363
2012-11-07,2.4182991981506348,8.581469535827637,2.240000009536743,3.526780366897583,3.390000104904175,0.9836751818656921,9.916925430297852
2012-11-08,2.4515175819396973,8.927244186401367,2.0,3.5633630752563477,3.3499999046325684,0.9836751818656921,9.747726440429688
2012-11-09,2.4714488983154297,8.839225769042969,1.8899999856948853,3.570681095123291,3.3499999046325684,1.010261058807373,9.728926658630371
2012-11-12,2.4648051261901855,8.952392578125,1.909999966621399,3.526780366897583,3.259999990463257,0.9836751818656921,9.832326889038086
2012-11-13,2.424942970275879,8.839225769042969,1.850000023841858,3.4755613803863525,3.2200000286102295,0.9770286679267883,9.540926933288574
2012-11-14,2.43822979927063,8.682058334350586,1.75,3.3950729370117188,3.259999990463257,0.990321695804596,9.475129127502441
2012-11-15,2.4116556644439697,8.820368766784668,1.7400000095367432,3.4316587448120117,3.2699999809265137,0.9238571524620056,9.419718742370605
2012-11-16,2.4780924320220947,8.663200378417969,1.850000023841858,3.3950729370117188,3.3299999237060547,0.8175138831138611,9.142668724060059
2012-11-19,2.4913792610168457,8.776360511779785,1.7100000381469727,3.636533498764038,3.3399999141693115,0.8640390038490295,9.696767807006836
2012-11-20,2.517954111099243,8.656911849975586,1.75,3.5560460090637207,3.2300000190734863,0.9703822731971741,9.840071678161621
2012-11-21,2.5245981216430664,8.801506042480469,1.7999999523162842,3.526780366897583,3.2699999809265137,0.9770286679267883,9.840071678161621
2012-11-23,2.424942970275879,8.638051986694336,1.940000057220459,3.424342155456543,3.240000009536743,0.990321695804596,10.040695190429688
2012-11-26,2.5445289611816406,8.612903594970703,1.809999942779541,3.4755613803863525,3.180000066757202,0.9836751818656921,10.040695190429688
2012-11-27,2.498023271560669,8.612903594970703,2.0299999713897705,3.6072657108306885,3.1700000762939453,0.9238571524620056,9.887838363647461
2012-11-28,2.6906898021698,9.002686500549316,1.9500000476837158,3.760923385620117,3.0899999141693115,0.9437963962554932,10.336852073669434
2012-11-29,2.8302078247070312,9.725665092468262,1.909999966621399,3.8853113651275635,3.130000114440918,0.9504427909851074,10.900506019592285
2012-11-30,2.8235630989074707,9.574780464172363,1.9900000095367432,3.914579153060913,3.1500000953674316,0.9969679713249207,10.86229133605957
2012-12-03,2.790344476699829,9.51820182800293,1.9900000095367432,3.8853113651275635,3.0999999046325684,0.9437963962554932,10.900506019592285
2012-12-04,3.0162298679351807,9.92684268951416,2.049999952316284,4.295060157775879,3.1600000858306885,0.9437963962554932,10.852738380432129
2012-12-05,3.022874355316162,9.970850944519043,2.0,4.317011833190918,3.119999885559082,0.9305037260055542,10.78586483001709
2012-12-06,2.9830119609832764,9.964563369750977,1.899999976158142,4.302377700805664,3.200000047683716,0.9836751818656921,10.881400108337402
2012-12-07,2.996299982070923,10.109160423278809,1.899999976158142,4.419448375701904,3.119999885559082,1.0169073343276978,11.46416187286377
2012-12-10,3.355057954788208,10.762989044189453,1.899999976158142,5.070659637451172,3.109999895095825,0.9836751818656921,12.190223693847656
2012-12-11,3.095954179763794,10.888721466064453,1.899999976158142,4.67554235458374,3.119999885559082,1.043493390083313,12.037369728088379
2012-12-12,3.2487590312957764,11.37908935546875,1.9600000381469727,4.799929618835449,3.2200000286102295,0.990321695804596,12.19977855682373
2012-12-13,3.1956093311309814,11.272216796875,1.9600000381469727,4.704810619354248,3.2100000381469727,1.056786298751831,12.381293296813965
2012-12-14,3.3351266384124756,11.410527229309082,1.940000057220459,4.792614936828613,3.25,1.0767254829406738,13.413067817687988
2012-12-17,3.3816328048706055,11.38537883758545,1.9800000190734863,4.785297393798828,3.299999952316284,1.1298972368240356,13.976722717285156
2012-12-18,3.4945757389068604,11.617989540100098,2.0,4.821883201599121,3.4800000190734863,1.1631295680999756,15.104032516479492
2012-12-19,3.3882768154144287,11.523691177368164,1.9900000095367432,4.8438334465026855,3.559999942779541,1.2030081748962402,14.578590393066406
2012-12-20,3.3218400478363037,11.2847900390625,1.9600000381469727,4.902368545532227,3.5899999141693115,1.1697759628295898,14.559483528137207
2012-12-21,3.1291730403900146,10.907581329345703,1.850000023841858,4.5657877922058105,3.2300000190734863,1.1764224767684937,14.330201148986816
2012-12-24,3.2753334045410156,11.071040153503418,1.850000023841858,4.704810619354248,3.2699999809265137,1.209654450416565,14.416182518005371
2012-12-26,3.3218400478363037,11.152770042419434,1.850000023841858,4.836516857147217,3.430000066757202,1.3316617012023926,14.08181095123291
2012-12-27,3.4347822666168213,11.454532623291016,1.899999976158142,4.8950514793396,3.380000114440918,1.2498277425765991,14.10091781616211
2012-12-28,3.2886202335357666,11.071040153503418,1.8700000047683716,4.734078407287598,3.440000057220459,1.234948754310608,13.871635437011719
2012-12-31,3.3417701721191406,11.404239654541016,1.9500000476837158,4.8438334465026855,3.440000057220459,1.3093434572219849,13.90029525756836
2013-01-02,3.481287717819214,11.976338386535645,2.0,5.165780067443848,3.509999990463257,1.3093434572219849,14.272879600524902
2013-01-03,3.4613566398620605,11.73743724822998,2.0,5.099926948547363,3.5799999237060547,1.361419439315796,14.215559959411621
2013-01-04,3.3949196338653564,11.467105865478516,2.0,5.048708438873291,3.7300000190734863,1.361419439315796,14.206006050109863
2013-01-07,3.4480700492858887,11.743729591369629,2.0,4.975539207458496,3.7899999618530273,1.361419439315796,14.282434463500977
2013-01-08,3.3949196338653564,11.454532623291016,1.9900000095367432,4.8950514793396,3.740000009536743,1.3837378025054932,14.998943328857422
2013-01-09,3.3816328048706055,11.460823059082031,2.0799999237060547,4.953588008880615,3.7899999618530273,1.4283744096755981,14.769661903381348
2013-01-10,3.408208131790161,11.37908935546875,2.549999952316284,5.0121235847473145,4.010000228881836,1.3986167907714844,14.68367862701416
2013-01-11,3.4613566398620605,11.441963195800781,2.4800000190734863,4.887735366821289,3.890000104904175,1.3986167907714844,14.483057975769043
2013-01-14,3.4015636444091797,11.353944778442383,2.309999942779541,4.829199314117432,3.8399999141693115,1.4060561656951904,14.51171588897705
2013-01-15,3.2819771766662598,10.939017295837402,2.2300000190734863,4.6974945068359375,3.7100000381469727,1.3688586950302124,14.425735473632812
2013-01-16,3.315195083618164,11.052179336547852,2.5399999618530273,4.75602912902832,4.0,1.3911772966384888,14.416182518005371
2013-01-17,3.374988555908203,11.347660064697266,2.640000104904175,4.8145670890808105,3.9000000953674316,1.3539799451828003,14.33975601196289
2013-01-18,3.2753334045410156,11.341373443603516,2.5,4.763347148895264,3.880000114440918,1.4060561656951904,14.33975601196289
2013-01-22,3.3949196338653564,11.467105865478516,2.5199999809265137,5.026756286621094,4.130000114440918,1.3986167907714844,14.54037857055664
2013-01-23,3.3417701721191406,11.335088729858398,2.640000104904175,4.917003631591797,4.019999980926514,1.376298427581787,14.425735473632812
2013-01-24,3.301908254623413,11.253358840942383,2.9600000381469727,4.763347148895264,4.179999828338623,1.3837378025054932,14.788765907287598
2013-01-25,3.2620465755462646,10.913871765136719,2.819999933242798,4.792614936828613,4.25,1.443253517150879,14.80787467956543
2013-01-28,3.1889657974243164,10.668684005737305,2.799999952316284,4.777980804443359,4.170000076293945,1.4283744096755981,15.027604103088379
2013-01-29,3.255401849746704,10.913871765136719,2.930000066757202,4.734078407287598,4.360000133514404,1.4506930112838745,16.67080307006836
2013-01-30,3.1424601078033447,10.800708770751953,2.9800000190734863,4.734078407287598,4.190000057220459,1.458132266998291,16.59437370300293
2013-01-31,3.1491034030914307,10.467507362365723,2.8299999237060547,4.858467102050781,4.309999942779541,1.4060561656951904,16.202680587768555
2013-02-01,3.2421159744262695,11.196778297424316,2.8499999046325684,4.785297393798828,4.340000152587891,1.4283744096755981,16.336429595947266
2013-02-04,3.076023578643799,10.605815887451172,2.7899999618530273,4.353596210479736,4.150000095367432,1.4283744096755981,16.068933486938477
2013-02-05,3.109240770339966,10.624676704406738,2.7300000190734863,4.646275997161865,4.03000020980835,1.4358140230178833,16.002056121826172
2013-02-06,3.082667112350464,10.637248992919922,2.700000047683716,4.521886825561523,3.9200000762939453,1.420935034751892,16.240896224975586
2013-02-07,3.0560927391052246,10.366918563842773,2.5999999046325684,4.338963508605957,3.869999885559082,1.443253517150879,16.049823760986328
2013-02-08,3.095954179763794,10.44235897064209,2.619999885559082,4.309694290161133,3.880000114440918,1.3986167907714844,16.183574676513672
2013-02-11,3.182321548461914,10.480081558227539,2.5299999713897705,4.317011833190918,3.8299999237060547,1.4060561656951904,15.725007057189941
2013-02-12,3.2221837043762207,10.517804145812988,2.5299999713897705,4.360912799835205,3.809999942779541,1.3986167907714844,15.705904006958008
2013-02-13,3.169034957885742,10.593243598937988,2.509999990463257,4.390181064605713,3.799999952316284,1.4283744096755981,15.99250316619873
2013-02-14,3.2354722023010254,10.574382781982422,2.5999999046325684,4.382863998413086,3.8299999237060547,1.3986167907714844,15.954291343688965
2013-02-15,3.1956093311309814,10.536662101745605,2.740000009536743,4.287743091583252,3.859999895095825,1.324222207069397,15.79188060760498
2013-02-19,3.109240770339966,10.398355484008789,2.640000104904175,4.060918807983398,3.809999942779541,1.3539799451828003,15.59125804901123
2013-02-20,2.9896552562713623,9.989710807800293,2.559999942779541,4.185306072235107,3.7699999809265137,1.376298427581787,15.543492317199707
2013-02-21,2.8700695037841797,9.398751258850098,2.450000047683716,4.002381801605225,3.630000114440918,1.3391010761260986,14.559483528137207
2013-02-22,2.9431498050689697,9.386180877685547,2.5399999618530273,4.2365241050720215,3.619999885559082,1.2870250940322876,14.51171588897705
2013-02-25,2.856781482696533,9.210148811340332,2.4200000762939453,4.04628324508667,3.859999895095825,1.2572671175003052,14.272879600524902
2013-02-26,2.8169193267822266,9.52448844909668,2.309999942779541,4.097501277923584,3.799999952316284,1.2944644689559937,13.948062896728516
2013-02-27,2.9763684272766113,9.863973617553711,2.319999933242798,4.20725679397583,3.940000057220459,1.2275092601776123,14.053150177001953
2013-02-28,2.684046506881714,9.134706497192383,2.059999942779541,3.834091901779175,3.8499999046325684,1.153114676475525,12.037369728088379
2013-03-01,2.7837016582489014,9.12842082977295,2.119999885559082,4.075552940368652,3.7699999809265137,1.1828726530075073,12.992715835571289
2013-03-04,2.836851119995117,9.625076293945312,2.25,4.126769542694092,3.799999952316284,1.234948754310608,13.470389366149902
2013-03-05,2.9165749549865723,9.612504959106445,2.440000057220459,4.214574813842773,3.799999952316284,1.2721461057662964,13.594584465026855
2013-03-06,2.956437349319458,9.769673347473145,2.380000114440918,4.243843078613281,3.8499999046325684,1.2944644689559937,14.024490356445312
2013-03-07,2.956437349319458,9.92684268951416,2.2799999713897705,4.265793323516846,3.869999885559082,1.2721461057662964,14.043597221374512
2013-03-08,2.956437349319458,10.008570671081543,2.259999990463257,4.265793323516846,3.890000104904175,1.2870250940322876,13.995829582214355
2013-03-11,2.936506986618042,9.87026309967041,2.2799999713897705,4.177989482879639,3.8299999237060547,1.242388129234314,14.110472679138184
2013-03-12,2.856781482696533,9.851401329040527,2.25,4.243843078613281,3.759999990463257,1.234948754310608,14.68367862701416
2013-03-13,2.9165749549865723,10.146879196166992,2.390000104904175,4.25115966796875,3.819999933242798,1.2647067308425903,14.798319816589355
2013-03-14,2.9497931003570557,10.278903007507324,2.5,4.302377700805664,3.9100000858306885,1.2870250940322876,14.865196228027344
2013-03-15,2.956437349319458,10.467507362365723,2.5,4.404815196990967,4.0,1.3019039630889893,14.674124717712402
2013-03-18,2.9298624992370605,10.486369132995605,2.299999952316284,4.273110866546631,4.039999961853027,1.242388129234314,14.721893310546875
2013-03-19,2.856781482696533,10.197175979614258,2.309999942779541,4.20725679397583,3.930000066757202,1.2944644689559937,14.60725212097168
2013-03-20,2.8235630989074707,10.121733665466309,2.299999952316284,4.163355827331543,3.9000000953674316,1.2944644689559937,14.779213905334473
2013-03-21,2.903287649154663,10.209750175476074,2.319999933242798,4.192624092102051,4.0,1.2647067308425903,14.616806030273438
2013-03-22,2.836851119995117,10.172027587890625,2.309999942779541,4.20725679397583,4.0,1.2944644689559937,14.693231582641602
2013-03-25,2.856781482696533,10.096587181091309,2.2300000190734863,4.134087562561035,3.940000057220459,1.2647067308425903,14.08181095123291
2013-03-26,2.8036327362060547,9.530776977539062,2.2300000190734863,4.009700298309326,3.8299999237060547,1.242388129234314,14.053150177001953
2013-03-27,2.8434948921203613,9.335883140563965,2.4200000762939453,4.002381801605225,3.819999933242798,1.2647067308425903,13.928955078125
2013-03-28,2.757127523422241,9.254158020019531,2.4800000190734863,4.024332523345947,4.019999980926514,1.242388129234314,13.651905059814453
2013-04-01,2.710620880126953,8.920955657958984,2.4800000190734863,3.8706765174865723,3.9200000762939453,1.2870250940322876,13.164677619934082
2013-04-02,2.684046506881714,8.782647132873535,2.390000104904175,3.8706765174865723,3.9000000953674316,1.316782832145691,13.107358932495117
2013-04-03,2.7305519580841064,9.052980422973633,2.1600000858306885,4.031649589538574,3.859999895095825,1.4342803955078125,13.231552124023438
2013-04-04,2.763770341873169,9.071840286254883,2.109999895095825,3.9950647354125977,3.819999933242798,1.3694541454315186,13.17423152923584
2013-04-05,2.703977346420288,9.021543502807617,2.1500000953674316,4.04628324508667,3.819999933242798,1.4099706411361694,13.35574722290039
2013-04-08,2.836851119995117,9.606216430664062,2.1500000953674316,4.324328422546387,3.8399999141693115,1.3775575160980225,13.050036430358887
2013-04-09,2.890000581741333,9.700521469116211,2.200000047683716,4.338963508605957,3.9700000286102295,1.312731146812439,13.63279914855957
2013-04-10,2.8434948921203613,9.687942504882812,2.2300000190734863,4.331645488739014,3.930000066757202,1.337040901184082,13.078697204589844
2013-04-11,2.8302078247070312,9.662797927856445,2.2200000286102295,4.214574813842773,3.8299999237060547,1.3046278953552246,12.983161926269531
2013-04-12,2.737196207046509,9.48048210144043,2.190000057220459,4.038966655731201,3.8399999141693115,1.3613508939743042,13.202892303466797
2013-04-15,2.6774020195007324,9.285591125488281,2.069999933242798,3.9731130599975586,3.7200000286102295,1.3532476425170898,12.620129585266113
2013-04-16,2.697333574295044,9.555923461914062,2.130000114440918,4.053600311279297,3.549999952316284,1.3532476425170898,12.620129585266113
2013-04-17,2.6176090240478516,9.254158020019531,2.0,3.907261848449707,3.490000009536743,1.3046278953552246,12.24754524230957
2013-04-18,2.6043217182159424,9.210148811340332,2.0399999618530273,3.8706765174865723,3.450000047683716,1.3775575160980225,12.09468936920166
2013-04-19,2.6043217182159424,9.367318153381348,2.0399999618530273,3.914579153060913,3.450000047683716,1.3208345174789429,12.132903099060059
2013-04-22,2.684046506881714,9.467907905578613,2.0399999618530273,3.9657979011535645,3.430000066757202,1.3289377689361572,12.132903099060059
2013-04-23,2.7504827976226807,9.58735466003418,2.069999933242798,4.075552940368652,3.569999933242798,1.345144271850586,12.237992286682129
2013-04-24,2.8700695037841797,9.838826179504395,2.069999933242798,4.177989482879639,3.5399999618530273,1.3532476425170898,12.295313835144043
2013-04-25,2.850137948989868,9.939417839050293,2.069999933242798,4.185306072235107,3.5399999618530273,1.3856608867645264,12.180671691894531
2013-04-26,2.850137948989868,9.863973617553711,2.069999933242798,4.148722171783447,3.369999885559082,1.3775575160980225,12.180671691894531
2013-04-29,2.956437349319458,9.939417839050293,1.9199999570846558,4.141404628753662,3.490000009536743,1.345144271850586,12.180671691894531
2013-04-30,2.9830119609832764,10.021143913269043,2.0899999141693115,4.119453430175781,3.5799999237060547,1.3775575160980225,12.658345222473145
2013-05-01,2.8833565711975098,9.863973617553711,2.0199999809265137,4.082868576049805,3.549999952316284,1.4342803955078125,12.868521690368652
2013-05-02,2.850137948989868,9.920557022094727,2.0199999809265137,4.20725679397583,3.549999952316284,1.4180737733840942,12.5245943069458
2013-05-03,2.757127523422241,9.826254844665527,2.0199999809265137,4.141404628753662,3.5199999809265137,1.4180737733840942,12.7443265914917
2013-05-06,2.8235630989074707,9.757101058959961,2.109999895095825,4.141404628753662,3.549999952316284,1.4423836469650269,12.992715835571289
2013-05-07,2.850137948989868,9.87026309967041,2.309999942779541,4.20725679397583,3.759999990463257,1.4585901498794556,13.651905059814453
2013-05-08,2.8434948921203613,9.819967269897461,2.25,4.163355827331543,3.809999942779541,1.4829000234603882,13.260213851928711
2013-05-09,2.8235630989074707,9.650225639343262,2.0899999141693115,4.097501277923584,3.640000104904175,1.4585901498794556,12.80164623260498
2013-05-10,2.757127523422241,9.449047088623047,2.0899999141693115,4.002381801605225,3.450000047683716,1.4504867792129517,12.314420700073242
2013-05-13,2.8169193267822266,9.49933910369873,2.1600000858306885,4.097501277923584,3.7300000190734863,1.4423836469650269,12.5245943069458
2013-05-14,2.763770341873169,9.44275951385498,2.319999933242798,4.024332523345947,3.7699999809265137,1.491003394126892,11.71255111694336
2013-05-15,2.8302078247070312,9.49305534362793,2.450000047683716,4.04628324508667,3.6500000953674316,1.4747966527938843,12.80164623260498
2013-05-16,2.7837016582489014,9.367318153381348,2.440000057220459,4.082868576049805,3.549999952316284,1.4666935205459595,12.725218772888184
2013-05-17,2.763770341873169,9.625076293945312,2.3299999237060547,4.097501277923584,3.4100000858306885,1.4829000234603882,13.298426628112793
2013-05-20,2.8169193267822266,9.669084548950195,2.109999895095825,4.104818820953369,3.3499999046325684,1.4991066455841064,13.145570755004883
2013-05-21,2.8235630989074707,9.738239288330078,2.490000009536743,4.1706719398498535,3.3499999046325684,1.4991066455841064,13.756993293762207
2013-05-22,2.763770341873169,9.49933910369873,2.240000009536743,4.104818820953369,3.299999952316284,1.4747966527938843,13.60413646697998
2013-05-23,2.7172648906707764,9.304450988769531,2.319999933242798,4.090185642242432,3.369999885559082,1.4585901498794556,13.565923690795898
2013-05-24,2.703977346420288,9.40503978729248,2.119999885559082,4.112136363983154,3.4000000953674316,1.4504867792129517,13.34619426727295
2013-05-28,2.6906898021698,9.298165321350098,2.1500000953674316,4.112136363983154,3.4600000381469727,1.4342803955078125,13.164677619934082
2013-05-29,2.7172648906707764,9.511914253234863,2.130000114440918,4.082868576049805,3.319999933242798,1.4342803955078125,14.148685455322266
2013-05-30,2.757127523422241,9.530776977539062,2.25,4.060918807983398,3.3299999237060547,1.4504867792129517,14.139131546020508
2013-05-31,2.703977346420288,9.49933910369873,2.490000009536743,4.04628324508667,3.240000009536743,1.4585901498794556,13.756993293762207
2013-06-03,2.770413875579834,9.549637794494629,2.4000000953674316,4.090185642242432,3.380000114440918,1.4504867792129517,13.804760932922363
2013-06-04,2.770413875579834,9.637650489807129,2.359999895095825,4.1706719398498535,3.430000066757202,1.4504867792129517,13.756993293762207
2013-06-05,2.763770341873169,9.44275951385498,2.390000104904175,4.119453430175781,3.4000000953674316,1.4504867792129517,14.034043312072754
2013-06-06,2.7305519580841064,9.58735466003418,2.369999885559082,4.126769542694092,3.4200000762939453,1.4829000234603882,14.091364860534668
2013-06-07,2.710620880126953,9.794820785522461,2.3299999237060547,4.214574813842773,3.4000000953674316,1.4991066455841064,14.492610931396484
2013-06-10,2.790344476699829,10.228610038757324,2.299999952316284,4.214574813842773,3.2699999809265137,1.4829000234603882,14.53082275390625
2013-06-11,2.7504827976226807,9.920557022094727,2.2300000190734863,4.112136363983154,3.2699999809265137,1.4504867792129517,14.186901092529297
2013-06-12,2.6906898021698,9.669084548950195,2.109999895095825,3.9731130599975586,3.140000104904175,1.4585901498794556,13.890741348266602
2013-06-13,2.703977346420288,9.606216430664062,2.0999999046325684,4.082868576049805,3.0999999046325684,1.4585901498794556,14.034043312072754
2013-06-14,2.644184112548828,9.58735466003418,2.109999895095825,3.9950647354125977,3.109999895095825,1.4991066455841064,14.15823745727539
2013-06-17,2.6906898021698,9.593646049499512,2.0199999809265137,3.9218955039978027,3.140000104904175,1.4747966527938843,14.23466682434082
2013-06-18,2.684046506881714,9.52448844909668,2.049999952316284,3.899944305419922,3.1500000953674316,1.4829000234603882,14.120023727416992
2013-06-19,2.657470941543579,9.222724914550781,2.0,3.8194580078125,3.0999999046325684,1.4829000234603882,13.948062896728516
2013-06-20,2.6109657287597656,9.059267044067383,1.9600000381469727,3.8194580078125,3.0899999141693115,1.4829000234603882,13.862081527709961
2013-06-21,2.517954111099243,9.0152587890625,2.0,3.936530113220215,2.8499999046325684,1.491003394126892,13.995829582214355
2013-06-24,2.4648051261901855,8.751214027404785,1.9900000095367432,3.731654167175293,3.069999933242798,1.5072097778320312,13.690118789672852
2013-06-25,2.431586265563965,8.788933753967285,2.0399999618530273,3.6731181144714355,3.119999885559082,1.4180737733840942,13.5086030960083
2013-06-26,2.4780924320220947,8.895809173583984,2.0299999713897705,3.717020273208618,3.1600000858306885,1.4180737733840942,13.852527618408203
2013-06-27,2.504667282104492,9.090699195861816,2.0199999809265137,3.760923385620117,3.2200000286102295,1.4585901498794556,13.814314842224121
2013-06-28,2.4714488983154297,9.021543502807617,2.0299999713897705,3.753606081008911,3.240000009536743,1.4261771440505981,14.10091781616211
2013-07-01,2.498023271560669,8.889522552490234,2.0,3.914579153060913,3.369999885559082,1.4099706411361694,14.196452140808105
2013-07-02,2.511310338973999,8.883235931396484,2.0299999713897705,3.9731130599975586,3.3299999237060547,1.4180737733840942,14.397075653076172
2013-07-03,2.6043217182159424,9.109561920166016,2.0299999713897705,4.024332523345947,3.259999990463257,1.4180737733840942,14.3110933303833
2013-07-05,2.5378851890563965,9.35474681854248,2.0299999713897705,3.9511632919311523,3.200000047683716,1.4423836469650269,14.177346229553223
2013-07-08,2.6508283615112305,9.166142463684082,2.0299999713897705,3.936530113220215,3.2699999809265137,1.4585901498794556,14.23466682434082
2013-07-09,2.630897045135498,8.977535247802734,2.0299999713897705,3.9511632919311523,3.2799999713897705,1.4585901498794556,14.40662956237793
2013-07-10,2.6109657287597656,8.96496295928955,2.0299999713897705,3.936530113220215,3.380000114440918,1.4585901498794556,14.425735473632812
2013-07-11,2.630897045135498,9.178716659545898,1.9900000095367432,3.9731130599975586,3.4000000953674316,1.491003394126892,14.502164840698242
2013-07-12,2.5910348892211914,9.115848541259766,1.9900000095367432,3.8194580078125,3.3499999046325684,1.4991066455841064,14.559483528137207
2013-07-15,2.6508283615112305,9.342169761657715,1.9900000095367432,3.899944305419922,3.240000009536743,1.4829000234603882,15.190011978149414
2013-07-16,2.743839740753174,9.304450988769531,1.9900000095367432,3.9511632919311523,3.299999952316284,1.491003394126892,15.543492317199707
2013-07-17,2.703977346420288,9.49305534362793,1.9299999475479126,3.8853113651275635,3.240000009536743,1.4991066455841064,16.422412872314453
2013-07-18,2.743839740753174,9.656512260437012,1.899999976158142,3.9731130599975586,3.2799999713897705,1.5234163999557495,16.336429595947266
2013-07-19,2.684046506881714,9.45533275604248,1.899999976158142,3.936530113220215,3.309999942779541,1.5153130292892456,16.412857055664062
2013-07-22,2.697333574295044,9.537063598632812,1.899999976158142,3.9731130599975586,3.309999942779541,1.5153130292892456,16.298213958740234
2013-07-23,2.7969887256622314,9.555923461914062,1.899999976158142,4.082868576049805,3.3499999046325684,1.5558295249938965,16.22178840637207
2013-07-24,2.8036327362060547,9.719380378723145,1.899999976158142,4.104818820953369,3.2899999618530273,1.5234163999557495,16.002056121826172
2013-07-25,2.777057647705078,9.650225639343262,1.899999976158142,4.082868576049805,3.2699999809265137,1.5234163999557495,15.581705093383789
2013-07-26,2.703977346420288,9.505627632141113,1.9500000476837158,4.090185642242432,3.299999952316284,1.5558295249938965,15.28554916381836
2013-07-29,2.7239089012145996,9.386180877685547,1.9500000476837158,3.9877471923828125,3.25,1.5234163999557495,14.998943328857422
2013-07-30,2.6641151905059814,9.304450988769531,1.9500000476837158,3.9877471923828125,3.200000047683716,1.5720362663269043,14.68367862701416
2013-07-31,2.6906898021698,9.461621284484863,1.9500000476837158,3.9731130599975586,3.3399999141693115,1.5558295249938965,15.696345329284668
2013-08-01,2.790344476699829,9.933131217956543,1.899999976158142,4.112136363983154,3.309999942779541,1.5558295249938965,15.925630569458008
2013-08-02,2.8235630989074707,9.801108360290527,2.0999999046325684,4.126769542694092,3.299999952316284,1.5396227836608887,15.954291343688965
2013-08-05,2.8036327362060547,9.901695251464844,2.0999999046325684,4.053600311279297,3.309999942779541,1.5720362663269043,15.935185432434082
2013-08-06,2.7504827976226807,9.933131217956543,2.059999942779541,4.009700298309326,3.2300000190734863,1.5882426500320435,15.801434516906738
2013-08-07,2.763770341873169,10.21603775024414,1.9500000476837158,4.119453430175781,3.2699999809265137,1.5639326572418213,15.381082534790039
2013-08-08,2.757127523422241,10.222325325012207,1.940000057220459,4.177989482879639,3.2300000190734863,1.5720362663269043,15.74411392211914
2013-08-09,2.8634254932403564,10.788135528564453,1.940000057220459,4.2365241050720215,3.2200000286102295,1.5558295249938965,15.74411392211914
2013-08-12,2.923218011856079,10.656111717224121,2.0,4.382863998413086,3.3299999237060547,1.5639326572418213,15.810989379882812
2013-08-13,3.122528553009033,11.353944778442383,1.9500000476837158,4.668225288391113,3.390000104904175,1.5396227836608887,15.954291343688965
2013-08-14,3.4214937686920166,12.102072715759277,1.9900000095367432,4.975539207458496,3.559999942779541,1.5882426500320435,15.973395347595215
2013-08-15,3.361701250076294,12.051778793334961,2.069999933242798,5.048708438873291,3.549999952316284,1.612552523612976,16.288658142089844
2013-08-16,3.2487590312957764,11.913471221923828,2.0999999046325684,4.9096856117248535,3.5399999618530273,1.5963460206985474,16.202680587768555
2013-08-19,3.3085522651672363,12.353544235229492,2.119999885559082,5.085293292999268,3.4100000858306885,1.5639326572418213,16.097593307495117
2013-08-20,3.2753334045410156,12.334684371948242,2.190000057220459,5.173097133636475,3.5199999809265137,1.5396227836608887,16.0784854888916
2013-08-21,3.2620465755462646,12.737037658691406,2.1500000953674316,5.180413722991943,3.5899999141693115,1.580139398574829,15.667685508728027
2013-08-22,3.534437656402588,12.96336555480957,2.1600000858306885,5.304802417755127,3.549999952316284,1.6044492721557617,16.546606063842773
2013-08-23,3.5145058631896973,12.630163192749023,2.009999990463257,5.114561557769775,3.759999990463257,1.580139398574829,16.054189682006836
2013-08-26,3.408208131790161,12.372405052185059,2.319999933242798,4.982856273651123,3.8299999237060547,1.5639326572418213,16.295095443725586
2013-08-27,3.2819771766662598,11.781447410583496,2.2100000381469727,4.836516857147217,3.7100000381469727,1.5963460206985474,16.179460525512695
2013-08-28,3.2753334045410156,11.831742286682129,2.2100000381469727,4.86578369140625,3.700000047683716,1.612552523612976,16.169824600219727
2013-08-29,3.2819771766662598,11.819167137145996,2.2100000381469727,4.924318790435791,3.740000009536743,1.612552523612976,16.43964385986328
2013-08-30,3.2354722023010254,11.611701965332031,2.2100000381469727,4.960904121398926,3.759999990463257,1.612552523612976,16.26618766784668
2013-09-03,3.2753334045410156,11.919758796691895,2.359999895095825,5.114561557769775,3.7899999618530273,1.5882426500320435,16.60346031188965
2013-09-04,3.2753334045410156,11.944903373718262,2.2899999618530273,5.070659637451172,3.75,1.5639326572418213,17.11418914794922
2013-09-05,3.4480700492858887,12.372405052185059,2.490000009536743,5.238949775695801,3.7799999713897705,1.5315196514129639,16.940732955932617
2013-09-06,3.4746439456939697,12.460421562194824,2.450000047683716,5.516993522644043,3.880000114440918,1.5315196514129639,17.123823165893555
2013-09-09,3.793541193008423,13.158257484436035,2.700000047683716,5.926743507385254,4.090000152587891,1.5720362663269043,17.538188934326172
2013-09-10,4.0393571853637695,13.81836986541748,2.8399999141693115,6.1755218505859375,4.239999771118164,1.612552523612976,17.74055290222168
2013-09-11,4.052644729614258,13.416014671325684,2.8499999046325684,6.182838439941406,4.289999961853027,1.5882426500320435,17.634552001953125
2013-09-12,3.9596333503723145,12.843914031982422,2.6500000953674316,5.926743507385254,4.050000190734863,1.5882426500320435,17.5189151763916
2013-09-13,3.999494791030884,12.887922286987305,2.700000047683716,6.080400466918945,4.070000171661377,1.580139398574829,17.29728126525879
2013-09-16,4.192160606384277,13.195975303649902,2.890000104904175,6.190156936645508,4.340000152587891,1.580139398574829,17.43218994140625
2013-09-17,4.1257243156433105,13.001086235046387,2.940000057220459,6.197472095489502,4.590000152587891,1.6044492721557617,17.788734436035156
2013-09-18,4.238667011260986,13.158257484436035,3.119999885559082,6.395029067993164,4.570000171661377,1.6611720323562622,18.222370147705078
2013-09-19,4.225379467010498,13.328001976013184,3.2899999618530273,6.541369915008545,4.699999809265137,1.67737877368927,18.444005966186523
2013-09-20,4.185518264770508,13.321709632873535,3.4000000953674316,6.621858596801758,4.840000152587891,1.742205023765564,19.01255226135254
2013-09-23,4.338321685791016,13.89380931854248,4.300000190734863,6.951122760772705,4.960000038146973,1.7665146589279175,20.217100143432617
2013-09-24,4.33167839050293,13.837227821350098,4.199999809265137,6.965753555297852,5.150000095367432,1.7827212810516357,19.83164405822754
2013-09-25,4.1523003578186035,13.705207824707031,3.940000057220459,6.980386734008789,4.920000076293945,1.8070309162139893,19.94727897644043
2013-09-26,4.404759407043457,14.472193717956543,3.7899999618530273,7.112092018127441,4.900000095367432,1.8070309162139893,20.217100143432617
2013-09-27,4.311747074127197,14.591643333435059,3.880000114440918,7.090143203735352,4.940000057220459,1.7827212810516357,19.850915908813477
2013-09-30,4.404759407043457,15.088300704956055,4.400000095367432,6.958437442779541,5.0,1.7827212810516357,19.398008346557617
2013-10-01,4.431334018707275,15.056865692138672,4.389999866485596,7.0755085945129395,5.46999979019165,1.7665146589279175,19.475099563598633
2013-10-02,4.424690246582031,15.126022338867188,4.349999904632568,6.834049224853516,5.230000019073486,1.7584115266799927,19.3209171295166
2013-10-03,4.36489725112915,15.157453536987305,4.210000038146973,6.870632648468018,5.210000038146973,1.7665146589279175,19.46546173095703
2013-10-04,4.265242099761963,14.717376708984375,4.349999904632568,6.695024490356445,5.170000076293945,1.7503081560134888,20.78564453125
2013-10-07,4.511058807373047,15.006566047668457,4.360000133514404,6.870632648468018,5.460000038146973,1.7665146589279175,20.592918395996094
2013-10-08,4.584138870239258,14.767674446105957,4.599999904632568,6.914535999298096,5.619999885559082,1.7827212810516357,20.265281677246094
2013-10-09,4.810023784637451,15.050578117370605,4.809999942779541,7.170629501342773,5.71999979019165,1.8070309162139893,20.188188552856445
2013-10-10,5.009334564208984,16.251358032226562,5.320000171661377,7.580378532409668,6.019999980926514,1.8313407897949219,20.70855140686035
2013-10-11,5.235218048095703,16.339366912841797,5.75,7.814523696899414,6.369999885559082,1.9934065341949463,21.11328125
2013-10-14,5.9460930824279785,17.10635757446289,6.539999961853027,8.173051834106445,6.460000038146973,2.0420260429382324,21.200008392333984
2013-10-15,5.500965595245361,16.993196487426758,6.369999885559082,7.807206630706787,6.449999809265137,2.1554722785949707,21.30600929260254
2013-10-16,5.394667148590088,17.144079208374023,5.949999809265137,7.821837902069092,6.099999904632568,2.0987491607666016,21.691463470458984
2013-10-17,5.42788553237915,17.93621253967285,6.309999942779541,7.7413530349731445,6.28000020980835,2.204091787338257,21.344554901123047
2013-10-18,5.713562965393066,18.52717399597168,6.519999980926514,8.034029006958008,6.519999980926514,2.244608163833618,21.691463470458984
2013-10-21,5.979310512542725,20.41950035095215,6.730000019073486,8.399880409240723,6.699999809265137,2.204091787338257,21.85527801513672
2013-10-22,5.633838653564453,19.671367645263672,6.539999961853027,8.173051834106445,6.550000190734863,2.2121951580047607,20.7760066986084
2013-10-23,5.1554951667785645,18.571182250976562,5.380000114440918,7.88037633895874,5.960000038146973,2.1068525314331055,20.670007705688477
2013-10-24,5.520897388458252,19.136993408203125,6.079999923706055,8.319393157958984,6.21999979019165,2.0987491607666016,21.180734634399414
2013-10-25,5.341517925262451,17.382976531982422,6.099999904632568,7.895009517669678,5.960000038146973,2.0501294136047363,21.200008392333984
2013-10-28,5.1554951667785645,17.03091812133789,5.550000190734863,7.595013618469238,5.769999980926514,1.8313407897949219,21.238554000854492
2013-10-29,4.816667079925537,16.19477653503418,4.800000190734863,7.016972541809082,5.369999885559082,1.8313407897949219,21.12291717529297
2013-10-30,4.962827682495117,16.377092361450195,4.989999771118164,7.082826137542725,5.239999771118164,1.8961671590805054,20.419462203979492
2013-10-31,4.816667079925537,16.28907585144043,4.989999771118164,7.082826137542725,5.28000020980835,1.8313407897949219,20.091825485229492
2013-11-01,4.630643844604492,16.138193130493164,4.940000057220459,6.892584323883057,5.139999866485596,1.8799606561660767,19.46546173095703
2013-11-04,4.61071252822876,15.993597984313965,5.239999771118164,6.921852111816406,5.260000228881836,1.8151342868804932,19.272735595703125
2013-11-05,4.929610252380371,17.112646102905273,5.699999809265137,7.485260009765625,5.570000171661377,1.8556509017944336,20.621826171875
2013-11-06,4.690436840057373,16.634851455688477,5.53000020980835,7.0096564292907715,5.550000190734863,1.8637540340423584,21.25782585144043
2013-11-07,4.584138870239258,16.24506950378418,5.489999771118164,6.921852111816406,5.320000171661377,1.8313407897949219,21.209644317626953
2013-11-08,4.597426414489746,16.785734176635742,5.639999866485596,7.0755085945129395,5.170000076293945,1.8718572854995728,21.4505558013916
2013-11-11,4.770162105560303,16.21363639831543,5.639999866485596,7.112092018127441,5.210000038146973,1.8232375383377075,22.578006744384766
2013-11-12,4.670505046844482,15.786136627197266,5.570000171661377,6.973072052001953,5.050000190734863,1.8232375383377075,22.606914520263672
2013-11-13,4.663863658905029,16.012460708618164,5.53000020980835,7.141362190246582,4.949999809265137,1.8232375383377075,22.578006744384766
2013-11-14,4.916323661804199,16.51540184020996,5.75,7.624281406402588,5.170000076293945,1.79082453250885,23.38746452331543
2013-11-15,5.215287685394287,16.993196487426758,6.110000133514404,7.66818380355835,5.46999979019165,1.798927903175354,24.20655632019043
2013-11-18,4.989403247833252,16.301651000976562,5.880000114440918,7.558429718017578,5.199999809265137,1.7503081560134888,24.100557327270508
2013-11-19,4.6572184562683105,16.30793571472168,5.440000057220459,7.097458362579346,5.03000020980835,1.67737877368927,22.674373626708984
2013-11-20,4.916323661804199,17.100078582763672,5.880000114440918,7.602330207824707,5.199999809265137,1.6854819059371948,23.917463302612305
2013-11-21,5.122276782989502,17.533863067626953,6.380000114440918,7.609645366668701,5.369999885559082,1.742205023765564,24.428190231323242
2013-11-22,5.481035232543945,17.961360931396484,6.869999885559082,8.151105880737305,5.860000133514404,1.8637540340423584,25.29546546936035
2013-11-25,5.607265472412109,18.55232048034668,7.989999771118164,8.399880409240723,5.980000019073486,1.8394443988800049,25.690553665161133
2013-11-26,5.859724998474121,19.231294631958008,8.739999771118164,9.255964279174805,6.650000095367432,2.00150990486145,28.302011489868164
2013-11-27,5.992599964141846,19.375885009765625,8.640000343322754,9.438889503479004,6.639999866485596,1.9528902769088745,28.86092185974121
2013-11-29,6.0789666175842285,19.74681282043457,8.789999961853027,9.219382286071777,6.659999847412109,2.025819778442383,28.6392822265625
2013-12-02,5.899586200714111,19.149560928344727,7.340000152587891,9.182796478271484,6.349999904632568,1.9447870254516602,28.658554077148438
2013-12-03,5.540827751159668,18.149967193603516,6.960000038146973,8.802310943603516,6.0,1.8637540340423584,27.039644241333008
2013-12-04,5.281724452972412,17.879634857177734,6.989999771118164,8.751092910766602,5.940000057220459,1.9042705297470093,27.068557739257812
2013-12-05,5.142207145690918,17.10635757446289,6.909999847412109,8.348661422729492,5.96999979019165,1.8718572854995728,27.19382667541504
2013-12-06,5.261794090270996,17.288673400878906,7.300000190734863,8.429149627685547,6.139999866485596,1.9042705297470093,27.791284561157227
2013-12-09,5.202001094818115,17.873350143432617,7.420000076293945,8.487686157226562,6.170000076293945,1.8961671590805054,28.03219223022461
2013-12-10,5.069127082824707,17.8922119140625,6.96999979019165,8.304757118225098,6.0,1.9123737812042236,28.012920379638672
2013-12-11,4.8365983963012695,17.288673400878906,7.0,8.136470794677734,5.920000076293945,1.8799606561660767,28.176734924316406
2013-12-12,4.796736240386963,16.854888916015625,7.309999942779541,8.158419609069824,5.829999923706055,1.8718572854995728,28.292373657226562
2013-12-13,4.73694372177124,16.86745834350586,7.369999885559082,8.055984497070312,5.710000038146973,1.8313407897949219,28.1478271484375
2013-12-16,4.9030351638793945,16.829740524291992,7.090000152587891,8.187688827514648,5.980000019073486,1.9204767942428589,30.508739471435547
2013-12-17,4.982758522033691,17.42698860168457,6.96999979019165,8.751092910766602,5.900000095367432,1.9366836547851562,31.22182846069336
2013-12-18,5.108989715576172,16.97433853149414,6.699999809265137,8.685242652893066,5.800000190734863,1.9853031635284424,32.04092025756836
2013-12-19,4.982758522033691,16.263933181762695,5.699999809265137,8.246224403381348,5.539999961853027,1.9771997928619385,32.04092025756836
2013-12-20,4.750230312347412,15.7798490524292,5.940000057220459,8.019400596618652,5.46999979019165,1.9042705297470093,32.195106506347656
2013-12-23,4.969470977783203,16.09419059753418,5.809999942779541,8.136470794677734,5.28000020980835,1.8394443988800049,32.927467346191406
2013-12-24,4.703725337982178,15.861573219299316,5.949999809265137,8.034029006958008,5.230000019073486,1.8475476503372192,32.47455978393555
2013-12-26,4.710368633270264,15.679256439208984,5.860000133514404,7.712086200714111,5.340000152587891,1.79082453250885,32.47455978393555
2013-12-27,4.60407018661499,15.7798490524292,5.110000133514404,7.946226119995117,5.309999942779541,1.7665146589279175,32.37818908691406
2013-12-30,4.590781211853027,15.138594627380371,5.079999923706055,7.638916015625,5.28000020980835,1.7746180295944214,32.05055618286133
2013-12-31,4.624000072479248,15.258042335510254,5.059999942779541,7.6462321281433105,5.239999771118164,1.7584115266799927,31.76146697998047
2014-01-02,4.411402702331543,14.817970275878906,5.050000190734863,7.3169684410095215,5.179999828338623,1.7097917795181274,31.23146629333496
2014-01-03,4.36489725112915,14.522490501403809,5.800000190734863,7.309650897979736,5.460000038146973,1.7178950309753418,31.12546730041504
2014-01-06,4.238667011260986,13.88752269744873,6.159999847412109,7.0755085945129395,5.21999979019165,1.6530687808990479,31.39528465270996
2014-01-07,4.384829044342041,14.302449226379395,5.480000019073486,7.126726150512695,5.230000019073486,1.67737877368927,31.443464279174805
2014-01-08,4.34496545791626,14.396747589111328,5.789999961853027,7.155996799468994,5.239999771118164,1.6854819059371948,29.3041934967041
2014-01-09,4.431334018707275,14.35903263092041,5.71999979019165,7.016972541809082,5.179999828338623,1.6692754030227661,31.22182846069336
2014-01-10,4.37153959274292,14.315022468566895,5.949999809265137,6.973072052001953,5.099999904632568,1.67737877368927,31.87710189819336
2014-01-13,4.271885871887207,13.84980297088623,5.900000095367432,6.716978073120117,5.059999942779541,1.7503081560134888,31.07728385925293
2014-01-14,4.3183913230896,13.988109588623047,5.96999979019165,6.74624490737915,5.039999961853027,1.742205023765564,30.9231014251709
2014-01-15,4.36489725112915,14.107560157775879,6.039999961853027,6.775514602661133,5.050000190734863,1.7097917795181274,30.6051025390625
2014-01-16,4.35161018371582,14.16413688659668,5.869999885559082,6.680391311645508,4.989999771118164,1.7178950309753418,30.58582878112793
2014-01-17,4.411402702331543,14.459620475769043,5.539999961853027,6.782830238342285,4.96999979019165,1.7097917795181274,29.65110206604004
2014-01-21,4.5509185791015625,15.025434494018555,5.96999979019165,7.060875415802002,4.920000076293945,1.7584115266799927,30.026920318603516
2014-01-22,4.517702579498291,14.654509544372559,5.630000114440918,6.834049224853516,4.840000152587891,1.7097917795181274,27.367284774780273
2014-01-23,4.132368087768555,13.082810401916504,5.25,6.190156936645508,4.190000057220459,1.4991066455841064,23.23328399658203
2014-01-24,4.185518264770508,12.47928237915039,5.099999904632568,5.9633283615112305,4.150000095367432,1.6044492721557617,22.182918548583984
2014-01-27,4.530989170074463,12.730753898620605,5.090000152587891,6.424298286437988,4.199999809265137,1.5639326572418213,24.74618911743164
2014-01-28,4.398115158081055,12.19637680053711,5.21999979019165,6.226739883422852,4.190000057220459,1.5882426500320435,24.31255340576172
2014-01-29,4.185518264770508,11.82545280456543,4.96999979019165,6.007231712341309,4.159999847412109,1.491003394126892,22.645462036132812
2014-01-30,4.046000957489014,11.592842102050781,5.099999904632568,5.8316240310668945,4.25,1.5153130292892456,22.260009765625
2014-01-31,3.8666205406188965,11.429388046264648,5.150000095367432,5.816989421844482,4.150000095367432,1.4991066455841064,21.383098602294922
2014-02-03,3.693885326385498,10.744124412536621,5.050000190734863,5.480409145355225,4.070000171661377,1.4829000234603882,21.055463790893555
2014-02-04,3.693885326385498,10.78184700012207,5.170000076293945,5.553581237792969,4.039999961853027,1.491003394126892,22.44310188293457
2014-02-05,3.693885326385498,10.668684005737305,5.170000076293945,5.487727165222168,4.090000152587891,1.4991066455841064,22.39491844177246
2014-02-06,3.8799068927764893,10.983025550842285,5.289999961853027,5.604798316955566,4.199999809265137,1.5963460206985474,23.088735580444336
2014-02-07,4.046000957489014,11.435673713684082,5.179999828338623,5.853575229644775,4.300000190734863,1.6287590265274048,23.541645050048828
2014-02-10,3.8466899394989014,11.033317565917969,4.929999828338623,5.707235336303711,4.199999809265137,1.6368623971939087,22.770734786987305
2014-02-11,3.8400466442108154,11.404239654541016,5.139999866485596,6.080400466918945,4.139999866485596,1.6854819059371948,23.146554946899414
2014-02-12,4.285172462463379,12.315823554992676,5.199999809265137,6.424298286437988,4.360000133514404,1.742205023765564,24.563100814819336
2014-02-13,4.451265335083008,12.869061470031738,5.349999904632568,6.673075199127197,4.269999980926514,1.701688528060913,25.767642974853516
2014-02-14,4.9030351638793945,14.377894401550293,5.849999904632568,7.295018196105957,4.760000228881836,1.798927903175354,26.230192184448242
2014-02-18,4.770162105560303,14.16413688659668,6.150000095367432,7.243798732757568,5.090000152587891,1.8394443988800049,26.615644454956055
2014-02-19,4.677149772644043,13.447444915771484,5.769999980926514,7.002338886260986,4.929999828338623,1.7665146589279175,25.94110107421875
2014-02-20,4.690436840057373,13.937820434570312,6.050000190734863,7.0755085945129395,5.070000171661377,1.798927903175354,26.25910186767578
2014-02-21,4.663863658905029,13.956673622131348,6.110000133514404,7.016972541809082,5.130000114440918,1.8394443988800049,26.91437339782715
2014-02-24,4.816667079925537,14.792827606201172,6.320000171661377,7.214531421661377,5.099999904632568,1.8070309162139893,27.26128578186035
2014-02-25,4.637287616729736,14.365317344665527,6.199999809265137,6.987706184387207,4.949999809265137,1.7178950309753418,26.307281494140625
2014-02-26,4.630643844604492,14.233292579650879,6.099999904632568,6.951122760772705,4.769999980926514,1.6935852766036987,25.892919540405273
2014-02-27,4.624000072479248,14.390464782714844,6.300000190734863,7.060875415802002,4.78000020980835,1.67737877368927,25.690553665161133
2014-02-28,4.650575160980225,14.711090087890625,6.360000133514404,7.441359043121338,4.880000114440918,1.6530687808990479,25.93146514892578
2014-03-03,4.61735725402832,14.428187370300293,6.199999809265137,7.265750408172607,4.619999885559082,1.644965410232544,25.218374252319336
2014-03-04,4.796736240386963,14.572779655456543,6.28000020980835,7.485260009765625,4.800000190734863,1.6611720323562622,25.738737106323242
2014-03-05,4.8831048011779785,14.79910945892334,6.369999885559082,7.463308334350586,4.800000190734863,1.6692754030227661,25.565284729003906
2014-03-06,5.089057922363281,15.440360069274902,6.480000019073486,7.653550624847412,4.900000095367432,1.6854819059371948,27.463645935058594
2014-03-07,4.962827682495117,15.490653038024902,6.619999885559082,7.712086200714111,4.889999866485596,1.6692754030227661,27.328737258911133
2014-03-10,4.783448219299316,15.226603507995605,6.25,7.4925761222839355,4.829999923706055,1.6368623971939087,27.357646942138672
2014-03-11,4.7635178565979,14.792827606201172,6.179999828338623,7.236480236053467,4.760000228881836,1.6206556558609009,27.232372283935547
2014-03-12,4.61735725402832,14.572779655456543,6.230000019073486,7.170629501342773,4.730000019073486,1.5882426500320435,27.039644241333008
2014-03-13,4.597426414489746,14.50362777709961,6.5,7.192579746246338,4.650000095367432,1.5558295249938965,26.345829010009766
2014-03-14,4.6572184562683105,14.44704532623291,6.570000171661377,7.273066997528076,4.670000076293945,1.612552523612976,26.615644454956055
2014-03-17,4.843242645263672,15.01285457611084,6.639999866485596,7.595013618469238,4.829999923706055,1.6368623971939087,27.66600799560547
2014-03-18,5.022620677947998,15.672975540161133,6.599999904632568,7.982813358306885,4.78000020980835,1.6368623971939087,27.791284561157227
2014-03-19,4.790093421936035,15.434074401855469,6.369999885559082,7.734035491943359,4.809999942779541,1.5882426500320435,28.041828155517578
2014-03-20,4.849885940551758,15.76098346710205,6.139999866485596,7.858424186706543,4.769999980926514,1.5963460206985474,28.1574649810791
2014-03-21,4.916323661804199,16.270212173461914,6.340000152587891,8.158419609069824,4.860000133514404,1.6287590265274048,28.7934627532959
2014-03-24,4.929610252380371,16.345657348632812,6.489999771118164,8.209637641906738,4.960000038146973,1.644965410232544,28.6392822265625
2014-03-25,5.082413673400879,16.905183792114258,6.539999961853027,8.568171501159668,5.090000152587891,1.6611720323562622,28.870555877685547
2014-03-26,5.055839538574219,16.421104431152344,6.550000190734863,8.392561912536621,5.079999923706055,1.6692754030227661,28.215286254882812
2014-03-27,5.208643436431885,16.936616897583008,7.230000019073486,8.736461639404297,5.599999904632568,1.8313407897949219,28.62964630126953
2014-03-28,5.374736309051514,17.074928283691406,7.0,8.707192420959473,5.539999961853027,1.79082453250885,29.256011962890625
2014-03-31,5.5607590675354,17.697315216064453,7.400000095367432,9.00718879699707,5.829999923706055,1.9447870254516602,30.026920318603516
2014-04-01,5.76007080078125,18.07452392578125,7.349999904632568,9.29255199432373,5.769999980926514,1.9447870254516602,29.892009735107422
2014-04-02,5.979310512542725,18.759788513183594,7.659999847412109,9.863271713256836,6.269999980926514,1.9285802841186523,30.123281478881836
2014-04-03,5.959380149841309,18.621475219726562,7.380000114440918,9.775470733642578,6.099999904632568,1.9447870254516602,29.80528450012207
2014-04-04,6.039104461669922,18.891809463500977,7.389999866485596,9.519372940063477,6.210000038146973,1.9609934091567993,29.689647674560547
2014-04-07,6.132115364074707,19.52048683166504,7.940000057220459,9.877908706665039,6.190000057220459,1.9204767942428589,29.583650588989258
2014-04-08,6.3845744132995605,20.0988712310791,8.100000381469727,10.090102195739746,6.599999904632568,2.009613037109375,29.4680118560791
2014-04-09,6.371288776397705,20.05486488342285,8.680000305175781,9.936444282531738,6.519999980926514,2.0420260429382324,29.535465240478516
2014-04-10,6.31149435043335,20.080015182495117,8.329999923706055,9.775470733642578,6.650000095367432,2.00150990486145,29.005464553833008
2014-04-11,6.019174098968506,19.841114044189453,8.0600004196167,9.62181282043457,6.46999979019165,2.0339226722717285,28.67782974243164
2014-04-14,6.019174098968506,20.1491641998291,8.350000381469727,9.658398628234863,6.550000190734863,2.066336154937744,28.71637535095215
2014-04-15,5.899586200714111,19.665082931518555,8.279999732971191,9.63645076751709,6.269999980926514,2.00150990486145,28.19601058959961
2014-04-16,5.912874698638916,19.627365112304688,8.239999771118164,9.63645076751709,6.300000190734863,2.00150990486145,28.52364730834961
2014-04-17,5.873013973236084,19.344457626342773,8.279999732971191,9.519372940063477,6.309999942779541,1.9853031635284424,28.465829849243164
2014-04-21,5.859724998474121,19.193574905395508,8.279999732971191,9.548646926879883,6.389999866485596,1.9366836547851562,28.22492027282715
2014-04-22,6.191908359527588,19.834827423095703,8.890000343322754,10.009612083435059,6.610000133514404,1.9204767942428589,28.658554077148438
2014-04-23,6.278276443481445,20.048572540283203,9.670000076293945,10.097416877746582,7.079999923706055,1.9528902769088745,28.176734924316406
2014-04-24,6.411150932312012,20.15544891357422,10.489999771118164,10.112051963806152,7.300000190734863,2.074439525604248,28.359830856323242
2014-04-25,6.132115364074707,19.118135452270508,9.5,9.7315673828125,7.070000171661377,2.0582327842712402,27.136009216308594
2014-04-28,6.032459735870361,18.916954040527344,9.5,9.629134178161621,7.53000020980835,2.1635754108428955,26.885467529296875
2014-04-29,6.231771469116211,19.023828506469727,9.34000015258789,9.673033714294434,7.480000019073486,2.1149556636810303,27.444372177124023
2014-04-30,6.510803699493408,19.212432861328125,9.239999771118164,9.848637580871582,7.400000095367432,2.139265775680542,27.425100326538086
2014-05-01,6.417794704437256,19.193574905395508,9.130000114440918,9.929125785827637,7.210000038146973,2.0987491607666016,27.588918685913086
2014-05-02,6.5639543533325195,19.652509689331055,9.470000267028809,10.141319274902344,7.28000020980835,2.1068525314331055,27.550373077392578
2014-05-05,6.730046272277832,19.885120391845703,9.989999771118164,10.016929626464844,7.670000076293945,2.2202982902526855,28.35019302368164
2014-05-06,6.577240467071533,19.652509689331055,9.979999542236328,9.834007263183594,7.670000076293945,2.2689177989959717,27.155282974243164
2014-05-07,6.663609981536865,20.243467330932617,10.350000381469727,10.243758201599121,7.699999809265137,2.252711296081543,29.9594669342041
2014-05-08,6.497518062591553,19.401042938232422,9.930000305175781,9.834007263183594,7.369999885559082,2.1716787815093994,30.6051025390625
2014-05-09,6.451012134552002,19.71537208557129,9.789999961853027,9.914494514465332,7.539999961853027,2.244608163833618,29.583650588989258
2014-05-12,6.397863388061523,19.413612365722656,10.350000381469727,9.687666893005371,7.539999961853027,2.1635754108428955,29.4583740234375
2014-05-13,6.331426620483398,19.01754379272461,10.210000038146973,9.431573867797852,7.769999980926514,2.1473686695098877,28.995826721191406
2014-05-14,6.145402908325195,18.86037254333496,9.90999984741211,9.277917861938477,7.420000076293945,2.1473686695098877,29.33310317993164
2014-05-15,5.846436023712158,18.489458084106445,9.09000015258789,9.043773651123047,7.130000114440918,2.0582327842712402,28.668190002441406
2014-05-16,5.926161289215088,18.71578025817871,8.789999961853027,9.153528213500977,7.170000076293945,2.066336154937744,28.359830856323242
2014-05-19,5.912874698638916,18.659191131591797,8.829999923706055,9.1754789352417,7.090000152587891,2.0906457901000977,28.72601318359375
2014-05-20,5.952736854553223,18.86665916442871,9.0,9.219382286071777,6.960000038146973,2.017716407775879,28.48509979248047
2014-05-21,5.892943382263184,18.916954040527344,9.210000038146973,9.255964279174805,7.360000133514404,2.0987491607666016,27.444372177124023
2014-05-22,5.972665786743164,19.05526351928711,9.09000015258789,9.37118148803711,7.78000020980835,2.0987491607666016,27.945463180541992
2014-05-23,5.979310512542725,18.879234313964844,9.359999656677246,9.27578067779541,7.789999961853027,2.1635754108428955,28.52364730834961
2014-05-27,5.919517993927002,18.28827667236328,9.239999771118164,8.996919631958008,7.929999828338623,2.2284016609191895,28.128555297851562
2014-05-28,5.912874698638916,18.21912384033203,9.319999694824219,8.938210487365723,8.210000038146973,2.252711296081543,28.02255630493164
2014-05-29,6.218481540679932,19.526779174804688,9.930000305175781,9.569318771362305,8.850000381469727,2.3256406784057617,28.620012283325195
2014-05-30,6.377931594848633,19.885120391845703,9.789999961853027,9.965592384338379,8.880000114440918,2.4147768020629883,28.7934627532959
2014-06-02,6.2517008781433105,20.180599212646484,9.829999923706055,9.936238288879395,8.90999984741211,2.4066736698150635,29.2945556640625
2014-06-03,6.550666809082031,21.268220901489258,10.350000381469727,10.105020523071289,8.890000343322754,2.3661575317382812,29.400558471679688
2014-06-04,6.643680095672607,21.33736801147461,10.6899995803833,10.405898094177246,8.899999618530273,2.3904671669006348,29.911285400390625
2014-06-05,6.862919807434082,22.060344696044922,10.930000305175781,10.846202850341797,9.039999961853027,2.5282230377197266,29.75710105895996
2014-06-06,6.816416263580322,21.99118995666504,11.760000228881836,10.648064613342285,9.420000076293945,2.5930495262145996,29.689647674560547
2014-06-09,7.274829864501953,23.267419815063477,12.699999809265137,11.044342994689941,9.65999984741211,2.6416690349578857,30.624378204345703
2014-06-10,7.527287006378174,23.562894821166992,12.020000457763672,11.044342994689941,9.199999809265137,2.5201196670532227,31.790374755859375
2014-06-11,7.082161903381348,21.783727645874023,12.079999923706055,10.156391143798828,9.210000038146973,2.5201196670532227,32.195106506347656
2014-06-12,7.035654067993164,20.903579711914062,12.140000343322754,10.046313285827637,9.130000114440918,2.430983543395996,31.491649627685547
2014-06-13,7.208393573760986,21.17391014099121,11.9399995803833,10.141716003417969,9.369999885559082,2.439086675643921,31.73255729675293
2014-06-16,6.524093151092529,19.935413360595703,10.199999809265137,9.312470436096191,8.75,2.1797821521759033,27.945463180541992
2014-06-17,6.723402500152588,19.9857120513916,10.3100004196167,9.341825485229492,8.920000076293945,2.187885284423828,28.928377151489258
2014-06-18,6.763265609741211,20.620676040649414,10.09000015258789,9.635361671447754,9.550000190734863,2.301331043243408,31.135103225708008
2014-06-19,6.510803699493408,19.63365364074707,9.699999809265137,9.37118148803711,8.800000190734863,2.187885284423828,30.9423770904541
2014-06-20,7.294760227203369,22.450130462646484,11.0600004196167,10.530652046203613,9.489999771118164,2.430983543395996,32.53237533569336
2014-06-23,7.779748916625977,23.424579620361328,11.579999923706055,11.110387802124023,9.890000343322754,2.4633965492248535,34.64274215698242
2014-06-24,7.607010841369629,21.997482299804688,12.100000381469727,10.611372947692871,9.470000267028809,2.382363796234131,33.293643951416016
2014-06-25,7.91262149810791,23.657196044921875,12.199999809265137,11.16909408569336,9.680000305175781,2.309434175491333,33.53455352783203
2014-06-26,7.83289909362793,23.341768264770508,11.720000267028809,10.75814151763916,9.460000038146973,2.2284016609191895,32.320377349853516
2014-06-27,7.839540958404541,23.19868278503418,11.949999809265137,10.62605094909668,9.5600004196167,2.2608144283294678,31.93492317199707
2014-06-30,7.733241081237793,23.432815551757812,12.619999885559082,10.750802993774414,9.800000190734863,2.2365050315856934,31.491649627685547
2014-07-01,8.032208442687988,24.050668716430664,13.529999732971191,11.014986991882324,9.949999809265137,2.2851245403289795,32.18547058105469
2014-07-02,8.171955108642578,25.045730590820312,13.800000190734863,11.22046184539795,10.130000114440918,2.309434175491333,32.975650787353516
2014-07-03,8.424833297729492,25.605056762695312,13.930000305175781,11.381909370422363,10.279999732971191,2.382363796234131,33.038551330566406
2014-07-07,8.318359375,25.63106346130371,13.720000267028809,11.315864562988281,10.0600004196167,2.4796032905578613,33.174034118652344
2014-07-08,8.378251075744629,25.325397491455078,13.899999618530273,11.528677940368652,10.359999656677246,2.5282230377197266,34.354679107666016
2014-07-09,8.977174758911133,27.718753814697266,15.470000267028809,12.159781455993652,10.949999809265137,2.7145986557006836,35.95144271850586
2014-07-10,9.203432083129883,28.492694854736328,15.600000381469727,12.482678413391113,11.399999618530273,2.7794246673583984,36.754661560058594
2014-07-11,9.289942741394043,29.930021286010742,16.43000030517578,12.490012168884277,11.449999809265137,2.674081802368164,36.74498748779297
2014-07-14,9.236705780029297,29.864974975585938,16.469999313354492,12.394615173339844,10.960000038146973,2.5363266468048096,35.99983215332031
2014-07-15,8.84407901763916,27.478120803833008,15.739999771118164,11.807538986206055,10.850000381469727,2.4633965492248535,35.29338073730469
2014-07-16,8.857391357421875,27.998409271240234,14.600000381469727,12.093737602233887,10.550000190734863,2.447190284729004,35.419185638427734
2014-07-17,8.611166000366211,27.497631072998047,13.399999618530273,12.042369842529297,10.079999923706055,2.3661575317382812,34.57725524902344
2014-07-18,9.32987117767334,29.24712371826172,14.9399995803833,12.416630744934082,10.850000381469727,2.5525331497192383,36.77401351928711
2014-07-21,8.910628318786621,28.33009910583496,14.369999885559082,11.726814270019531,10.449999809265137,2.4147768020629883,36.00950622558594
2014-07-22,8.784185409545898,28.180519104003906,14.3100004196167,11.433279037475586,10.430000305175781,2.3661575317382812,35.71918487548828
2014-07-23,8.551274299621582,27.21796417236328,13.449999809265137,11.33054256439209,10.050000190734863,2.3418476581573486,34.79983139038086
2014-07-24,8.7376070022583,28.252050399780273,14.229999542236328,11.396587371826172,10.149999618530273,2.382363796234131,35.80628204345703
2014-07-25,8.305049896240234,27.237478256225586,13.699999809265137,10.846202850341797,9.75,2.317537546157837,34.74177169799805
2014-07-28,7.96566104888916,24.766077041625977,12.859999656677246,10.33985424041748,9.3100004196167,2.317537546157837,33.44499969482422
2014-07-29,8.251811981201172,25.858692169189453,13.5600004196167,11.095709800720215,9.880000114440918,2.430983543395996,34.441768646240234
2014-07-30,9.269979476928711,29.227611541748047,16.059999465942383,12.445981979370117,11.3100004196167,2.738908290863037,37.6546630859375
2014-07-31,8.58454704284668,27.523643493652344,14.550000190734863,11.829553604125977,10.3100004196167,2.5201196670532227,34.23854064941406
2014-08-01,8.724294662475586,27.31552505493164,14.930000305175781,11.455291748046875,10.300000190734863,2.49580979347229,33.06758117675781
2014-08-04,8.597857475280762,26.55459213256836,14.859999656677246,11.257155418395996,10.569999694824219,2.4715001583099365,33.06758117675781
2014-08-05,7.7793288230896,23.966123580932617,13.880000114440918,10.325176239013672,10.079999923706055,2.3499507904052734,32.49662399291992
2014-08-06,7.825913906097412,23.914091110229492,14.0,10.383883476257324,10.3100004196167,2.3661575317382812,32.82564926147461
2014-08-07,7.919078350067139,24.414875030517578,14.220000267028809,10.772822380065918,10.529999732971191,2.3661575317382812,32.35145568847656
2014-08-08,7.959005832672119,24.128719329833984,14.140000343322754,10.677420616149902,10.5600004196167,2.3499507904052734,32.670814514160156
2014-08-11,7.619617462158203,23.549884796142578,13.609999656677246,10.207761764526367,10.119999885559082,2.3580539226531982,31.557912826538086
2014-08-12,7.5597243309021,23.458833694458008,13.529999732971191,9.906886100769043,9.859999656677246,2.3337440490722656,30.774045944213867
2014-08-13,7.612964630126953,23.432815551757812,13.100000381469727,9.760115623474121,9.5600004196167,2.3337440490722656,30.82243537902832
2014-08-14,7.406667709350586,23.06861114501953,12.319999694824219,9.297795295715332,9.279999732971191,2.2284016609191895,29.970823287963867
2014-08-15,7.320155143737793,23.016584396362305,12.300000190734863,9.481256484985352,9.479999542236328,2.2689177989959717,31.112756729125977
2014-08-18,7.433287143707275,23.36778450012207,12.720000267028809,9.59133243560791,9.739999771118164,2.317537546157837,32.5256462097168
2014-08-19,7.2802276611328125,23.094623565673828,12.449999809265137,9.525286674499512,9.539999961853027,2.2770211696624756,31.93532943725586
2014-08-20,6.801090240478516,22.52229881286621,11.59000015258789,9.121670722961426,9.300000190734863,2.244608163833618,31.161142349243164
2014-08-21,6.727890968322754,22.242643356323242,11.350000381469727,9.055628776550293,9.100000381469727,2.187885284423828,30.957916259765625
2014-08-22,6.8609819412231445,22.619861602783203,11.3100004196167,9.363839149475098,9.300000190734863,2.2202982902526855,31.403078079223633
2014-08-25,6.987421035766602,22.899511337280273,11.710000038146973,9.363839149475098,9.199999809265137,2.244608163833618,31.87726593017578
2014-08-26,6.747854232788086,22.606849670410156,11.0600004196167,9.231749534606934,8.800000190734863,2.2121951580047607,32.32242965698242
2014-08-27,6.980766773223877,23.03609275817871,10.59000015258789,9.217072486877441,8.880000114440918,2.204091787338257,32.23533248901367
2014-08-28,6.907565593719482,23.023086547851562,10.319999694824219,9.239087104797363,8.600000381469727,2.2202982902526855,31.97403907775879
2014-08-29,7.0473151206970215,22.717409133911133,10.319999694824219,9.305134773254395,8.899999618530273,2.2284016609191895,31.97403907775879
2014-09-02,7.173752784729004,22.919025421142578,10.59000015258789,9.356501579284668,8.930000305175781,2.244608163833618,32.6224250793457
2014-09-03,7.746056079864502,24.317323684692383,11.770000457763672,9.921563148498535,9.489999771118164,2.3580539226531982,34.52886962890625
2014-09-04,7.479869842529297,23.881568908691406,11.380000114440918,9.723424911499023,9.329999923706055,2.3418476581573486,33.8514518737793
2014-09-05,7.8192572593688965,24.889644622802734,11.609999656677246,10.024299621582031,9.649999618530273,2.430983543395996,33.8514518737793
2014-09-08,7.686165809631348,24.583974838256836,11.579999923706055,9.95825481414795,9.710000038146973,2.4796032905578613,33.05790710449219
2014-09-09,7.70612907409668,24.583974838256836,11.3100004196167,10.060993194580078,9.859999656677246,2.4552934169769287,33.13532638549805
2014-09-10,7.8192572593688965,24.87664222717285,11.699999809265137,10.317838668823242,9.880000114440918,2.503913164138794,33.71596908569336
2014-09-11,7.905769348144531,24.91566276550293,11.869999885559082,10.545329093933105,10.0,2.6011524200439453,34.257904052734375
2014-09-12,8.444796562194824,25.936738967895508,12.479999542236328,10.816850662231445,10.4399995803833,2.625462293624878,34.53854751586914
2014-09-15,8.012243270874023,25.67009162902832,11.800000190734863,10.670082092285156,10.25,2.5930495262145996,34.53854751586914
2014-09-16,8.744258880615234,27.035865783691406,12.84000015258789,11.103052139282227,10.65999984741211,2.633565664291382,36.338531494140625
2014-09-17,8.438145637512207,26.561092376708984,12.359999656677246,10.89023494720459,10.390000343322754,2.568739414215088,35.69015121459961
2014-09-18,8.557927131652832,26.775714874267578,12.520000457763672,10.743467330932617,10.270000457763672,2.5525331497192383,35.351444244384766
2014-09-19,8.41817855834961,26.287935256958008,12.210000038146973,10.449928283691406,10.079999923706055,2.49580979347229,35.33208465576172
2014-09-22,8.651091575622559,27.022869110107422,12.220000267028809,10.53799057006836,10.4399995803833,2.49580979347229,35.09015655517578
2014-09-23,8.557927131652832,26.19038200378418,11.930000305175781,10.332515716552734,10.520000457763672,2.5849461555480957,35.64176940917969
2014-09-24,8.657748222351074,26.014785766601562,11.569999694824219,10.427912712097168,10.539999961853027,2.5444295406341553,36.01918411254883
2014-09-25,8.458106994628906,25.422950744628906,11.100000381469727,10.119702339172363,10.140000343322754,2.6011524200439453,34.6546745300293
2014-09-26,8.657748222351074,26.014785766601562,11.329999923706055,10.435251235961914,10.5,2.755115032196045,35.88370132446289
2014-09-29,8.504691123962402,25.780651092529297,10.84000015258789,10.295821189880371,10.710000038146973,2.755115032196045,35.69015121459961
2014-09-30,8.597857475280762,25.761152267456055,11.119999885559082,10.427912712097168,10.75,2.690288543701172,35.796607971191406
2014-10-01,8.191922187805176,25.175806045532227,10.720000267028809,9.906886100769043,10.270000457763672,2.512016534805298,33.39661407470703
2014-10-02,7.732746601104736,23.77751922607422,10.489999771118164,9.3271484375,9.779999732971191,2.609255790710449,32.23533248901367
2014-10-03,7.486522197723389,22.814966201782227,10.4399995803833,9.084979057312012,9.949999809265137,2.49580979347229,32.632102966308594
2014-10-06,7.439941883087158,22.405237197875977,10.399999618530273,8.828134536743164,9.9399995803833,2.503913164138794,32.43855667114258
2014-10-07,7.260264873504639,21.650800704956055,10.369999885559082,8.578627586364746,9.630000114440918,2.4715001583099365,31.12242889404297
2014-10-08,7.393357753753662,22.314184188842773,10.59000015258789,8.806119918823242,10.010000228881836,2.4715001583099365,31.79016876220703
2014-10-09,7.073933124542236,21.04595947265625,10.220000267028809,8.519918441772461,9.869999885559082,2.4715001583099365,30.44501304626465
2014-10-10,6.721234321594238,20.68825912475586,9.890000343322754,8.534598350524902,9.789999961853027,2.4066736698150635,30.270822525024414
2014-10-13,6.674651622772217,20.402097702026367,9.75,8.358475685119629,9.390000343322754,2.374260425567627,29.680503845214844
2014-10-14,6.814399719238281,20.72077751159668,9.630000114440918,8.60798168182373,9.329999923706055,2.4633965492248535,29.80630874633789
2014-10-15,6.574830532073975,20.707767486572266,9.319999694824219,8.505244255065918,8.970000267028809,2.4552934169769287,29.04179573059082
2014-10-16,6.761161804199219,20.753292083740234,9.859999656677246,8.784104347229004,9.170000076293945,2.4066736698150635,29.28373146057129
2014-10-17,7.1937174797058105,21.85892677307129,11.039999961853027,9.239087104797363,9.800000190734863,2.49580979347229,30.309532165527344
2014-10-20,7.499831676483154,22.554821014404297,11.699999809265137,9.767455101013184,10.369999885559082,2.5444295406341553,30.37727165222168
2014-10-21,7.433287143707275,23.133651733398438,11.630000114440918,9.972930908203125,10.3100004196167,2.560636281967163,31.828880310058594
2014-10-22,7.380046844482422,22.717409133911133,11.069999694824219,9.75278091430664,10.210000038146973,2.560636281967163,31.42243194580078
2014-10-23,7.686165809631348,23.413307189941406,11.260000228881836,10.038975715637207,10.449999809265137,2.609255790710449,31.083721160888672
2014-10-24,7.81260347366333,24.193748474121094,11.600000381469727,10.090343475341797,10.510000228881836,2.5849461555480957,31.112756729125977
2014-10-27,7.652890682220459,23.77100944519043,11.279999732971191,10.046313285827637,10.569999694824219,2.576842784881592,30.899852752685547
2014-10-28,8.05217170715332,25.188814163208008,11.770000457763672,10.347188949584961,10.489999771118164,2.6011524200439453,30.71598243713379
2014-10-29,7.83256721496582,24.34984016418457,11.270000457763672,10.134378433227539,10.5,2.5849461555480957,30.74501609802246
2014-10-30,8.27842903137207,25.722118377685547,11.3100004196167,10.530652046203613,10.859999656677246,2.633565664291382,31.51920509338379
2014-10-31,8.79749870300293,27.471609115600586,12.3100004196167,10.787497520446777,11.140000343322754,2.738908290863037,34.03532028198242
2014-11-03,8.910628318786621,26.97083282470703,13.119999885559082,11.154417991638184,11.5600004196167,2.7713217735290527,34.277252197265625
2014-11-04,8.724294662475586,27.556167602539062,12.609999656677246,10.919588088989258,11.520000457763672,2.811837911605835,32.28371810913086
2014-11-05,8.877354621887207,27.69923973083496,12.520000457763672,11.198450088500977,11.5600004196167,2.8280446529388428,32.49662399291992
2014-11-06,8.983829498291016,27.05537223815918,12.789999961853027,11.191110610961914,11.630000114440918,2.8847672939300537,32.84500503540039
2014-11-07,8.830769538879395,26.697675704956055,13.050000190734863,11.0590181350708,11.720000267028809,2.990109920501709,32.99016571044922
2014-11-10,8.93058967590332,26.196889877319336,12.510000228881836,10.985634803771973,11.550000190734863,3.0792455673217773,33.02886962890625
2014-11-11,8.93058967590332,26.20989990234375,12.600000381469727,11.029664039611816,11.5600004196167,2.990109920501709,32.893394470214844
2014-11-12,8.917279243469238,26.32046127319336,12.420000076293945,11.037002563476562,11.300000190734863,2.933387041091919,32.39984130859375
2014-11-13,8.977174758911133,26.346471786499023,12.210000038146973,11.213125228881836,11.020000457763672,2.8928704261779785,32.08049392700195
2014-11-14,8.957208633422852,26.027793884277344,12.300000190734863,11.05168342590332,11.15999984741211,2.8847672939300537,31.89661979675293
2014-11-17,9.083649635314941,26.710681915283203,12.260000228881836,11.403924942016602,10.84000015258789,2.811837911605835,32.09984588623047
2014-11-18,9.163505554199219,27.042369842529297,12.960000038146973,11.286511421203613,11.479999542236328,2.803734540939331,31.635334014892578
2014-11-19,9.203432083129883,27.673227310180664,13.050000190734863,11.34521484375,11.470000267028809,2.803734540939331,32.041786193847656
2014-11-20,9.136882781982422,27.465106964111328,12.880000114440918,11.499324798583984,11.510000228881836,2.803734540939331,32.5256462097168
2014-11-21,9.596057891845703,28.174007415771484,13.359999656677246,11.675447463989258,11.770000457763672,2.941490411758423,33.203067779541016
2014-11-24,9.715843200683594,28.99347496032715,13.489999771118164,11.572709083557129,11.470000267028809,2.925283670425415,33.619197845458984
2014-11-25,9.74911880493164,28.700815200805664,13.180000305175781,11.5947265625,11.720000267028809,2.9495933055877686,34.13209915161133
2014-11-26,9.942103385925293,29.032503128051758,13.380000114440918,11.866246223449707,11.800000190734863,3.0630393028259277,34.170806884765625
2014-11-28,9.596057891845703,27.517147064208984,12.239999771118164,11.748832702636719,11.260000228881836,2.9495933055877686,32.36113357543945
2014-12-01,9.409729957580566,27.185449600219727,12.050000190734863,11.572709083557129,10.84000015258789,2.876664161682129,31.248239517211914
2014-12-02,9.349835395812988,27.361055374145508,11.819999694824219,11.418604850769043,11.069999694824219,2.876664161682129,30.03856658935547
2014-12-03,9.649297714233398,27.894350051879883,11.760000228881836,11.646093368530273,11.0,2.998213291168213,30.425662994384766
2014-12-04,9.962067604064941,28.33660316467285,12.40999984741211,11.866246223449707,11.119999885559082,3.0063164234161377,30.183727264404297
2014-12-05,10.155052185058594,29.715396881103516,12.739999771118164,12.152445793151855,11.4399995803833,3.0063164234161377,29.845020294189453
2014-12-08,9.709189414978027,29.754413604736328,12.699999809265137,11.756169319152832,11.170000076293945,2.917180299758911,28.257932662963867
2014-12-09,9.449658393859863,27.45860481262207,12.470000267028809,11.154417991638184,11.220000267028809,2.953131675720215,27.241804122924805
2014-12-10,8.897318840026855,26.014785766601562,12.279999732971191,10.93426513671875,11.0,2.8247344493865967,25.761167526245117
2014-12-11,9.023757934570312,26.587108612060547,12.210000038146973,11.176435470581055,10.859999656677246,2.884653091430664,25.945035934448242
2014-12-12,8.917279243469238,26.3139591217041,11.529999732971191,11.044342994689941,10.350000381469727,2.7476961612701416,23.264406204223633
2014-12-15,8.40487003326416,25.026226043701172,10.729999542236328,10.41323471069336,9.75,2.653538465499878,21.774089813232422
2014-12-16,8.331668853759766,24.91566276550293,10.300000190734863,10.41323471069336,9.539999961853027,2.6706576347351074,22.470861434936523
2014-12-17,8.544617652893066,25.039228439331055,10.65999984741211,10.677420616149902,9.600000381469727,2.730576992034912,23.641822814941406
2014-12-18,8.730950355529785,26.157873153686523,10.319999694824219,10.868218421936035,9.609999656677246,2.7990548610687256,23.583759307861328
2014-12-19,9.076994895935059,27.673227310180664,10.020000457763672,11.33054256439209,9.539999961853027,2.8247344493865967,23.4385986328125
2014-12-22,9.07033920288086,28.017929077148438,9.539999961853027,11.58738899230957,9.789999961853027,2.9702510833740234,23.91278648376465
2014-12-23,9.462965965270996,28.616260528564453,9.539999961853027,11.888259887695312,10.100000381469727,3.0216097831726074,26.554712295532227
2014-12-24,9.436345100402832,28.213037490844727,9.680000305175781,11.94697093963623,9.989999771118164,3.004490375518799,25.954715728759766
2014-12-26,9.269979476928711,27.822813034057617,10.199999809265137,11.778182983398438,10.170000076293945,2.9445719718933105,25.964391708374023
2014-12-29,9.289942741394043,28.317102432250977,10.289999961853027,11.917613983154297,10.140000343322754,2.910332679748535,26.10955238342285
2014-12-30,9.150196075439453,27.96589469909668,9.699999809265137,11.536018371582031,9.670000076293945,2.8504137992858887,26.041810989379883
2014-12-31,9.176815032958984,28.440662384033203,9.369999885559082,11.660771369934082,10.020000457763672,2.9959306716918945,25.61600685119629
2015-01-02,8.970520973205566,27.185449600219727,9.149999618530273,11.425939559936523,9.520000457763672,2.9445719718933105,25.267620086669922
2015-01-05,8.704330444335938,26.216402053833008,8.90999984741211,11.139741897583008,9.399999618530273,2.6963374614715576,23.961177825927734
2015-01-06,8.757569313049316,25.995283126831055,8.899999618530273,11.139741897583008,9.270000457763672,2.6449787616729736,23.883756637573242
2015-01-07,8.850733757019043,26.502565383911133,9.0600004196167,11.367232322692871,9.550000190734863,2.7476961612701416,23.564403533935547
2015-01-08,9.010446548461914,27.107402801513672,9.270000457763672,11.646093368530273,9.9399995803833,2.7391366958618164,24.145048141479492
2015-01-09,9.06368350982666,27.3675594329834,9.579999923706055,11.660771369934082,10.039999961853027,2.756255865097046,24.13536834716797
2015-01-12,8.950554847717285,27.21796417236328,9.539999961853027,11.580048561096191,10.239999771118164,2.6706576347351074,22.645051956176758
2015-01-13,9.143540382385254,27.946378707885742,9.5600004196167,11.939628601074219,10.1899995803833,2.576500415802002,22.30634307861328
2015-01-14,9.243362426757812,28.115478515625,10.210000038146973,12.013014793395996,10.09000015258789,2.602179527282715,23.070858001708984
2015-01-15,9.303255081176758,28.011425018310547,9.34000015258789,11.976320266723633,9.649999618530273,2.7220168113708496,22.277311325073242
2015-01-16,9.84228229522705,28.030929565429688,9.510000228881836,12.387275695800781,10.0,2.67921781539917,23.070858001708984
2015-01-20,9.875556945800781,26.97083282470703,9.550000190734863,12.45332145690918,10.279999732971191,2.576500415802002,22.56763458251953
2015-01-21,9.815664291381836,26.509063720703125,9.539999961853027,12.43864631652832,10.600000381469727,2.627858877182007,23.099891662597656
2015-01-22,9.84228229522705,26.105836868286133,9.670000076293945,12.218487739562988,10.579999923706055,2.610739231109619,23.845046997070312
2015-01-23,9.735807418823242,26.053808212280273,9.460000038146973,11.778182983398438,10.479999542236328,2.602179527282715,23.486984252929688
2015-01-26,9.84228229522705,25.240848541259766,10.229999542236328,12.108416557312012,10.9399995803833,2.6877777576446533,23.3708553314209
2015-01-27,9.809006690979004,25.748130798339844,10.210000038146973,12.240509033203125,11.029999732971191,2.704897165298462,24.241817474365234
2015-01-28,9.569440841674805,25.078250885009766,9.989999771118164,12.079059600830078,11.119999885559082,2.6192989349365234,22.828922271728516
2015-01-29,9.589404106140137,24.883140563964844,10.140000343322754,12.093737602233887,11.029999732971191,2.610739231109619,22.257957458496094
2015-01-30,9.416380882263184,25.130287170410156,10.0,12.005678176879883,10.800000190734863,2.67921781539917,22.69344139099121
2015-02-02,9.576095581054688,26.11884307861328,9.859999656677246,12.379934310913086,11.0,2.627858877182007,22.9837589263916
2015-02-03,9.742463111877441,26.892786026000977,10.010000228881836,12.5120267868042,11.3100004196167,2.781935453414917,24.038593292236328
2015-02-04,9.815664291381836,27.491125106811523,10.020000457763672,12.570735931396484,11.550000190734863,2.8418540954589844,23.690208435058594
2015-02-05,9.75577163696289,27.283002853393555,10.460000038146973,12.644123077392578,11.789999961853027,2.936012029647827,24.183753967285156
2015-02-06,9.809006690979004,27.842323303222656,10.300000190734863,12.534045219421387,11.75,2.9274520874023438,24.077302932739258
2015-02-09,9.795700073242188,28.024429321289062,10.029999732971191,12.62210464477539,11.729999542236328,2.807615041732788,24.125690460205078
2015-02-10,10.048578262329102,28.92844009399414,10.199999809265137,13.113779067993164,11.779999732971191,2.858973741531372,24.19343376159668
2015-02-11,10.288146018981934,29.390199661254883,10.220000267028809,13.209179878234863,11.720000267028809,2.8675334453582764,24.13536834716797
2015-02-12,10.747322082519531,31.204727172851562,10.4399995803833,13.245871543884277,11.859999656677246,2.8247344493865967,24.88052749633789
2015-02-13,11.08005428314209,32.19329071044922,10.760000228881836,13.928345680236816,12.170000076293945,2.9702510833740234,25.993423461914062
2015-02-17,11.632394790649414,33.69565200805664,10.729999542236328,14.434699058532715,11.90999984741211,2.936012029647827,26.448261260986328
2015-02-18,11.312969207763672,33.83873748779297,10.640000343322754,14.309945106506348,12.079999923706055,2.961691379547119,26.10955238342285
2015-02-19,11.419442176818848,33.92979049682617,10.789999961853027,14.59614086151123,11.989999771118164,2.953131675720215,25.55794334411621
2015-02-20,11.446063041687012,34.74274444580078,11.34000015258789,15.051127433776855,12.079999923706055,2.9873709678649902,25.45149040222168
2015-02-23,11.665667533874512,36.232078552246094,12.479999542236328,15.829001426696777,12.630000114440918,3.1157679557800293,24.919235229492188
2015-02-24,12.011710166931152,36.290626525878906,13.300000190734863,15.96109676361084,12.850000381469727,3.2184853553771973,25.064395904541016
2015-02-25,12.404336929321289,35.204505920410156,13.0,15.770292282104492,13.0600004196167,3.2527246475219727,25.180524826049805
2015-02-26,11.312969207763672,33.37046813964844,13.279999732971191,15.06580638885498,12.960000038146973,3.2441649436950684,24.425687789916992
2015-02-27,11.219805717468262,32.908695220947266,13.319999694824219,15.19789981842041,12.869999885559082,3.2955236434936523,24.861169815063477
2015-03-02,11.55253791809082,33.272911071777344,14.3100004196167,15.491432189941406,13.130000114440918,3.286963701248169,24.98697853088379
2015-03-03,11.34624195098877,33.08430862426758,14.989999771118164,15.432724952697754,13.369999885559082,3.3297629356384277,25.248266220092773
2015-03-04,11.39282512664795,33.69565200805664,14.569999694824219,15.329983711242676,13.649999618530273,3.3468825817108154,25.6063289642334
2015-03-05,11.878618240356445,35.83536911010742,15.319999694824219,15.968430519104004,14.760000228881836,3.646475315093994,26.16761589050293
2015-03-06,11.905237197875977,36.47273635864258,15.369999885559082,16.313335418701172,14.800000190734863,3.7063937187194824,25.61600685119629
2015-03-09,12.391031265258789,36.64183044433594,15.859999656677246,16.91508674621582,15.770000457763672,3.9546279907226562,25.528911590576172
2015-03-10,12.4841947555542,36.602806091308594,15.020000457763672,16.827030181884766,15.079999923706055,3.843350648880005,25.132137298583984
2015-03-11,12.836896896362305,36.70036315917969,15.609999656677246,16.687599182128906,15.970000267028809,4.4425368309021,25.345043182373047
2015-03-12,13.169628143310547,37.31171417236328,14.850000381469727,17.28934669494629,16.079999923706055,4.656532287597656,25.993423461914062
2015-03-13,13.22951889038086,37.19464111328125,15.020000457763672,16.981136322021484,16.8700008392334,4.690771102905273,25.87729263305664
2015-03-16,14.25434398651123,40.056270599365234,16.09000015258789,18.045207977294922,17.600000381469727,4.861967086791992,26.786970138549805
2015-03-17,15.319091796875,43.086997985839844,16.0,18.903806686401367,18.709999084472656,4.964685440063477,27.18374252319336
2015-03-18,15.538698196411133,42.651241302490234,16.579999923706055,18.955175399780273,18.59000015258789,4.8876471519470215,27.948253631591797
2015-03-19,15.359017372131348,42.24150466918945,17.079999923706055,18.727678298950195,19.059999465942383,4.9732441902160645,27.745027542114258
2015-03-20,14.93311882019043,42.09843444824219,18.329999923706055,18.852432250976562,19.6200008392334,5.084522247314453,28.596637725830078
2015-03-23,14.068009376525879,40.54404830932617,18.469999313354492,18.580913543701172,19.06999969482422,4.836287975311279,27.948253631591797
2015-03-24,13.941572189331055,39.83513641357422,18.34000015258789,17.92779541015625,18.93000030517578,4.639412879943848,27.425676345825195
2015-03-25,14.107940673828125,39.32134246826172,18.149999618530273,18.001176834106445,18.350000381469727,4.622293472290039,27.81277084350586
2015-03-26,13.741929054260254,38.09865188598633,17.649999618530273,17.29668617248535,17.059999465942383,4.416857719421387,26.970842361450195
2015-03-27,13.622140884399414,38.37180709838867,17.3700008392334,17.245319366455078,17.549999237060547,4.468216419219971,26.990192413330078
2015-03-30,13.968191146850586,39.535980224609375,17.649999618530273,17.79570198059082,17.559999465942383,4.433977127075195,27.145030975341797
2015-03-31,13.588871002197266,37.20114517211914,16.15999984741211,16.98847198486328,17.670000076293945,4.562373638153076,26.564390182495117
2015-04-01,13.708659172058105,38.08565139770508,16.829999923706055,17.032503128051758,17.760000228881836,4.485335826873779,27.280513763427734
2015-04-02,13.788515090942383,37.8125,16.969999313354492,17.421438217163086,18.229999542236328,4.468216419219971,27.222450256347656
2015-04-06,13.98815631866455,38.40433883666992,17.0,17.370067596435547,18.1200008392334,4.699330806732178,28.41276741027832
2015-04-07,13.948224067687988,38.508384704589844,16.3799991607666,17.31870460510254,17.799999237060547,4.810608386993408,28.945024490356445
2015-04-08,13.855057716369629,37.994590759277344,16.75,17.098548889160156,17.989999771118164,4.802048683166504,28.838571548461914
2015-04-09,13.98149585723877,37.40275955200195,16.920000076293945,16.98847198486328,18.040000915527344,4.725010395050049,29.65146827697754
2015-04-10,13.821785926818848,37.136104583740234,17.43000030517578,17.274673461914062,18.200000762939453,4.579493999481201,30.551467895507812
2015-04-13,13.409195899963379,36.84343719482422,16.68000030517578,16.981136322021484,17.799999237060547,4.476775646209717,30.56114387512207
2015-04-14,13.216209411621094,35.965450286865234,16.049999237060547,16.871057510375977,17.31999969482422,4.59661340713501,30.367595672607422
2015-04-15,13.063152313232422,36.16706466674805,15.930000305175781,16.452770233154297,17.190000534057617,4.493896007537842,29.95146942138672
2015-04-16,13.063152313232422,35.705299377441406,15.220000267028809,16.144556045532227,17.049999237060547,4.433977127075195,29.74824333190918
2015-04-17,12.870166778564453,35.27605056762695,15.289999961853027,16.1372127532959,16.799999237060547,4.365499019622803,29.01276397705078
2015-04-20,12.60398006439209,35.054931640625,15.079999923706055,16.05649185180664,16.489999771118164,4.322700023651123,28.461153030395508
2015-04-21,12.890129089355469,34.91835403442383,14.5,16.11519432067871,16.110000610351562,4.211422920227051,28.00632095336914
2015-04-22,13.469084739685059,36.19307327270508,14.970000267028809,16.548166275024414,16.600000381469727,4.35693883895874,28.79018211364746
2015-04-23,14.008115768432617,37.41576385498047,15.529999732971191,17.025165557861328,17.049999237060547,4.425417423248291,29.10953712463379
2015-04-24,13.708659172058105,37.526329040527344,15.479999542236328,17.032503128051758,17.770000457763672,4.433977127075195,29.17728042602539
2015-04-27,13.329340934753418,37.136104583740234,14.569999694824219,16.702274322509766,17.709999084472656,4.322700023651123,29.525665283203125
2015-04-28,13.502362251281738,37.643394470214844,14.5,16.849037170410156,17.31999969482422,4.451097011566162,29.574052810668945
2015-04-29,13.216209411621094,36.9279899597168,14.489999771118164,16.66558265686035,16.809999465942383,4.322700023651123,29.835338592529297
2015-04-30,12.83023738861084,35.93292236328125,14.239999771118164,16.173908233642578,16.280000686645508,4.219981670379639,29.554698944091797
2015-05-01,13.09642505645752,35.39961624145508,14.789999961853027,15.939074516296387,16.969999313354492,4.279901027679443,29.95146942138672
2015-05-04,12.856855392456055,36.108524322509766,14.75,16.33534812927246,17.540000915527344,4.245661735534668,29.91275978088379
2015-05-05,12.61063289642334,35.139469146728516,15.279999732971191,15.8510160446167,17.200000762939453,4.2371015548706055,30.019210815429688
2015-05-06,12.264591217041016,34.73623275756836,15.260000228881836,15.40336799621582,16.780000686645508,4.2371015548706055,29.89340591430664
2015-05-07,12.178078651428223,34.48259735107422,14.8100004196167,15.263936996459961,16.3700008392334,4.117264270782471,29.303089141845703
2015-05-08,12.417645454406738,34.93785858154297,14.930000305175781,15.513444900512695,16.3700008392334,4.160063743591309,29.17728042602539
2015-05-11,12.584017753601074,35.523193359375,15.130000114440918,16.1298770904541,16.18000030517578,4.100144863128662,29.051477432250977
2015-05-12,12.47088623046875,35.464656829833984,15.100000381469727,16.144556045532227,16.3799991607666,4.074465751647949,29.85469627380371
2015-05-13,12.617287635803223,35.484169006347656,14.8100004196167,16.181243896484375,16.190000534057617,4.091585159301758,29.486957550048828
2015-05-14,12.510811805725098,35.47116470336914,15.329999923706055,16.313335418701172,16.329999923706055,4.065906047821045,29.293407440185547
2015-05-15,12.284554481506348,35.26955032348633,15.8100004196167,16.144556045532227,16.350000381469727,4.091585159301758,29.090185165405273
2015-05-18,12.371064186096191,35.71179962158203,16.170000076293945,16.51881217956543,16.3799991607666,4.100144863128662,28.722442626953125
2015-05-19,12.264591217041016,35.1980094909668,15.75,16.46010398864746,15.859999656677246,3.9803082942962646,28.315994262695312
2015-05-20,12.138151168823242,35.19150924682617,15.859999656677246,16.15188980102539,15.6899995803833,3.9118294715881348,28.17083168029785
2015-05-21,11.945165634155273,35.048423767089844,15.210000038146973,16.12253761291504,15.199999809265137,3.7834324836730957,27.725675582885742
2015-05-22,11.718907356262207,34.54764175415039,14.859999656677246,15.792306900024414,15.050000190734863,3.894710063934326,27.686965942382812
2015-05-26,11.519264221191406,34.046852111816406,14.550000190734863,15.575688362121582,14.739999771118164,3.826231002807617,26.699871063232422
2015-05-27,11.312969207763672,33.79320526123047,14.359999656677246,15.3988618850708,14.59000015258789,3.791991949081421,26.728904724121094
2015-05-28,11.253076553344727,33.37696838378906,14.430000305175781,15.163086891174316,14.4399995803833,3.826231002807617,26.612775802612305
2015-05-29,10.76063060760498,32.206298828125,14.569999694824219,14.757859230041504,14.180000305175781,3.997427225112915,26.874065399169922
2015-06-01,10.946962356567383,32.79164505004883,14.390000343322754,14.993630409240723,14.210000038146973,4.014546871185303,26.90309715270996
2015-06-02,12.124841690063477,35.185001373291016,15.229999542236328,16.253536224365234,15.119999885559082,4.1429443359375,27.686965942382812
2015-06-03,11.519264221191406,34.437076568603516,15.0,15.82619857788086,14.699999809265137,3.9803082942962646,27.154708862304688
2015-06-04,11.985092163085938,35.4321403503418,15.359999656677246,16.518781661987305,15.359999656677246,4.0830254554748535,27.65793228149414
2015-06-05,11.70559310913086,34.976890563964844,15.029999732971191,16.268274307250977,15.09000015258789,4.023106575012207,27.822446823120117
2015-06-08,11.406132698059082,33.83224105834961,14.989999771118164,15.94408893585205,15.15999984741211,4.023106575012207,27.686965942382812
2015-06-09,11.579154968261719,34.33301544189453,15.289999961853027,15.988297462463379,15.270000457763672,4.194303035736084,27.870832443237305
2015-06-10,11.659012794494629,33.760684967041016,14.630000114440918,15.796727180480957,15.0600004196167,4.151504039764404,27.967607498168945
2015-06-11,11.579154968261719,33.214378356933594,14.65999984741211,15.87777328491211,15.010000228881836,4.339819431304932,27.706317901611328
2015-06-12,11.352899551391602,32.908695220947266,15.0600004196167,15.479910850524902,14.84000015258789,4.160063743591309,27.590192794799805
2015-06-15,11.106675148010254,31.92664909362793,14.699999809265137,15.185197830200195,14.319999694824219,3.997427225112915,27.096643447875977
2015-06-16,11.02681827545166,31.022628784179688,14.640000343322754,14.861010551452637,14.0,3.9289493560791016,26.438583374023438
2015-06-17,10.447858810424805,29.344676971435547,13.569999694824219,13.910552024841309,13.329999923706055,3.7577528953552246,25.33536148071289
2015-06-18,10.241564750671387,28.785364151000977,13.449999809265137,13.630573272705078,13.0,3.637915849685669,25.886974334716797
2015-06-19,10.354695320129395,29.617830276489258,13.300000190734863,13.682147979736328,13.100000381469727,3.8091118335723877,25.751489639282227
2015-06-22,11.053437232971191,30.94458770751953,14.029999732971191,14.433675765991211,14.109999656677246,3.9460690021514893,26.786970138549805
2015-06-23,11.133289337158203,30.560876846313477,13.699999809265137,14.418938636779785,14.119999885559082,4.108705520629883,27.00954818725586
2015-06-24,10.926998138427734,29.83245277404785,13.720000267028809,14.220003128051758,14.050000190734863,4.023106575012207,27.096643447875977
2015-06-25,11.339587211608887,29.982032775878906,13.300000190734863,14.396829605102539,13.819999694824219,3.9546279907226562,26.92245101928711
2015-06-26,11.086709976196289,30.599895477294922,13.380000114440918,14.2863130569458,13.640000343322754,3.8519110679626465,26.477294921875
2015-06-29,10.600916862487793,29.708892822265625,13.0,13.86634349822998,13.470000267028809,3.8091118335723877,26.061166763305664
2015-06-30,10.567644119262695,29.6568546295166,12.930000305175781,13.844236373901367,13.8100004196167,3.869030714035034,26.545034408569336
2015-07-01,10.494441986083984,29.39670753479004,13.289999961853027,13.520055770874023,13.90999984741211,3.826231002807617,26.32245635986328
2015-07-02,10.474477767944336,29.29915428161621,13.4399995803833,13.777929306030273,14.279999732971191,3.7320737838745117,26.535356521606445
2015-07-06,10.620882034301758,29.201602935791016,13.180000305175781,14.109481811523438,14.609999656677246,3.8005518913269043,26.051488876342773
2015-07-07,10.687427520751953,29.39670753479004,13.180000305175781,14.330522537231445,14.670000076293945,3.8091118335723877,25.374069213867188
2015-07-08,10.3014554977417,29.448734283447266,12.850000381469727,14.102116584777832,14.289999961853027,3.7063937187194824,24.503108978271484
2015-07-09,10.700736999511719,29.975540161132812,13.220000267028809,14.271575927734375,14.510000228881836,3.6978344917297363,24.445045471191406
2015-07-10,11.006856918334961,30.795001983642578,13.279999732971191,14.566292762756348,14.609999656677246,3.7063937187194824,24.88052749633789
2015-07-13,11.146602630615234,31.230756759643555,13.329999923706055,14.794695854187012,15.199999809265137,3.8347911834716797,24.58052635192871
2015-07-14,11.539227485656738,32.102256774902344,13.899999618530273,15.332550048828125,15.699999809265137,3.92038893699646,25.51923370361328
2015-07-15,11.639049530029297,32.62255096435547,14.239999771118164,15.62727165222168,16.43000030517578,3.997427225112915,25.103105545043945
2015-07-16,12.05163860321045,32.590030670166016,15.029999732971191,15.649372100830078,16.90999984741211,4.065906047821045,24.793428421020508
2015-07-17,12.031678199768066,32.59652328491211,15.0,15.67884349822998,17.299999237060547,4.065906047821045,24.861169815063477
2015-07-20,11.253076553344727,30.80801010131836,14.0,14.949422836303711,16.440000534057617,3.8604705333709717,23.796661376953125
2015-07-21,11.139947891235352,30.411283493041992,14.039999961853027,14.728387832641602,16.06999969482422,3.7235138416290283,23.709562301635742
2015-07-22,10.860447883605957,29.786930084228516,13.75,14.55892276763916,15.75,3.59511661529541,23.602500915527344
2015-07-23,10.72735595703125,28.7918701171875,13.329999923706055,14.418938636779785,15.65999984741211,3.5608773231506348,23.943157196044922
2015-07-24,10.3014554977417,27.634206771850586,12.779999732971191,13.6895170211792,14.960000038146973,3.5351979732513428,23.417573928833008
2015-07-27,9.975377082824707,27.165943145751953,12.680000305175781,13.335860252380371,15.34000015258789,3.5009591579437256,22.55133819580078
2015-07-28,10.015304565429688,27.40658187866211,12.890000343322754,13.416905403137207,15.180000305175781,3.6721549034118652,22.093889236450195
2015-07-29,10.095161437988281,27.62770652770996,13.09000015258789,13.667414665222168,15.479999542236328,3.689274311065674,22.999053955078125
2015-07-30,10.16836166381836,27.959392547607422,12.90999984741211,14.175793647766113,15.420000076293945,3.6207962036132812,22.609737396240234
2015-07-31,9.942103385925293,27.777280807495117,12.949999809265137,13.844236373901367,15.25,3.5266380310058594,22.317745208740234
2015-08-03,10.12177848815918,28.108976364135742,12.479999542236328,14.161060333251953,15.229999542236328,3.4752790927886963,21.996559143066406
2015-08-04,10.048578262329102,26.879779815673828,12.029999732971191,13.748456954956055,15.180000305175781,3.458159923553467,21.908960342407227
2015-08-05,10.234910011291504,27.65372085571289,11.880000114440918,14.087383270263672,15.279999732971191,3.6036763191223145,22.405344009399414
2015-08-06,10.847140312194824,29.195096969604492,12.199999809265137,14.971525192260742,15.829999923706055,3.7748725414276123,22.872528076171875
2015-08-07,11.59246826171875,30.502342224121094,12.869999885559082,15.52412223815918,15.979999542236328,3.7577528953552246,23.086652755737305
2015-08-10,12.397682189941406,32.394920349121094,13.800000190734863,16.231433868408203,16.799999237060547,3.8861501216888428,24.128084182739258
2015-08-11,11.945165634155273,31.360824584960938,13.390000343322754,15.479910850524902,16.1200008392334,3.6978344917297363,24.332475662231445
2015-08-12,11.745524406433105,31.497400283813477,13.119999885559082,15.280978202819824,16.56999969482422,3.637915849685669,23.651166915893555
2015-08-13,12.304516792297363,33.50704574584961,13.59000015258789,15.811466217041016,17.059999465942383,3.8347911834716797,24.050216674804688
2015-08-14,11.931854248046875,31.39335060119629,12.949999809265137,15.295711517333984,17.1299991607666,3.7834324836730957,23.46623992919922
2015-08-17,11.805414199829102,31.63399314880371,12.899999618530273,15.546220779418945,17.3799991607666,3.8005518913269043,23.74849510192871
2015-08-18,11.645706176757812,31.081167221069336,12.9399995803833,15.288345336914062,16.700000762939453,3.7235138416290283,23.407840728759766
2015-08-19,10.880413055419922,29.7023868560791,12.739999771118164,14.499984741210938,16.399999618530273,3.740633249282837,22.784929275512695
2015-08-20,10.827177047729492,28.999982833862305,12.710000038146973,13.984230041503906,16.229999542236328,3.6036763191223145,21.967357635498047
2015-08-21,10.507750511169434,28.32359504699707,12.5,13.446377754211426,15.680000305175781,3.569437265396118,20.9356632232666
2015-08-24,9.715843200683594,26.2684268951416,11.880000114440918,12.790631294250488,14.600000381469727,3.4239206314086914,19.465980529785156
2015-08-25,9.715843200683594,26.32046127319336,11.90999984741211,12.820106506347656,14.600000381469727,3.509518623352051,18.512149810791016
2015-08-26,10.25487232208252,28.14149284362793,12.640000343322754,13.682147979736328,15.109999656677246,3.5779969692230225,19.222654342651367
2015-08-27,10.973579406738281,29.36419677734375,13.029999732971191,14.529454231262207,15.859999656677246,3.6807150840759277,20.341947555541992
2015-08-28,11.199837684631348,29.383703231811523,13.09000015258789,14.41157054901123,16.0,3.6978344917297363,20.37114715576172
2015-08-31,11.013508796691895,29.110549926757812,13.109999656677246,14.116853713989258,15.9399995803833,3.637915849685669,20.964860916137695
2015-09-01,10.640847206115723,28.518714904785156,12.920000076293945,13.836872100830078,15.850000381469727,3.5779969692230225,20.088891983032227
2015-09-02,10.594263076782227,28.479684829711914,12.789999961853027,13.601102828979492,15.890000343322754,3.569437265396118,20.7896671295166
2015-09-03,10.91368579864502,29.162574768066406,13.079999923706055,14.124220848083496,16.610000610351562,3.689274311065674,21.013525009155273
2015-09-04,11.066746711730957,29.46824836730957,13.09000015258789,14.20527172088623,16.639999389648438,3.7577528953552246,21.208187103271484
2015-09-08,11.419442176818848,30.48933219909668,12.989999771118164,14.927318572998047,16.780000686645508,3.8005518913269043,21.393112182617188
2015-09-09,11.545884132385254,30.46331787109375,13.449999809265137,15.000994682312012,17.239999771118164,3.766313076019287,21.188720703125
2015-09-10,11.545884132385254,31.100679397583008,13.789999961853027,15.089412689208984,17.079999923706055,3.8005518913269043,21.432043075561523
2015-09-11,11.718907356262207,30.93808364868164,13.609999656677246,15.104145050048828,16.889999389648438,3.766313076019287,21.432043075561523
2015-09-14,11.312969207763672,30.086095809936523,13.220000267028809,14.698920249938965,16.290000915527344,3.6293556690216064,20.234888076782227
2015-09-15,11.42609977722168,30.066591262817383,13.489999771118164,14.890475273132324,16.510000228881836,3.7063937187194824,19.631441116333008
2015-09-16,11.29965877532959,29.630844116210938,13.279999732971191,14.573660850524902,16.110000610351562,3.766313076019287,19.9526309967041
2015-09-17,11.246421813964844,28.388635635375977,13.569999694824219,14.109481811523438,16.989999771118164,3.8775901794433594,19.90396499633789
2015-09-18,11.100019454956055,28.20653533935547,13.260000228881836,14.175793647766113,16.739999771118164,3.8005518913269043,18.97933006286621
2015-09-21,10.793903350830078,26.730182647705078,13.119999885559082,13.682147979736328,16.770000457763672,3.7577528953552246,17.684843063354492
2015-09-22,10.514408111572266,25.84568977355957,12.729999542236328,13.26218032836914,15.960000038146973,3.518078327178955,17.168994903564453
2015-09-23,10.341384887695312,24.987207412719727,13.350000381469727,13.10008430480957,16.200000762939453,3.4239206314086914,16.57528305053711
2015-09-24,10.155052185058594,25.10426902770996,13.529999732971191,12.930623054504395,16.59000015258789,3.466719627380371,15.913439750671387
2015-09-25,10.434552192687988,25.91722869873047,13.880000114440918,13.254812240600586,16.229999542236328,3.312642812728882,15.533852577209473
2015-09-28,10.155052185058594,24.5644588470459,12.670000076293945,12.864312171936035,15.449999809265137,3.312642812728882,14.51188850402832
2015-09-29,10.194981575012207,24.662025451660156,12.800000190734863,13.247442245483398,15.149999618530273,3.2698440551757812,14.570287704467773
2015-09-30,10.321422576904297,24.974197387695312,12.789999961853027,13.129556655883789,15.270000457763672,3.3725619316101074,14.823343276977539
2015-10-01,10.041922569274902,24.161237716674805,12.59000015258789,12.635909080505371,14.920000076293945,3.4496002197265625,14.648150444030762
2015-10-02,10.035270690917969,24.512435913085938,12.430000305175781,12.94536304473877,15.350000381469727,3.4496002197265625,15.125065803527832
2015-10-05,10.088506698608398,25.123775482177734,12.739999771118164,13.240074157714844,15.680000305175781,3.518078327178955,16.1275634765625
2015-10-06,9.995341300964355,24.82460594177246,12.989999771118164,13.129556655883789,15.460000038146973,3.6550352573394775,17.237123489379883
2015-10-07,10.667464256286621,25.943246841430664,13.0,13.947393417358398,15.460000038146973,3.714954137802124,18.628944396972656
2015-10-08,11.093364715576172,28.486190795898438,13.1899995803833,14.485245704650879,15.470000267028809,3.7577528953552246,19.05719757080078
2015-10-09,11.179871559143066,28.19352912902832,13.180000305175781,14.522089004516602,16.0,3.7235138416290283,18.794401168823242
2015-10-12,11.931854248046875,30.112110137939453,13.25,15.303081512451172,17.0,3.7748725414276123,18.210424423217773
2015-10-13,11.226462364196777,29.136564254760742,12.489999771118164,14.949422836303711,16.690000534057617,3.740633249282837,17.392852783203125
2015-10-14,11.219805717468262,28.960960388183594,12.520000457763672,14.993630409240723,16.90999984741211,3.6807150840759277,17.46098518371582
2015-10-15,11.399480819702148,29.227611541748047,12.649999618530273,15.546220779418945,17.030000686645508,3.6978344917297363,17.266326904296875
2015-10-16,11.698943138122559,29.74140739440918,12.600000381469727,15.516749382019043,17.510000228881836,3.8519110679626465,17.276058197021484
2015-10-19,11.499300003051758,28.759349822998047,12.130000114440918,15.325179100036621,17.790000915527344,3.7748725414276123,16.760208129882812
2015-10-20,11.758833885192871,29.240619659423828,12.4399995803833,15.295711517333984,17.690000534057617,3.766313076019287,16.789405822753906
2015-10-21,11.446063041687012,28.453670501708984,12.670000076293945,15.15572738647461,17.530000686645508,3.689274311065674,16.409822463989258
2015-10-22,11.845343589782715,28.369131088256836,13.170000076293945,15.266241073608398,17.889999389648438,3.8347911834716797,17.110597610473633
2015-10-23,12.444265365600586,29.708892822265625,14.800000190734863,15.693577766418457,19.25,4.023106575012207,17.64590835571289
2015-10-26,13.821785926818848,35.763832092285156,16.979999542236328,17.675537109375,21.959999084472656,4.425417423248291,19.047462463378906
2015-10-27,14.028082847595215,36.01747131347656,17.0,17.749217987060547,22.780000686645508,4.55381441116333,18.229890823364258
2015-10-28,15.9978666305542,40.875728607177734,19.209999084472656,19.819589614868164,23.600000381469727,4.896205902099609,19.65090560913086
2015-10-29,15.425564765930176,41.2724609375,18.690000534057617,19.583824157714844,24.350000381469727,5.20435905456543,20.293285369873047
2015-10-30,15.472148895263672,40.14731979370117,18.459999084472656,19.70907211303711,24.219999313354492,5.307076930999756,20.7896671295166
2015-11-02,15.19930648803711,39.59450912475586,17.65999984741211,19.10490608215332,24.440000534057617,5.281397342681885,21.023258209228516
2015-11-03,15.245888710021973,39.30833053588867,17.40999984741211,19.038597106933594,23.459999084472656,5.281397342681885,21.587772369384766
2015-11-04,14.879883766174316,39.126243591308594,17.889999389648438,18.751249313354492,23.18000030517578,5.1701202392578125,21.21791648864746
2015-11-05,15.219273567199707,38.76853942871094,17.84000015258789,18.81018829345703,23.559999465942383,5.255717754364014,20.848066329956055
2015-11-06,15.505423545837402,39.01567840576172,17.940000534057617,18.964920043945312,23.270000457763672,5.384115219116211,20.51714515686035
2015-11-09,15.239234924316406,38.99615478515625,18.18000030517578,18.765979766845703,22.959999084472656,5.332756519317627,20.15702247619629
2015-11-10,15.252545356750488,39.4709358215332,18.489999771118164,19.244897842407227,23.75,5.401235103607178,20.41981315612793
2015-11-11,15.279162406921387,40.17333221435547,18.81999969482422,19.20805549621582,24.389999389648438,5.392674922943115,20.09862518310547
2015-11-12,15.185996055603027,40.08228302001953,19.1200008392334,19.215425491333008,25.110000610351562,5.35843563079834,19.767704010009766
2015-11-13,15.046245574951172,40.43347930908203,19.3799991607666,19.215425491333008,25.239999771118164,5.461153984069824,19.816368103027344
2015-11-16,15.512078285217285,42.274024963378906,19.700000762939453,19.812225341796875,24.989999771118164,5.580990314483643,20.429546356201172
2015-11-17,15.638514518737793,42.703269958496094,19.15999984741211,20.165876388549805,24.969999313354492,5.572430610656738,19.212921142578125
2015-11-18,15.598588943481445,41.80577087402344,19.309999465942383,20.062726974487305,25.440000534057617,5.435473918914795,19.670372009277344
2015-11-19,15.744990348815918,41.72120666503906,19.25,20.084829330444336,24.649999618530273,5.589550495147705,19.835832595825195
2015-11-20,16.483657836914062,44.23814010620117,19.75,20.93950653076172,26.219999313354492,5.983300685882568,19.981830596923828
2015-11-23,14.913150787353516,40.55704879760742,17.780000686645508,19.068065643310547,21.65999984741211,5.503952503204346,18.891735076904297
2015-11-24,14.74013900756836,39.815635681152344,17.579999923706055,19.038597106933594,22.530000686645508,5.486832141876221,18.628944396972656
2015-11-25,13.914952278137207,37.3897590637207,17.549999237060547,18.021821975708008,21.540000915527344,5.20435905456543,18.35641860961914
2015-11-27,13.92160701751709,37.090576171875,16.940000534057617,18.139713287353516,21.5,5.21291971206665,17.72377586364746
2015-11-30,14.081317901611328,37.64989471435547,16.790000915527344,18.53021240234375,22.280000686645508,5.238597869873047,17.811370849609375
2015-12-01,14.23437213897705,37.207645416259766,16.719999313354492,18.132349014282227,22.110000610351562,5.187239170074463,17.587512969970703
2015-12-02,13.98815631866455,37.123104095458984,16.0,18.17655372619629,21.010000228881836,5.1187615394592285,17.334453582763672
2015-12-03,13.409195899963379,36.21258544921875,15.680000305175781,17.815528869628906,20.43000030517578,5.135880947113037,17.13979721069336
2015-12-04,13.296066284179688,36.609310150146484,15.609999656677246,17.95551872253418,20.270000457763672,5.153000831604004,16.721277236938477
2015-12-07,13.189592361450195,36.232078552246094,15.319999694824219,17.71973991394043,20.15999984741211,4.9732441902160645,16.09836769104004
2015-12-08,13.109734535217285,36.680850982666016,16.489999771118164,17.933414459228516,20.760000228881836,4.939005374908447,15.884239196777344
2015-12-09,13.58221435546875,37.467796325683594,17.020000457763672,18.124977111816406,22.190000534057617,5.255717754364014,16.33195686340332
2015-12-10,13.302720069885254,36.69385528564453,16.899999618530273,18.419696807861328,22.540000915527344,5.255717754364014,16.205429077148438
2015-12-11,12.850200653076172,35.53619384765625,16.149999618530273,18.279701232910156,20.450000762939453,5.093082427978516,15.49492073059082
2015-12-14,12.723766326904297,33.981815338134766,16.56999969482422,17.314510345458984,20.0,4.90476655960083,15.475454330444336
2015-12-15,13.169628143310547,35.52969741821289,17.030000686645508,18.29444122314453,21.020000457763672,5.058842658996582,15.942638397216797
2015-12-16,13.196244239807129,36.206085205078125,17.190000534057617,18.48600196838379,21.049999237060547,5.033163547515869,16.195695877075195
2015-12-17,13.728620529174805,37.18813705444336,17.420000076293945,19.17120933532715,21.549999237060547,5.135880947113037,15.874505996704102
2015-12-18,12.863511085510254,34.63218688964844,17.1299991607666,17.984983444213867,21.030000686645508,5.127320766448975,15.407322883605957
2015-12-21,12.850200653076172,35.38010787963867,17.1200008392334,18.478633880615234,20.3799991607666,5.084522247314453,15.49492073059082
2015-12-22,12.64390754699707,35.451656341552734,17.100000381469727,18.633363723754883,21.170000076293945,5.084522247314453,15.563051223754883
2015-12-23,12.73707103729248,36.58329772949219,17.290000915527344,19.10490608215332,20.8700008392334,5.135880947113037,16.059432983398438
2015-12-24,12.730415344238281,36.277626037597656,17.059999465942383,18.898605346679688,21.110000610351562,5.153000831604004,16.039966583251953
2015-12-28,12.976642608642578,36.81742477416992,17.1200008392334,19.252262115478516,21.40999984741211,5.20435905456543,15.796643257141113
2015-12-29,12.963329315185547,37.11008834838867,17.09000015258789,19.532245635986328,21.309999465942383,5.178680419921875,15.855040550231934
2015-12-30,13.083117485046387,37.55885314941406,17.489999771118164,19.812225341796875,21.239999771118164,5.20435905456543,15.339193344116211
2015-12-31,12.697142601013184,37.79948806762695,17.530000686645508,19.952211380004883,20.549999237060547,5.21291971206665,15.300261497497559
2016-01-04,12.64390754699707,37.76045608520508,16.989999771118164,19.296470642089844,19.530000686645508,5.161560535430908,15.378124237060547
2016-01-05,12.730415344238281,37.994590759277344,17.15999984741211,19.230159759521484,19.260000228881836,5.221478462219238,15.309993743896484
2016-01-06,12.584017753601074,37.480812072753906,17.34000015258789,18.847030639648438,19.389999389648438,5.20435905456543,14.580018997192383
2016-01-07,12.50416088104248,37.448280334472656,17.1200008392334,18.655467987060547,19.1200008392334,5.127320766448975,14.346427917480469
2016-01-08,12.437613487243652,36.73938751220703,16.75,18.220762252807617,19.510000228881836,5.084522247314453,14.258830070495605
2016-01-11,12.743725776672363,37.89703369140625,16.899999618530273,18.721771240234375,19.899999618530273,4.947566032409668,13.85977840423584
2016-01-12,13.116386413574219,38.625450134277344,16.850000381469727,19.32594108581543,19.65999984741211,4.921885967254639,13.830578804016113
2016-01-13,13.162969589233398,39.2368049621582,16.260000228881836,19.031227111816406,20.079999923706055,4.7678093910217285,13.334196090698242
2016-01-14,13.069804191589355,38.462860107421875,16.43000030517578,18.950178146362305,20.18000030517578,4.7164506912231445,13.645652770996094
2016-01-15,12.391031265258789,37.636898040771484,16.110000610351562,18.066036224365234,19.469999313354492,4.810608386993408,13.460725784301758
2016-01-19,12.058293342590332,37.89053726196289,16.010000228881836,18.11760902404785,18.850000381469727,4.707890510559082,13.334196090698242
2016-01-20,11.512612342834473,36.06950759887695,16.1299991607666,17.638696670532227,18.3799991607666,4.579493999481201,12.487425804138184
2016-01-21,11.725558280944824,36.83694076538086,16.350000381469727,18.220762252807617,18.649999618530273,4.602809906005859,13.120070457458496
2016-01-22,12.410990715026855,38.48887252807617,16.8799991607666,19.112274169921875,20.6200008392334,4.827337265014648,14.33669376373291
2016-01-25,11.99174976348877,38.235225677490234,16.719999313354492,18.788082122802734,21.049999237060547,4.766887664794922,13.898710250854492
2016-01-26,12.424301147460938,38.93763732910156,17.09000015258789,19.480667114257812,21.31999969482422,4.835973262786865,14.599485397338867
2016-01-27,12.52411937713623,39.36036682128906,17.809999465942383,19.60592269897461,21.559999465942383,4.879151344299316,14.774680137634277
2016-01-28,12.777000427246094,39.57498550415039,18.149999618530273,19.66486358642578,22.06999969482422,4.896422863006592,15.533852577209473
2016-01-29,13.429160118103027,41.604148864746094,18.739999771118164,20.1069393157959,22.389999389648438,5.1295857429504395,16.390356063842773
2016-02-01,13.322685241699219,41.41553497314453,17.6200008392334,20.6816349029541,22.100000381469727,4.974143981933594,15.991301536560059
2016-02-02,12.936711311340332,40.238372802734375,17.059999465942383,20.40902328491211,22.09000015258789,4.861880302429199,15.407322883605957
2016-02-03,12.577359199523926,38.73601150512695,17.25,19.451194763183594,22.399999618530273,4.913694381713867,15.816109657287598
2016-02-04,13.349303245544434,41.13587951660156,16.989999771118164,20.556381225585938,22.600000381469727,5.0345940589904785,16.57528305053711
2016-02-05,13.602180480957031,41.55862045288086,16.850000381469727,20.5195369720459,22.700000762939453,5.069136142730713,16.662879943847656
2016-02-08,13.602180480957031,41.93583679199219,17.899999618530273,20.526905059814453,22.18000030517578,4.991415500640869,15.796643257141113
2016-02-09,13.169628143310547,41.70820617675781,16.68000030517578,20.45322608947754,21.93000030517578,5.0086870193481445,15.446256637573242
2016-02-10,13.289411544799805,41.9748649597168,16.360000610351562,20.556381225585938,22.829999923706055,5.017322063446045,15.241863250732422
2016-02-11,12.437613487243652,40.47249984741211,16.309999465942383,19.819589614868164,21.670000076293945,4.930965900421143,14.823343276977539
2016-02-12,12.47088623046875,41.740718841552734,16.31999969482422,20.03325653076172,21.6200008392334,4.974143981933594,15.845308303833008
2016-02-16,13.31602954864502,43.19104766845703,16.1200008392334,20.887929916381836,21.440000534057617,4.95687198638916,16.10809898376465
2016-02-17,13.70200252532959,43.360137939453125,16.3799991607666,21.086862564086914,21.739999771118164,5.198671340942383,16.915935516357422
2016-02-18,14.174479484558105,44.83647155761719,16.190000534057617,21.020557403564453,21.3799991607666,5.155492782592773,16.94513702392578
2016-02-19,13.775205612182617,43.880428314208984,16.170000076293945,20.792150497436523,21.239999771118164,5.138221740722656,16.83807373046875
2016-02-22,13.868370056152344,44.173118591308594,16.6299991607666,21.322635650634766,22.540000915527344,5.440469741821289,17.889236450195312
2016-02-23,14.034735679626465,44.39423370361328,15.890000343322754,21.263694763183594,21.790000915527344,5.4318342208862305,17.655643463134766
2016-02-24,14.4606351852417,45.077117919921875,16.329999923706055,21.352108001708984,22.649999618530273,5.544097423553467,18.006032943725586
2016-02-25,15.06620979309082,47.002193450927734,16.81999969482422,21.897329330444336,23.510000228881836,5.716811180114746,18.327220916748047
2016-02-26,15.212617874145508,45.44783020019531,16.950000762939453,21.948909759521484,23.209999084472656,5.863617420196533,18.259090423583984
2016-02-29,14.986356735229492,43.704833984375,16.8799991607666,21.573143005371094,22.209999084472656,5.751353740692139,17.636178970336914
2016-03-01,14.560455322265625,43.90645217895508,16.81999969482422,21.70576286315918,21.8700008392334,5.7858967781066895,17.655643463134766
2016-03-02,15.092833518981934,45.79251480102539,16.479999542236328,22.111000061035156,20.860000610351562,5.449105739593506,18.006032943725586
2016-03-03,14.507219314575195,44.62836837768555,16.290000915527344,21.617351531982422,20.770000457763672,5.449105739593506,18.278554916381836
2016-03-04,14.087972640991211,43.01545333862305,16.010000228881836,21.21211814880371,20.25,5.310935020446777,18.307754516601562
2016-03-07,13.695347785949707,42.781314849853516,15.789999961853027,20.659528732299805,19.950000762939453,5.146857261657715,18.103361129760742
2016-03-08,14.068009376525879,42.72929000854492,15.5,20.821622848510742,20.030000686645508,5.155492782592773,17.908700942993164
2016-03-09,14.021425247192383,43.07398223876953,15.529999732971191,21.123703002929688,20.43000030517578,5.198671340942383,17.538848876953125
2016-03-10,13.901641845703125,43.19104766845703,15.869999885559082,20.902667999267578,19.809999465942383,5.2073073387146,17.01326560974121
2016-03-11,14.340850830078125,44.01701354980469,15.739999771118164,21.477359771728516,20.270000457763672,5.190035820007324,17.052202224731445
2016-03-14,14.16783332824707,43.00244140625,15.25,21.300535202026367,20.049999237060547,5.190035820007324,16.653148651123047
2016-03-15,13.864277839660645,42.74229049682617,15.09000015258789,21.16790771484375,19.8799991607666,5.017322063446045,16.273557662963867
2016-03-16,14.219428062438965,43.30160140991211,15.359999656677246,21.469993591308594,20.8799991607666,5.2159423828125,16.283292770385742
2016-03-17,14.058600425720215,42.85935974121094,15.819999694824219,21.21211814880371,20.360000610351562,5.3282060623168945,16.555816650390625
2016-03-18,14.273031234741211,43.639808654785156,15.850000381469727,21.7131290435791,20.010000228881836,5.29366397857666,16.935400009155273
2016-03-21,14.17252254486084,43.61378479003906,15.720000267028809,21.7131290435791,20.049999237060547,5.120950698852539,17.383121490478516
2016-03-22,14.279735565185547,43.52925109863281,15.300000190734863,21.632091522216797,20.270000457763672,5.1295857429504395,17.441516876220703
2016-03-23,14.004999160766602,43.33467483520508,15.40999984741211,21.23421859741211,20.420000076293945,5.155492782592773,17.314990997314453
2016-03-24,13.803969383239746,43.086551666259766,15.640000343322754,21.219482421875,20.829999923706055,5.000051021575928,17.529115676879883
2016-03-28,13.870980262756348,43.164913177490234,15.359999656677246,21.271060943603516,20.43000030517578,4.974143981933594,17.334453582763672
2016-03-29,13.542628288269043,41.36284637451172,15.5,20.799518585205078,20.6299991607666,4.844608783721924,17.36365509033203
2016-03-30,13.542628288269043,41.049434661865234,15.489999771118164,20.865829467773438,20.700000762939453,5.1036787033081055,17.21765899658203
2016-03-31,13.381807327270508,42.09410858154297,16.700000762939453,20.851091384887695,21.440000534057617,5.043229579925537,17.402585983276367
2016-04-01,13.301397323608398,42.38792419433594,16.799999237060547,20.64478874206543,21.5,5.4577412605285645,17.04246711730957
2016-04-04,13.509127616882324,42.244285583496094,16.5,20.482696533203125,21.09000015258789,5.552733421325684,16.69207763671875
2016-04-05,12.899336814880371,40.97760772705078,16.049999237060547,19.989044189453125,21.059999465942383,5.621818542480469,16.302757263183594
2016-04-06,12.564292907714844,38.71848678588867,15.510000228881836,19.569080352783203,20.34000015258789,5.621818542480469,16.390356063842773
2016-04-07,12.262750625610352,37.915382385253906,15.270000457763672,18.935443878173828,19.610000610351562,5.639090538024902,16.078899383544922
2016-04-08,12.59109878540039,38.82295608520508,15.210000038146973,19.598546981811523,20.190000534057617,5.664997100830078,16.448753356933594
2016-04-11,12.544185638427734,37.948036193847656,14.850000381469727,19.17858123779297,19.969999313354492,5.716811180114746,16.80887222290039
2016-04-12,13.167376518249512,40.063514709472656,14.90999984741211,20.018522262573242,20.389999389648438,5.639090538024902,17.577781677246094
2016-04-13,14.19262409210205,43.74601745605469,15.550000190734863,21.551042556762695,22.0,5.742718696594238,18.015766143798828
2016-04-14,14.433858871459961,43.674190521240234,15.800000190734863,21.602611541748047,22.75,5.768625259399414,18.375885009765625
2016-04-15,14.527665138244629,44.372833251953125,15.859999656677246,21.624719619750977,22.280000686645508,5.6822686195373535,18.2396240234375
2016-04-18,14.440558433532715,45.717838287353516,15.619999885559082,21.757349014282227,21.760000228881836,5.639090538024902,18.628944396972656
2016-04-19,15.150856018066406,47.67011260986328,16.040000915527344,22.914100646972656,22.299999237060547,5.829074859619141,19.310253143310547
2016-04-20,15.278178215026855,46.24018478393555,16.5,22.560441970825195,22.479999542236328,5.889524936676025,20.049959182739258
2016-04-21,15.479208946228027,46.5535888671875,16.329999923706055,22.74464225769043,22.25,5.889524936676025,19.806636810302734
2016-04-22,14.849315643310547,44.105125427246094,15.9399995803833,21.867856979370117,21.489999771118164,5.837710857391357,19.524377822875977
2016-04-25,14.386951446533203,42.955970764160156,15.350000381469727,21.24159049987793,20.8700008392334,5.621818542480469,18.833337783813477
2016-04-26,14.708600044250488,43.373844146728516,15.359999656677246,21.492095947265625,21.020000457763672,5.595911979675293,19.2615909576416
2016-04-27,14.789008140563965,42.13982009887695,15.260000228881836,21.37421417236328,20.719999313354492,5.561368942260742,19.611974716186523
2016-04-28,14.748800277709961,43.38689422607422,15.140000343322754,21.29316520690918,20.75,5.552733421325684,19.582778930664062
2016-04-29,14.13901424407959,40.89273452758789,15.760000228881836,20.976341247558594,20.459999084472656,5.388655185699463,19.611974716186523
2016-05-02,14.293137550354004,42.0810546875,15.25,21.543670654296875,20.399999618530273,5.4577412605285645,19.582778930664062
2016-05-03,13.730257034301758,40.259395599365234,14.779999732971191,20.73320770263672,19.8700008392334,5.449105739593506,18.91119956970215
2016-05-04,13.676647186279297,38.82948684692383,14.579999923706055,20.63006019592285,20.850000381469727,5.414563179016113,18.891735076904297
2016-05-05,13.864277839660645,40.285499572753906,14.8100004196167,20.85845947265625,21.760000228881836,5.440469741821289,19.417314529418945
2016-05-06,13.77046012878418,40.27897262573242,14.869999885559082,20.784780502319336,22.6200008392334,5.414563179016113,19.602243423461914
2016-05-09,13.904478073120117,41.47384262084961,14.789999961853027,21.315263748168945,22.1200008392334,5.440469741821289,19.300519943237305
2016-05-10,14.118912696838379,40.16145324707031,14.6899995803833,21.5068359375,22.520000457763672,5.483648300170898,19.611974716186523
2016-05-11,14.232831954956055,41.59788513183594,14.59000015258789,21.396318435668945,22.639999389648438,5.483648300170898,20.147289276123047
2016-05-12,13.569435119628906,41.18000793457031,14.619999885559082,21.138439178466797,22.690000534057617,5.475012302398682,20.361413955688477
2016-05-13,13.147275924682617,40.60544204711914,14.5,20.65216064453125,22.799999237060547,5.483648300170898,19.777437210083008
2016-05-16,12.751920700073242,39.86111068725586,14.40999984741211,20.526905059814453,22.639999389648438,5.483648300170898,20.118091583251953
2016-05-17,12.798827171325684,39.23428726196289,14.229999542236328,19.996417999267578,22.420000076293945,5.440469741821289,20.234888076782227
2016-05-18,12.705011367797852,39.52811813354492,14.0600004196167,19.87116241455078,22.149999618530273,5.285027503967285,20.332216262817383
2016-05-19,12.343157768249512,39.17552947998047,13.670000076293945,19.36271095275879,21.549999237060547,5.2159423828125,19.96236228942871
2016-05-20,12.477180480957031,39.541175842285156,13.890000343322754,20.027843475341797,21.56999969482422,5.319570064544678,20.351682662963867
2016-05-23,12.517383575439453,40.41609191894531,13.550000190734863,19.939149856567383,21.229999542236328,5.34547758102417,20.293285369873047
2016-05-24,12.396766662597656,39.293060302734375,13.4399995803833,19.850479125976562,21.420000076293945,5.29366397857666,20.595006942749023
2016-05-25,12.289549827575684,39.18206024169922,13.680000305175781,19.835691452026367,21.600000381469727,5.3282060623168945,20.92593002319336
2016-05-26,12.524085998535156,39.49547576904297,14.479999542236328,20.18303680419922,22.75,5.34547758102417,21.178987503051758
2016-05-27,12.792123794555664,39.91986846923828,14.65999984741211,20.715147018432617,23.489999771118164,5.362748622894287,21.03299331665039
2016-05-31,12.691612243652344,40.8078498840332,15.029999732971191,20.99597930908203,23.469999313354492,5.570004940032959,20.351682662963867
2016-06-01,12.658102989196777,40.95802307128906,15.0,20.796436309814453,23.34000015258789,5.440469741821289,20.380882263183594
2016-06-02,13.013253211975098,43.07350158691406,15.380000114440918,21.2694149017334,23.309999465942383,5.483648300170898,20.702070236206055
2016-06-03,13.046761512756348,43.39996337890625,15.479999542236328,21.247243881225586,23.93000030517578,5.475012302398682,20.73126983642578
2016-06-06,13.174077987670898,43.667659759521484,15.4399995803833,21.609375,24.450000762939453,5.578639984130859,20.77993392944336
2016-06-07,13.582839012145996,44.99962615966797,15.75,21.868040084838867,25.579999923706055,5.716811180114746,21.324981689453125
2016-06-08,13.716853141784668,44.81681442260742,16.190000534057617,22.038013458251953,26.15999984741211,5.500919342041016,21.393112182617188
2016-06-09,13.629744529724121,45.104095458984375,15.989999771118164,21.912378311157227,26.18000030517578,5.500919342041016,21.062192916870117
2016-06-10,13.56273078918457,45.62643814086914,15.619999885559082,21.993671417236328,25.719999313354492,5.604547500610352,20.380882263183594
2016-06-13,13.361703872680664,45.16938781738281,15.550000190734863,22.119306564331055,26.110000610351562,5.552733421325684,19.75796890258789
2016-06-14,13.509127616882324,45.83536148071289,15.3100004196167,22.392745971679688,25.889999389648438,5.526826858520508,19.24212074279785
2016-06-15,13.797266960144043,46.25324630737305,15.430000305175781,22.47404670715332,26.190000534057617,5.621818542480469,19.05719757080078
2016-06-16,13.582839012145996,45.80272674560547,15.350000381469727,22.289289474487305,26.280000686645508,5.6304545402526855,18.891735076904297
2016-06-17,14.058600425720215,48.48625564575195,15.8100004196167,23.050491333007812,26.559999465942383,5.6822686195373535,19.31998634338379
2016-06-20,14.259634971618652,49.77903366088867,16.479999542236328,23.538257598876953,26.700000762939453,5.725447177886963,19.816368103027344
2016-06-21,13.984893798828125,48.59724426269531,16.200000762939453,23.10222625732422,27.0,5.742718696594238,19.806636810302734
2016-06-22,14.105511665344238,48.636417388916016,16.34000015258789,23.00615119934082,26.739999771118164,5.803167819976807,19.670372009277344
2016-06-23,14.179221153259277,47.96391296386719,16.520000457763672,22.976591110229492,26.989999771118164,5.751353740692139,19.845565795898438
2016-06-24,13.147275924682617,44.986572265625,15.800000190734863,21.95672035217285,26.25,5.570004940032959,18.86253547668457
2016-06-27,12.691612243652344,44.470760345458984,15.989999771118164,21.232465744018555,25.860000610351562,5.475012302398682,17.97683334350586
2016-06-28,13.710155487060547,46.88005447387695,16.43000030517578,22.08234977722168,26.84000015258789,5.595911979675293,18.833337783813477
2016-06-29,14.078705787658691,48.21855926513672,17.059999465942383,22.910076141357422,27.15999984741211,5.6822686195373535,19.154525756835938
2016-06-30,13.824071884155273,48.46013641357422,17.510000228881836,22.570119857788086,27.34000015258789,5.829074859619141,18.687341690063477
2016-07-01,13.951388359069824,48.36220169067383,17.799999237060547,22.858341217041016,27.81999969482422,5.803167819976807,19.03167724609375
2016-07-05,13.891080856323242,48.6429557800293,17.600000381469727,22.666194915771484,28.649999618530273,5.79453182220459,18.71775245666504
2016-07-06,13.66324520111084,48.4405517578125,17.270000457763672,22.61446189880371,28.489999771118164,5.837710857391357,18.776615142822266
2016-07-07,13.797266960144043,48.6952018737793,17.18000030517578,22.732711791992188,28.290000915527344,5.79453182220459,18.550981521606445
2016-07-08,13.783864974975586,49.07389450073242,17.059999465942383,22.821392059326172,29.0,5.820439338684082,18.904146194458008
2016-07-11,13.888073921203613,49.49828338623047,16.739999771118164,23.03571128845215,28.450000762939453,5.647725582122803,18.92376708984375
2016-07-12,13.813154220581055,49.7659912109375,16.729999542236328,22.998762130737305,27.65999984741211,5.61318302154541,19.394651412963867
2016-07-13,14.283129692077637,50.62131118774414,16.5,23.427398681640625,27.700000762939453,5.6304545402526855,18.972816467285156
2016-07-14,14.371674537658691,51.803104400634766,16.600000381469727,23.76735496520996,28.059999465942383,5.61318302154541,19.080730438232422
2016-07-15,14.283129692077637,51.40483474731445,17.040000915527344,23.405223846435547,28.360000610351562,5.61318302154541,18.855093002319336
2016-07-18,14.678177833557129,51.56806945800781,17.139999389648438,23.560428619384766,28.06999969482422,5.61318302154541,18.639270782470703
2016-07-19,14.623688697814941,51.58765411376953,16.920000076293945,23.57520294189453,27.239999771118164,5.604547500610352,18.070283889770508
2016-07-20,14.255884170532227,50.44501876831055,17.149999618530273,23.065275192260742,26.649999618530273,5.578639984130859,18.609840393066406
2016-07-21,14.21501350402832,50.06631851196289,17.530000686645508,22.547950744628906,27.1299991607666,5.578639984130859,18.49211883544922
2016-07-22,14.18095588684082,50.392784118652344,17.709999084472656,22.547950744628906,27.3700008392334,5.535461902618408,18.501930236816406
2016-07-25,13.96299934387207,50.053279876708984,17.239999771118164,22.599681854248047,26.8799991607666,5.4577412605285645,17.93294334411621
2016-07-26,13.96299934387207,49.361175537109375,17.18000030517578,22.333629608154297,26.530000686645508,5.621818542480469,17.893701553344727
2016-07-27,13.806342124938965,48.46013641357422,17.010000228881836,21.993671417236328,26.770000457763672,5.483648300170898,17.609207153320312
2016-07-28,13.622441291809082,48.4013671875,16.959999084472656,21.845867156982422,27.0,5.500919342041016,17.560155868530273
2016-07-29,13.69736385345459,49.05429458618164,17.790000915527344,21.934551239013672,27.260000228881836,5.61318302154541,18.119333267211914
2016-08-01,13.438536643981934,47.435035705566406,17.459999084472656,21.535470962524414,27.549999237060547,5.570004940032959,17.609207153320312
2016-08-02,13.220579147338867,47.06940460205078,17.3700008392334,21.239858627319336,27.690000534057617,5.526826858520508,17.95256233215332
2016-08-03,13.261445999145508,47.55256652832031,17.059999465942383,21.786741256713867,27.520000457763672,5.526826858520508,18.609840393066406
2016-08-04,13.731420516967773,48.30344009399414,16.739999771118164,21.801523208618164,27.670000076293945,5.449105739593506,18.83547592163086
2016-08-05,13.690549850463867,48.10102081298828,16.559999465942383,21.705446243286133,27.5,5.544097423553467,17.97218132019043
2016-08-08,13.676929473876953,48.05531311035156,15.829999923706055,21.927160263061523,27.450000762939453,5.526826858520508,17.77597999572754
2016-08-09,13.799530982971191,48.43402099609375,16.06999969482422,22.067577362060547,27.84000015258789,5.423198699951172,18.099714279174805
2016-08-10,13.799530982971191,49.28935623168945,16.3799991607666,21.90498924255371,28.190000534057617,5.388655185699463,18.070283889770508
2016-08-11,13.520270347595215,49.805171966552734,16.09000015258789,21.801523208618164,28.059999465942383,5.362748622894287,18.06047248840332
2016-08-12,13.520270347595215,50.13549041748047,15.609999656677246,21.29897689819336,27.100000381469727,5.319570064544678,18.040851593017578
2016-08-15,13.44534683227539,50.458560943603516,15.319999694824219,21.579811096191406,27.1200008392334,5.276392459869385,18.207624435424805
2016-08-16,13.315932273864746,50.12229919433594,15.25,21.262033462524414,25.520000457763672,5.181399822235107,17.707307815551758
2016-08-17,13.193333625793457,49.90471649169922,15.899999618530273,21.08466148376465,26.459999084472656,5.120950698852539,17.76616859436035
2016-08-18,13.329557418823242,50.01019287109375,15.630000114440918,21.624155044555664,25.290000915527344,5.2073073387146,17.736738204956055
2016-08-19,13.343178749084473,50.18164825439453,16.260000228881836,21.535470962524414,25.15999984741211,5.224578857421875,17.471864700317383
2016-08-22,13.499837875366211,50.68932342529297,16.389999389648438,21.868040084838867,25.31999969482422,5.233213424682617,17.010787963867188
2016-08-23,13.74504280090332,51.520076751708984,16.600000381469727,22.25972557067871,25.950000762939453,5.250484943389893,17.27566146850586
2016-08-24,14.133281707763672,52.68708801269531,16.43000030517578,22.865732192993164,26.18000030517578,5.2159423828125,17.285472869873047
2016-08-25,14.133281707763672,53.22774124145508,16.31999969482422,22.7548770904541,26.149999618530273,5.198671340942383,17.07946014404297
2016-08-26,13.765475273132324,52.087100982666016,16.5,22.318849563598633,25.760000228881836,5.190035820007324,16.71648406982422
2016-08-29,14.010675430297852,52.56180953979492,16.790000915527344,22.777048110961914,25.3700008392334,5.155492782592773,16.755725860595703
2016-08-30,14.099224090576172,51.73765563964844,17.0,22.51099967956543,25.3700008392334,5.120950698852539,16.922496795654297
2016-08-31,13.724609375,51.651939392089844,17.5,21.993671417236328,25.059999465942383,5.2073073387146,16.66743278503418
2016-09-01,13.717795372009277,51.73105239868164,17.850000381469727,22.45186996459961,25.899999618530273,5.198671340942383,16.755725860595703
2016-09-02,13.717795372009277,51.599185943603516,17.75,22.57750701904297,25.989999771118164,5.397291660308838,17.03040885925293
2016-09-06,14.24226188659668,52.61455535888672,19.0,23.065275192260742,27.760000228881836,5.604547500610352,17.27566146850586
2016-09-07,13.928943634033203,52.304691314697266,18.979999542236328,23.131784439086914,27.719999313354492,5.578639984130859,17.403194427490234
2016-09-08,13.928943634033203,50.94646453857422,19.100000381469727,22.318849563598633,27.979999542236328,5.526826858520508,17.344331741333008
2016-09-09,13.411291122436523,49.17946243286133,18.639999389648438,21.46156883239746,27.260000228881836,5.526826858520508,16.942115783691406
2016-09-12,13.35680103302002,50.109107971191406,18.450000762939453,21.90498924255371,27.489999771118164,5.570004940032959,17.010787963867188
2016-09-13,13.077540397644043,48.67176055908203,18.329999923706055,21.550249099731445,27.700000762939453,5.570004940032959,16.89306640625
2016-09-14,13.13884449005127,47.42563247680664,18.360000610351562,21.151174545288086,28.0,5.578639984130859,16.80477523803711
2016-09-15,13.234198570251465,48.111331939697266,18.760000228881836,21.380271911621094,29.459999084472656,5.570004940032959,16.951927185058594
2016-09-16,12.975374221801758,48.00584030151367,18.3799991607666,21.032926559448242,30.190000534057617,5.500919342041016,16.853824615478516
2016-09-19,13.1524658203125,48.84319305419922,18.610000610351562,21.232465744018555,30.8700008392334,5.6563615798950195,16.834205627441406
2016-09-20,13.084352493286133,48.434417724609375,18.690000534057617,21.106826782226562,30.799999237060547,5.690904140472412,16.55952262878418
2016-09-21,13.275066375732422,49.06076431274414,19.1299991607666,21.71283721923828,30.989999771118164,5.803167819976807,17.13831901550293
2016-09-22,13.663309097290039,50.42558670043945,19.65999984741211,22.43709373474121,32.310001373291016,5.889524936676025,17.344331741333008
2016-09-23,13.479402542114258,49.16626739501953,19.3799991607666,22.400144577026367,32.060001373291016,5.863617420196533,17.099079132080078
2016-09-26,13.268256187438965,50.06955337524414,18.969999313354492,22.023235321044922,31.209999084472656,5.87225341796875,16.87344741821289
2016-09-27,13.315932273864746,50.491512298583984,18.969999313354492,22.222776412963867,30.329999923706055,5.898160457611084,16.61838150024414
2016-09-28,13.349992752075195,50.24097442626953,18.81999969482422,22.392745971679688,30.59000015258789,5.932703018188477,17.43262481689453
2016-09-29,13.479402542114258,50.603607177734375,19.309999465942383,22.673587799072266,32.310001373291016,5.889524936676025,17.569965362548828
2016-09-30,13.547515869140625,51.59260559082031,19.799999237060547,22.99136734008789,32.400001525878906,5.898160457611084,17.874080657958984
2016-10-03,13.486215591430664,51.493717193603516,20.079999923706055,22.887910842895508,32.290000915527344,5.846345901489258,18.19781494140625
2016-10-04,13.792718887329102,52.27172088623047,19.84000015258789,23.530864715576172,31.68000030517578,5.9586100578308105,18.609840393066406
2016-10-05,14.037923812866211,52.55522155761719,20.350000381469727,24.018630981445312,31.90999984741211,6.070873737335205,18.99243927001953
2016-10-06,14.03111457824707,52.36402893066406,21.049999237060547,23.486520767211914,31.709999084472656,6.157230377197266,18.87471580505371
2016-10-07,13.540702819824219,51.651939392089844,21.1200008392334,23.29437255859375,32.150001525878906,6.217679500579834,19.051298141479492
2016-10-10,13.704174041748047,51.42778396606445,21.450000762939453,23.70823097229004,32.290000915527344,6.217679500579834,19.090538024902344
2016-10-11,13.595193862915039,50.50469970703125,21.200000762939453,23.353496551513672,32.380001068115234,6.2867655754089355,19.03167724609375
2016-10-12,13.68373966217041,50.66295623779297,21.75,23.420013427734375,32.27000045776367,6.217679500579834,18.825664520263672
2016-10-13,13.49302864074707,50.953060150146484,21.510000228881836,23.19829559326172,32.31999969482422,6.217679500579834,18.649080276489258
2016-10-14,13.58838176727295,52.2849006652832,21.700000762939453,23.368284225463867,32.369998931884766,6.217679500579834,18.501930236816406
2016-10-17,13.717795372009277,52.693687438964844,21.579999923706055,23.493911743164062,32.810001373291016,6.321308135986328,18.933574676513672
2016-10-18,13.928943634033203,52.2849006652832,21.809999465942383,23.286983489990234,32.90999984741211,6.3817572593688965,18.776615142822266
2016-10-19,14.555577278137207,53.26731872558594,22.200000762939453,23.700843811035156,34.25,6.468113899230957,18.884525299072266
2016-10-20,14.691801071166992,52.66072082519531,23.0,23.604768753051758,34.22999954223633,6.528563976287842,18.60003089904785
2016-10-21,14.644120216369629,52.4035758972168,24.100000381469727,23.368284225463867,34.70000076293945,6.7358198165893555,18.62946128845215
2016-10-24,14.337616920471191,52.01457214355469,24.809999465942383,23.368284225463867,34.779998779296875,6.684005260467529,18.639270782470703
2016-10-25,14.392106056213379,51.61238098144531,25.579999923706055,23.087444305419922,34.5,6.632192134857178,18.276294708251953
2016-10-26,14.092413902282715,50.7684326171875,25.049999237060547,22.9322452545166,33.720001220703125,6.485385894775391,18.080095291137695
2016-10-27,13.935752868652344,50.72889709472656,25.399999618530273,23.057886123657227,33.880001068115234,6.416300296783447,17.854461669921875
2016-10-28,13.731420516967773,50.44537353515625,25.610000610351562,23.1243953704834,34.20000076293945,6.424935817718506,17.43262481689453
2016-10-31,13.370426177978516,50.260746002197266,25.670000076293945,23.013540267944336,34.06999969482422,6.260858535766602,17.422815322875977
2016-11-01,13.09797477722168,49.94428634643555,25.8799991607666,22.673587799072266,33.95000076293945,6.165865898132324,17.05002784729004
2016-11-02,12.859583854675293,49.48275375366211,24.84000015258789,21.971500396728516,33.209999084472656,6.0104241371154785,16.422178268432617
2016-11-03,12.859583854675293,49.33769226074219,25.200000762939453,21.646329879760742,33.5099983215332,5.993152618408203,16.490848541259766
2016-11-04,12.87320327758789,49.021209716796875,25.469999313354492,21.816301345825195,33.540000915527344,6.044966697692871,16.3535099029541
2016-11-07,13.104785919189453,50.04977035522461,26.09000015258789,22.695758819580078,34.459999084472656,6.304037094116211,16.530092239379883
2016-11-08,13.077540397644043,49.45637893676758,27.0,22.858341217041016,34.84000015258789,6.312672138214111,16.314266204833984
2016-11-09,13.084352493286133,49.86515426635742,26.940000534057617,22.104528427124023,35.099998474121094,6.3385796546936035,15.66679859161377
2016-11-10,12.941317558288574,46.81245422363281,26.200000762939453,20.848169326782227,33.22999954223633,6.226315498352051,15.794331550598145
2016-11-11,12.375988006591797,45.02567672729492,25.43000030517578,20.781661987304688,32.16999816894531,5.975881576538086,15.696228981018066
2016-11-14,12.08991527557373,45.09818649291992,25.020000457763672,20.24955177307129,31.520000457763672,5.7858967781066895,15.509836196899414
2016-11-15,12.328307151794434,46.23225402832031,25.489999771118164,21.128999710083008,32.939998626708984,5.967245101928711,16.55952262878418
2016-11-16,11.99455738067627,45.79049301147461,25.469999313354492,20.966415405273438,33.400001525878906,6.0104241371154785,16.186735153198242
2016-11-17,12.307875633239746,47.0695915222168,25.65999984741211,21.13639259338379,33.90999984741211,6.217679500579834,15.706039428710938
2016-11-18,11.974127769470215,46.535545349121094,25.610000610351562,20.944242477416992,33.380001068115234,6.252222061157227,16.010150909423828
2016-11-21,12.192082405090332,47.616844177246094,25.81999969482422,21.542865753173828,35.15999984741211,6.3817572593688965,16.726293563842773
2016-11-22,12.723355293273926,48.315731048583984,26.600000381469727,21.5133056640625,36.689998626708984,6.424935817718506,16.765535354614258
2016-11-23,12.621188163757324,47.630035400390625,27.5,21.446788787841797,36.61000061035156,6.684005260467529,16.608572006225586
2016-11-25,12.607566833496094,47.42563247680664,27.6299991607666,21.202903747558594,36.2599983215332,6.7617268562316895,16.3535099029541
2016-11-28,12.709735870361328,47.57728576660156,27.899999618530273,21.276813507080078,36.61000061035156,6.908533096313477,16.186735153198242
2016-11-29,12.491776466369629,47.60364532470703,27.299999237060547,20.862947463989258,35.04999923706055,6.968982696533203,15.863000869750977
2016-11-30,11.885579109191895,45.61906051635742,27.200000762939453,20.09435272216797,34.93000030517578,6.684005260467529,16.66743278503418
2016-12-01,12.158027648925781,46.561920166015625,27.020000457763672,20.353015899658203,34.349998474121094,6.943075656890869,16.14749526977539
2016-12-02,11.776601791381836,45.4278564453125,27.979999542236328,19.540077209472656,34.97999954223633,7.020797252655029,16.029773712158203
2016-12-05,11.987747192382812,45.68500518798828,27.549999237060547,19.451391220092773,35.0099983215332,7.072610378265381,16.22597885131836
2016-12-06,11.987747192382812,45.394901275634766,27.59000015258789,19.325754165649414,35.400001525878906,7.098517417907715,16.029773712158203
2016-12-07,11.797032356262207,44.78831100463867,27.0,18.9636287689209,35.70000076293945,7.107153415679932,15.990531921386719
2016-12-08,11.912824630737305,45.909175872802734,27.31999969482422,19.030139923095703,35.540000915527344,7.150331497192383,16.157304763793945
2016-12-09,11.865145683288574,43.7267951965332,27.3700008392334,18.741920471191406,35.439998626708984,7.288502216339111,16.25540542602539
2016-12-12,11.633564949035645,42.625709533691406,26.989999771118164,18.498037338256836,34.959999084472656,7.210782051086426,15.853190422058105
2016-12-13,11.749353408813477,42.698238372802734,27.34000015258789,19.141000747680664,35.25,7.288502216339111,15.872811317443848
2016-12-14,11.694864273071289,42.93559265136719,27.299999237060547,18.87494659423828,34.56999969482422,7.305774211883545,15.60793685913086
2016-12-15,11.483717918395996,42.566368103027344,27.360000610351562,18.601499557495117,34.959999084472656,7.184874057769775,15.244961738586426
2016-12-16,11.429226875305176,42.098243713378906,26.889999389648438,18.158082962036133,34.68000030517578,7.202146053314209,14.803505897521973
2016-12-19,11.272566795349121,41.33341979980469,26.489999771118164,17.4486141204834,34.34000015258789,7.228053092956543,14.803505897521973
2016-12-20,11.286189079284668,41.0960693359375,26.940000534057617,17.529903411865234,33.150001525878906,7.245324611663818,14.911417007446289
2016-12-21,11.313437461853027,41.47188949584961,27.209999084472656,18.32805824279785,33.9900016784668,7.271231174468994,14.960468292236328
2016-12-22,11.238511085510254,41.076290130615234,27.020000457763672,18.19503402709961,33.61000061035156,7.348952293395996,14.92122745513916
2016-12-23,11.43603801727295,41.34661102294922,26.639999389648438,18.712356567382812,33.459999084472656,7.633929252624512,14.911417007446289
2016-12-27,11.660807609558105,41.518035888671875,27.09000015258789,18.845386505126953,32.720001220703125,7.625293254852295,15.244961738586426
2016-12-28,11.824277877807617,41.73562240600586,26.139999389648438,19.517902374267578,33.04999923706055,7.772100448608398,15.696228981018066
2016-12-29,11.871954917907715,42.1905632019043,27.0,19.835691452026367,34.22999954223633,7.728921890258789,15.686418533325195
2016-12-30,11.871954917907715,42.42790603637695,27.850000381469727,19.89481544494629,34.810001373291016,7.789371490478516,16.186735153198242
2017-01-03,12.410040855407715,46.18609619140625,28.6299991607666,20.877729415893555,36.0,8.307511329650879,16.971548080444336
2017-01-04,12.375988006591797,46.42344284057617,30.760000228881836,20.663408279418945,36.220001220703125,8.169340133666992,16.530092239379883
2017-01-05,12.403228759765625,46.78608322143555,30.700000762939453,21.106826782226562,36.34000015258789,8.212518692016602,16.677242279052734
2017-01-06,12.51220989227295,47.45860290527344,31.670000076293945,21.8828182220459,37.0,8.221155166625977,16.863637924194336
2017-01-09,12.307875633239746,47.392669677734375,31.15999984741211,22.05279541015625,37.29999923706055,8.255697250366211,17.834840774536133
2017-01-10,12.64843463897705,49.54867935180664,31.229999542236328,22.95442008972168,39.65999984741211,8.678845405578613,20.140226364135742
2017-01-11,12.478154182434082,48.645389556884766,31.799999237060547,22.8509521484375,40.45000076293945,8.66157341003418,20.33642578125
2017-01-12,12.232950210571289,48.06519317626953,30.989999771118164,22.998762130737305,39.900001525878906,8.454317092895508,20.385478973388672
2017-01-13,12.280630111694336,48.164093017578125,31.139999389648438,23.316543579101562,40.970001220703125,8.523402214050293,20.92503547668457
2017-01-17,12.253384590148926,48.13112258911133,30.5,23.486520767211914,42.18000030517578,8.61839485168457,20.88579559326172
2017-01-18,12.185272216796875,48.15748977661133,31.09000015258789,23.58259391784668,43.220001220703125,8.627030372619629,20.326616287231445
2017-01-19,11.974127769470215,47.676177978515625,31.049999237060547,23.58259391784668,42.31999969482422,8.428410530090332,20.385478973388672
2017-01-20,12.178458213806152,49.31131362915039,31.190000534057617,24.122087478637695,43.7400016784668,8.566580772399902,20.817123413085938
2017-01-23,12.532645225524902,51.368431091308594,31.219999313354492,25.07544708251953,44.59000015258789,8.601123809814453,21.23896026611328
2017-01-24,12.457720756530762,51.7244758605957,31.0,24.535947799682617,44.79999923706055,8.61839485168457,22.07282066345215
2017-01-25,13.132033348083496,51.50030517578125,31.09000015258789,24.203393936157227,44.709999084472656,8.627030372619629,21.98453140258789
2017-01-26,12.7642240524292,50.873931884765625,30.709999084472656,23.57520294189453,45.09000015258789,8.644301414489746,21.719655990600586
2017-01-27,12.621188163757324,50.13549041748047,31.329999923706055,23.16134262084961,45.41999816894531,8.583852767944336,21.611743927001953
2017-01-30,12.546265602111816,49.654178619384766,31.399999618530273,22.791833877563477,45.58000183105469,8.592488288879395,21.052566528320312
2017-01-31,12.484964370727539,49.54208755493164,33.790000915527344,22.961807250976562,46.439998626708984,9.032906532287598,21.258581161499023
2017-02-01,12.743789672851562,49.62779235839844,34.099998474121094,23.16874122619629,47.540000915527344,9.196985244750977,21.35668182373047
2017-02-02,12.907264709472656,50.59701919555664,34.95000076293945,23.663888931274414,49.06999969482422,9.24016284942627,21.739276885986328
2017-02-03,12.941317558288574,51.2431640625,33.900001525878906,23.91516876220703,48.15999984741211,9.585590362548828,21.650985717773438
2017-02-06,12.839150428771973,51.50030517578125,33.599998474121094,24.033405303955078,47.790000915527344,9.689217567443848,21.48421287536621
2017-02-07,12.832334518432617,51.71128845214844,32.849998474121094,24.55072784423828,47.18000030517578,9.602860450744629,20.660160064697266
2017-02-08,12.900449752807617,52.72007369995117,32.31999969482422,25.43757438659668,45.77000045776367,9.464690208435059,20.59149169921875
2017-02-09,13.193333625793457,54.38815689086914,32.7400016784668,26.087923049926758,45.849998474121094,9.35242748260498,20.787694931030273
2017-02-10,13.479402542114258,55.77934646606445,32.79999923706055,26.361364364624023,46.5,9.749667167663574,21.121238708496094
2017-02-13,12.893638610839844,54.394752502441406,33.189998626708984,25.48931121826172,46.70000076293945,9.844659805297852,21.180097579956055
2017-02-14,12.900449752807617,55.89143371582031,33.40999984741211,25.644502639770508,47.15999984741211,9.766939163208008,21.317441940307617
2017-02-15,12.961753845214844,56.5309944152832,34.36000061035156,25.9622859954834,47.09000015258789,9.585590362548828,21.121238708496094
2017-02-16,12.668869972229004,53.3266487121582,33.93000030517578,25.31193733215332,46.369998931884766,9.49059772491455,21.08199691772461
2017-02-17,12.702920913696289,53.14862060546875,34.150001525878906,25.58538246154785,47.04999923706055,9.775574684143066,20.88579559326172
2017-02-21,12.546265602111816,54.66508483886719,34.45000076293945,25.629718780517578,48.31999969482422,10.11236572265625,21.55288314819336
2017-02-22,12.416851997375488,54.50025939941406,33.70000076293945,25.73318099975586,47.34000015258789,10.319622039794922,20.99370765686035
2017-02-23,12.21932601928711,53.76180648803711,33.5,24.83156394958496,46.209999084472656,10.276443481445312,20.94465446472168
2017-02-24,11.837897300720215,52.18600845336914,33.9900016784668,24.070356369018555,45.880001068115234,10.354164123535156,20.601301193237305
2017-02-27,11.599507331848145,51.28272247314453,34.2599983215332,23.870820999145508,45.72999954223633,10.310985565185547,20.49338722229004
2017-02-28,11.19764518737793,50.80799865722656,34.29999923706055,23.501304626464844,45.77000045776367,10.336892127990723,20.356048583984375
2017-03-01,11.52458381652832,53.22114944458008,34.2400016784668,24.32163429260254,46.83000183105469,10.397342681884766,20.954465866088867
2017-03-02,11.29300308227539,52.944236755371094,33.95000076293945,24.070356369018555,46.13999938964844,10.12963581085205,20.601301193237305
2017-03-03,11.96731185913086,54.08486557006836,34.0,24.846345901489258,46.9900016784668,10.224629402160645,20.787694931030273
2017-03-06,11.858332633972168,53.70245361328125,33.439998626708984,24.535947799682617,47.119998931884766,10.38870620727539,21.444974899291992
2017-03-07,11.871954917907715,53.709049224853516,32.790000915527344,24.388151168823242,47.06999969482422,10.578691482543945,21.21933937072754
2017-03-08,11.987747192382812,53.59696960449219,32.040000915527344,24.402923583984375,47.0,11.001838684082031,20.846553802490234
2017-03-09,11.810653686523438,53.524436950683594,31.860000610351562,24.506391525268555,46.75,11.088194847106934,20.620922088623047
2017-03-10,11.878766059875488,54.08486557006836,31.899999618530273,25.01631736755371,46.279998779296875,11.22636604309082,20.218704223632812
2017-03-13,11.906012535095215,54.65188980102539,32.900001525878906,25.718406677246094,46.70000076293945,11.511343002319336,21.21933937072754
2017-03-14,11.933258056640625,54.44089889526367,32.279998779296875,25.718406677246094,46.9900016784668,11.606335639953613,21.386110305786133
2017-03-15,12.08991527557373,54.895851135253906,32.5,25.9622859954834,47.88999938964844,11.735870361328125,21.856998443603516
2017-03-16,12.362361907958984,56.234291076660156,32.2400016784668,26.294858932495117,49.08000183105469,12.003576278686523,23.102886199951172
2017-03-17,12.410040855407715,54.618919372558594,32.27000045776367,26.01402473449707,48.709999084472656,12.167654037475586,22.85763168334961
2017-03-20,12.532645225524902,55.96394729614258,32.79999923706055,26.61263656616211,50.220001220703125,11.951763153076172,23.240230560302734
2017-03-21,12.137590408325195,55.4892463684082,32.81999969482422,26.679147720336914,49.31999969482422,11.727234840393066,22.90668487548828
2017-03-22,12.280630111694336,55.377159118652344,32.97999954223633,27.144744873046875,49.689998626708984,11.80495548248291,22.916494369506836
2017-03-23,12.38961124420166,55.93100357055664,32.9900016784668,27.898561477661133,50.119998931884766,12.046753883361816,23.014596939086914
2017-03-24,12.478154182434082,56.570552825927734,33.0,28.82975196838379,52.34000015258789,12.150382995605469,23.328521728515625
2017-03-27,12.396417617797852,55.57497024536133,32.869998931884766,28.54152488708496,52.08000183105469,12.14174747467041,23.083267211914062
2017-03-28,12.382796287536621,55.85187530517578,33.47999954223633,28.356765747070312,52.9900016784668,11.951763153076172,23.44624137878418
2017-03-29,12.505400657653809,55.0672721862793,34.779998779296875,28.40849494934082,54.20000076293945,12.167654037475586,23.39719009399414
2017-03-30,12.641620635986328,55.68043899536133,34.77000045776367,28.430665969848633,55.0,12.055390357971191,23.72092628479004
2017-03-31,12.546265602111816,57.16394805908203,34.79999923706055,27.97984504699707,54.220001220703125,12.279916763305664,23.819026947021484
2017-04-03,12.805092811584473,58.106788635253906,34.810001373291016,29.04405975341797,53.45000076293945,12.875779151916504,24.231054306030273
2017-04-04,12.995802879333496,57.38811111450195,34.59000015258789,29.413570404052734,54.790000915527344,12.884414672851562,25.212068557739258
2017-04-05,12.982183456420898,57.2562370300293,34.29999923706055,29.42097282409668,54.869998931884766,12.867142677307129,24.33896255493164
2017-04-06,13.002616882324219,57.223297119140625,34.33000183105469,29.42097282409668,56.540000915527344,12.944863319396973,24.770610809326172
2017-04-07,13.016241073608398,58.17931365966797,34.04999923706055,29.21404266357422,56.02000045776367,12.90168571472168,24.790231704711914
2017-04-10,12.784658432006836,57.63206481933594,34.25,28.93321418762207,59.18000030517578,13.247112274169922,25.006053924560547
2017-04-11,12.859583854675293,56.062870025634766,34.91999816894531,28.93321418762207,58.72999954223633,13.817066192626953,25.104158401489258
2017-04-12,12.573512077331543,55.62771224975586,35.459999084472656,28.800182342529297,58.25,14.240213394165039,25.40826988220215
2017-04-13,12.382796287536621,55.75956344604492,35.33000183105469,28.659765243530273,58.27000045776367,14.050230026245117,25.290550231933594
2017-04-17,12.580323219299316,56.109004974365234,36.2599983215332,29.081018447875977,58.95000076293945,14.490649223327637,25.663333892822266
2017-04-18,12.539454460144043,55.96394729614258,36.11000061035156,28.984941482543945,58.11000061035156,14.257486343383789,25.172826766967773
2017-04-19,12.478154182434082,55.86505889892578,36.060001373291016,28.866697311401367,56.779998779296875,13.851609230041504,24.515546798706055
2017-04-20,12.498591423034668,56.445281982421875,36.36000061035156,28.837135314941406,57.72999954223633,14.15385627746582,24.9373836517334
2017-04-21,12.525834083557129,55.937599182128906,36.29999923706055,28.918428421020508,57.779998779296875,13.860244750976562,24.849092483520508
2017-04-24,12.634812355041504,56.5771369934082,36.66999816894531,29.398794174194336,58.86000061035156,13.782523155212402,25.20225715637207
2017-04-25,12.566702842712402,56.83427810668945,35.959999084472656,29.162311553955078,57.7400016784668,13.160755157470703,25.06491470336914
2017-04-26,12.430475234985352,56.326602935791016,35.150001525878906,28.881467819213867,56.2400016784668,13.126213073730469,24.770610809326172
2017-04-27,12.580323219299316,56.04307174682617,33.849998474121094,29.310121536254883,54.9900016784668,12.953499794006348,24.966814041137695
2017-04-28,12.464530944824219,56.51780700683594,34.560001373291016,28.874080657958984,54.540000915527344,12.849871635437012,25.339599609375
2017-05-01,12.444097518920898,58.02107238769531,34.31999969482422,29.487491607666016,54.689998626708984,13.03985595703125,24.947193145751953
2017-05-02,12.532645225524902,58.865020751953125,34.959999084472656,29.77570915222168,57.08000183105469,13.126213073730469,25.123777389526367
2017-05-03,12.546265602111816,58.41008758544922,34.97999954223633,30.625591278076172,58.08000183105469,12.962135314941406,25.123777389526367
2017-05-04,12.335121154785156,57.651859283447266,34.29999923706055,30.625591278076172,57.97999954223633,12.815328598022461,24.132951736450195
2017-05-05,12.34874153137207,57.796897888183594,33.58000183105469,30.766016006469727,58.029998779296875,12.918957710266113,24.132951736450195
2017-05-08,12.144405364990234,58.44303894042969,33.29999923706055,30.943382263183594,58.06999969482422,12.910322189331055,23.671873092651367
2017-05-09,11.926446914672852,57.83647918701172,33.41999816894531,30.9138240814209,57.459999084472656,12.823965072631836,23.240230560302734
2017-05-10,11.912824630737305,58.07382583618164,33.310001373291016,31.165067672729492,58.75,12.694429397583008,23.838647842407227
2017-05-11,12.035425186157227,59.66940689086914,33.779998779296875,31.565284729003906,59.13999938964844,12.737607955932617,23.671873092651367
2017-05-12,12.198893547058105,57.30241775512695,33.459999084472656,31.15765953063965,59.83000183105469,12.936227798461914,23.819026947021484
2017-05-15,12.375988006591797,58.32436752319336,33.2599983215332,31.913623809814453,58.849998474121094,13.048492431640625,24.054471969604492
2017-05-16,12.423664093017578,59.14853286743164,32.58000183105469,32.358314514160156,59.459999084472656,13.25574779510498,23.82883644104004
2017-05-17,12.287440299987793,58.02107238769531,32.04999923706055,32.14336395263672,59.279998779296875,13.273019790649414,23.60320281982422
2017-05-18,11.735733032226562,55.31782531738281,31.43000030517578,30.898252487182617,57.06999969482422,12.90168571472168,23.014596939086914
2017-05-19,11.892387390136719,56.88703536987305,31.959999084472656,31.735750198364258,59.560001373291016,12.979406356811523,23.691495895385742
2017-05-22,11.7902193069458,56.24748229980469,31.18000030517578,31.298477172851562,59.43000030517578,13.08303451538086,23.436429977416992
2017-05-23,11.946881294250488,56.55074691772461,31.0,31.276243209838867,59.18000030517578,12.953499794006348,23.544343948364258
2017-05-24,12.212515830993652,57.2562370300293,31.190000534057617,31.57270050048828,60.439998626708984,12.936227798461914,23.89750862121582
2017-05-25,12.267010688781738,58.080406188964844,31.15999984741211,32.721473693847656,62.52000045776367,12.918957710266113,23.750356674194336
2017-05-26,12.880016326904297,58.8122673034668,31.969999313354492,32.980873107910156,63.0099983215332,13.808430671691895,24.43706703186035
2017-05-30,13.554326057434082,58.73974609375,32.06999969482422,32.84746170043945,62.7599983215332,14.119315147399902,24.45668601989746
2017-05-31,13.554326057434082,58.99028778076172,31.989999771118164,33.02534484863281,62.52000045776367,14.084772109985352,24.19181251525879
2017-06-01,13.96299934387207,58.77931594848633,32.20000076293945,33.773887634277344,64.41999816894531,14.326571464538574,24.71175193786621
2017-06-02,14.106038093566895,60.388065338134766,32.0099983215332,34.24081802368164,64.2699966430664,14.594277381896973,24.329153060913086
2017-06-05,14.133281707763672,63.67152786254883,31.709999084472656,34.589149475097656,63.86000061035156,14.214306831359863,23.877887725830078
2017-06-06,13.894886016845703,63.32210922241211,31.450000762939453,34.03328323364258,62.83000183105469,14.084772109985352,24.221242904663086
2017-06-07,13.731420516967773,61.62759780883789,31.510000228881836,33.870243072509766,62.70000076293945,13.963872909545898,23.84845733642578
2017-06-08,13.322745323181152,61.42356872558594,31.15999984741211,32.63253402709961,63.310001373291016,13.903423309326172,23.44624137878418
2017-06-09,13.1524658203125,60.885154724121094,31.200000762939453,31.995147705078125,63.9900016784668,13.445732116699219,23.348140716552734
2017-06-12,12.839150428771973,60.63258743286133,30.920000076293945,31.40224266052246,62.150001525878906,13.385283470153809,23.122507095336914
2017-06-13,13.009429931640625,58.52554702758789,30.940000534057617,31.26142120361328,62.459999084472656,13.428462028503418,23.210798263549805
2017-06-14,12.961753845214844,58.02168655395508,30.84000015258789,30.979782104492188,62.959999084472656,13.471639633178711,22.475038528442383
2017-06-15,12.886825561523438,57.50986862182617,30.059999465942383,30.95013999938965,61.95000076293945,13.281655311584473,21.48421287536621
2017-06-16,13.193333625793457,57.69599151611328,31.139999389648438,31.202125549316406,62.75,13.73934555053711,21.21933937072754
2017-06-19,13.329557418823242,58.35402297973633,31.719999313354492,32.09150314331055,64.94999694824219,14.179764747619629,21.317441940307617
2017-06-20,13.268256187438965,59.809722900390625,31.75,31.57270050048828,63.79999923706055,14.205672264099121,21.778518676757812
2017-06-21,12.621188163757324,57.649452209472656,30.700000762939453,29.84583282470703,58.470001220703125,13.704802513122559,20.689592361450195
2017-06-22,12.880016326904297,58.799373626708984,30.989999771118164,30.705562591552734,59.9900016784668,14.300662994384766,21.700037002563477
2017-06-23,12.784658432006836,58.633201599121094,30.790000915527344,30.320167541503906,58.849998474121094,14.482013702392578,21.96491050720215
2017-06-26,12.750601768493652,58.88580322265625,31.170000076293945,30.453571319580078,59.15999984741211,14.23157787322998,21.582313537597656
2017-06-27,12.655247688293457,58.506927490234375,30.6299991607666,30.438753128051758,58.529998779296875,14.09340763092041,21.494022369384766
2017-06-28,12.7642240524292,59.49066925048828,31.059999465942383,31.10578155517578,59.15999984741211,14.248849868774414,21.435163497924805
2017-06-29,12.68249225616455,59.8363151550293,31.200000762939453,31.098369598388672,58.630001068115234,14.102044105529785,21.19972038269043
2017-06-30,12.893638610839844,61.278717041015625,31.899999618530273,31.60233497619629,58.849998474121094,14.343843460083008,21.48421287536621
2017-07-03,13.002616882324219,61.930110931396484,31.969999313354492,32.32124710083008,58.65999984741211,14.654725074768066,22.128137588500977
2017-07-05,12.689301490783691,60.906490325927734,31.520000457763672,31.654224395751953,58.5,14.810168266296387,21.91119384765625
2017-07-06,12.450909614562988,59.949310302734375,31.25,30.972373962402344,58.88999938964844,14.248849868774414,21.74355697631836
2017-07-07,12.27381706237793,59.92271423339844,31.229999542236328,30.809314727783203,58.93000030517578,14.3870210647583,21.59564208984375
2017-07-10,12.253384590148926,59.72331237792969,31.329999923706055,31.298477172851562,57.099998474121094,14.361112594604492,21.378700256347656
2017-07-11,12.314684867858887,59.07854080200195,31.200000762939453,31.276243209838867,56.790000915527344,14.447469711303711,21.85202980041504
2017-07-12,12.314684867858887,59.82301330566406,31.020000457763672,31.631988525390625,56.439998626708984,14.240213394165039,22.078832626342773
2017-07-13,12.301060676574707,59.95594787597656,30.3799991607666,30.898252487182617,54.79999923706055,14.032958984375,21.42800521850586
2017-07-14,12.09672737121582,59.869544982910156,30.729999542236328,30.320167541503906,54.779998779296875,14.09340763092041,21.713973999023438
2017-07-17,11.572263717651367,59.82301330566406,30.59000015258789,29.616079330444336,53.0,13.463004112243652,21.10259246826172
2017-07-18,10.816217422485352,57.164215087890625,30.59000015258789,27.963327407836914,52.68000030517578,12.988042831420898,20.82648277282715
2017-07-19,10.816217422485352,58.14133834838867,30.639999389648438,28.7563533782959,52.900001525878906,12.823965072631836,20.806760787963867
2017-07-20,10.768538475036621,57.496559143066406,30.799999237060547,28.660005569458008,54.529998779296875,13.143485069274902,20.87578773498535
2017-07-21,10.727670669555664,58.347389221191406,31.15999984741211,28.719295501708984,55.869998931884766,12.944863319396973,19.712186813354492
2017-07-24,10.564200401306152,58.50026321411133,30.530000686645508,28.207910537719727,55.34000015258789,12.849871635437012,19.869962692260742
2017-07-25,10.60506820678711,58.94562530517578,31.329999923706055,28.534015655517578,54.70000076293945,12.944863319396973,20.1756534576416
2017-07-26,10.775347709655762,59.11843490600586,30.889999389648438,28.3413143157959,54.2599983215332,13.031220436096191,19.791074752807617
2017-07-27,10.86389446258545,58.53349685668945,30.25,28.200496673583984,54.029998779296875,12.953499794006348,19.800935745239258
2017-07-28,10.734481811523438,58.5401611328125,30.299999237060547,27.78545570373535,54.54999923706055,12.953499794006348,20.56023597717285
2017-07-31,10.67318058013916,57.70262145996094,30.5,26.918319702148438,54.349998474121094,13.126213073730469,19.919267654418945
2017-08-01,10.761727333068848,58.2476921081543,30.329999923706055,27.451950073242188,55.33000183105469,12.970771789550781,19.70232391357422
2017-08-02,10.829837799072266,58.287567138671875,30.260000228881836,27.27406120300293,55.900001525878906,12.962135314941406,20.363014221191406
2017-08-03,10.823029518127441,58.580039978027344,30.5,27.24441909790039,56.06999969482422,13.229841232299805,19.800935745239258
2017-08-04,10.850272178649902,58.46038055419922,30.520000457763672,27.459348678588867,56.63999938964844,13.557995796203613,19.38677215576172
2017-08-07,10.843461990356445,58.16792297363281,30.469999313354492,27.68169403076172,56.040000915527344,13.91205883026123,19.140247344970703
2017-08-08,10.848307609558105,58.09479904174805,30.399999618530273,27.518638610839844,54.40999984741211,13.307561874389648,18.588029861450195
2017-08-09,10.592158317565918,56.266876220703125,29.889999389648438,27.073963165283203,52.869998931884766,13.11757755279541,18.53872299194336
2017-08-10,10.737540245056152,55.974403381347656,29.469999313354492,27.229602813720703,53.400001525878906,12.867142677307129,19.288164138793945
2017-08-11,10.855231285095215,56.72552490234375,30.399999618530273,28.1337890625,55.0099983215332,13.428462028503418,19.830520629882812
2017-08-14,11.637528419494629,64.21669006347656,32.63999938964844,31.254005432128906,61.119998931884766,15.328309059143066,20.579957962036133
2017-08-15,11.5198335647583,63.87770080566406,32.33000183105469,31.387414932250977,61.97999954223633,15.46647834777832,20.343290328979492
2017-08-16,11.457529067993164,63.17976760864258,32.650001525878906,31.313297271728516,62.34000015258789,15.423300743103027,20.01787757873535
2017-08-17,11.159842491149902,62.96039962768555,32.869998931884766,30.88343620300293,60.209999084472656,15.207409858703613,19.771352767944336
2017-08-18,11.353687286376953,64.81491088867188,34.29999923706055,31.454120635986328,59.900001525878906,15.457843780517578,19.879823684692383
2017-08-21,11.256763458251953,64.21005249023438,34.09000015258789,31.142837524414062,58.20000076293945,15.621919631958008,19.583993911743164
2017-08-22,11.492143630981445,65.62584686279297,34.56999969482422,31.639404296875,58.7400016784668,15.699642181396484,19.938989639282227
2017-08-23,11.706755638122559,67.73297119140625,35.34000015258789,33.12168502807617,59.4900016784668,15.760091781616211,20.106626510620117
2017-08-24,11.900601387023926,69.45452117919922,35.869998931884766,33.47002029418945,62.810001373291016,15.708276748657227,20.165794372558594
2017-08-25,12.142904281616211,70.36515808105469,35.790000915527344,33.499671936035156,62.060001373291016,15.647828102111816,20.648984909057617
2017-08-28,12.032134056091309,71.66796112060547,35.5099983215332,33.33662033081055,62.61000061035156,15.716915130615234,20.40245819091797
2017-08-29,11.852140426635742,70.25215911865234,35.369998931884766,33.114280700683594,61.849998474121094,15.578742980957031,20.037601470947266
2017-08-30,11.886754035949707,69.1421127319336,35.290000915527344,33.3217887878418,61.36000061035156,15.069239616394043,19.978435516357422
2017-08-31,11.8936767578125,69.00253295898438,35.20000076293945,33.79612350463867,61.0099983215332,15.017423629760742,19.781213760375977
2017-09-01,12.059830665588379,70.7374267578125,35.41999816894531,34.1074104309082,61.95000076293945,15.60464859008789,19.781213760375977
2017-09-05,12.108290672302246,71.43533325195312,36.18000030517578,34.463157653808594,62.70000076293945,15.837813377380371,19.869962692260742
2017-09-06,12.101365089416504,70.50476837158203,36.470001220703125,34.95972442626953,62.0099983215332,15.846447944641113,20.116487503051758
2017-09-07,12.108290672302246,70.4449462890625,36.0,35.278404235839844,62.470001220703125,15.837813377380371,19.889684677124023
2017-09-08,12.309057235717773,69.02912139892578,36.11000061035156,34.30751419067383,61.900001525878906,15.302400588989258,19.761493682861328
2017-09-11,12.20521068572998,68.07859802246094,36.36000061035156,33.44778823852539,61.95000076293945,15.544200897216797,20.234821319580078
2017-09-12,12.149825096130371,67.6797866821289,35.68000030517578,33.306968688964844,61.400001525878906,15.121052742004395,19.948850631713867
2017-09-13,12.32290267944336,68.90947723388672,36.58000183105469,33.96659851074219,60.650001525878906,15.121052742004395,20.08690643310547
2017-09-14,12.4128999710083,68.75660705566406,36.47999954223633,33.89988708496094,61.0099983215332,15.026060104370117,20.353153228759766
2017-09-15,12.945972442626953,69.08895874023438,35.97999954223633,34.03328323364258,60.72999954223633,15.034695625305176,19.998157501220703
2017-09-18,13.368269920349121,69.25511932373047,36.09000015258789,34.38162612915039,60.93000030517578,15.095145225524902,19.899545669555664
2017-09-19,13.728265762329102,69.89324188232422,36.529998779296875,35.434051513671875,60.5099983215332,15.898262023925781,19.8601016998291
2017-09-20,13.58980941772461,70.24551391601562,37.29999923706055,35.22653579711914,60.36000061035156,16.3214111328125,19.869962692260742
2017-09-21,13.58980941772461,71.7876205444336,37.189998626708984,35.51557540893555,61.47999954223633,16.640928268432617,19.800935745239258
2017-09-22,13.811339378356934,75.74923706054688,38.27000045776367,36.67917251586914,62.36000061035156,17.271333694458008,20.215099334716797
2017-09-25,13.479037284851074,73.78173828125,37.439998626708984,36.60505676269531,61.470001220703125,17.193613052368164,19.958711624145508
2017-09-26,13.49980640411377,73.98112487792969,37.90999984741211,37.20539093017578,61.20000076293945,17.02953338623047,20.727872848510742
2017-09-27,13.305965423583984,72.930908203125,37.540000915527344,36.575416564941406,61.540000915527344,16.72728729248047,21.654808044433594
2017-09-28,13.575961112976074,74.958251953125,38.34000015258789,37.53148651123047,62.0,17.150434494018555,21.664669036865234
2017-09-29,14.11595344543457,78.00257110595703,39.75,38.198516845703125,65.0999984741211,17.539037704467773,21.970361709594727
2017-10-02,14.275181770324707,79.62442779541016,40.25,38.37639236450195,65.80999755859375,17.789474487304688,22.64090919494629
2017-10-03,14.372105598449707,81.43243408203125,41.099998474121094,38.724727630615234,66.05000305175781,18.195348739624023,22.45355224609375
2017-10-04,14.47594928741455,81.81131744384766,41.54999923706055,39.250938415527344,65.88999938964844,18.083087921142578,22.33521842956543
2017-10-05,14.669790267944336,81.55872344970703,42.380001068115234,39.8957405090332,67.19000244140625,18.722126007080078,22.532440185546875
2017-10-06,14.50363826751709,81.279541015625,42.0099983215332,39.628929138183594,67.29000091552734,18.756664276123047,21.940778732299805
2017-10-09,14.496716499328613,80.21603393554688,41.65999984741211,39.17683029174805,67.3499984741211,18.817119598388672,21.92105484008789
2017-10-10,14.787485122680664,82.17024993896484,42.33000183105469,39.31764221191406,67.16000366210938,18.48896026611328,22.36480140686035
2017-10-11,14.621331214904785,81.91102600097656,42.529998779296875,39.28059768676758,67.45999908447266,18.61849594116211,22.473276138305664
2017-10-12,14.919018745422363,82.41618347167969,42.40999984741211,39.784568786621094,67.91999816894531,18.62713050842285,22.18730354309082
2017-10-13,15.161321640014648,84.28400421142578,42.689998626708984,40.510887145996094,67.73999786376953,18.808483123779297,22.483135223388672
2017-10-16,15.099015235900879,84.47675323486328,42.689998626708984,40.303367614746094,66.81999969482422,18.808483123779297,22.443689346313477
2017-10-17,15.01594352722168,83.66581726074219,42.529998779296875,40.62946319580078,64.13999938964844,18.22989273071289,22.483135223388672
2017-10-18,14.953635215759277,82.82829284667969,41.79999923706055,39.77715301513672,63.689998626708984,18.074451446533203,22.502857208251953
2017-10-19,14.801326751708984,82.36299896240234,41.66999816894531,39.86608123779297,64.37999725341797,18.385334014892578,22.611328125
2017-10-20,14.891324996948242,83.08753204345703,41.5,39.99949645996094,66.5999984741211,18.169443130493164,22.64090919494629
2017-10-23,15.486702919006348,90.04032135009766,42.849998474121094,42.3563232421875,69.88999938964844,18.56668472290039,23.873538970947266
2017-10-24,15.452088356018066,89.13630676269531,43.959999084472656,42.34892272949219,71.11000061035156,18.86029624938965,23.696041107177734
2017-10-25,15.452088356018066,89.12965393066406,43.619998931884766,41.98576354980469,69.08999633789062,18.195348739624023,24.38631248474121
2017-10-26,15.382858276367188,89.50189208984375,43.790000915527344,41.24462127685547,68.45999908447266,17.71175193786621,24.129924774169922
2017-10-27,15.403626441955566,87.74044799804688,43.310001373291016,40.76287078857422,67.44999694824219,17.8671932220459,24.179231643676758
2017-10-30,15.202864646911621,84.58975982666016,43.34000015258789,40.5924072265625,66.44999694824219,17.996726989746094,24.129924774169922
2017-10-31,15.258246421813965,83.69905853271484,43.099998474121094,40.68876647949219,67.83000183105469,18.32488250732422,24.218673706054688
2017-11-01,14.801326751708984,80.22930145263672,44.68000030517578,40.09584045410156,68.26000213623047,18.65304183959961,24.159507751464844
2017-11-02,14.76671028137207,79.58455657958984,44.380001068115234,39.325050354003906,68.91999816894531,18.2039852142334,24.317285537719727
2017-11-03,14.676718711853027,78.66727447509766,44.349998474121094,39.00636672973633,67.02999877929688,18.2039852142334,24.267980575561523
2017-11-06,14.47594928741455,81.95088958740234,44.290000915527344,40.34782791137695,67.5,18.64440155029297,24.81033706665039
2017-11-07,14.295952796936035,79.24557495117188,43.970001220703125,39.23611831665039,66.05999755859375,18.09172248840332,24.376449584960938
2017-11-08,14.48979377746582,82.662109375,44.54999923706055,39.80678939819336,65.80000305175781,18.514869689941406,24.465198516845703
2017-11-09,14.552103042602539,80.44867706298828,43.83000183105469,40.2588996887207,66.83000183105469,18.048542022705078,23.77492904663086
2017-11-10,14.399794578552246,77.88957214355469,42.709999084472656,38.89519500732422,63.81999969482422,17.634031295776367,22.995906829833984
2017-11-13,14.053645133972168,75.75588989257812,41.93000030517578,38.24298858642578,62.41999816894531,17.625394821166992,22.838130950927734
2017-11-14,13.555194854736328,64.88140106201172,41.060001373291016,37.25727844238281,60.02000045776367,16.882728576660156,22.059112548828125
2017-11-15,14.247488021850586,67.28096771240234,42.4900016784668,37.6871337890625,62.5099983215332,17.37495994567871,21.950639724731445
2017-11-16,14.510558128356934,71.3755111694336,43.869998931884766,40.50347900390625,64.72000122070312,18.074451446533203,22.680355072021484
2017-11-17,14.974404335021973,68.70341491699219,43.63999938964844,40.20701217651367,64.83999633789062,17.73765754699707,22.66063117980957
2017-11-20,15.334400177001953,65.81198120117188,43.400001525878906,41.66706466674805,63.61000061035156,17.504497528076172,22.433828353881836
2017-11-21,15.251321792602539,64.26321411132812,43.47999954223633,42.222923278808594,64.63999938964844,17.936279296875,22.64090919494629
2017-11-22,14.967483520507812,66.25730895996094,44.20000076293945,42.282222747802734,67.4000015258789,18.134899139404297,22.847991943359375
2017-11-24,15.30670166015625,69.9198226928711,45.400001525878906,42.17105484008789,67.31999969482422,18.463054656982422,22.690217971801758
2017-11-27,15.036709785461426,69.9198226928711,45.20000076293945,40.6739387512207,65.44000244140625,18.108991622924805,22.443689346313477
2017-11-28,15.02978515625,68.16502380371094,44.9900016784668,41.511436462402344,64.83999633789062,18.152170181274414,22.266193389892578
2017-11-29,14.773633003234863,68.69676208496094,44.84000015258789,41.56332015991211,63.939998626708984,18.558046340942383,21.99994468688965
2017-11-30,14.572866439819336,67.49366760253906,44.63999938964844,42.34150314331055,63.720001220703125,18.393970489501953,22.374664306640625
2017-12-01,14.344408988952637,68.57048034667969,43.81999969482422,43.16417694091797,63.77000045776367,18.393970489501953,22.62118911743164
2017-12-04,14.47594928741455,69.46117401123047,43.650001525878906,43.16417694091797,62.20000076293945,18.16080665588379,22.670494079589844
2017-12-05,14.552103042602539,70.63768005371094,43.45000076293945,43.80156707763672,62.09000015258789,18.428512573242188,22.059112548828125
2017-12-06,15.043628692626953,75.08454132080078,45.09000015258789,44.194366455078125,63.43000030517578,18.316247940063477,22.16758155822754
2017-12-07,15.265169143676758,76.37406921386719,47.77000045776367,46.217689514160156,63.650001525878906,18.8430233001709,21.980222702026367
2017-12-08,15.535164833068848,78.94644927978516,47.0,48.15947723388672,64.91000366210938,19.119365692138672,21.76327896118164
2017-12-11,15.645931243896484,79.92354583740234,48.599998474121094,48.085365295410156,65.26000213623047,20.12110137939453,21.8914737701416
2017-12-12,16.033620834350586,80.37554931640625,48.790000915527344,48.36700439453125,64.47000122070312,20.345630645751953,21.723834991455078
2017-12-13,16.5736083984375,78.58751678466797,49.29999923706055,48.203941345214844,63.93000030517578,20.129737854003906,21.50689125061035
2017-12-14,16.615150451660156,76.95233917236328,50.279998779296875,48.44853973388672,63.4900016784668,20.00020408630371,21.358978271484375
2017-12-15,16.497459411621094,76.02840423583984,49.540000915527344,48.418888092041016,63.5,19.378435134887695,20.70815086364746
2017-12-18,16.718996047973633,77.17171478271484,48.900001525878906,48.24101257324219,63.689998626708984,19.602964401245117,20.806760787963867
2017-12-19,17.369754791259766,78.06240844726562,52.0,48.97473907470703,65.08999633789062,19.99156951904297,20.7180118560791
2017-12-20,17.307443618774414,77.89623260498047,51.650001525878906,48.900630950927734,66.22000122070312,20.50107192993164,21.280088424682617
2017-12-21,17.438983917236328,77.6170425415039,50.790000915527344,48.07796096801758,67.3499984741211,20.36290168762207,21.73369789123535
2017-12-22,17.681289672851562,77.84304809570312,50.540000915527344,48.522640228271484,67.43000030517578,20.2938175201416,21.76327896118164
2017-12-26,17.445907592773438,77.73668670654297,49.04999923706055,48.51523208618164,67.31999969482422,19.91384506225586,21.90133285522461
2017-12-27,17.5635986328125,77.4974136352539,48.470001220703125,48.91544723510742,67.36000061035156,19.767040252685547,21.90133285522461
2017-12-28,17.342056274414062,77.10521697998047,48.880001068115234,48.62641143798828,67.0199966430664,19.43025016784668,22.03938865661621
2017-12-29,17.445907592773438,77.02545928955078,49.70000076293945,48.80427932739258,67.27999877929688,19.197086334228516,22.59160614013672
2018-01-02,17.72974967956543,77.73004913330078,50.04999923706055,49.81223678588867,69.16000366210938,19.810218811035156,23.311458587646484
2018-01-03,17.4666748046875,77.603759765625,50.779998779296875,49.597293853759766,69.9000015258789,19.6202335357666,23.272016525268555
2018-01-04,17.72974967956543,76.58676147460938,50.349998474121094,51.516868591308594,68.88999938964844,19.758403778076172,22.966325759887695
2018-01-05,17.681289672851562,77.15840148925781,50.900001525878906,50.95359420776367,69.29000091552734,19.853397369384766,22.690217971801758
2018-01-08,17.792055130004883,75.1908950805664,50.599998474121094,49.419429779052734,69.83999633789062,19.179813385009766,23.419931411743164
2018-01-09,17.60513687133789,75.08454132080078,50.25,49.74552536010742,70.0,18.8430233001709,23.429794311523438
2018-01-10,17.51513671875,74.11408996582031,50.900001525878906,50.545955657958984,69.87999725341797,19.02437400817871,23.597431182861328
2018-01-11,17.62590217590332,75.58306121826172,51.91999816894531,51.11662673950195,70.04000091552734,19.473426818847656,24.38631248474121
2018-01-12,17.930517196655273,76.1081771850586,53.060001373291016,52.25057601928711,70.48999786376953,19.86203384399414,24.70186424255371
2018-01-16,18.41512107849121,76.77288818359375,55.9900016784668,53.18443298339844,70.91000366210938,20.233366012573242,24.918807983398438
2018-01-17,18.332046508789062,77.17835235595703,57.25,53.48830032348633,71.6500015258789,20.345630645751953,24.830059051513672
2018-01-18,18.235126495361328,77.25147247314453,57.29999923706055,54.01451110839844,71.18000030517578,20.380172729492188,24.879362106323242
2018-01-19,17.819746017456055,75.6229476928711,58.95000076293945,53.40678405761719,69.94000244140625,20.095195770263672,24.642698287963867
2018-01-22,17.736675262451172,75.42355346679688,59.380001068115234,51.72438430786133,70.05999755859375,20.2938175201416,24.92867088317871
2018-01-23,17.51513671875,71.4486312866211,59.36000061035156,51.48722457885742,68.9000015258789,20.138376235961914,25.204776763916016
2018-01-24,17.508216857910156,71.72116088867188,59.90999984741211,50.33103942871094,69.61000061035156,20.2938175201416,25.904911041259766
2018-01-25,17.535903930664062,71.7411117553711,61.5,49.79740524291992,69.94999694824219,20.207460403442383,25.816160202026367
2018-01-26,17.646677017211914,71.70124053955078,62.54999923706055,48.90803146362305,70.44999694824219,20.242000579833984,25.540050506591797
2018-01-29,17.300521850585938,70.06607055664062,61.0,47.907493591308594,69.48999786376953,20.086559295654297,24.021453857421875
2018-01-30,17.155141830444336,70.27877044677734,60.90999984741211,49.21189880371094,68.66999816894531,19.361162185668945,23.567846298217773
2018-01-31,17.508216857910156,72.14656066894531,61.04999923706055,51.73179626464844,70.5,19.77567481994629,23.814373016357422
2018-02-01,17.210527420043945,69.52764129638672,61.29999923706055,50.72384262084961,69.51000213623047,19.741134643554688,24.258119583129883
2018-02-02,15.9713134765625,67.02172088623047,58.61000061035156,47.17375564575195,64.8499984741211,18.799846649169922,22.867713928222656
2018-02-05,15.486702919006348,64.26986694335938,54.81999969482422,45.4468879699707,62.2599983215332,18.32488250732422,22.236608505249023
2018-02-06,16.095924377441406,67.28096771240234,57.54999923706055,47.722206115722656,65.48999786376953,19.77567481994629,22.63105010986328
2018-02-07,15.70824146270752,66.02467346191406,56.689998626708984,46.71424865722656,63.79999923706055,19.43025016784668,21.76327896118164
2018-02-08,14.829021453857422,63.45228958129883,54.90999984741211,44.68352127075195,61.13999938964844,18.065813064575195,21.13217544555664
2018-02-09,14.739023208618164,63.04016876220703,53.349998474121094,43.69038772583008,59.0,17.634031295776367,20.82648277282715
2018-02-12,15.92977523803711,64.02392578125,55.41999816894531,46.29179763793945,60.9900016784668,17.970821380615234,21.832305908203125
2018-02-13,15.618237495422363,64.29646301269531,54.439998626708984,45.9953498840332,60.09000015258789,17.910371780395508,22.473276138305664
2018-02-14,16.4766902923584,66.9951400756836,56.13999938964844,47.73702621459961,61.04999923706055,18.385334014892578,22.571882247924805
2018-02-15,17.099760055541992,70.29206085205078,56.900001525878906,50.07904815673828,62.279998779296875,18.808483123779297,22.542301177978516
2018-02-16,17.134374618530273,71.72116088867188,57.900001525878906,49.67140197753906,63.93000030517578,18.99846649169922,22.838130950927734
2018-02-20,16.954374313354492,72.29281616210938,57.61000061035156,48.91544723510742,64.37000274658203,18.62713050842285,22.936742782592773
2018-02-21,16.9612979888916,73.13697814941406,58.27000045776367,49.508365631103516,65.11000061035156,18.376699447631836,22.867713928222656
2018-02-22,17.182832717895508,74.85189056396484,58.66999816894531,49.79740524291992,64.9000015258789,18.11762809753418,23.419931411743164
2018-02-23,17.030529022216797,75.1842269897461,58.220001220703125,48.003841400146484,63.93000030517578,18.212621688842773,23.410070419311523
2018-02-26,16.698225021362305,75.70270538330078,57.58000183105469,47.5221061706543,64.98999786376953,18.134899139404297,23.666458129882812
2018-02-27,16.34515380859375,75.4700698852539,56.599998474121094,46.44002914428711,62.66999816894531,17.82401466369629,23.133962631225586
2018-02-28,16.255151748657227,75.1842269897461,57.84000015258789,46.64754867553711,63.33000183105469,17.69447898864746,22.78882598876953
2018-03-01,15.825931549072266,74.18719482421875,56.52000045776367,45.35055160522461,61.7599983215332,17.3317813873291,22.532440185546875
2018-03-02,15.54208755493164,71.92721557617188,54.5,45.35795974731445,60.63999938964844,17.245424270629883,22.2070255279541
2018-03-05,15.528239250183105,71.3555908203125,54.779998779296875,45.77299880981445,61.400001525878906,17.18497657775879,22.059112548828125
2018-03-06,15.742851257324219,71.52840423583984,55.560001373291016,46.121334075927734,61.77000045776367,17.46131706237793,22.18730354309082
2018-03-07,15.362090110778809,71.36885833740234,56.5,45.72853469848633,61.599998474121094,17.582216262817383,22.137998580932617
2018-03-08,15.154400825500488,71.40210723876953,57.310001373291016,45.51359939575195,61.900001525878906,17.988094329833984,22.049251556396484
2018-03-09,15.611316680908203,72.57196807861328,58.18000030517578,47.151519775390625,63.5099983215332,18.67894744873047,22.16758155822754
2018-03-12,15.957463264465332,74.62588500976562,58.900001525878906,49.515777587890625,63.47999954223633,18.765302658081055,21.723834991455078
2018-03-13,15.874390602111816,73.09709167480469,59.70000076293945,48.33736038208008,65.06999969482422,18.238529205322266,21.73369789123535
2018-03-14,16.095924377441406,72.75809478759766,59.9900016784668,48.47075653076172,65.0999984741211,18.307615280151367,21.309673309326172
2018-03-15,16.352075576782227,72.45232391357422,58.93000030517578,48.433712005615234,64.38999938964844,18.134899139404297,21.329395294189453
2018-03-16,16.289772033691406,72.37921142578125,59.02000045776367,48.404052734375,63.81999969482422,18.29897689819336,21.240646362304688
2018-03-19,15.770545959472656,71.43533325195312,57.54999923706055,46.72906494140625,61.90999984741211,17.901735305786133,20.915231704711914
2018-03-20,15.742851257324219,70.45823669433594,56.720001220703125,47.4183349609375,61.63999938964844,17.659940719604492,21.0335636138916
2018-03-21,15.922849655151367,72.58527374267578,56.5,48.55229187011719,61.75,17.590852737426758,21.60550308227539
2018-03-22,15.715160369873047,71.42868041992188,57.630001068115234,48.18172836303711,61.29999923706055,16.822277069091797,20.974397659301758
2018-03-23,15.60439682006836,70.64433288574219,57.25,46.98847579956055,61.0099983215332,16.450944900512695,20.59967803955078
2018-03-26,15.819007873535156,72.18644714355469,57.599998474121094,47.92231369018555,61.5,17.064077377319336,21.61536407470703
2018-03-27,15.715160369873047,71.8009262084961,56.95000076293945,48.478179931640625,60.529998779296875,17.400867462158203,21.211063385009766
2018-03-28,15.659778594970703,71.08305358886719,56.779998779296875,48.24842834472656,59.880001068115234,17.409503936767578,21.11245346069336
2018-03-29,15.791316032409668,71.76768493652344,57.529998779296875,48.73756790161133,59.599998474121094,17.564945220947266,21.319536209106445
2018-04-02,15.749776840209961,72.1797866821289,56.310001373291016,48.87099075317383,58.869998931884766,17.245424270629883,20.994121551513672
2018-04-03,16.089000701904297,72.79132843017578,57.5099983215332,49.2341423034668,59.0099983215332,18.2039852142334,21.280088424682617
2018-04-04,15.957463264465332,72.46563720703125,57.75,49.2637825012207,59.02000045776367,18.178075790405273,20.974397659301758
2018-04-05,16.102848052978516,73.11038208007812,58.099998474121094,49.13037872314453,60.029998779296875,18.134899139404297,21.082866668701172
2018-04-06,16.061307907104492,72.05349731445312,57.22999954223633,49.25637435913086,59.599998474121094,17.953550338745117,20.836341857910156
2018-04-09,15.784392356872559,71.3555908203125,56.599998474121094,48.89321517944336,59.27000045776367,17.409503936767578,21.01384162902832
2018-04-10,16.095924377441406,72.54537200927734,57.150001525878906,49.626949310302734,59.2400016784668,17.77220344543457,21.60550308227539
2018-04-11,16.082077026367188,72.37921142578125,57.369998931884766,48.90803146362305,58.25,18.178075790405273,21.87175178527832
2018-04-12,15.902082443237305,72.66503143310547,58.5,49.35272979736328,58.970001220703125,17.884464263916016,22.01966667175293
2018-04-13,15.694395065307617,71.48851013183594,58.70000076293945,48.522640228271484,58.81999969482422,17.57358169555664,22.078832626342773
2018-04-16,15.431319236755371,70.45823669433594,56.599998474121094,47.29235076904297,57.36000061035156,17.444046020507812,21.723834991455078
2018-04-17,15.694395065307617,72.68497467041016,56.04999923706055,49.30825424194336,59.060001373291016,17.57358169555664,22.34507942199707
2018-04-18,15.91593074798584,71.94052124023438,57.0,49.58247375488281,57.79999923706055,17.6685733795166,22.492996215820312
2018-04-19,15.652853012084961,72.2861328125,56.650001525878906,48.67827606201172,57.31999969482422,17.09861946105957,22.7000789642334
2018-04-20,15.632085800170898,70.49809265136719,56.75,47.97418975830078,56.47999954223633,16.84818458557129,22.27605438232422
2018-04-23,15.749776840209961,70.79721069335938,55.650001525878906,47.97418975830078,56.34000015258789,16.66683578491211,22.45355224609375
2018-04-24,15.66670036315918,70.85704040527344,56.0,48.33736038208008,57.15999984741211,16.442310333251953,22.236608505249023
2018-04-25,15.369012832641602,66.86882781982422,54.689998626708984,45.810054779052734,56.380001068115234,16.407766342163086,22.078832626342773
2018-04-26,14.74594497680664,62.920536041259766,52.47999954223633,43.9646110534668,54.2599983215332,15.872354507446289,21.783002853393555
2018-04-27,14.995171546936035,63.81122970581055,52.779998779296875,46.039817810058594,54.689998626708984,16.183238983154297,21.704113006591797
2018-04-30,15.403626441955566,64.42276000976562,52.45000076293945,47.373870849609375,57.040000915527344,16.45958137512207,21.58578109741211
2018-05-01,15.057477951049805,63.053466796875,53.5,45.66183090209961,57.029998779296875,16.148698806762695,21.280088424682617
2018-05-02,14.212878227233887,61.62435531616211,51.91999816894531,42.51197814941406,55.25,15.975983619689941,20.41231918334961
2018-05-03,13.714421272277832,59.60367202758789,48.7400016784668,38.791439056396484,51.209999084472656,15.285130500793457,19.376911163330078
2018-05-04,13.146736145019531,55.13687515258789,48.54999923706055,38.761783599853516,52.5099983215332,14.585639953613281,19.52482795715332
2018-05-07,12.64985179901123,53.85402297973633,46.619998931884766,37.13127899169922,50.5099983215332,14.36974811553955,19.712186813354492
2018-05-08,11.899971961975098,47.75870895385742,44.560001373291016,34.65585708618164,47.08000183105469,14.102044105529785,19.041635513305664
2018-05-09,12.02612018585205,49.6796875,44.5,37.427734375,50.47999954223633,14.067501068115234,19.800935745239258
2018-05-10,12.52370548248291,52.192256927490234,45.720001220703125,38.76919174194336,54.650001525878906,15.276494979858398,20.520790100097656
2018-05-11,12.03312873840332,50.61524200439453,43.099998474121094,35.81531524658203,52.40999984741211,14.896525382995605,20.471487045288086
2018-05-14,11.311281204223633,49.47266387939453,42.099998474121094,33.300254821777344,52.5,14.723812103271484,20.234821319580078
2018-05-15,12.02612018585205,51.449928283691406,44.0,33.815208435058594,53.630001068115234,14.741081237792969,19.603715896606445
2018-05-16,12.41157341003418,54.32346725463867,44.68000030517578,34.2928466796875,54.0,15.570108413696289,19.603715896606445
2018-05-17,12.404565811157227,56.54020309448242,45.72999954223633,35.15109634399414,54.20000076293945,15.380121231079102,19.791074752807617
2018-05-18,12.124236106872559,55.082889556884766,47.93000030517578,34.7779426574707,54.09000015258789,15.345580101013184,19.8107967376709
2018-05-21,12.040136337280273,55.47971725463867,47.970001220703125,34.84510803222656,53.75,15.345580101013184,19.800935745239258
2018-05-22,11.815875053405762,55.72602462768555,47.83000183105469,34.21821212768555,53.400001525878906,15.198774337768555,19.514968872070312
2018-05-23,11.444437026977539,54.72711944580078,47.38999938964844,33.03158187866211,52.790000915527344,15.233315467834473,19.307886123657227
2018-05-24,11.065993309020996,54.836605072021484,48.400001525878906,32.45692443847656,52.40999984741211,15.121052742004395,18.864139556884766
2018-05-25,10.85574722290039,55.418155670166016,48.29999923706055,32.583805084228516,52.41999816894531,15.302400588989258,18.735944747924805
2018-05-29,10.196971893310547,52.25726318359375,46.45000076293945,30.74788475036621,48.869998931884766,14.525190353393555,18.53872299194336
2018-05-30,10.161931991577148,52.25726318359375,46.04999923706055,31.330001831054688,49.0,14.36974811553955,17.947065353393555
2018-05-31,10.05681037902832,53.78298568725586,44.560001373291016,31.561349868774414,47.70000076293945,14.395654678344727,17.90761947631836
2018-06-01,10.13390064239502,52.866172790527344,44.91999816894531,31.51658058166504,47.650001525878906,14.507919311523438,17.848453521728516
2018-06-04,10.582425117492676,54.22084426879883,45.29999923706055,33.889827728271484,48.189998626708984,14.525190353393555,17.680814743041992
2018-06-05,11.73177719116211,56.45125198364258,45.939998626708984,35.5466423034668,49.72999954223633,15.207409858703613,17.956924438476562
2018-06-06,11.675707817077637,55.74656295776367,46.0099983215332,35.38991928100586,48.90999984741211,15.017423629760742,17.33568000793457
2018-06-07,11.374356269836426,55.0760612487793,45.29999923706055,35.29289627075195,48.13999938964844,14.559734344482422,17.77942657470703
2018-06-08,11.991079330444336,55.71919631958008,46.880001068115234,37.30046844482422,49.7400016784668,14.974245071411133,17.838592529296875
2018-06-11,11.935015678405762,56.25284957885742,47.11000061035156,36.75566101074219,49.310001373291016,14.71517562866211,17.73998260498047
2018-06-12,11.808866500854492,55.0760612487793,46.310001373291016,35.07646942138672,48.54999923706055,14.499284744262695,17.473731994628906
2018-06-13,11.458455085754395,52.61302947998047,45.720001220703125,33.359954833984375,47.650001525878906,14.007051467895508,17.26665496826172
2018-06-14,10.077835083007812,46.291259765625,41.90999984741211,30.2180118560791,44.0099983215332,13.212570190429688,16.724294662475586
2018-06-15,10.309103965759277,44.170310974121094,42.27000045776367,29.882158279418945,44.25,12.823965072631836,16.576379776000977
2018-06-18,9.419059753417969,41.03679275512695,41.279998779296875,27.76265525817871,41.22999954223633,12.392182350158691,15.99458122253418
2018-06-19,9.811521530151367,43.29456329345703,40.79999923706055,28.576135635375977,42.720001220703125,12.849871635437012,16.359439849853516
2018-06-20,9.58725643157959,44.7244987487793,40.5,28.94927406311035,42.939998626708984,12.668522834777832,16.645408630371094
2018-06-21,10.736607551574707,49.26057052612305,42.439998626708984,30.725488662719727,44.70000076293945,13.566633224487305,16.803184509277344
2018-06-22,10.540376663208008,48.92532730102539,41.02000045776367,30.20307159423828,43.599998474121094,13.575268745422363,16.507352828979492
2018-06-25,9.811521530151367,46.359676361083984,39.529998779296875,27.97907829284668,41.72999954223633,13.169390678405762,15.264863967895508
2018-06-26,9.727421760559082,45.23078918457031,39.0,27.755184173583984,41.02000045776367,12.677159309387207,15.136672019958496
2018-06-27,8.648154258728027,40.73576736450195,36.77000045776367,24.72517967224121,37.83000183105469,11.519979476928711,14.101263999938965
2018-06-28,9.320944786071777,42.61724090576172,37.040000915527344,26.270036697387695,37.43000030517578,11.338630676269531,13.894183158874512
2018-06-29,8.66217041015625,40.222633361816406,32.4900016784668,24.613231658935547,35.77000045776367,10.483699798583984,13.391270637512207
2018-07-02,8.143562316894531,39.48371887207031,30.260000228881836,24.508747100830078,33.95000076293945,10.32825756072998,12.986968040466309
2018-07-03,9.271885871887207,46.133888244628906,34.130001068115234,26.367055892944336,38.5,11.7445068359375,14.180152893066406
2018-07-05,9.131722450256348,45.750755310058594,33.0,26.702898025512695,38.040000915527344,12.003576278686523,14.60417652130127
2018-07-06,9.0966796875,45.32657241821289,31.940000534057617,26.971567153930664,37.41999816894531,12.150382995605469,14.466121673583984
2018-07-09,9.482134819030762,47.26279067993164,34.5,27.180530548095703,40.16999816894531,12.625344276428223,15.038061141967773
2018-07-10,9.398032188415527,47.37224197387695,35.0,27.27008819580078,39.290000915527344,12.288553237915039,14.900006294250488
2018-07-11,9.334961891174316,47.201210021972656,33.849998474121094,27.344717025756836,38.34000015258789,12.625344276428223,14.584454536437988
2018-07-12,9.131722450256348,46.079158782958984,33.34000015258789,26.374515533447266,38.11000061035156,12.392182350158691,14.919729232788086
2018-07-13,9.110696792602539,45.15553283691406,33.13999938964844,25.911806106567383,38.060001373291016,12.309823989868164,14.850703239440918
2018-07-16,8.963526725769043,45.189735412597656,32.880001068115234,25.575971603393555,37.630001068115234,12.06450366973877,14.840841293334961
2018-07-17,9.131722450256348,46.051788330078125,31.739999771118164,26.299890518188477,37.61000061035156,12.099550247192383,15.14653205871582
2018-07-18,9.124715805053711,45.908119201660156,32.27000045776367,26.202863693237305,38.380001068115234,12.388676643371582,15.324030876159668
2018-07-19,9.22282886505127,45.45656204223633,32.08000183105469,25.635663986206055,37.45000076293945,12.283539772033691,15.324030876159668
2018-07-20,9.440085411071777,46.291259765625,31.3700008392334,26.583484649658203,38.400001525878906,12.537622451782227,16.13263702392578
2018-07-23,9.391024589538574,45.504459381103516,30.100000381469727,26.210330963134766,37.790000915527344,12.686565399169922,16.18194007873535
2018-07-24,9.650331497192383,46.53756332397461,31.90999984741211,26.814844131469727,38.59000015258789,12.984455108642578,16.86235237121582
2018-07-25,10.091849327087402,48.617454528808594,32.93000030517578,27.650697708129883,40.22999954223633,13.886883735656738,16.980682373046875
2018-07-26,10.007749557495117,48.86375045776367,33.16999816894531,27.41188621520996,40.70000076293945,14.307433128356934,16.48763084411621
2018-07-27,10.021768569946289,48.93216323852539,34.130001068115234,27.202922821044922,42.189998626708984,14.41257095336914,16.467910766601562
2018-07-30,9.804512977600098,47.61854934692383,34.52000045776367,26.784990310668945,42.41999816894531,14.386285781860352,16.231245040893555
2018-07-31,9.552215576171875,46.735965728759766,34.540000915527344,26.59095001220703,42.150001525878906,14.447614669799805,16.369300842285156
2018-08-01,9.419059753417969,45.702877044677734,34.540000915527344,26.867080688476562,40.75,14.465139389038086,15.836803436279297
2018-08-02,9.320944786071777,43.31509780883789,33.72999954223633,27.247697830200195,39.81999969482422,14.202295303344727,15.767777442932129
2018-08-03,9.580249786376953,44.97079086303711,34.2599983215332,27.88205909729004,39.959999084472656,14.219817161560059,16.310134887695312
2018-08-06,9.355984687805176,44.375572204589844,34.779998779296875,27.76265525817871,39.5,14.289909362792969,16.043886184692383
2018-08-07,8.690203666687012,40.85206985473633,33.90999984741211,26.15062713623047,38.36000061035156,13.886883735656738,15.78749942779541
2018-08-08,8.648154258728027,37.48593521118164,31.520000457763672,25.15057373046875,36.88999938964844,13.2034912109375,15.314169883728027
2018-08-09,8.557047843933105,38.34114456176758,30.459999084472656,25.337146759033203,37.02000045776367,13.168444633483887,15.156393051147461
2018-08-10,7.624953269958496,35.193939208984375,30.100000381469727,23.85199737548828,35.22999954223633,12.791704177856445,14.98875617980957
2018-08-13,7.001221656799316,32.6488151550293,27.75,22.5161075592041,32.77000045776367,12.090788841247559,14.594315528869629
2018-08-14,7.008228302001953,33.08668899536133,27.399999618530273,22.78477668762207,32.470001220703125,12.23973274230957,15.087367057800293
2018-08-15,7.085319519042969,32.888267517089844,27.799999237060547,23.4937686920166,31.770000457763672,12.143356323242188,14.801397323608398
2018-08-16,7.001221656799316,32.75143814086914,28.450000762939453,23.165393829345703,32.0099983215332,12.13459587097168,15.018339157104492
2018-08-17,6.931138038635254,32.02621078491211,28.5,21.85935401916504,31.520000457763672,12.117072105407715,14.683064460754395
2018-08-20,6.931138038635254,31.300994873046875,28.799999237060547,21.15036392211914,31.510000228881836,12.311990737915039,15.373335838317871
2018-08-21,6.987205982208252,31.47202491760254,28.15999984741211,21.19514274597168,31.399999618530273,11.909637451171875,15.314169883728027
2018-08-22,7.029253959655762,32.87459182739258,28.010000228881836,21.90413475036621,31.84000015258789,12.168931007385254,15.895971298217773
2018-08-23,6.889089107513428,31.97149085998535,27.860000610351562,21.210065841674805,31.059999465942383,11.9722261428833,15.826942443847656
2018-08-24,6.657817363739014,30.582611083984375,26.440000534057617,19.702524185180664,29.729999542236328,11.793401718139648,15.255003929138184
2018-08-27,6.468595027923584,30.206308364868164,26.739999771118164,19.254741668701172,30.149999618530273,12.383519172668457,15.708611488342285
2018-08-28,6.034085750579834,29.07741928100586,26.899999618530273,17.926313400268555,29.799999237060547,12.03481388092041,15.41278076171875
2018-08-29,5.711705684661865,26.333887100219727,23.969999313354492,16.41131019592285,27.90999984741211,11.551990509033203,15.156393051147461
2018-08-30,5.031908988952637,23.508237838745117,19.600000381469727,14.045513153076172,26.030000686645508,9.879992485046387,13.81529426574707
2018-08-31,5.971012115478516,29.857385635375977,25.0,16.791927337646484,30.440000534057617,11.614578247070312,14.919729232788086
2018-09-04,5.550518035888672,25.266571044921875,21.010000228881836,14.956007957458496,26.760000228881836,10.97081470489502,14.22945785522461
2018-09-05,5.837853908538818,28.037479400634766,23.420000076293945,16.097858428955078,29.270000457763672,11.730813980102539,14.712647438049316
2018-09-06,6.734907627105713,30.3226261138916,24.329999923706055,18.284542083740234,30.549999237060547,13.143518447875977,15.077506065368652
2018-09-07,6.468595027923584,29.25530433654785,24.0,17.680038452148438,30.760000228881836,13.420695304870605,15.245142936706543
2018-09-10,6.125191688537598,28.72164535522461,23.139999389648438,17.150150299072266,30.690000534057617,13.018342971801758,14.61403751373291
2018-09-11,6.006051540374756,27.54487419128418,23.0,16.58296012878418,29.489999771118164,12.41928482055664,14.466121673583984
2018-09-12,6.237323760986328,27.729595184326172,22.469999313354492,16.724754333496094,29.610000610351562,12.839518547058105,14.633759498596191
2018-09-13,6.118184566497803,27.15488624572754,22.389999389648438,15.896358489990234,29.540000915527344,13.018342971801758,14.673203468322754
2018-09-14,6.090149402618408,26.922269821166992,21.100000381469727,15.970986366271973,29.200000762939453,12.928930282592773,14.692925453186035
2018-09-17,6.559701442718506,27.278045654296875,21.389999389648438,17.63525390625,30.40999984741211,14.153870582580566,14.77181339263916
2018-09-18,6.727899074554443,27.20962905883789,21.559999465942383,17.903928756713867,30.860000610351562,14.556915283203125,15.649445533752441
2018-09-19,7.772125244140625,28.08536720275879,25.170000076293945,18.642772674560547,32.959999084472656,14.83895492553711,16.201662063598633
2018-09-20,8.493973731994629,31.588336944580078,26.899999618530273,20.978713989257812,36.77000045776367,15.67597770690918,16.90179443359375
2018-09-21,8.500983238220215,33.182464599609375,28.100000381469727,22.210119247436523,37.77000045776367,15.412134170532227,16.803184509277344
2018-09-24,7.982375144958496,31.957799911499023,27.700000762939453,21.15036392211914,35.79999923706055,14.602404594421387,16.270689010620117
2018-09-25,8.514997482299805,32.00569152832031,27.719999313354492,22.21758460998535,35.220001220703125,14.647896766662598,16.310134887695312
2018-09-26,8.683196067810059,32.245140075683594,26.969999313354492,21.84442710876465,32.91999816894531,14.811661720275879,16.0241641998291
2018-09-27,8.402865409851074,29.980527877807617,25.25,20.142847061157227,32.41999816894531,13.87455940246582,15.826942443847656
2018-09-28,8.178604125976562,28.304302215576172,25.0,18.978607177734375,31.049999237060547,13.210400581359863,15.235281944274902
2018-10-01,8.381842613220215,28.7490177154541,25.6299991607666,19.3144474029541,32.150001525878906,13.365067481994629,14.98875617980957
2018-10-02,8.802334785461426,30.404720306396484,26.1200008392334,20.769750595092773,32.0,13.465147018432617,15.462085723876953
2018-10-03,8.66917896270752,30.04210662841797,24.639999389648438,20.0756778717041,32.25,13.410557746887207,15.442363739013672
2018-10-04,7.996389865875244,27.688549041748047,23.15999984741211,18.194984436035156,30.100000381469727,12.564437866210938,14.62389850616455
2018-10-05,7.849215984344482,28.02379035949707,22.139999389648438,18.045719146728516,30.3700008392334,12.628124237060547,14.357650756835938
2018-10-08,7.849215984344482,28.338512420654297,21.780000686645508,18.560672760009766,30.5,12.973851203918457,14.93945026397705
2018-10-09,7.400689125061035,26.51176643371582,21.690000534057617,17.583011627197266,30.280000686645508,12.446163177490234,15.018339157104492
2018-10-10,6.931138038635254,24.760278701782227,21.3799991607666,16.433698654174805,29.40999984741211,12.10953426361084,14.357650756835938
2018-10-11,6.699869155883789,24.726072311401367,20.81999969482422,16.150102615356445,28.610000610351562,11.963964462280273,13.943488121032715
2018-10-12,7.316590785980225,27.216474533081055,22.34000015258789,18.36663246154785,29.979999542236328,12.51894760131836,14.535149574279785
2018-10-15,7.4847893714904785,27.12752342224121,22.200000762939453,18.523357391357422,30.6299991607666,12.791890144348145,14.436539649963379
2018-10-16,7.42872428894043,26.717018127441406,23.100000381469727,18.083036422729492,31.56999969482422,13.183106422424316,14.466121673583984
2018-10-17,7.1133527755737305,25.5812931060791,22.329999923706055,17.26209831237793,30.1299991607666,12.928359985351562,14.416816711425781
2018-10-18,6.973186492919922,24.821853637695312,22.299999237060547,16.754608154296875,29.389999389648438,12.700908660888672,14.091403007507324
2018-10-19,7.071303844451904,25.60865592956543,22.829999923706055,17.082983016967773,30.09000015258789,12.700908660888672,14.120985984802246
2018-10-22,6.9521636962890625,26.026002883911133,22.850000381469727,17.00835609436035,30.170000076293945,12.537142753601074,13.904044151306152
2018-10-23,7.036260604858398,26.012317657470703,22.209999084472656,16.754608154296875,29.270000457763672,12.327887535095215,13.795572280883789
2018-10-24,7.204458236694336,26.929119110107422,20.700000762939453,16.493404388427734,28.889999389648438,11.936670303344727,13.21377182006836
2018-10-25,7.540854454040527,28.858488082885742,21.799999237060547,17.426284790039062,30.030000686645508,12.509849548339844,14.288623809814453
2018-10-26,7.638967037200928,29.11847496032715,21.350000381469727,17.142688751220703,30.18000030517578,12.409770965576172,14.909868240356445
2018-10-29,7.723067283630371,28.619035720825195,21.450000762939453,16.650127410888672,30.959999084472656,12.236907005310059,14.545010566711426
2018-10-30,7.758109092712402,29.487924575805664,22.0,17.015817642211914,31.239999771118164,12.6099271774292,14.663342475891113
2018-10-31,7.688027381896973,30.57577133178711,22.799999237060547,17.209854125976562,33.11000061035156,13.219498634338379,14.791535377502441
2018-11-01,8.318766593933105,33.19614791870117,23.799999237060547,19.904027938842773,35.099998474121094,13.656206130981445,15.462085723876953
2018-11-02,8.767294883728027,32.990901947021484,24.700000762939453,20.015975952148438,36.040000915527344,14.147501945495605,15.540974617004395
2018-11-05,8.60610580444336,31.998855590820312,24.850000381469727,19.82939910888672,36.0099983215332,14.102011680603027,15.846665382385254
2018-11-06,8.388850212097168,31.150470733642578,24.350000381469727,19.68013572692871,35.75,14.065619468688965,15.79736042022705
2018-11-07,8.381842613220215,29.980527877807617,24.649999618530273,19.695058822631836,34.95000076293945,14.329463958740234,16.073467254638672
2018-11-08,8.36081600189209,30.06263542175293,24.0,19.411466598510742,34.900001525878906,14.1929931640625,15.511390686035156
2018-11-09,8.332785606384277,29.77528190612793,24.100000381469727,18.851734161376953,34.63999938964844,14.256678581237793,15.225420951843262
2018-11-12,8.115530967712402,29.426349639892578,23.899999618530273,18.045719146728516,33.41999816894531,13.856363296508789,15.324030876159668
2018-11-13,7.744093894958496,28.1743106842041,22.59000015258789,17.299415588378906,30.780000686645508,13.246793746948242,14.752092361450195
2018-11-14,8.059462547302246,30.308935165405273,24.93000030517578,18.784561157226562,32.90999984741211,13.856363296508789,15.304309844970703
2018-11-15,8.760287284851074,31.444665908813477,25.010000228881836,19.665210723876953,34.400001525878906,14.265777587890625,15.688888549804688
2018-11-16,8.907459259033203,32.470924377441406,27.049999237060547,20.045835494995117,34.540000915527344,14.511425018310547,15.698750495910645
2018-11-19,8.697214126586914,31.882543563842773,26.8799991607666,19.732379913330078,34.22999954223633,14.493228912353516,15.501529693603516
2018-11-20,8.3468017578125,29.987380981445312,26.479999542236328,18.665159225463867,32.2400016784668,13.92914867401123,14.673203468322754
2018-11-21,8.500983238220215,31.704660415649414,26.3700008392334,19.433856964111328,33.68000030517578,13.901853561401367,14.97889518737793
2018-11-23,8.500983238220215,31.328359603881836,25.6200008392334,19.807010650634766,33.209999084472656,13.70169734954834,14.692925453186035
2018-11-26,8.248688697814941,30.828908920288086,25.40999984741211,19.247278213500977,33.560001373291016,13.419656753540039,14.466121673583984
2018-11-27,7.870241641998291,30.787851333618164,25.09000015258789,18.157669067382812,32.939998626708984,13.019341468811035,14.377372741699219
2018-11-28,8.087496757507324,30.27472496032715,24.979999542236328,19.56072998046875,33.22999954223633,13.274086952209473,14.692925453186035
2018-11-29,8.472949028015137,30.938385009765625,25.969999313354492,20.49361228942871,35.08000183105469,13.765382766723633,15.018339157104492
2018-11-30,8.290735244750977,30.370500564575195,25.75,20.5682430267334,35.150001525878906,13.856363296508789,14.761953353881836
2018-12-03,8.627131462097168,31.97149085998535,26.600000381469727,21.314550399780273,37.45000076293945,14.511425018310547,15.42264175415039
2018-12-04,8.3468017578125,30.938385009765625,26.549999237060547,20.41152000427246,36.31999969482422,14.620601654052734,15.531112670898438
2018-12-06,8.536022186279297,30.938385009765625,27.0,20.874229431152344,36.93000030517578,15.13009262084961,15.018339157104492
2018-12-07,8.395856857299805,29.15268325805664,26.75,20.70257568359375,35.720001220703125,14.802563667297363,14.7816743850708
2018-12-10,8.150569915771484,28.187997817993164,26.610000610351562,19.926420211791992,33.84000015258789,14.28397274017334,14.337928771972656
2018-12-11,8.353808403015137,28.495872497558594,26.899999618530273,21.120506286621094,34.599998474121094,14.475032806396484,14.140707969665527
2018-12-12,8.129546165466309,28.625869750976562,27.09000015258789,20.807058334350586,34.43000030517578,14.320364952087402,14.209734916687012
2018-12-13,8.073479652404785,28.653230667114258,26.770000457763672,20.739892959594727,33.869998931884766,14.111109733581543,14.160430908203125
2018-12-14,7.982375144958496,28.564289093017578,26.739999771118164,20.54585838317871,34.09000015258789,14.038325309753418,14.190013885498047
2018-12-17,7.449747562408447,26.231250762939453,26.389999389648438,18.97114372253418,32.560001373291016,13.692598342895508,13.470158576965332
2018-12-18,7.638967037200928,27.25751495361328,26.149999618530273,19.523412704467773,32.599998474121094,13.829069137573242,13.144744873046875
2018-12-19,7.400689125061035,26.388614654541016,25.399999618530273,19.441322326660156,30.979999542236328,13.292283058166504,12.898219108581543
2018-12-20,7.498805046081543,25.766019821166992,25.260000228881836,19.46371078491211,29.780000686645508,12.710006713867188,12.582667350769043
2018-12-21,7.141384601593018,24.986055374145508,25.200000762939453,18.63530731201172,30.18000030517578,12.637222290039062,12.454472541809082
2018-12-24,6.889089107513428,24.41819190979004,25.0,18.336780548095703,28.389999389648438,12.455260276794434,12.216300964355469
2018-12-26,7.372656345367432,26.313356399536133,26.299999237060547,19.2099666595459,29.950000762939453,12.382475852966309,13.030058860778809
2018-12-27,7.688027381896973,27.784330368041992,26.790000915527344,19.65774917602539,30.709999084472656,12.737300872802734,13.16899299621582
2018-12-28,7.716059684753418,29.111629486083984,26.600000381469727,20.09061050415039,30.420000076293945,12.901066780090332,12.970515251159668
2018-12-31,7.940324783325195,30.254207611083984,27.059999465942383,20.57570457458496,31.809999465942383,13.64710807800293,13.288080215454102
2019-01-02,7.877249240875244,30.01473617553711,26.719999313354492,21.254844665527344,33.29999923706055,13.255890846252441,13.615568161010742
2019-01-03,7.996389865875244,30.349987030029297,26.5,21.404109954833984,33.40999984741211,13.09212589263916,13.65526294708252
2019-01-04,8.304752349853516,32.08779525756836,27.229999542236328,22.91164779663086,35.349998474121094,14.111109733581543,14.32016372680664
2019-01-07,8.564055442810059,34.215579986572266,27.40999984741211,23.314655303955078,35.810001373291016,14.293070793151855,14.419402122497559
2019-01-08,8.620122909545898,33.866641998291016,27.81999969482422,23.478845596313477,36.4900016784668,14.092913627624512,14.121685028076172
2019-01-09,8.914467811584473,34.598716735839844,27.75,24.157983779907227,36.959999084472656,14.302169799804688,14.310239791870117
2019-01-10,9.0966796875,35.81654739379883,27.530000686645508,24.956531524658203,35.79999923706055,14.302169799804688,14.349934577941895
2019-01-11,8.963526725769043,36.3775634765625,27.760000228881836,24.247539520263672,36.400001525878906,14.493228912353516,14.568260192871094
2019-01-14,8.9004487991333,36.26124954223633,27.360000610351562,23.94901466369629,35.790000915527344,14.529621124267578,14.49879264831543
2019-01-15,8.977543830871582,36.0902099609375,27.1200008392334,23.732587814331055,36.0099983215332,14.675189018249512,14.399554252624512
2019-01-16,8.991557121276855,34.17452621459961,27.6299991607666,23.538545608520508,35.91999816894531,14.766170501708984,14.58810806274414
2019-01-17,9.068648338317871,35.344459533691406,26.899999618530273,23.702733993530273,35.349998474121094,14.939034461975098,14.846129417419434
2019-01-18,9.215821266174316,36.82911682128906,27.469999313354492,24.784881591796875,35.77000045776367,14.929936408996582,15.282779693603516
2019-01-22,8.71122932434082,36.076534271240234,27.0,24.240076065063477,34.970001220703125,14.602404594421387,15.292703628540039
2019-01-23,8.79532527923584,37.60907745361328,27.100000381469727,25.21027946472168,34.97999954223633,14.875348091125488,15.143845558166504
2019-01-24,8.760287284851074,36.931739807128906,27.780000686645508,25.008766174316406,35.61000061035156,14.884446144104004,15.540801048278809
2019-01-25,8.921473503112793,37.62960433959961,27.239999771118164,25.628210067749023,34.58000183105469,14.966329574584961,15.511029243469238
2019-01-28,9.145737648010254,37.8006477355957,27.90999984741211,25.964048385620117,34.619998931884766,15.084603309631348,15.243083953857422
2019-01-29,9.405043601989746,38.79954147338867,27.959999084472656,25.9341983795166,35.09000015258789,15.102800369262695,15.550724983215332
2019-01-30,9.524181365966797,39.1005859375,28.31999969482422,26.53870391845703,35.150001525878906,15.17558479309082,15.778973579406738
2019-01-31,9.496150970458984,39.593196868896484,28.770000457763672,27.247697830200195,35.650001525878906,15.312055587768555,16.225549697875977
2019-02-01,9.489141464233398,39.6684455871582,29.3799991607666,27.001419067382812,35.72999954223633,15.084603309631348,16.374406814575195
2019-02-04,9.713404655456543,40.85892105102539,29.0,27.658170700073242,35.630001068115234,15.111898422241211,16.47364616394043
2019-02-05,9.790496826171875,40.83154296875,29.200000762939453,27.837278366088867,36.9900016784668,15.148289680480957,16.44387435913086
2019-02-06,9.391024589538574,39.22372817993164,29.190000534057617,26.486467361450195,36.970001220703125,14.766170501708984,15.98737621307373
2019-02-07,9.22282886505127,38.915855407714844,29.190000534057617,26.270036697387695,36.20000076293945,14.22028636932373,15.44156265258789
2019-02-08,9.299921035766602,39.29899597167969,29.579999923706055,26.859615325927734,37.09000015258789,14.475032806396484,15.491181373596191
2019-02-11,9.243854522705078,39.42213439941406,29.3700008392334,27.105899810791016,38.54999923706055,14.92083740234375,15.312551498413086
2019-02-12,9.601273536682129,40.38682556152344,29.600000381469727,27.43427085876465,38.54999923706055,15.102800369262695,15.70950698852539
2019-02-13,9.180778503417969,38.87479782104492,29.010000228881836,26.270036697387695,38.029998779296875,14.62969970703125,15.560648918151855
2019-02-14,9.243854522705078,39.757389068603516,28.809999465942383,26.434219360351562,37.81999969482422,14.584210395812988,15.610267639160156
2019-02-15,8.879425048828125,38.963741302490234,29.0,25.956584930419922,37.20000076293945,14.247580528259277,15.35224723815918
2019-02-19,8.311759948730469,35.57707977294922,26.950000762939453,24.337099075317383,34.709999084472656,13.537931442260742,14.875900268554688
2019-02-20,8.136552810668945,34.92711639404297,26.889999389648438,24.62816047668457,34.54999923706055,13.310479164123535,14.538488388061523
2019-02-21,8.045446395874023,35.35129928588867,26.06999969482422,24.195301055908203,33.81999969482422,13.128518104553223,14.469021797180176
2019-02-22,8.402865409851074,37.000160217285156,26.809999465942383,25.12818145751953,34.41999816894531,13.838167190551758,14.82628059387207
2019-02-25,8.318766593933105,35.761810302734375,26.549999237060547,24.971454620361328,33.7599983215332,14.07471752166748,14.49879264831543
2019-02-26,8.178604125976562,36.54177474975586,26.530000686645508,24.65054702758789,33.709999084472656,14.001933097839355,14.359859466552734
2019-02-27,7.919299602508545,35.72075271606445,26.020000457763672,23.61318016052246,32.880001068115234,13.683500289916992,14.389630317687988
2019-02-28,7.7651166915893555,34.55082321166992,26.489999771118164,22.81462860107422,31.860000610351562,13.219498634338379,14.032370567321777
2019-03-01,7.477778434753418,31.957799911499023,26.5,21.687705993652344,30.489999771118164,12.873771667480469,13.635415077209473
2019-03-04,7.582902908325195,31.690963745117188,26.610000610351562,21.187681198120117,29.950000762939453,12.837379455566406,13.208688735961914
2019-03-05,7.540854454040527,32.149375915527344,26.459999084472656,21.105588912963867,30.399999618530273,12.828282356262207,12.910971641540527
2019-03-06,7.225484848022461,29.91895866394043,25.399999618530273,19.60550308227539,29.440000534057617,12.309691429138184,12.553711891174316
2019-03-07,7.260526180267334,29.597396850585938,24.350000381469727,19.105484008789062,29.34000015258789,12.064043998718262,12.643026351928711
2019-03-08,7.477778434753418,30.479976654052734,24.700000762939453,19.762229919433594,30.100000381469727,12.619026184082031,12.742265701293945
2019-03-11,7.568888187408447,32.51882553100586,25.280000686645508,20.501075744628906,30.68000030517578,13.192204475402832,13.526252746582031
2019-03-12,7.323598384857178,31.26677894592285,25.06999969482422,20.26972198486328,30.200000762939453,12.819183349609375,13.675110816955566
2019-03-13,7.351632595062256,32.163055419921875,24.8799991607666,20.6204833984375,30.790000915527344,12.828282356262207,13.903360366821289
2019-03-14,7.218477249145508,31.944107055664062,24.31999969482422,20.35181427001953,30.010000228881836,12.882869720458984,13.893436431884766
2019-03-15,7.477778434753418,33.75033187866211,24.020000457763672,21.135440826416016,30.799999237060547,13.146714210510254,14.220924377441406
2019-03-18,7.891265392303467,35.193939208984375,25.15999984741211,21.933984756469727,32.84000015258789,13.64710807800293,14.578184127807617
2019-03-19,7.681018829345703,35.5155029296875,24.920000076293945,21.560829162597656,31.40999984741211,13.374165534973145,14.201077461242676
2019-03-20,7.681018829345703,35.89179229736328,24.59000015258789,21.590681076049805,31.75,13.219498634338379,14.359859466552734
2019-03-21,7.36564826965332,34.97500991821289,23.90999984741211,21.0011043548584,30.90999984741211,12.973851203918457,14.300314903259277
2019-03-22,6.741916179656982,31.79360008239746,22.299999237060547,19.28459358215332,28.579999923706055,12.246005058288574,13.65526294708252
2019-03-25,6.966178894042969,32.42988204956055,22.600000381469727,20.05328941345215,28.479999542236328,12.282397270202637,13.734654426574707
2019-03-26,6.7489237785339355,31.47202491760254,20.25,19.01592254638672,27.600000381469727,11.918475151062012,13.65526294708252
2019-03-27,6.405523300170898,29.289518356323242,19.100000381469727,18.09796714782715,26.110000610351562,11.381688117980957,13.278155326843262
2019-03-28,6.53867769241333,30.18577766418457,19.649999618530273,18.553211212158203,27.06999969482422,11.818395614624023,13.585795402526855
2019-03-29,6.664825916290283,31.307832717895508,19.600000381469727,19.0457706451416,27.56999969482422,11.973062515258789,13.903360366821289
2019-04-01,6.7138848304748535,31.814119338989258,19.239999771118164,19.0457706451416,26.920000076293945,12.100436210632324,14.340010643005371
2019-04-02,6.489621162414551,30.432085037231445,19.729999542236328,18.381559371948242,26.68000030517578,11.481766700744629,14.211000442504883
2019-04-03,6.25834846496582,29.467403411865234,19.059999465942383,18.202451705932617,25.790000915527344,11.327099800109863,14.32016372680664
2019-04-04,6.349454879760742,29.830015182495117,19.010000228881836,18.36663246154785,25.399999618530273,11.227021217346191,14.369782447814941
2019-04-05,6.3774871826171875,31.21204376220703,18.559999465942383,18.63530731201172,25.200000762939453,11.07235336303711,14.459096908569336
2019-04-08,6.44757080078125,32.4777717590332,18.389999389648438,19.00845718383789,25.770000457763672,11.399884223937988,14.955291748046875
2019-04-09,6.195274829864502,31.588336944580078,17.540000915527344,18.157669067382812,24.56999969482422,10.735725402832031,14.617878913879395
2019-04-10,6.307406425476074,32.75143814086914,17.799999237060547,18.79203224182129,24.700000762939453,10.981372833251953,14.875900268554688
2019-04-11,6.181257724761963,31.540456771850586,17.459999084472656,18.336780548095703,23.940000534057617,10.79941177368164,14.677423477172852
2019-04-12,6.41953706741333,33.13457489013672,17.399999618530273,19.11294174194336,23.920000076293945,11.026863098144531,14.627803802490234
2019-04-15,6.587733268737793,33.72980880737305,17.670000076293945,19.79207992553711,24.799999237060547,11.463571548461914,14.82628059387207
2019-04-16,6.461587429046631,33.182464599609375,17.34000015258789,19.23981475830078,24.440000534057617,11.281608581542969,14.796509742736816
2019-04-17,6.524662017822266,34.7765998840332,17.719999313354492,19.501020431518555,24.329999923706055,10.854000091552734,14.727042198181152
2019-04-18,6.048102378845215,32.14252853393555,17.040000915527344,17.941238403320312,23.559999465942383,10.899999618530273,14.280467987060547
2019-04-22,6.048102378845215,32.16988754272461,17.719999313354492,18.157669067382812,23.530000686645508,10.9399995803833,14.300314903259277
2019-04-23,6.139207363128662,32.2177848815918,17.989999771118164,18.30693244934082,23.459999084472656,11.4399995803833,14.766737937927246
2019-04-24,5.375312328338623,29.015846252441406,17.0,16.20979881286621,21.479999542236328,10.279999732971191,13.92320728302002
2019-04-25,5.417361259460449,28.18115234375,17.389999389648438,15.769481658935547,21.31999969482422,9.989999771118164,13.595719337463379
2019-04-26,5.508468151092529,27.928014755249023,17.149999618530273,15.679926872253418,20.59000015258789,9.930000305175781,13.039982795715332
2019-04-29,5.452401638031006,27.18225860595703,16.84000015258789,15.888894081115723,20.299999237060547,9.84000015258789,13.119373321533203
2019-04-30,5.620599746704102,27.76380729675293,17.049999237060547,16.25458335876465,20.950000762939453,10.15999984741211,13.427013397216797
2019-05-01,5.655640602111816,28.625869750976562,17.299999237060547,16.545644760131836,21.100000381469727,10.34000015258789,13.337697982788086
2019-05-02,5.7747802734375,29.9121150970459,17.6200008392334,17.247173309326172,21.780000686645508,10.600000381469727,13.516328811645508
2019-05-03,6.188265800476074,32.936180114746094,18.06999969482422,18.277074813842773,23.1299991607666,10.880000114440918,14.310239791870117
2019-05-06,6.111176013946533,32.82669448852539,18.489999771118164,18.112890243530273,23.469999313354492,11.470000267028809,14.578184127807617
2019-05-07,5.907937526702881,31.26677894592285,18.399999618530273,17.493459701538086,22.75,11.279999732971191,14.548412322998047
2019-05-08,6.167242527008057,32.08779525756836,18.940000534057617,18.314395904541016,23.65999984741211,11.789999961853027,14.82628059387207
2019-05-09,6.356464385986328,32.87459182739258,19.3799991607666,19.06816291809082,23.729999542236328,11.5600004196167,14.885824203491211
2019-05-10,6.048102378845215,33.39066696166992,19.219999313354492,18.448728561401367,23.190000534057617,11.609999656677246,14.518641471862793
2019-05-13,5.802813529968262,30.684675216674805,18.479999542236328,17.76958656311035,22.229999542236328,11.180000305175781,13.93313217163086
2019-05-14,6.038111209869385,31.20863914489746,18.790000915527344,18.165132522583008,22.760000228881836,11.300000190734863,14.439249992370605
2019-05-15,6.13223123550415,31.868999481201172,18.68000030517578,18.71929931640625,23.1299991607666,11.510000228881836,15.024759292602539
2019-05-16,6.226349353790283,32.82363510131836,18.829999923706055,19.150236129760742,23.43000030517578,11.5,15.391942977905273
2019-05-17,6.103271484375,32.256591796875,18.440000534057617,18.469812393188477,22.719999313354492,11.640000343322754,15.253007888793945
2019-05-20,6.13223123550415,32.82363510131836,18.100000381469727,18.666378021240234,23.09000015258789,11.65999984741211,15.233160972595215
2019-05-21,6.682465553283691,34.76161193847656,18.770000457763672,19.717262268066406,25.110000610351562,11.970000267028809,15.153769493103027
2019-05-22,6.7259063720703125,35.149192810058594,18.209999084472656,19.8155460357666,25.719999313354492,12.489999771118164,15.193465232849121
2019-05-23,6.675227165222168,34.70417785644531,18.229999542236328,19.634096145629883,25.239999771118164,12.350000381469727,14.77666187286377
2019-05-24,6.928624153137207,35.88133239746094,18.860000610351562,20.110397338867188,26.020000457763672,12.779999732971191,15.292703628540039
2019-05-28,6.552147388458252,35.03435516357422,18.229999542236328,19.47533416748047,26.079999923706055,12.729999542236328,15.590420722961426
2019-05-29,6.320469856262207,34.65394592285156,17.940000534057617,19.346805572509766,25.860000610351562,12.619999885559082,14.82628059387207
2019-05-30,6.443549156188965,35.78084182739258,17.75,19.588733673095703,26.100000381469727,13.170000076293945,14.756814002990723
2019-05-31,6.486989974975586,35.8023796081543,17.56999969482422,19.361927032470703,25.280000686645508,13.09000015258789,14.717118263244629
2019-06-03,6.37114953994751,36.10383605957031,17.110000610351562,18.900753021240234,25.489999771118164,13.180000305175781,14.856053352355957
2019-06-04,6.653505802154541,38.62321472167969,17.059999465942383,20.049911499023438,26.739999771118164,13.34000015258789,15.014835357666016
2019-06-05,6.82726526260376,39.2046012878418,17.020000457763672,20.390127182006836,27.489999771118164,13.430000305175781,14.945368766784668
2019-06-06,6.964823246002197,39.986968994140625,16.729999542236328,20.881547927856445,27.399999618530273,13.220000267028809,15.114073753356934
2019-06-07,6.863465309143066,40.27408981323242,16.829999923706055,20.7227783203125,26.030000686645508,13.15999984741211,15.520953178405762
2019-06-10,6.906903266906738,41.53736877441406,17.059999465942383,21.58465576171875,26.959999084472656,13.380000114440918,16.00722312927246
2019-06-11,7.652617454528809,44.35819625854492,18.010000228881836,23.270597457885742,29.899999618530273,14.34000015258789,16.62250328063965
2019-06-12,8.21009349822998,49.2031364440918,19.690000534057617,26.17375946044922,33.65999984741211,15.0,17.088926315307617
2019-06-13,7.98565673828125,49.11701202392578,19.700000762939453,25.74281120300293,32.38999938964844,14.75,17.00953483581543
2019-06-14,8.007377624511719,47.2005729675293,19.190000534057617,24.873384475708008,31.81999969482422,14.789999961853027,16.870601654052734
2019-06-17,8.036333084106445,46.611995697021484,19.049999237060547,24.971670150756836,32.22999954223633,14.800000190734863,17.148469924926758
2019-06-18,8.152175903320312,48.492557525634766,19.170000076293945,25.395044326782227,32.2400016784668,14.869999885559082,17.56527328491211
2019-06-19,7.949458122253418,46.906272888183594,18.850000381469727,24.722177505493164,32.38999938964844,14.729999542236328,17.515653610229492
2019-06-20,8.108735084533691,48.069061279296875,18.850000381469727,25.636974334716797,32.83000183105469,14.600000381469727,18.111085891723633
2019-06-21,7.963934898376465,47.702999114990234,18.729999542236328,25.803300857543945,32.900001525878906,14.699999809265137,18.081314086914062
2019-06-24,8.029097557067871,48.277217864990234,18.719999313354492,25.916706085205078,33.41999816894531,14.630000114440918,18.091238021850586
2019-06-25,8.101494789123535,49.76300811767578,18.56999969482422,26.27960205078125,32.939998626708984,14.720000267028809,18.0118465423584
2019-06-26,7.963934898376465,48.72222900390625,18.43000030517578,25.485769271850586,32.38999938964844,14.319999694824219,18.051544189453125
2019-06-27,8.101494789123535,50.681739807128906,18.1299991607666,25.636974334716797,34.79999923706055,14.1899995803833,18.16070556640625
2019-06-28,8.195612907409668,52.28955841064453,18.15999984741211,26.839061737060547,34.66999816894531,14.460000038146973,18.07139015197754
2019-07-01,8.224574089050293,51.35646057128906,19.260000228881836,26.846620559692383,34.54999923706055,14.739999771118164,18.35918426513672
2019-07-02,8.53589153289795,53.086280822753906,19.270000457763672,27.768980026245117,34.84000015258789,14.829999923706055,17.962228775024414
2019-07-03,8.66620922088623,52.684329986572266,19.65999984741211,27.557296752929688,34.11000061035156,14.729999542236328,18.111085891723633
2019-07-05,8.716889381408691,52.05268859863281,20.100000381469727,27.519493103027344,33.91999816894531,14.729999542236328,18.0118465423584
2019-07-08,8.847208023071289,53.114990234375,20.59000015258789,28.34356117248535,34.63999938964844,14.920000076293945,17.99199867248535
2019-07-09,8.825489044189453,53.38056564331055,21.350000381469727,28.84254264831543,35.349998474121094,14.949999809265137,18.15999984741211
2019-07-10,8.782050132751465,53.509765625,21.399999618530273,28.729145050048828,35.38999938964844,15.40999984741211,18.450000762939453
2019-07-11,8.926848411560059,53.04322052001953,21.280000686645508,28.67621421813965,35.27000045776367,16.399999618530273,18.43000030517578
2019-07-12,9.006488800048828,52.612548828125,21.190000534057617,28.6232852935791,35.900001525878906,16.239999771118164,18.440000534057617
2019-07-15,8.57209300994873,49.4974250793457,20.200000762939453,27.118793487548828,33.470001220703125,15.630000114440918,18.09000015258789
2019-07-16,8.53589153289795,49.605098724365234,20.139999389648438,27.345605850219727,34.5,15.59000015258789,18.1200008392334
2019-07-17,8.405572891235352,48.93039321899414,20.34000015258789,27.149032592773438,34.439998626708984,15.729999542236328,17.959999084472656
2019-07-18,8.152175903320312,48.11213684082031,19.709999084472656,26.718095779418945,33.58000183105469,15.260000228881836,17.729999542236328
2019-07-19,8.087015151977539,47.243629455566406,19.18000030517578,26.385446548461914,33.2599983215332,15.199999809265137,17.290000915527344
2019-07-22,7.898777484893799,45.60711669921875,18.81999969482422,25.327003479003906,31.559999465942383,14.4399995803833,16.989999771118164
2019-07-23,7.949458122253418,46.71249008178711,18.850000381469727,25.546249389648438,31.899999618530273,14.449999809265137,16.780000686645508
2019-07-24,7.963934898376465,46.863216400146484,18.93000030517578,25.659658432006836,32.5,15.010000228881836,16.8700008392334
2019-07-25,7.920496463775635,46.956520080566406,18.75,25.682336807250977,32.189998626708984,15.020000457763672,16.639999389648438
2019-07-26,8.593811988830566,50.86119079589844,19.209999084472656,28.2906436920166,33.5099983215332,15.329999923706055,16.809999465942383
2019-07-29,8.760329246520996,51.693809509277344,19.5,28.872783660888672,33.79999923706055,15.579999923706055,16.940000534057617
2019-07-30,8.57209300994873,50.88990020751953,19.299999237060547,28.42672348022461,33.47999954223633,15.930000305175781,16.700000762939453
2019-07-31,8.391092300415039,49.727108001708984,18.75,27.77654266357422,32.900001525878906,15.609999656677246,16.450000762939453
2019-08-01,8.159414291381836,46.956520080566406,18.389999389648438,26.771018981933594,32.029998779296875,15.149999618530273,16.020000457763672
2019-08-02,8.224574089050293,46.71964645385742,18.18000030517578,26.476173400878906,32.2400016784668,14.850000381469727,15.880000114440918
2019-08-05,7.86257791519165,45.39896774291992,17.270000457763672,25.7655029296875,31.200000762939453,14.710000038146973,15.479999542236328
2019-08-06,7.978416919708252,47.58816909790039,16.950000762939453,26.702974319458008,31.6200008392334,14.90999984741211,15.649999618530273
2019-08-07,7.898777484893799,47.50202941894531,16.989999771118164,26.1132755279541,31.100000381469727,14.949999809265137,15.850000381469727
2019-08-08,8.058055877685547,49.64098358154297,17.31999969482422,26.42324447631836,32.0099983215332,14.930000305175781,15.630000114440918
2019-08-09,8.724130630493164,54.89506530761719,18.700000762939453,28.857662200927734,35.119998931884766,15.779999732971191,16.68000030517578
2019-08-12,3.8516485691070557,25.983278274536133,7.670000076293945,12.663501739501953,16.219999313354492,8.199999809265137,11.0
2019-08-13,4.199166297912598,26.758468627929688,7.400000095367432,13.026396751403809,16.260000228881836,8.920000076293945,11.350000381469727
2019-08-14,3.9602482318878174,25.897146224975586,6.460000038146973,12.5349760055542,15.380000114440918,8.75,10.359999656677246
2019-08-15,4.177447319030762,27.93561363220215,7.429999828338623,13.207840919494629,17.260000228881836,9.510000228881836,10.520000457763672
2019-08-16,4.235365390777588,27.476238250732422,7.610000133514404,13.411972999572754,17.34000015258789,9.710000038146973,10.5600004196167
2019-08-19,3.627211093902588,23.28446388244629,6.699999809265137,11.302647590637207,16.06999969482422,8.779999732971191,9.779999732971191
2019-08-20,3.6778910160064697,23.19832992553711,6.730000019073486,11.446290969848633,16.579999923706055,8.899999618530273,9.649999618530273
2019-08-21,3.8299286365509033,24.188852310180664,6.659999847412109,11.786506652832031,16.530000686645508,9.220000267028809,10.0
2019-08-22,3.800969123840332,23.83714485168457,6.710000038146973,11.756267547607422,16.860000610351562,8.949999809265137,9.75
2019-08-23,3.5982518196105957,22.186275482177734,6.409999847412109,11.1060791015625,16.1299991607666,8.720000267028809,9.619999885559082
2019-08-26,3.4100120067596436,21.418262481689453,6.260000228881836,10.54661750793457,15.329999923706055,8.449999809265137,9.420000076293945
2019-08-27,3.214534044265747,19.415681838989258,5.869999885559082,9.730106353759766,14.449999809265137,7.960000038146973,8.920000076293945
2019-08-28,3.2507338523864746,18.999374389648438,5.510000228881836,9.631821632385254,14.460000038146973,7.920000076293945,8.779999732971191
2019-08-29,3.0986952781677246,17.86529541015625,5.289999961853027,8.99675464630127,13.4399995803833,7.789999961853027,8.899999618530273
2019-08-30,3.055255651473999,16.73122215270996,5.260000228881836,8.195364952087402,12.979999542236328,7.5,8.5600004196167
2019-09-03,2.823577642440796,15.71916675567627,5.46999979019165,7.235207557678223,12.220000267028809,7.400000095367432,8.130000114440918
2019-09-04,3.0335357189178467,16.939373016357422,5.539999961853027,8.354131698608398,12.920000076293945,8.220000267028809,8.470000267028809
2019-09-05,3.149374485015869,17.908369064331055,5.949999809265137,8.65654182434082,15.319999694824219,8.319999694824219,9.25
2019-09-06,3.1638545989990234,17.84376335144043,6.130000114440918,8.868231773376465,14.949999809265137,8.109999656677246,9.260000228881836
2019-09-09,3.185574769973755,17.67867660522461,6.139999866485596,8.921154022216797,14.890000343322754,8.069999694824219,8.90999984741211
2019-09-10,3.207293748855591,17.96578598022461,6.170000076293945,8.99675464630127,15.100000381469727,8.069999694824219,8.960000038146973
2019-09-11,3.2217745780944824,17.786344528198242,6.380000114440918,9.087478637695312,15.579999923706055,8.149999618530273,8.850000381469727
2019-09-12,3.1566145420074463,17.585371017456055,6.630000114440918,8.906033515930176,15.390000343322754,7.960000038146973,8.6899995803833
2019-09-13,3.0769758224487305,17.72174644470215,6.849999904632568,8.41461181640625,14.84000015258789,7.730000019073486,8.619999885559082
2019-09-16,3.149374485015869,18.123699188232422,7.190000057220459,8.943832397460938,16.25,8.300000190734863,8.970000267028809
2019-09-17,3.1566145420074463,17.886838912963867,7.5,9.095038414001465,15.960000038146973,8.140000343322754,8.720000267028809
2019-09-18,3.149374485015869,17.40592384338379,7.699999809265137,8.951395988464355,15.920000076293945,8.279999732971191,8.800000190734863
2019-09-19,3.149374485015869,17.477703094482422,7.880000114440918,9.246246337890625,16.399999618530273,8.569999694824219,9.229999542236328
2019-09-20,3.0480153560638428,17.07575225830078,7.869999885559082,8.99675464630127,16.020000457763672,8.420000076293945,9.180000305175781
2019-09-23,3.0480153560638428,16.90349006652832,7.409999847412109,8.974075317382812,15.9399995803833,8.430000305175781,8.989999771118164
2019-09-24,2.982855796813965,16.90349006652832,6.909999847412109,8.906033515930176,15.640000343322754,8.229999542236328,8.920000076293945
2019-09-25,3.0407752990722656,17.599721908569336,6.989999771118164,9.34453010559082,16.170000076293945,8.479999542236328,9.079999923706055
2019-09-26,3.069734811782837,17.879653930664062,6.900000095367432,9.374771118164062,16.1200008392334,8.359999656677246,9.100000381469727
2019-09-27,3.185574769973755,18.705087661743164,7.039999961853027,9.881308555603027,16.700000762939453,8.5600004196167,9.460000038146973
2019-09-30,3.134895086288452,18.676380157470703,7.039999961853027,9.828389167785645,17.360000610351562,8.489999771118164,9.25
2019-10-01,3.120415449142456,18.389270782470703,6.849999904632568,9.646940231323242,17.190000534057617,8.359999656677246,9.289999961853027
2019-10-02,3.149374485015869,19.04244041442871,6.860000133514404,9.926671981811523,17.540000915527344,8.579999923706055,9.449999809265137
2019-10-03,3.120415449142456,18.38209342956543,6.820000171661377,9.911550521850586,17.860000610351562,8.449999809265137,9.40999984741211
2019-10-04,3.2362537384033203,19.30084228515625,7.059999942779541,10.213964462280273,18.520000457763672,8.989999771118164,9.630000114440918
2019-10-07,3.294173002243042,19.04961395263672,7.03000020980835,10.100560188293457,17.899999618530273,8.699999809265137,9.5
2019-10-08,3.127655029296875,18.073450088500977,6.78000020980835,9.609140396118164,16.760000228881836,8.170000076293945,9.279999732971191
2019-10-09,3.1566145420074463,18.54000473022461,6.630000114440918,9.639383316040039,16.34000015258789,7.980000019073486,9.239999771118164
2019-10-10,3.3303732872009277,19.92530059814453,7.210000038146973,10.123239517211914,17.200000762939453,8.300000190734863,9.5
2019-10-11,3.243494987487793,19.44439697265625,6.880000114440918,9.873750686645508,17.0,8.359999656677246,9.289999961853027
2019-10-14,3.0842158794403076,18.94913673400879,6.550000190734863,9.714985847473145,16.389999389648438,8.210000038146973,9.130000114440918
2019-10-15,3.1131746768951416,19.15010643005371,6.510000228881836,10.009836196899414,16.780000686645508,8.270000457763672,9.239999771118164
2019-10-16,3.0769758224487305,18.575889587402344,6.550000190734863,9.714985847473145,16.18000030517578,8.149999618530273,9.100000381469727
2019-10-17,2.975616216659546,18.561534881591797,6.5,9.457932472229004,15.720000267028809,8.069999694824219,9.239999771118164
2019-10-18,2.924936532974243,18.116514205932617,6.25,9.457932472229004,15.380000114440918,8.069999694824219,9.119999885559082
2019-10-21,2.9466564655303955,18.281606674194336,6.130000114440918,9.707427024841309,15.770000457763672,8.039999961853027,9.25
2019-10-22,2.8742568492889404,17.736101150512695,5.860000133514404,9.359649658203125,15.399999618530273,7.869999885559082,9.069999694824219
2019-10-23,2.823577642440796,17.886838912963867,5.800000190734863,9.594018936157227,15.149999618530273,7.690000057220459,9.149999618530273
2019-10-24,2.8163375854492188,17.40592384338379,5.730000019073486,9.389891624450684,15.199999809265137,7.579999923706055,9.3100004196167
2019-10-25,2.8018572330474854,18.023212432861328,5.760000228881836,9.624258995056152,15.579999923706055,7.570000171661377,9.470000267028809
2019-10-28,2.4905402660369873,16.523069381713867,5.329999923706055,8.5280179977417,14.460000038146973,7.159999847412109,9.020000457763672
2019-10-29,2.5918996334075928,16.8819580078125,5.300000190734863,8.611181259155273,15.140000343322754,7.619999885559082,9.40999984741211
2019-10-30,2.5629396438598633,16.63791275024414,5.429999828338623,8.61874008178711,15.489999771118164,7.71999979019165,9.479999542236328
2019-10-31,2.533980131149292,16.436933517456055,5.460000038146973,8.739707946777344,15.569999694824219,7.559999942779541,9.359999656677246
2019-11-01,2.533980131149292,16.26466941833496,5.449999809265137,8.913593292236328,15.789999961853027,7.400000095367432,9.479999542236328
2019-11-04,2.6570587158203125,17.154706954956055,5.550000190734863,9.48061466217041,16.459999084472656,7.71999979019165,9.75
2019-11-05,2.6715385913848877,17.384387969970703,5.420000076293945,9.58646011352539,16.440000534057617,8.0,9.84000015258789
2019-11-06,2.5267395973205566,16.767112731933594,5.159999847412109,9.223564147949219,15.430000305175781,7.610000133514404,9.34000015258789
2019-11-07,2.5267395973205566,17.090106964111328,5.21999979019165,9.518417358398438,15.649999618530273,7.71999979019165,9.5
2019-11-08,2.48330020904541,16.939373016357422,4.960000038146973,9.382331848144531,14.029999732971191,6.730000019073486,9.420000076293945
2019-11-11,2.476060152053833,18.066274642944336,4.829999923706055,9.616700172424316,13.539999961853027,6.519999980926514,9.319999694824219
2019-11-12,2.3529813289642334,17.736101150512695,4.769999980926514,9.125284194946289,13.720000267028809,6.630000114440918,9.100000381469727
2019-11-13,2.324021100997925,17.413101196289062,4.590000152587891,8.769947052001953,13.170000076293945,6.239999771118164,8.960000038146973
2019-11-14,2.2154223918914795,16.329273223876953,4.25,8.369251251220703,12.680000305175781,5.909999847412109,9.0
2019-11-15,2.2878215312957764,16.68097686767578,4.300000190734863,8.754826545715332,13.109999656677246,6.099999904632568,9.239999771118164
2019-11-18,2.24438214302063,16.221607208251953,4.53000020980835,8.603620529174805,12.970000267028809,5.829999923706055,8.90999984741211
2019-11-19,2.3747010231018066,16.7742862701416,4.78000020980835,8.951395988464355,13.329999923706055,6.210000038146973,8.979999542236328
2019-11-20,2.7439379692077637,18.001676559448242,5.039999961853027,9.48061466217041,13.479999542236328,6.260000228881836,9.199999809265137
2019-11-21,2.693258285522461,17.937074661254883,5.010000228881836,9.594018936157227,13.270000457763672,6.159999847412109,9.1899995803833
2019-11-22,2.686018466949463,17.944255828857422,5.199999809265137,9.631821632385254,13.569999694824219,6.079999923706055,9.4399995803833
2019-11-25,2.7366983890533447,18.109338760375977,5.119999885559082,9.684743881225586,13.4399995803833,6.119999885559082,9.520000457763672
2019-11-26,2.5918996334075928,18.01603126525879,5.119999885559082,9.752785682678223,12.859999656677246,5.659999847412109,9.40999984741211
2019-11-27,2.8959760665893555,19.15728759765625,5.380000114440918,10.418092727661133,13.890000343322754,6.119999885559082,9.680000305175781
2019-11-29,2.830817461013794,18.55436134338379,5.289999961853027,10.100560188293457,13.640000343322754,6.03000020980835,9.609999656677246
2019-12-02,2.693258285522461,17.771991729736328,5.260000228881836,9.714985847473145,13.390000343322754,5.789999961853027,9.34000015258789
2019-12-03,2.693258285522461,17.800701141357422,5.099999904632568,9.730106353759766,13.140000343322754,5.559999942779541,9.09000015258789
2019-12-04,2.700498580932617,18.96348762512207,5.150000095367432,10.145922660827637,13.539999961853027,5.739999771118164,9.449999809265137
2019-12-05,2.7294580936431885,19.322376251220703,5.190000057220459,10.002278327941895,13.539999961853027,5.75,9.329999923706055
2019-12-06,2.9466564655303955,20.391849517822266,5.389999866485596,10.433215141296387,14.119999885559082,6.110000133514404,9.65999984741211
2019-12-09,3.062495470046997,20.513872146606445,5.46999979019165,10.622220993041992,14.800000190734863,6.25,10.15999984741211
2019-12-10,2.9611363410949707,19.430036544799805,5.019999980926514,10.017398834228516,13.819999694824219,5.96999979019165,9.850000381469727
2019-12-11,2.997335910797119,19.473102569580078,4.980000019073486,9.979595184326172,13.600000381469727,6.019999980926514,9.770000457763672
2019-12-12,3.243494987487793,20.52105140686035,5.0,10.554178237915039,14.270000457763672,6.260000228881836,10.1899995803833
2019-12-13,3.417252779006958,21.56181526184082,5.300000190734863,11.15144157409668,15.180000305175781,6.590000152587891,10.369999885559082
2019-12-16,3.359333038330078,21.913524627685547,5.769999980926514,10.939754486083984,15.350000381469727,6.559999942779541,10.270000457763672
2019-12-17,3.4100120067596436,22.344186782836914,5.510000228881836,10.992674827575684,15.010000228881836,6.340000152587891,10.289999961853027
2019-12-18,3.685131788253784,23.693588256835938,5.739999771118164,11.181683540344238,15.5600004196167,6.590000152587891,10.699999809265137
2019-12-19,3.5982518196105957,24.08119010925293,5.849999904632568,11.189242362976074,15.479999542236328,6.659999847412109,10.65999984741211
2019-12-20,3.6199703216552734,24.210390090942383,5.789999961853027,11.340449333190918,15.609999656677246,6.75,11.010000228881836
2019-12-23,3.989208459854126,26.03352165222168,6.590000152587891,12.353529930114746,16.290000915527344,7.110000133514404,11.319999694824219
2019-12-24,4.1412458419799805,26.356521606445312,6.840000152587891,12.459373474121094,16.579999923706055,7.309999942779541,11.609999656677246
2019-12-26,4.4236040115356445,27.095821380615234,7.039999961853027,12.890308380126953,16.959999084472656,7.449999809265137,11.850000381469727
2019-12-27,4.155726909637451,26.112483978271484,6.440000057220459,12.414011001586914,16.860000610351562,7.199999809265137,11.819999694824219
2019-12-30,4.083327293395996,26.03352165222168,6.349999904632568,12.315730094909668,16.790000915527344,7.239999771118164,11.5600004196167
2019-12-31,4.032647609710693,26.019166946411133,6.260000228881836,12.270366668701172,16.43000030517578,7.170000076293945,11.579999923706055
2020-01-02,4.003688812255859,26.098129272460938,5.840000152587891,12.406452178955078,15.84000015258789,7.019999980926514,11.260000228881836
2020-01-03,3.8444089889526367,25.380352020263672,5.539999961853027,11.945274353027344,15.5,6.96999979019165,11.15999984741211
2020-01-06,3.916808605194092,25.71770668029785,5.829999923706055,12.073798179626465,15.350000381469727,6.960000038146973,11.140000343322754
2020-01-07,3.9674878120422363,25.3372802734375,5.78000020980835,11.998194694519043,15.260000228881836,7.019999980926514,10.90999984741211
2020-01-08,4.025407314300537,25.703350067138672,5.71999979019165,12.126721382141113,14.949999809265137,6.900000095367432,10.979999542236328
2020-01-09,4.177447319030762,26.442649841308594,5.829999923706055,12.587897300720215,15.329999923706055,7.159999847412109,10.989999771118164
2020-01-10,4.162966728210449,25.976099014282227,5.989999771118164,12.376211166381836,15.0600004196167,7.03000020980835,10.65999984741211
2020-01-13,4.003688812255859,24.79178237915039,5.730000019073486,11.809187889099121,14.390000343322754,6.710000038146973,10.649999618530273
2020-01-14,3.873368978500366,24.152965545654297,5.690000057220459,11.695783615112305,14.369999885559082,6.539999961853027,10.640000343322754
2020-01-15,3.692370891571045,22.990177154541016,5.420000076293945,11.21192455291748,13.979999542236328,6.489999771118164,10.380000114440918
2020-01-16,3.8154492378234863,23.614641189575195,5.570000171661377,11.537017822265625,14.199999809265137,6.679999828338623,10.350000381469727
2020-01-17,3.938528299331665,23.72230339050293,5.860000133514404,11.794066429138184,14.949999809265137,6.789999961853027,10.319999694824219
2020-01-21,3.7430498600006104,23.291641235351562,5.630000114440918,11.400933265686035,14.270000457763672,6.519999980926514,9.819999694824219
2020-01-22,3.8444089889526367,23.657703399658203,5.690000057220459,11.317769050598145,14.579999923706055,6.420000076293945,9.949999809265137
2020-01-23,3.5186116695404053,22.746137619018555,5.559999942779541,11.000237464904785,13.899999618530273,6.349999904632568,9.760000228881836
2020-01-24,3.3303732872009277,21.741260528564453,5.420000076293945,10.576859474182129,13.199999809265137,6.130000114440918,9.65999984741211
2020-01-27,3.207293748855591,21.346487045288086,5.349999904632568,10.395410537719727,13.279999732971191,6.199999809265137,9.369999885559082
2020-01-28,3.344853162765503,22.502092361450195,5.360000133514404,10.92463493347168,13.630000114440918,6.21999979019165,9.420000076293945
2020-01-29,3.2869338989257812,22.21498680114746,5.349999904632568,10.894392013549805,13.479999542236328,6.199999809265137,9.579999923706055
2020-01-30,3.424492597579956,22.724599838256836,5.400000095367432,11.21948528289795,13.65999984741211,6.309999942779541,9.609999656677246
2020-01-31,3.3882923126220703,22.014013290405273,5.190000057220459,10.849031448364258,13.170000076293945,6.190000057220459,9.390000343322754
2020-02-03,3.5475711822509766,23.779726028442383,5.429999828338623,11.484094619750977,14.350000381469727,6.46999979019165,9.680000305175781
2020-02-04,3.2652134895324707,23.004535675048828,5.309999942779541,11.189242362976074,13.520000457763672,6.260000228881836,9.699999809265137
2020-02-05,3.431732654571533,23.305997848510742,5.25,11.136320114135742,13.640000343322754,6.25,9.850000381469727
2020-02-06,3.489651679992676,23.29882049560547,5.369999885559082,11.189242362976074,13.819999694824219,6.269999980926514,9.850000381469727
2020-02-07,3.583770513534546,23.916099548339844,5.329999923706055,11.32532787322998,14.029999732971191,6.349999904632568,9.859999656677246
2020-02-10,3.5910112857818604,23.751014709472656,5.329999923706055,11.33288860321045,13.800000190734863,6.309999942779541,9.899999618530273
2020-02-11,3.4824116230010986,22.839448928833008,5.230000019073486,11.08339786529541,13.430000305175781,6.25,9.5600004196167
2020-02-12,3.4100120067596436,23.49261474609375,5.119999885559082,11.196803092956543,13.460000038146973,6.369999885559082,9.430000305175781
2020-02-13,3.142134666442871,22.337003707885742,5.119999885559082,10.266887664794922,12.869999885559082,6.25,9.210000038146973
2020-02-14,3.1710939407348633,22.387252807617188,5.050000190734863,10.425654411315918,12.800000190734863,6.320000171661377,9.479999542236328
2020-02-18,3.1638545989990234,22.43749237060547,5.170000076293945,10.357609748840332,12.800000190734863,6.21999979019165,9.479999542236328
2020-02-19,3.20005464553833,23.542861938476562,5.110000133514404,10.65246295928955,12.90999984741211,6.21999979019165,9.649999618530273
2020-02-20,3.301412582397461,24.33241081237793,5.25,10.818788528442383,13.210000038146973,6.420000076293945,9.699999809265137
2020-02-21,3.3158936500549316,24.576452255249023,5.320000171661377,10.954873085021973,13.25,6.429999828338623,9.59000015258789
2020-02-24,3.2362537384033203,23.607460021972656,5.210000038146973,10.54661750793457,12.890000343322754,6.179999828338623,9.119999885559082
2020-02-25,3.069734811782837,22.695892333984375,5.090000152587891,10.017398834228516,12.470000267028809,5.949999809265137,8.5
2020-02-26,3.0986952781677246,22.8322696685791,4.989999771118164,10.055198669433594,12.180000305175781,5.699999809265137,8.569999694824219
2020-02-27,3.0480153560638428,21.38954734802246,4.699999809265137,9.851068496704102,11.880000114440918,5.510000228881836,8.199999809265137
2020-02-28,2.917696475982666,20.800975799560547,4.460000038146973,9.556218147277832,11.850000381469727,5.610000133514404,7.989999771118164
2020-03-02,3.062495470046997,21.633590698242188,4.510000228881836,9.888872146606445,13.40999984741211,5.769999980926514,8.039999961853027
2020-03-03,3.0190556049346924,21.518747329711914,4.699999809265137,9.798148155212402,13.430000305175781,5.880000114440918,8.100000381469727
2020-03-04,3.2362537384033203,22.5092716217041,5.159999847412109,10.25932502746582,14.399999618530273,6.090000152587891,8.239999771118164
2020-03-05,3.185574769973755,22.04990005493164,4.820000171661377,9.97203540802002,13.829999923706055,6.090000152587891,7.75
2020-03-06,2.9538958072662354,20.298542022705078,4.71999979019165,9.238685607910156,13.430000305175781,5.71999979019165,7.300000190734863
2020-03-09,2.4471006393432617,16.436933517456055,3.7699999809265137,7.530058860778809,11.069999694824219,4.739999771118164,5.260000228881836
2020-03-10,2.772897958755493,18.511289596557617,4.360000133514404,8.36169147491455,11.819999694824219,5.300000190734863,6.079999923706055
2020-03-11,2.3747010231018066,17.07575225830078,4.329999923706055,7.681263446807861,11.0,5.019999980926514,5.409999847412109
2020-03-12,1.882385015487671,14.240559577941895,3.9600000381469727,6.600141525268555,10.09000015258789,4.639999866485596,4.650000095367432
2020-03-13,2.106823205947876,15.317216873168945,3.9000000953674316,6.963035583496094,10.34000015258789,4.78000020980835,4.5
2020-03-16,1.9185848236083984,12.467669486999512,3.319999933242798,5.398054122924805,9.479999542236328,4.170000076293945,3.819999933242798
2020-03-17,2.048903226852417,13.867321014404297,3.2300000190734863,5.776068687438965,10.699999809265137,4.690000057220459,3.509999990463257
2020-03-18,1.7882658243179321,11.642231941223145,3.0,4.59666109085083,9.819999694824219,4.130000114440918,2.569999933242798
2020-03-19,1.6434669494628906,10.88139533996582,2.9600000381469727,4.611782073974609,9.130000114440918,4.099999904632568,3.049999952316284
2020-03-20,1.7375861406326294,11.742720603942871,3.2100000381469727,5.148563385009766,9.369999885559082,4.059999942779541,3.5
2020-03-23,1.6941461563110352,10.974705696105957,2.990000009536743,4.876392841339111,9.020000457763672,3.8399999141693115,3.4000000953674316
2020-03-24,1.8534250259399414,12.072893142700195,3.119999885559082,5.496337413787842,11.020000457763672,4.380000114440918,3.930000066757202
2020-03-25,1.8896249532699585,12.76913070678711,3.240000009536743,5.760948181152344,11.630000114440918,4.679999828338623,4.230000019073486
2020-03-26,1.8751450777053833,13.013172149658203,3.299999952316284,5.934835433959961,11.550000190734863,4.519999980926514,4.130000114440918
2020-03-27,1.679666519165039,11.268991470336914,3.109999895095825,5.095641136169434,10.100000381469727,4.190000057220459,3.8499999046325684
2020-03-30,1.730346441268921,11.599164962768555,3.0199999809265137,5.088082313537598,10.34000015258789,4.170000076293945,4.039999961853027
2020-03-31,1.8968645334243774,12.187735557556152,3.240000009536743,5.330011367797852,11.300000190734863,4.599999904632568,4.170000076293945
2020-04-01,1.8461854457855225,11.821672439575195,3.0799999237060547,5.133443832397461,10.640000343322754,4.46999979019165,4.070000171661377
2020-04-02,1.882385015487671,12.216450691223145,3.259999990463257,5.443417072296143,10.729999542236328,4.510000228881836,4.360000133514404
2020-04-03,1.882385015487671,12.54662036895752,3.109999895095825,5.549260139465332,10.949999809265137,4.739999771118164,4.360000133514404
2020-04-06,1.8534250259399414,12.015470504760742,3.200000047683716,5.299770832061768,10.779999732971191,4.809999942779541,4.260000228881836
2020-04-07,1.8534250259399414,11.728363037109375,3.509999990463257,5.23928689956665,10.699999809265137,4.760000228881836,4.130000114440918
2020-04-08,1.9041050672531128,11.570455551147461,3.309999942779541,5.443417072296143,10.979999542236328,4.880000114440918,4.230000019073486
2020-04-09,1.8679053783416748,11.893451690673828,3.299999952316284,5.360252380371094,10.420000076293945,4.619999885559082,4.199999809265137
2020-04-13,1.7882658243179321,11.491501808166504,3.069999933242798,5.163683891296387,10.350000381469727,4.460000038146973,4.0
2020-04-14,1.8461854457855225,11.814496040344238,3.059999942779541,5.382932662963867,10.25,4.519999980926514,4.0
2020-04-15,1.8896249532699585,12.453312873840332,3.0799999237060547,5.73070764541626,10.6899995803833,4.489999771118164,3.9600000381469727
2020-04-16,1.9258242845535278,12.417423248291016,3.119999885559082,5.6551032066345215,10.680000305175781,4.510000228881836,3.9000000953674316
2020-04-17,2.0054636001586914,11.764251708984375,3.200000047683716,5.541698932647705,10.069999694824219,4.480000019073486,3.880000114440918
2020-04-20,2.048903226852417,11.972407341003418,3.069999933242798,5.534140110015869,9.949999809265137,4.340000152587891,3.7699999809265137
2020-04-21,1.8679053783416748,11.19003677368164,2.950000047683716,5.178804874420166,9.619999885559082,4.289999961853027,3.450000047683716
2020-04-22,1.7737855911254883,10.931638717651367,3.059999942779541,5.042718887329102,9.850000381469727,4.179999828338623,3.509999990463257
2020-04-23,1.686906337738037,10.90292739868164,3.0399999618530273,4.7629899978637695,9.760000228881836,4.409999847412109,3.509999990463257
2020-04-24,1.6651866436004639,10.414843559265137,2.8299999237060547,4.611782073974609,9.600000381469727,4.269999980926514,3.299999952316284
2020-04-27,1.7013859748840332,10.156448364257812,2.9600000381469727,4.48325777053833,9.34000015258789,4.230000019073486,3.299999952316284
2020-04-28,1.9258242845535278,11.800143241882324,3.0899999141693115,5.2770891189575195,9.890000343322754,4.329999923706055,3.759999990463257
2020-04-29,2.1285431385040283,12.560980796813965,3.109999895095825,5.6551032066345215,10.220000267028809,4.599999904632568,4.059999942779541
2020-04-30,1.8896249532699585,11.706830024719238,3.0,5.382932662963867,10.319999694824219,4.579999923706055,3.8399999141693115
2020-05-01,1.7737855911254883,10.931638717651367,2.930000066757202,5.012477874755859,9.380000114440918,4.28000020980835,3.5399999618530273
2020-05-04,1.9620240926742554,11.556099891662598,2.9600000381469727,5.337571620941162,9.890000343322754,4.369999885559082,3.7100000381469727
2020-05-05,1.8968645334243774,11.362299919128418,2.9000000953674316,5.216607570648193,9.989999771118164,4.269999980926514,3.6600000858306885
2020-05-06,2.0054636001586914,11.757073402404785,2.950000047683716,5.481218338012695,10.170000076293945,4.289999961853027,3.609999895095825
2020-05-07,2.1719822883605957,12.898326873779297,2.950000047683716,5.927276134490967,10.420000076293945,4.510000228881836,3.8499999046325684
2020-05-08,2.2878215312957764,13.285927772521973,3.140000104904175,6.123841762542725,10.75,4.699999809265137,4.050000190734863
2020-05-11,2.541219711303711,14.025225639343262,3.3499999046325684,6.660624980926514,11.40999984741211,5.099999904632568,4.110000133514404
2020-05-12,2.555699586868286,14.384112358093262,3.299999952316284,6.600141525268555,11.199999809265137,5.170000076293945,4.269999980926514
2020-05-13,2.410900831222534,13.113659858703613,3.0999999046325684,5.9953179359436035,10.40999984741211,4.880000114440918,3.819999933242798
2020-05-14,2.4977798461914062,13.738119125366211,3.299999952316284,6.396014213562012,11.210000038146973,5.300000190734863,4.070000171661377
2020-05-15,2.4471006393432617,13.436657905578613,3.3499999046325684,6.350650310516357,10.930000305175781,5.179999828338623,4.139999866485596
2020-05-18,2.6136186122894287,13.896028518676758,3.4800000190734863,6.721105575561523,11.6899995803833,5.449999809265137,4.340000152587891
2020-05-19,2.4253807067871094,13.264388084411621,3.3499999046325684,6.418694019317627,11.350000381469727,5.369999885559082,4.389999866485596
2020-05-20,2.5050203800201416,13.695055961608887,3.4000000953674316,6.622822284698486,11.029999732971191,5.309999942779541,4.389999866485596
2020-05-21,2.620858907699585,14.72146224975586,3.4000000953674316,7.091560363769531,12.039999961853027,5.659999847412109,4.619999885559082
2020-05-22,2.6715385913848877,14.929615020751953,3.490000009536743,7.189845085144043,11.819999694824219,5.659999847412109,4.71999979019165
2020-05-26,2.693258285522461,15.037285804748535,3.549999952316284,7.2049665451049805,11.420000076293945,5.610000133514404,4.929999828338623
2020-05-27,2.686018466949463,14.793244361877441,3.5299999713897705,7.303249359130859,11.069999694824219,5.53000020980835,5.289999961853027
2020-05-28,2.5267395973205566,13.982163429260254,3.2899999618530273,6.675743579864502,10.729999542236328,5.360000133514404,4.909999847412109
2020-05-29,2.2950615882873535,12.316936492919922,3.069999933242798,6.055800437927246,10.359999656677246,5.369999885559082,5.039999961853027
2020-06-01,2.410900831222534,13.092124938964844,3.5299999713897705,6.448935508728027,10.729999542236328,5.599999904632568,5.090000152587891
2020-06-02,2.7077383995056152,14.699931144714355,3.8299999237060547,7.09912109375,11.270000457763672,5.96999979019165,5.429999828338623
2020-06-03,2.9538958072662354,15.762232780456543,3.8499999046325684,7.681263446807861,11.350000381469727,5.75,5.71999979019165
2020-06-04,2.8742568492889404,15.475125312805176,4.019999980926514,7.696384906768799,11.170000076293945,5.869999885559082,5.78000020980835
2020-06-05,2.9611363410949707,15.546903610229492,4.21999979019165,7.840032577514648,11.40999984741211,6.21999979019165,5.739999771118164
2020-06-08,3.279693365097046,17.190593719482422,4.730000019073486,8.694345474243164,12.079999923706055,6.539999961853027,6.570000171661377
2020-06-09,3.055255651473999,15.92014217376709,4.619999885559082,8.14244270324707,11.699999809265137,6.210000038146973,6.440000057220459
2020-06-10,3.0480153560638428,15.834005355834961,4.829999923706055,8.210482597351074,11.319999694824219,5.989999771118164,6.269999980926514
2020-06-11,2.7439379692077637,14.412823677062988,4.28000020980835,7.545178413391113,10.520000457763672,5.46999979019165,5.699999809265137
2020-06-12,2.9466564655303955,15.460771560668945,4.460000038146973,8.12732219696045,10.859999656677246,5.639999866485596,6.059999942779541
2020-06-15,2.8597769737243652,15.001399040222168,4.340000152587891,7.8853936195373535,10.539999961853027,5.5,5.789999961853027
2020-06-16,2.8452975749969482,15.030105590820312,4.449999809265137,7.855152130126953,10.609999656677246,5.619999885559082,5.800000190734863
2020-06-17,2.772897958755493,14.197490692138672,4.340000152587891,7.605661869049072,10.40999984741211,5.550000190734863,5.739999771118164
2020-06-18,2.533980131149292,13.400768280029297,3.8499999046325684,7.053760051727295,9.720000267028809,5.190000057220459,5.349999904632568
2020-06-19,2.693258285522461,14.398467063903809,4.119999885559082,7.726626873016357,10.140000343322754,5.5,5.570000171661377
2020-06-22,2.6353390216827393,13.831432342529297,3.9200000762939453,7.446896076202393,9.859999656677246,5.239999771118164,5.380000114440918
2020-06-23,2.686018466949463,14.226203918457031,4.010000228881836,7.74174690246582,10.220000267028809,5.53000020980835,5.559999942779541
2020-06-24,2.7294580936431885,14.161604881286621,3.819999933242798,7.590540885925293,10.180000305175781,5.360000133514404,5.460000038146973
2020-06-25,2.9466564655303955,14.900907516479492,4.199999809265137,8.066839218139648,10.9399995803833,5.809999942779541,5.769999980926514
2020-06-26,2.8018572330474854,14.104181289672852,3.990000009536743,7.719067573547363,10.510000228881836,5.639999866485596,5.699999809265137
2020-06-29,2.8597769737243652,14.175965309143066,4.179999828338623,7.809789657592773,10.649999618530273,5.71999979019165,5.849999904632568
2020-06-30,2.7149782180786133,13.31463623046875,3.950000047683716,7.333490371704102,10.489999771118164,5.630000114440918,5.75
2020-07-01,2.780137777328491,13.465368270874023,3.9000000953674316,7.386410713195801,10.779999732971191,5.599999904632568,5.809999942779541
2020-07-02,2.628098964691162,12.962929725646973,3.7799999713897705,6.970595359802246,10.390000343322754,5.340000152587891,5.800000190734863
2020-07-06,3.1783347129821777,15.877076148986816,4.179999828338623,8.558260917663574,11.649999618530273,6.190000057220459,6.239999771118164
2020-07-07,3.0190556049346924,14.958332061767578,4.239999771118164,8.233165740966797,11.220000267028809,5.760000228881836,6.019999980926514
2020-07-08,3.062495470046997,15.223904609680176,4.369999885559082,8.339009284973145,11.460000038146973,5.940000057220459,6.199999809265137
2020-07-09,2.8742568492889404,14.592266082763672,4.199999809265137,7.953434944152832,10.979999542236328,5.690000057220459,6.190000057220459
2020-07-10,3.0480153560638428,15.410523414611816,4.269999980926514,8.596060752868652,11.359999656677246,5.71999979019165,6.300000190734863
2020-07-13,3.069734811782837,15.546903610229492,4.269999980926514,8.573379516601562,11.5,5.849999904632568,6.199999809265137
2020-07-14,3.0190556049346924,15.396170616149902,4.059999942779541,8.520456314086914,11.479999542236328,5.809999942779541,6.329999923706055
2020-07-15,3.127655029296875,16.15700340270996,4.059999942779541,8.830430030822754,11.6899995803833,5.900000095367432,6.510000228881836
2020-07-16,3.069734811782837,15.776590347290039,4.179999828338623,8.701906204223633,11.460000038146973,5.71999979019165,6.519999980926514
2020-07-17,2.975616216659546,15.381814002990723,4.079999923706055,8.490215301513672,11.050000190734863,5.510000228881836,6.409999847412109
2020-07-20,2.917696475982666,14.829133987426758,3.9800000190734863,8.233165740966797,11.020000457763672,5.480000019073486,6.409999847412109
2020-07-21,3.0335357189178467,15.439234733581543,4.179999828338623,8.588500022888184,11.579999923706055,5.840000152587891,6.489999771118164
2020-07-22,3.207293748855591,16.673797607421875,4.25,9.299168586730957,12.300000190734863,5.909999847412109,6.639999866485596
2020-07-23,3.3086540699005127,16.817354202270508,4.179999828338623,9.427693367004395,12.289999961853027,6.039999961853027,6.809999942779541
2020-07-24,3.2869338989257812,16.889131546020508,4.170000076293945,9.427693367004395,12.279999732971191,6.170000076293945,6.659999847412109
2020-07-27,3.344853162765503,17.154706954956055,4.210000038146973,9.65450382232666,12.039999961853027,5.949999809265137,6.639999866485596
2020-07-28,3.2217745780944824,16.379514694213867,4.070000171661377,9.238685607910156,11.520000457763672,5.599999904632568,6.480000019073486
2020-07-29,3.214534044265747,16.544605255126953,3.9800000190734863,9.314290046691895,11.420000076293945,5.75,6.46999979019165
2020-07-30,3.142134666442871,15.762232780456543,3.819999933242798,9.16308307647705,11.15999984741211,5.840000152587891,6.329999923706055
2020-07-31,2.997335910797119,15.274148941040039,3.809999942779541,9.072358131408691,10.9399995803833,5.619999885559082,6.230000019073486
2020-08-03,3.243494987487793,16.853242874145508,4.059999942779541,10.032517433166504,12.140000343322754,6.320000171661377,6.659999847412109
2020-08-04,3.272454023361206,16.673797607421875,4.179999828338623,9.866192817687988,12.229999542236328,6.559999942779541,6.809999942779541
2020-08-05,3.1059350967407227,16.020631790161133,4.539999961853027,9.563776969909668,11.619999885559082,6.269999980926514,6.71999979019165
2020-08-06,3.062495470046997,15.91296100616455,4.570000171661377,9.594018936157227,11.59000015258789,6.070000171661377,6.5
2020-08-07,3.062495470046997,15.99191951751709,4.480000019073486,9.714985847473145,11.529999732971191,5.929999828338623,6.440000057220459
2020-08-10,2.997335910797119,15.755056381225586,4.269999980926514,9.405012130737305,11.229999542236328,5.739999771118164,6.239999771118164
2020-08-11,2.8018572330474854,14.900907516479492,3.940000057220459,8.96651554107666,11.020000457763672,5.559999942779541,5.900000095367432
2020-08-12,2.678778886795044,14.12571907043457,3.9000000953674316,8.664103507995605,10.550000190734863,5.300000190734863,5.570000171661377
2020-08-13,2.6642987728118896,14.498956680297852,3.9600000381469727,8.717023849487305,11.0,5.349999904632568,5.659999847412109
2020-08-14,2.628098964691162,14.527668952941895,3.950000047683716,8.596060752868652,11.149999618530273,5.199999809265137,5.71999979019165
2020-08-17,2.4471006393432617,13.709409713745117,3.869999885559082,8.157561302185059,10.779999732971191,5.019999980926514,5.440000057220459
2020-08-18,2.403660297393799,13.565855979919434,3.740000009536743,8.059277534484863,10.880000114440918,4.900000095367432,5.440000057220459
2020-08-19,2.4471006393432617,13.37205696105957,3.75,7.840032577514648,10.890000343322754,4.840000152587891,5.46999979019165
2020-08-20,2.3891804218292236,13.235681533813477,3.7100000381469727,7.749305725097656,10.90999984741211,4.800000190734863,5.46999979019165
2020-08-21,2.403660297393799,13.077768325805664,3.7100000381469727,7.643461227416992,10.989999771118164,4.75,5.349999904632568
2020-08-24,2.3819408416748047,13.178260803222656,3.5,7.605661869049072,11.029999732971191,4.679999828338623,5.400000095367432
2020-08-25,2.4253807067871094,13.33616828918457,3.4000000953674316,7.688825607299805,11.1899995803833,4.539999961853027,5.550000190734863
2020-08-26,2.3457415103912354,13.15672779083252,3.450000047683716,7.590540885925293,11.4399995803833,4.489999771118164,5.559999942779541
2020-08-27,2.331261396408081,12.833728790283203,3.5,7.484695911407471,11.510000228881836,4.409999847412109,5.380000114440918
2020-08-28,2.533980131149292,13.774008750915527,3.6500000953674316,8.013917922973633,11.989999771118164,4.679999828338623,5.710000038146973
2020-08-31,2.4398603439331055,13.6017427444458,3.259999990463257,7.809789657592773,11.489999771118164,4.699999809265137,5.579999923706055
2020-09-01,2.4905402660369873,13.50125503540039,3.440000057220459,7.862710475921631,11.779999732971191,4.769999980926514,5.639999866485596
2020-09-02,2.403660297393799,13.537145614624023,3.4800000190734863,7.643461227416992,11.760000228881836,4.710000038146973,5.539999961853027
2020-09-03,2.4398603439331055,13.903207778930664,3.4200000762939453,7.771989822387695,11.90999984741211,4.809999942779541,5.519999980926514
2020-09-04,2.454340934753418,13.587389945983887,3.4800000190734863,7.696384906768799,11.960000038146973,4.739999771118164,5.420000076293945
2020-09-08,2.48330020904541,13.544322967529297,3.4800000190734863,7.756868839263916,11.930000305175781,4.809999942779541,5.440000057220459
2020-09-09,2.4471006393432617,13.451013565063477,3.490000009536743,7.771989822387695,11.960000038146973,4.639999866485596,5.409999847412109
2020-09-10,2.4471006393432617,13.443835258483887,3.5199999809265137,7.749305725097656,11.899999618530273,4.659999847412109,5.159999847412109
2020-09-11,2.3819408416748047,12.919862747192383,3.450000047683716,7.363729476928711,11.829999923706055,4.699999809265137,5.170000076293945
2020-09-14,2.3095414638519287,12.525091171264648,3.380000114440918,6.963035583496094,11.460000038146973,4.46999979019165,5.059999942779541
2020-09-15,2.2733418941497803,12.388710975646973,3.430000066757202,6.932794570922852,11.479999542236328,4.440000057220459,5.119999885559082
2020-09-16,2.1140635013580322,11.584809303283691,3.109999895095825,6.320409774780273,10.729999542236328,4.099999904632568,4.849999904632568
2020-09-17,2.0199437141418457,11.03930377960205,3.0899999141693115,5.957516670227051,10.649999618530273,4.170000076293945,4.550000190734863
2020-09-18,2.0054636001586914,10.99623966217041,3.180000066757202,5.9423956871032715,10.720000267028809,4.260000228881836,4.460000038146973
2020-09-21,1.9258242845535278,10.56557559967041,3.0799999237060547,5.745827674865723,10.619999885559082,4.190000057220459,4.130000114440918
2020-09-22,1.8534250259399414,10.120558738708496,2.9800000190734863,5.481218338012695,10.430000305175781,4.110000133514404,3.880000114440918
2020-09-23,1.744825839996338,9.589408874511719,2.930000066757202,5.186365604400635,9.550000190734863,4.070000171661377,3.6600000858306885
2020-09-24,1.9041050672531128,10.50815486907959,3.1500000953674316,5.7685089111328125,10.140000343322754,4.159999847412109,3.8399999141693115
2020-09-25,1.9041050672531128,10.422021865844727,3.140000104904175,5.594621181488037,10.329999923706055,4.199999809265137,3.680000066757202
2020-09-28,1.8968645334243774,10.28564453125,3.0999999046325684,5.4660964012146,10.34000015258789,4.170000076293945,3.7200000286102295
2020-09-29,1.8172250986099243,10.120558738708496,3.0899999141693115,5.413174152374268,10.130000114440918,4.050000190734863,3.609999895095825
2020-09-30,1.8244655132293701,10.264113426208496,3.109999895095825,5.473657608032227,10.329999923706055,4.159999847412109,3.569999933242798
2020-10-01,1.9185848236083984,10.49380111694336,3.1700000762939453,5.609742641448975,10.579999923706055,4.28000020980835,3.6500000953674316
2020-10-02,1.882385015487671,10.22822380065918,3.119999885559082,5.511457443237305,10.779999732971191,4.269999980926514,3.630000114440918
2020-10-05,1.9330648183822632,10.08466911315918,3.059999942779541,5.382932662963867,10.989999771118164,4.360000133514404,3.7300000190734863
2020-10-06,1.8172250986099243,9.862159729003906,2.9000000953674316,5.224166393280029,10.369999885559082,4.230000019073486,3.569999933242798
2020-10-07,1.8244655132293701,9.962650299072266,2.880000114440918,5.337571620941162,10.460000038146973,4.230000019073486,3.6600000858306885
2020-10-08,1.860665202140808,10.242579460144043,2.9200000762939453,5.481218338012695,10.649999618530273,4.329999923706055,3.809999942779541
2020-10-09,1.8317052125930786,10.120558738708496,2.950000047683716,5.398632049560547,10.829999923706055,4.340000152587891,3.869999885559082
2020-10-12,1.8244655132293701,9.919584274291992,2.9800000190734863,5.352750778198242,11.270000457763672,4.519999980926514,3.7899999618530273
2020-10-13,1.7593058347702026,9.625296592712402,2.990000009536743,5.192168712615967,11.279999732971191,4.579999923706055,3.75
2020-10-14,1.7520661354064941,9.517631530761719,3.0299999713897705,5.054526329040527,11.529999732971191,4.659999847412109,3.75
2020-10-15,1.7520661354064941,9.503276824951172,3.0999999046325684,5.016293048858643,11.550000190734863,4.699999809265137,3.569999933242798
2020-10-16,1.8968645334243774,9.718607902526855,3.190000057220459,5.169229030609131,11.760000228881836,4.75,3.559999942779541
2020-10-19,1.9258242845535278,9.92676067352295,3.6500000953674316,5.268636703491211,12.029999732971191,4.960000038146973,3.5899999141693115
2020-10-20,1.8751450777053833,9.460211753845215,3.5299999713897705,5.054526329040527,12.0,5.0,3.4600000381469727
2020-10-21,1.8027454614639282,9.079791069030762,3.1500000953674316,4.962764739990234,11.1899995803833,4.650000095367432,3.3399999141693115
2020-10-22,1.9185848236083984,9.259234428405762,3.390000104904175,5.046877861022949,11.390000343322754,4.71999979019165,3.450000047683716
2020-10-23,1.9475445747375488,9.366901397705078,3.4800000190734863,5.085113048553467,11.970000267028809,4.739999771118164,3.609999895095825
2020-10-26,1.8896249532699585,9.295124053955078,3.5199999809265137,5.138640880584717,12.390000343322754,4.75,3.609999895095825
2020-10-27,1.7737855911254883,8.77115249633789,3.450000047683716,4.8633575439453125,11.800000190734863,4.599999904632568,3.319999933242798
2020-10-28,1.679666519165039,8.426621437072754,3.2699999809265137,4.67983341217041,11.09000015258789,4.590000152587891,3.0999999046325684
2020-10-29,1.744825839996338,8.641953468322754,3.3399999141693115,4.825122833251953,11.3100004196167,4.739999771118164,3.259999990463257
2020-10-30,1.7593058347702026,8.562997817993164,3.319999933242798,4.786888599395752,11.800000190734863,4.820000171661377,3.2200000286102295
2020-11-02,1.9692641496658325,9.431499481201172,3.5199999809265137,5.306870460510254,12.140000343322754,5.139999866485596,3.319999933242798
2020-11-03,1.9982240200042725,9.460211753845215,3.380000114440918,5.390985488891602,12.34000015258789,5.179999828338623,3.5199999809265137
2020-11-04,1.9041050672531128,9.216167449951172,3.359999895095825,5.368044853210449,12.359999656677246,5.079999923706055,3.5
2020-11-05,2.0561435222625732,10.048781394958496,3.430000066757202,5.750384330749512,12.640000343322754,5.190000057220459,3.740000009536743
2020-11-06,2.063383102416992,10.070317268371582,3.5799999237060547,5.819204807281494,13.050000190734863,5.340000152587891,3.7300000190734863
2020-11-09,2.2226624488830566,10.78090763092041,3.630000114440918,6.186252593994141,13.029999732971191,5.179999828338623,4.139999866485596
2020-11-10,2.418140411376953,11.749900817871094,3.740000009536743,6.7291741371154785,13.140000343322754,5.239999771118164,4.75
2020-11-11,2.324021100997925,11.261812210083008,3.619999885559082,6.346833229064941,13.75,5.329999923706055,4.579999923706055
2020-11-12,2.1285431385040283,10.50815486907959,3.5899999141693115,6.048609256744385,12.970000267028809,5.360000133514404,4.320000171661377
2020-11-13,2.2878215312957764,10.967527389526367,3.5299999713897705,6.316247463226318,13.380000114440918,5.400000095367432,4.570000171661377
2020-11-16,2.338501453399658,11.010592460632324,3.619999885559082,6.400360107421875,13.600000381469727,5.329999923706055,4.690000057220459
2020-11-17,2.3529813289642334,11.28334903717041,3.559999942779541,6.583883285522461,13.649999618530273,5.53000020980835,4.920000076293945
2020-11-18,2.2009427547454834,10.78090763092041,3.5199999809265137,6.262718200683594,13.229999542236328,5.21999979019165,4.739999771118164
2020-11-19,2.2299020290374756,10.845507621765137,3.4100000858306885,6.369772434234619,13.020000457763672,5.239999771118164,4.78000020980835
2020-11-20,2.237142324447632,10.730664253234863,3.309999942779541,6.209190368652344,13.270000457763672,5.409999847412109,4.760000228881836
2020-11-23,2.2226624488830566,10.88139533996582,3.2300000190734863,6.3544793128967285,13.899999618530273,5.619999885559082,5.0
2020-11-24,2.3747010231018066,11.836028099060059,3.3499999046325684,6.7444682121276855,14.0,5.590000152587891,5.329999923706055
2020-11-25,2.396420955657959,11.821672439575195,3.430000066757202,6.6985859870910645,14.0600004196167,5.5,5.190000057220459
2020-11-27,2.541219711303711,12.173378944396973,3.619999885559082,6.935635089874268,14.079999923706055,5.510000228881836,5.400000095367432
2020-11-30,2.3167808055877686,11.462789535522461,3.380000114440918,6.583883285522461,14.09000015258789,5.46999979019165,5.03000020980835
2020-12-01,2.410900831222534,11.699649810791016,3.4800000190734863,6.77505350112915,14.149999618530273,5.570000171661377,5.269999980926514
2020-12-02,2.5267395973205566,12.144672393798828,3.619999885559082,6.9738688468933105,14.180000305175781,5.769999980926514,5.340000152587891
2020-12-03,2.48330020904541,11.979585647583008,3.569999933242798,6.859167575836182,14.420000076293945,5.789999961853027,5.130000114440918
2020-12-04,2.584658622741699,12.094426155090332,3.6600000858306885,6.943283557891846,14.050000190734863,5.840000152587891,5.289999961853027
2020-12-07,2.5267395973205566,11.893451690673828,3.640000104904175,6.843874454498291,14.130000114440918,5.849999904632568,5.25
2020-12-08,2.4253807067871094,11.606343269348145,3.630000114440918,6.667998790740967,13.800000190734863,5.659999847412109,5.159999847412109
2020-12-09,2.3819408416748047,11.62787914276123,3.5799999237060547,6.721525192260742,13.510000228881836,5.460000038146973,5.139999866485596
2020-12-10,2.4905402660369873,12.187735557556152,3.5899999141693115,7.1726861000061035,14.380000114440918,5.670000076293945,5.539999961853027
2020-12-11,2.3819408416748047,11.814496040344238,3.5799999237060547,6.874462604522705,14.229999542236328,5.800000190734863,5.449999809265137
2020-12-14,2.324021100997925,11.591984748840332,3.5299999713897705,6.736820697784424,14.149999618530273,5.639999866485596,5.389999866485596
2020-12-15,2.3674607276916504,11.929341316223145,3.5999999046325684,6.927988529205322,14.239999771118164,5.940000057220459,5.510000228881836
2020-12-16,2.3602211475372314,11.850383758544922,3.5899999141693115,6.912693977355957,14.390000343322754,5.829999923706055,5.480000019073486
2020-12-17,2.3457415103912354,11.721185684204102,3.7300000190734863,6.80564022064209,14.640000343322754,5.690000057220459,5.480000019073486
2020-12-18,2.3167808055877686,11.434080123901367,3.630000114440918,6.675644397735596,14.399999618530273,5.659999847412109,5.389999866485596
2020-12-21,2.24438214302063,11.08954906463623,3.619999885559082,6.476829528808594,13.720000267028809,5.53000020980835,5.190000057220459
2020-12-22,2.2878215312957764,10.989060401916504,3.609999895095825,6.4615349769592285,13.609999656677246,5.449999809265137,5.010000228881836
2020-12-23,2.2950615882873535,11.419724464416504,3.5999999046325684,6.64505672454834,13.380000114440918,5.449999809265137,5.039999961853027
2020-12-24,2.2733418941497803,11.175682067871094,3.559999942779541,6.637411594390869,13.279999732971191,5.260000228881836,4.940000057220459
2020-12-28,2.2878215312957764,11.125435829162598,3.809999942779541,6.629764556884766,13.1899995803833,5.340000152587891,4.909999847412109
2020-12-29,2.3891804218292236,11.670942306518555,4.239999771118164,6.9815168380737305,13.279999732971191,5.460000038146973,4.929999828338623
2020-12-30,2.3674607276916504,11.369479179382324,4.139999866485596,6.790348529815674,13.6899995803833,5.449999809265137,4.900000095367432
2020-12-31,2.324021100997925,11.175682067871094,4.239999771118164,6.683291912078857,13.779999732971191,5.199999809265137,4.699999809265137
2021-01-04,2.186462879180908,10.49380111694336,3.880000114440918,6.331540107727051,13.079999923706055,5.289999961853027,4.519999980926514
2021-01-05,2.164743185043335,10.443556785583496,3.5999999046325684,6.262718200683594,13.0,5.28000020980835,4.619999885559082
2021-01-06,2.157503128051758,10.608643531799316,3.7699999809265137,6.3544793128967285,12.979999542236328,5.349999904632568,4.650000095367432
2021-01-07,2.1430232524871826,10.651708602905273,3.759999990463257,6.36212682723999,13.420000076293945,5.449999809265137,4.78000020980835
2021-01-08,2.1502628326416016,10.536865234375,3.700000047683716,6.285658836364746,13.010000228881836,5.349999904632568,4.690000057220459
2021-01-11,2.048903226852417,10.16362476348877,3.5399999618530273,6.0715484619140625,12.619999885559082,5.309999942779541,4.420000076293945
2021-01-12,2.1719822883605957,10.307180404663086,3.559999942779541,6.201544284820557,12.680000305175781,5.349999904632568,4.179999828338623
2021-01-13,2.1719822883605957,10.149271011352539,3.5399999618530273,6.193897247314453,12.6899995803833,5.349999904632568,4.090000152587891
2021-01-14,2.2226624488830566,10.400487899780273,3.7200000286102295,6.3238935470581055,12.970000267028809,5.360000133514404,4.150000095367432
2021-01-15,2.1430232524871826,10.048781394958496,3.640000104904175,6.117430210113525,12.829999923706055,5.300000190734863,3.9600000381469727
2021-01-19,2.121303081512451,10.012893676757812,3.680000066757202,5.9492011070251465,13.0,5.380000114440918,3.940000057220459
2021-01-20,2.1719822883605957,10.242579460144043,3.6600000858306885,6.025668621063232,13.260000228881836,5.369999885559082,3.680000066757202
2021-01-21,2.0851030349731445,9.969828605651855,3.430000066757202,5.819204807281494,12.600000381469727,5.21999979019165,3.25
2021-01-22,2.034424066543579,9.589408874511719,3.5,5.719797611236572,12.390000343322754,5.159999847412109,3.490000009536743
2021-01-25,2.0054636001586914,9.603766441345215,3.630000114440918,5.643328666687012,12.569999694824219,5.210000038146973,3.450000047683716
2021-01-26,2.048903226852417,9.977005958557129,3.6500000953674316,5.9492011070251465,13.079999923706055,5.199999809265137,3.740000009536743
2021-01-27,2.099583148956299,9.87651538848877,3.630000114440918,5.895672798156738,13.199999809265137,5.21999979019165,4.050000190734863
2021-01-28,2.048903226852417,9.862159729003906,3.490000009536743,5.926259994506836,13.25,5.199999809265137,3.9800000190734863
2021-01-29,1.9475445747375488,9.560697555541992,3.390000104904175,5.704502582550049,12.609999656677246,5.019999980926514,3.6500000953674316
2021-02-01,2.0054636001586914,9.783208847045898,3.450000047683716,6.010374546051025,13.59000015258789,5.159999847412109,4.010000228881836
2021-02-02,2.0127036571502686,9.625296592712402,3.5299999713897705,5.9492011070251465,13.119999885559082,5.090000152587891,3.9100000858306885
2021-02-03,2.063383102416992,9.704252243041992,3.7799999713897705,5.9492011070251465,13.130000114440918,5.03000020980835,4.300000190734863
2021-02-04,2.0778634548187256,9.898052215576172,3.7200000286102295,6.132724761962891,13.4399995803833,5.090000152587891,4.300000190734863
2021-02-05,2.1502628326416016,10.264113426208496,3.619999885559082,6.3238935470581055,13.40999984741211,5.050000190734863,4.210000038146973
2021-02-08,2.1719822883605957,10.450735092163086,3.619999885559082,6.3544793128967285,13.619999885559082,5.010000228881836,4.510000228881836
2021-02-09,2.193702220916748,10.55839729309082,3.680000066757202,6.3238935470581055,13.640000343322754,5.0,4.679999828338623
2021-02-10,2.179222345352173,10.42919921875,3.7200000286102295,6.216836929321289,13.59000015258789,5.050000190734863,4.519999980926514
2021-02-11,2.2299020290374756,10.69477367401123,3.740000009536743,6.346833229064941,13.770000457763672,5.079999923706055,4.599999904632568
2021-02-12,2.186462879180908,10.644530296325684,3.7200000286102295,6.331540107727051,14.430000305175781,5.090000152587891,4.639999866485596
2021-02-16,2.2805817127227783,11.125435829162598,3.8399999141693115,6.568588733673096,15.039999961853027,5.309999942779541,4.739999771118164
2021-02-17,2.2081823348999023,11.154147148132324,3.9100000858306885,6.599176406860352,14.979999542236328,5.260000228881836,4.800000190734863
2021-02-18,2.237142324447632,11.010592460632324,3.9000000953674316,6.667998790740967,14.609999656677246,5.28000020980835,4.630000114440918
2021-02-19,2.266101598739624,10.945993423461914,3.9200000762939453,6.599176406860352,14.720000267028809,5.170000076293945,4.400000095367432
2021-02-22,2.106823205947876,10.21387004852295,4.0,6.140368461608887,14.470000267028809,5.099999904632568,4.110000133514404
2021-02-23,2.0851030349731445,10.10620403289795,3.9000000953674316,6.079195976257324,14.260000228881836,5.0,4.099999904632568
2021-02-24,2.121303081512451,10.436376571655273,3.930000066757202,6.239777088165283,14.350000381469727,5.019999980926514,4.460000038146973
2021-02-25,2.0561435222625732,9.89087200164795,3.819999933242798,5.849792957305908,13.420000076293945,4.829999923706055,4.28000020980835
2021-02-26,1.9620240926742554,9.732961654663086,3.930000066757202,5.6968560218811035,13.329999923706055,4.699999809265137,4.329999923706055
2021-03-01,1.9620240926742554,10.120558738708496,3.75,5.803912162780762,13.380000114440918,4.699999809265137,4.159999847412109
2021-03-02,1.9475445747375488,10.149271011352539,3.7200000286102295,5.865085124969482,13.270000457763672,4.570000171661377,3.9600000381469727
2021-03-03,1.9403043985366821,9.732961654663086,3.8299999237060547,5.566860675811768,13.270000457763672,4.460000038146973,3.990000009536743
2021-03-04,1.9692641496658325,9.668363571166992,3.5999999046325684,5.650976181030273,13.510000228881836,4.460000038146973,4.190000057220459
2021-03-05,1.9475445747375488,9.402788162231445,3.5199999809265137,5.444511413574219,13.670000076293945,4.480000019073486,4.25
2021-03-08,1.8389455080032349,9.130036354064941,3.390000104904175,5.452159404754639,13.279999732971191,4.420000076293945,3.950000047683716
2021-03-09,1.8534250259399414,9.244878768920898,3.450000047683716,5.498039722442627,13.300000190734863,4.349999904632568,4.079999923706055
2021-03-10,1.9982240200042725,9.984182357788086,3.4700000286102295,5.926259994506836,13.880000114440918,4.489999771118164,4.309999942779541
2021-03-11,2.0778634548187256,10.199514389038086,3.5,6.010374546051025,13.970000267028809,4.690000057220459,4.400000095367432
2021-03-12,2.0851030349731445,10.350245475769043,3.5199999809265137,6.0715484619140625,14.289999961853027,4.650000095367432,4.409999847412109
2021-03-15,2.2226624488830566,10.651708602905273,3.5799999237060547,6.285658836364746,14.6899995803833,4.710000038146973,4.510000228881836
2021-03-16,2.179222345352173,10.5009765625,3.509999990463257,6.117430210113525,14.579999923706055,4.75,4.389999866485596
2021-03-17,2.1140635013580322,10.623001098632812,3.5,6.170956134796143,14.6899995803833,4.75,4.559999942779541
2021-03-18,2.048903226852417,10.185159683227539,3.4000000953674316,5.964494228363037,14.479999542236328,4.570000171661377,4.349999904632568
2021-03-19,2.063383102416992,10.264113426208496,3.390000104904175,6.05625581741333,14.59000015258789,4.570000171661377,4.400000095367432
2021-03-22,2.0923430919647217,10.400487899780273,3.369999885559082,6.040962219238281,14.869999885559082,4.599999904632568,4.389999866485596
2021-03-23,2.099583148956299,10.457908630371094,3.430000066757202,6.025668621063232,14.579999923706055,4.539999961853027,4.199999809265137
2021-03-24,2.034424066543579,10.08466911315918,3.3499999046325684,5.849792957305908,14.609999656677246,4.570000171661377,4.099999904632568
2021-03-25,2.0054636001586914,9.76884937286377,3.4000000953674316,5.811558723449707,14.109999656677246,4.539999961853027,4.099999904632568
2021-03-26,1.9620240926742554,9.819097518920898,3.5,5.849792957305908,14.100000381469727,4.610000133514404,4.119999885559082
2021-03-29,1.9765040874481201,9.819097518920898,3.5899999141693115,5.803912162780762,14.520000457763672,4.78000020980835,4.090000152587891
2021-03-30,1.9909837245941162,9.625296592712402,3.5899999141693115,5.888025760650635,14.779999732971191,4.809999942779541,4.119999885559082
2021-03-31,1.9765040874481201,9.582229614257812,3.5799999237060547,5.819204807281494,14.84000015258789,4.829999923706055,4.110000133514404
2021-04-01,1.9837439060211182,9.460211753845215,3.5399999618530273,5.803912162780762,14.989999771118164,4.869999885559082,4.239999771118164
2021-04-05,1.9475445747375488,9.453033447265625,3.569999933242798,5.865085124969482,14.859999656677246,4.849999904632568,4.150000095367432
2021-04-06,2.0199437141418457,9.74731731414795,3.640000104904175,5.964494228363037,15.0,4.789999961853027,4.380000114440918
2021-04-07,1.9620240926742554,9.510452270507812,3.5199999809265137,5.941553592681885,14.6899995803833,4.619999885559082,4.289999961853027
2021-04-08,2.0054636001586914,9.531986236572266,3.6700000762939453,5.888025760650635,14.609999656677246,4.730000019073486,4.179999828338623
2021-04-09,1.9547840356826782,9.388431549072266,3.690000057220459,5.742737293243408,14.420000076293945,4.610000133514404,4.019999980926514
2021-04-12,1.9113450050354004,9.094148635864258,3.6500000953674316,5.597448348999023,14.699999809265137,4.53000020980835,3.9200000762939453
2021-04-13,1.8679053783416748,9.180279731750488,3.6700000762939453,5.574508190155029,14.1899995803833,4.369999885559082,3.930000066757202
2021-04-14,1.8896249532699585,9.165925025939941,3.5999999046325684,5.6127424240112305,14.15999984741211,4.300000190734863,3.940000057220459
2021-04-15,1.8461854457855225,8.99366283416748,3.559999942779541,5.5056867599487305,14.170000076293945,4.320000171661377,3.8399999141693115
2021-04-16,1.9185848236083984,9.331012725830078,3.5999999046325684,5.635682106018066,14.5600004196167,4.400000095367432,3.9600000381469727
2021-04-19,1.9185848236083984,9.323833465576172,3.559999942779541,5.673916339874268,14.600000381469727,4.579999923706055,3.9200000762939453
2021-04-20,1.8896249532699585,9.043903350830078,3.5899999141693115,5.498039722442627,14.300000190734863,4.389999866485596,3.799999952316284
2021-04-21,1.9041050672531128,9.130036354064941,3.6700000762939453,5.528627872467041,14.229999542236328,4.460000038146973,3.859999895095825
2021-04-22,1.8461854457855225,9.015193939208984,3.640000104904175,5.498039722442627,14.180000305175781,4.449999809265137,3.759999990463257
2021-04-23,1.8461854457855225,9.000838279724121,3.5999999046325684,5.5056867599487305,13.850000381469727,4.429999828338623,3.75
2021-04-26,1.860665202140808,9.216167449951172,3.5999999046325684,5.6662702560424805,13.40999984741211,4.369999885559082,3.7799999713897705
2021-04-27,1.9475445747375488,9.962650299072266,3.5999999046325684,5.9033203125,13.449999809265137,4.440000057220459,3.880000114440918
2021-04-28,1.9692641496658325,9.933937072753906,3.5299999713897705,5.956847667694092,13.619999885559082,4.599999904632568,4.0
2021-04-29,1.9547840356826782,9.833453178405762,3.559999942779541,5.834498405456543,13.619999885559082,4.599999904632568,3.990000009536743
2021-04-30,1.8968645334243774,9.596588134765625,3.700000047683716,5.727443218231201,13.420000076293945,4.539999961853027,3.7799999713897705
2021-05-03,1.8389455080032349,9.488923072814941,3.5399999618530273,5.597448348999023,13.359999656677246,4.489999771118164,3.759999990463257
2021-05-04,1.8461854457855225,9.273591041564941,3.569999933242798,5.536273002624512,13.350000381469727,4.389999866485596,3.680000066757202
2021-05-05,1.8389455080032349,9.287944793701172,3.5199999809265137,5.566860675811768,13.640000343322754,4.369999885559082,3.7899999618530273
2021-05-06,1.9041050672531128,9.345367431640625,3.5299999713897705,5.704502582550049,13.550000190734863,4.320000171661377,3.7699999809265137
2021-05-07,2.0199437141418457,10.21387004852295,3.5299999713897705,6.033315181732178,14.3100004196167,4.519999980926514,3.990000009536743
2021-05-10,2.0923430919647217,10.091845512390137,3.5199999809265137,6.0715484619140625,14.369999885559082,4.519999980926514,4.070000171661377
2021-05-11,2.063383102416992,9.840629577636719,3.559999942779541,6.00272798538208,14.279999732971191,4.460000038146973,3.9000000953674316
2021-05-12,2.0054636001586914,9.689895629882812,3.509999990463257,5.880379676818848,14.039999961853027,4.590000152587891,4.150000095367432
2021-05-13,2.0706229209899902,10.256936073303223,3.5199999809265137,6.086841106414795,14.899999618530273,4.71999979019165,4.199999809265137
2021-05-14,2.186462879180908,10.981884002685547,3.569999933242798,6.421401500701904,15.670000076293945,4.690000057220459,4.46999979019165
2021-05-17,2.266101598739624,11.319236755371094,3.549999952316284,6.5987043380737305,15.050000190734863,4.860000133514404,4.690000057220459
2021-05-18,2.2226624488830566,11.146970748901367,3.4600000381469727,6.490781784057617,14.970000267028809,4.789999961853027,4.690000057220459
2021-05-19,2.2009427547454834,11.08954906463623,3.440000057220459,6.429113388061523,14.670000076293945,4.710000038146973,4.550000190734863
2021-05-20,2.2878215312957764,11.312055587768555,3.440000057220459,6.590996265411377,14.930000305175781,4.690000057220459,4.579999923706055
2021-05-21,2.251622200012207,10.86704158782959,3.490000009536743,6.344316005706787,14.670000076293945,4.610000133514404,4.5
2021-05-24,2.2081823348999023,10.666062355041504,3.5,6.267226696014404,14.569999694824219,4.539999961853027,4.630000114440918
2021-05-25,2.1357827186584473,10.465087890625,3.609999895095825,6.244101047515869,14.390000343322754,4.369999885559082,4.510000228881836
2021-05-26,2.186462879180908,10.895750045776367,3.700000047683716,6.405984878540039,14.609999656677246,4.409999847412109,4.519999980926514
2021-05-27,2.2733418941497803,10.974705696105957,3.7699999809265137,6.606413841247559,14.649999618530273,4.489999771118164,4.559999942779541
2021-05-28,2.4398603439331055,11.764251708984375,3.8399999141693115,6.845386028289795,15.289999961853027,4.610000133514404,4.699999809265137
2021-06-01,2.541219711303711,11.828851699829102,3.7899999618530273,7.022686958312988,16.100000381469727,4.949999809265137,4.880000114440918
2021-06-02,2.693258285522461,11.993940353393555,3.950000047683716,6.99185037612915,16.530000686645508,5.03000020980835,4.949999809265137
2021-06-03,2.7077383995056152,12.395891189575195,4.159999847412109,7.223116397857666,16.739999771118164,5.309999942779541,5.150000095367432
2021-06-04,2.765657663345337,12.647110939025879,4.300000190734863,7.654806613922119,16.940000534057617,5.389999866485596,5.400000095367432
2021-06-07,2.852536678314209,12.998815536499023,4.800000190734863,7.87065315246582,17.479999542236328,5.5,5.659999847412109
2021-06-08,2.780137777328491,12.704534530639648,5.099999904632568,7.531463146209717,17.420000076293945,5.320000171661377,5.510000228881836
2021-06-09,2.982855796813965,13.142372131347656,5.46999979019165,7.87065315246582,17.420000076293945,5.710000038146973,5.550000190734863
2021-06-10,2.982855796813965,13.171082496643066,5.010000228881836,8.009408950805664,17.40999984741211,5.650000095367432,5.71999979019165
2021-06-11,2.8163375854492188,12.647110939025879,5.0,7.639388561248779,16.770000457763672,5.389999866485596,5.380000114440918
2021-06-14,2.8742568492889404,12.675822257995605,5.210000038146973,7.785854816436768,17.040000915527344,5.389999866485596,5.460000038146973
2021-06-15,2.838057279586792,12.718887329101562,5.139999866485596,7.762726783752441,17.06999969482422,5.380000114440918,5.429999828338623
2021-06-16,2.8452975749969482,12.905508041381836,5.179999828338623,7.878359794616699,16.989999771118164,5.309999942779541,5.5
2021-06-17,2.7584176063537598,12.489198684692383,4.980000019073486,7.639388561248779,16.889999389648438,5.110000133514404,5.139999866485596
2021-06-18,2.7584176063537598,12.245158195495605,4.820000171661377,7.454377174377441,16.600000381469727,5.170000076293945,5.050000190734863
2021-06-21,2.6353390216827393,11.828851699829102,4.659999847412109,7.284785747528076,16.59000015258789,5.059999942779541,5.039999961853027
2021-06-22,2.693258285522461,12.137493133544922,4.880000114440918,7.508338451385498,16.8799991607666,5.090000152587891,5.210000038146973
2021-06-23,2.6642987728118896,11.785783767700195,5.070000171661377,7.384998321533203,16.469999313354492,5.179999828338623,5.050000190734863
2021-06-24,2.6136186122894287,11.757073402404785,5.110000133514404,7.3541646003723145,16.399999618530273,5.230000019073486,5.21999979019165
2021-06-25,2.5122597217559814,11.333590507507324,4.760000228881836,7.092066287994385,15.449999809265137,4.96999979019165,4.889999866485596
2021-06-28,2.4905402660369873,11.261812210083008,4.960000038146973,7.0612311363220215,15.199999809265137,4.869999885559082,4.690000057220459
2021-06-29,2.403660297393799,10.953174591064453,4.579999923706055,6.783716201782227,15.0,4.71999979019165,4.550000190734863
2021-06-30,2.3529813289642334,10.788084030151367,4.849999904632568,6.644956588745117,15.170000076293945,4.630000114440918,4.679999828338623
2021-07-01,2.3095414638519287,10.615821838378906,4.630000114440918,6.552452087402344,14.890000343322754,4.559999942779541,4.590000152587891
2021-07-02,2.331261396408081,10.766552925109863,4.559999942779541,6.575577735900879,15.119999885559082,4.579999923706055,4.53000020980835
2021-07-06,2.2805817127227783,10.42919921875,4.400000095367432,6.405984878540039,15.130000114440918,4.610000133514404,4.340000152587891
2021-07-07,2.266101598739624,10.27129077911377,4.369999885559082,6.3982768058776855,15.399999618530273,4.53000020980835,4.329999923706055
2021-07-08,2.2081823348999023,10.048781394958496,4.239999771118164,6.267226696014404,15.630000114440918,4.5,4.21999979019165
2021-07-09,2.258862018585205,10.264113426208496,4.360000133514404,6.321188926696777,15.880000114440918,4.630000114440918,4.320000171661377
2021-07-12,2.403660297393799,10.701952934265137,4.460000038146973,6.6141228675842285,16.329999923706055,4.809999942779541,4.53000020980835
2021-07-13,2.396420955657959,10.69477367401123,4.460000038146973,6.552452087402344,16.399999618530273,4.730000019073486,4.550000190734863
2021-07-14,2.3674607276916504,10.658884048461914,4.429999828338623,6.583287239074707,15.770000457763672,4.610000133514404,4.5
2021-07-15,2.3457415103912354,10.371779441833496,4.380000114440918,6.436820030212402,15.550000190734863,4.550000190734863,4.340000152587891
2021-07-16,2.2733418941497803,10.120558738708496,4.369999885559082,6.305772304534912,15.720000267028809,4.429999828338623,4.21999979019165
2021-07-19,2.2009427547454834,9.998537063598633,4.230000019073486,6.120760440826416,15.460000038146973,4.369999885559082,4.099999904632568
2021-07-20,2.186462879180908,9.88369369506836,4.210000038146973,6.190139293670654,16.239999771118164,4.489999771118164,4.150000095367432
2021-07-21,2.2878215312957764,10.443556785583496,4.420000076293945,6.45994758605957,16.309999465942383,4.559999942779541,4.389999866485596
2021-07-22,2.2009427547454834,10.09902572631836,4.329999923706055,6.259517669677734,16.540000915527344,4.449999809265137,4.320000171661377
2021-07-23,2.179222345352173,9.804740905761719,4.349999904632568,6.143886566162109,16.100000381469727,4.420000076293945,4.239999771118164
2021-07-26,2.2154223918914795,9.955473899841309,4.260000228881836,6.282644271850586,16.3799991607666,4.510000228881836,4.360000133514404
2021-07-27,2.258862018585205,9.948296546936035,4.320000171661377,6.236393451690674,16.610000610351562,4.519999980926514,4.21999979019165
2021-07-28,2.266101598739624,10.10620403289795,4.360000133514404,6.3674421310424805,16.649999618530273,4.480000019073486,4.329999923706055
2021-07-29,2.266101598739624,10.091845512390137,4.420000076293945,6.228684902191162,16.6200008392334,4.46999979019165,4.380000114440918
2021-07-30,2.2154223918914795,9.689895629882812,4.460000038146973,6.020547866821289,15.510000228881836,4.400000095367432,4.360000133514404
2021-08-02,2.179222345352173,9.618119239807129,4.46999979019165,6.005129814147949,15.5,4.389999866485596,4.269999980926514
2021-08-03,2.24438214302063,9.869339942932129,4.489999771118164,6.182432651519775,15.5,4.539999961853027,4.289999961853027
2021-08-04,2.193702220916748,9.697076797485352,4.460000038146973,6.136178016662598,15.25,4.449999809265137,4.190000057220459
2021-08-05,2.2299020290374756,9.898052215576172,4.579999923706055,6.244101047515869,15.479999542236328,4.639999866485596,4.389999866485596
2021-08-06,2.24438214302063,9.948296546936035,4.550000190734863,6.328897953033447,15.5,4.760000228881836,4.429999828338623
2021-08-09,2.258862018585205,10.027251243591309,4.53000020980835,6.321188926696777,15.449999809265137,4.639999866485596,4.480000019073486
2021-08-10,2.3891804218292236,10.52968978881836,4.650000095367432,6.590996265411377,15.800000190734863,4.78000020980835,4.739999771118164
2021-08-11,2.3747010231018066,10.666062355041504,4.630000114440918,6.71433687210083,15.699999809265137,4.739999771118164,5.099999904632568
2021-08-12,2.3747010231018066,10.666062355041504,4.630000114440918,6.71433687210083,16.239999771118164,4.849999904632568,5.039999961853027
2021-08-13,2.338501453399658,10.414843559265137,4.610000133514404,6.537034034729004,16.600000381469727,4.71999979019165,4.869999885559082
2021-08-16,2.331261396408081,10.21387004852295,4.800000190734863,6.4445295333862305,16.170000076293945,4.639999866485596,4.800000190734863
2021-08-17,2.338501453399658,10.19233512878418,4.760000228881836,6.413694381713867,15.819999694824219,4.630000114440918,4.769999980926514
2021-08-18,2.324021100997925,10.149271011352539,4.739999771118164,6.313480377197266,15.399999618530273,4.550000190734863,4.599999904632568
2021-08-19,2.2733418941497803,10.264113426208496,4.800000190734863,6.3982768058776855,15.210000038146973,4.659999847412109,4.400000095367432
2021-08-20,2.3674607276916504,10.479446411132812,4.400000095367432,6.590996265411377,15.520000457763672,4.619999885559082,4.409999847412109
2021-08-23,2.468820571899414,11.068014144897461,4.800000190734863,6.9070563316345215,15.9399995803833,4.829999923706055,4.570000171661377
2021-08-24,2.693258285522461,12.087249755859375,5.300000190734863,7.508338451385498,17.15999984741211,5.03000020980835,4.840000152587891
2021-08-25,2.8163375854492188,12.489198684692383,5.679999828338623,7.801272869110107,17.020000457763672,5.159999847412109,5.0
2021-08-26,2.8452975749969482,12.266691207885742,6.130000114440918,7.747312068939209,16.850000381469727,5.21999979019165,4.909999847412109
2021-08-27,2.9900965690612793,12.66864013671875,6.150000095367432,7.8860673904418945,17.489999771118164,5.190000057220459,5.070000171661377
2021-08-30,3.214534044265747,13.716591835021973,7.449999809265137,8.464225769042969,18.469999313354492,5.570000171661377,5.199999809265137
2021-08-31,3.149374485015869,13.422303199768066,7.239999771118164,8.310050964355469,18.209999084472656,5.340000152587891,5.210000038146973
2021-09-01,3.055255651473999,13.20697021484375,7.300000190734863,8.1327486038208,17.389999389648438,5.320000171661377,5.039999961853027
2021-09-02,3.0407752990722656,12.883976936340332,7.519999980926514,7.986283302307129,17.239999771118164,5.21999979019165,5.050000190734863
2021-09-03,3.0262956619262695,12.75477409362793,7.199999809265137,7.924612045288086,16.989999771118164,5.079999923706055,4.940000057220459
2021-09-07,3.2362537384033203,13.630455017089844,7.360000133514404,8.602983474731445,18.290000915527344,5.269999980926514,5.320000171661377
2021-09-08,3.134895086288452,13.321813583374023,6.949999809265137,8.541313171386719,17.40999984741211,5.230000019073486,5.199999809265137
2021-09-09,3.055255651473999,13.30027961730957,6.539999961853027,8.340886116027832,17.0,5.070000171661377,5.260000228881836
2021-09-10,3.0190556049346924,13.128018379211426,6.429999828338623,8.140458106994629,16.649999618530273,5.0,5.150000095367432
2021-09-13,3.243494987487793,14.161604881286621,7.269999980926514,8.895916938781738,18.459999084472656,5.519999980926514,5.420000076293945
2021-09-14,3.0914556980133057,14.283625602722168,6.840000152587891,8.664653778076172,17.989999771118164,5.329999923706055,5.349999904632568
2021-09-15,3.1059350967407227,13.946274757385254,6.46999979019165,8.495061874389648,17.780000686645508,5.309999942779541,5.349999904632568
2021-09-16,3.0842158794403076,13.953449249267578,6.909999847412109,8.533602714538574,18.299999237060547,5.28000020980835,5.349999904632568
2021-09-17,3.055255651473999,14.118535995483398,6.800000190734863,8.464225769042969,17.649999618530273,5.170000076293945,5.179999828338623
2021-09-20,2.678778886795044,12.42459774017334,6.5,7.577717304229736,16.610000610351562,4.78000020980835,4.860000133514404
2021-09-21,2.620858907699585,12.123139381408691,6.510000228881836,7.408125400543213,16.700000762939453,4.769999980926514,4.699999809265137
2021-09-22,2.693258285522461,12.166205406188965,6.650000095367432,7.477504730224609,16.889999389648438,4.889999866485596,4.659999847412109
2021-09-23,2.678778886795044,12.022648811340332,6.389999866485596,7.392707347869873,16.709999084472656,4.710000038146973,4.630000114440918
2021-09-24,2.628098964691162,11.541741371154785,6.130000114440918,7.230823040008545,16.350000381469727,4.670000076293945,4.53000020980835
2021-09-27,2.7294580936431885,11.958049774169922,6.900000095367432,7.469793319702148,16.56999969482422,4.670000076293945,4.550000190734863
2021-09-28,2.693258285522461,11.886272430419922,6.579999923706055,7.400414943695068,16.6299991607666,4.739999771118164,4.579999923706055
2021-09-29,2.7439379692077637,12.094426155090332,6.760000228881836,7.523756980895996,17.450000762939453,4.920000076293945,4.53000020980835
2021-09-30,2.8163375854492188,12.194913864135742,6.739999771118164,7.762726783752441,17.469999313354492,4.929999828338623,4.659999847412109
2021-10-01,2.7946178913116455,12.431777000427246,6.710000038146973,7.893777370452881,17.440000534057617,5.03000020980835,4.670000076293945
2021-10-04,2.7439379692077637,12.051362037658691,6.539999961853027,7.824397087097168,18.059999465942383,5.25,4.71999979019165
2021-10-05,2.8090970516204834,12.252335548400879,6.590000152587891,7.947740077972412,18.260000228881836,5.150000095367432,4.900000095367432
2021-10-06,2.8090970516204834,12.194913864135742,6.78000020980835,7.8860673904418945,17.770000457763672,5.090000152587891,4.809999942779541
2021-10-07,2.751178026199341,11.936515808105469,6.710000038146973,7.8860673904418945,18.040000915527344,5.150000095367432,4.800000190734863
2021-10-08,2.751178026199341,11.879096984863281,6.849999904632568,7.901485919952393,18.149999618530273,5.119999885559082,4.820000171661377
2021-10-11,2.7222180366516113,11.857562065124512,7.5,7.947740077972412,19.93000030517578,5.369999885559082,4.769999980926514
2021-10-12,2.7222180366516113,11.742720603942871,6.789999961853027,7.978573799133301,19.600000381469727,5.380000114440918,4.590000152587891
2021-10-13,2.7222180366516113,11.864741325378418,6.829999923706055,7.932321548461914,19.610000610351562,5.360000133514404,4.610000133514404
2021-10-14,2.7294580936431885,12.044182777404785,6.78000020980835,7.955446720123291,19.790000915527344,5.409999847412109,4.539999961853027
2021-10-15,2.8018572330474854,12.410245895385742,6.710000038146973,8.279213905334473,19.56999969482422,5.429999828338623,4.579999923706055
2021-10-18,2.8163375854492188,12.288226127624512,6.989999771118164,8.302343368530273,19.709999084472656,5.539999961853027,4.53000020980835
2021-10-19,2.852536678314209,12.273870468139648,6.630000114440918,8.41797161102295,20.469999313354492,5.690000057220459,4.519999980926514
2021-10-20,3.1059350967407227,13.171082496643066,7.059999942779541,9.02696704864502,20.889999389648438,5.940000057220459,4.739999771118164
2021-10-21,3.004575729370117,12.934220314025879,7.170000076293945,8.787995338439941,20.600000381469727,5.900000095367432,4.590000152587891
2021-10-22,2.9900965690612793,12.654288291931152,7.239999771118164,8.795702934265137,20.110000610351562,5.789999961853027,4.46999979019165
2021-10-25,3.1566145420074463,13.10648250579834,7.610000133514404,9.173433303833008,20.440000534057617,6.03000020980835,4.659999847412109
2021-10-26,3.127655029296875,12.711708068847656,7.5,9.011549949645996,20.049999237060547,5.929999828338623,4.639999866485596
2021-10-27,2.924936532974243,11.986763954162598,7.369999885559082,8.48735237121582,19.09000015258789,5.710000038146973,4.489999771118164
2021-10-28,2.917696475982666,11.929341316223145,7.03000020980835,8.595274925231934,18.93000030517578,5.519999980926514,4.389999866485596
2021-10-29,2.751178026199341,11.290522575378418,6.690000057220459,8.194419860839844,18.329999923706055,5.309999942779541,4.199999809265137
2021-11-01,2.765657663345337,11.391010284423828,6.449999809265137,8.34859561920166,18.1200008392334,5.349999904632568,4.349999904632568
2021-11-02,2.7873778343200684,11.491501808166504,6.489999771118164,8.587566375732422,17.90999984741211,5.309999942779541,4.170000076293945
2021-11-03,2.8959760665893555,12.044182777404785,7.199999809265137,9.057801246643066,18.200000762939453,5.380000114440918,4.28000020980835
2021-11-04,2.7946178913116455,11.620698928833008,6.670000076293945,8.741742134094238,17.6200008392334,5.090000152587891,4.110000133514404
2021-11-05,2.7294580936431885,11.577630996704102,6.46999979019165,8.795702934265137,18.100000381469727,5.210000038146973,4.190000057220459
2021-11-08,2.830817461013794,12.058536529541016,6.650000095367432,9.165724754333496,18.989999771118164,5.420000076293945,4.340000152587891
2021-11-09,2.910456657409668,12.230804443359375,6.21999979019165,9.312190055847168,18.770000457763672,5.480000019073486,4.559999942779541
2021-11-10,2.9466564655303955,12.345646858215332,6.190000057220459,9.358443260192871,18.850000381469727,5.5,4.400000095367432
2021-11-11,2.910456657409668,12.568157196044922,5.800000190734863,9.158015251159668,19.09000015258789,5.710000038146973,4.300000190734863
2021-11-12,2.8887367248535156,12.316936492919922,6.0,8.880499839782715,18.540000915527344,5.389999866485596,4.300000190734863
2021-11-15,2.7946178913116455,12.245158195495605,5.809999942779541,8.780285835266113,18.350000381469727,5.380000114440918,4.25
2021-11-16,2.6063787937164307,11.247456550598145,5.710000038146973,8.094204902648926,17.739999771118164,5.309999942779541,4.019999980926514
2021-11-17,2.468820571899414,10.945993423461914,5.650000095367432,7.755022048950195,17.760000228881836,5.179999828338623,3.9700000286102295
2021-11-18,2.48330020904541,11.168501853942871,5.639999866485596,7.855230808258057,18.350000381469727,5.150000095367432,4.099999904632568
2021-11-19,2.3167808055877686,10.594286918640137,5.369999885559082,7.384998321533203,17.75,4.840000152587891,3.869999885559082
2021-11-22,2.2009427547454834,10.120558738708496,5.579999923706055,7.053521156311035,17.3799991607666,4.690000057220459,3.759999990463257
2021-11-23,2.2226624488830566,10.17080307006836,5.570000171661377,7.13831901550293,17.75,4.710000038146973,3.7799999713897705
2021-11-24,2.1285431385040283,9.898052215576172,5.550000190734863,7.045812606811523,17.440000534057617,4.550000190734863,3.6500000953674316
2021-11-26,2.0851030349731445,9.740141868591309,5.599999904632568,7.053521156311035,16.799999237060547,4.329999923706055,3.430000066757202
2021-11-29,2.041663646697998,9.510452270507812,5.840000152587891,6.776004791259766,16.739999771118164,4.210000038146973,3.390000104904175
2021-11-30,2.1502628326416016,9.52480697631836,5.920000076293945,6.69120979309082,16.520000457763672,4.050000190734863,3.5799999237060547
2021-12-01,2.2226624488830566,10.264113426208496,5.550000190734863,7.269368648529053,17.770000457763672,4.360000133514404,3.6700000762939453
2021-12-02,2.4326202869415283,10.49380111694336,5.789999961853027,7.3464555740356445,18.739999771118164,4.590000152587891,3.9600000381469727
2021-12-03,2.237142324447632,10.142091751098633,5.400000095367432,7.068940162658691,18.479999542236328,4.519999980926514,3.819999933242798
2021-12-06,2.2950615882873535,10.256936073303223,5.619999885559082,7.238531589508057,18.81999969482422,4.519999980926514,3.990000009536743
2021-12-07,2.3095414638519287,10.407666206359863,5.809999942779541,7.4235429763793945,19.040000915527344,4.699999809265137,4.190000057220459
2021-12-08,2.338501453399658,10.49380111694336,5.53000020980835,7.485213756561279,19.0,4.699999809265137,4.170000076293945
2021-12-09,2.2805817127227783,10.414843559265137,5.800000190734863,7.523756980895996,18.90999984741211,4.670000076293945,4.070000171661377
2021-12-10,2.251622200012207,10.199514389038086,5.489999771118164,7.377291202545166,18.600000381469727,4.639999866485596,3.990000009536743
2021-12-13,2.1430232524871826,9.790387153625488,5.309999942779541,7.01497745513916,18.06999969482422,4.480000019073486,3.880000114440918
2021-12-14,2.157503128051758,10.077492713928223,5.239999771118164,7.192279815673828,17.950000762939453,4.340000152587891,3.809999942779541
2021-12-15,2.2081823348999023,10.335888862609863,5.210000038146973,7.323328495025635,18.239999771118164,4.360000133514404,3.819999933242798
2021-12-16,2.2733418941497803,10.60146427154541,5.190000057220459,7.516046524047852,18.93000030517578,4.5,3.9100000858306885
2021-12-17,2.2009427547454834,10.292824745178223,5.210000038146973,7.246241092681885,18.739999771118164,4.570000171661377,3.809999942779541
2021-12-20,2.2299020290374756,10.17080307006836,5.010000228881836,7.284785747528076,19.010000228881836,4.409999847412109,3.75
2021-12-21,2.2154223918914795,10.27129077911377,4.900000095367432,7.3156208992004395,19.639999389648438,4.510000228881836,3.8399999141693115
2021-12-22,2.258862018585205,10.278468132019043,4.840000152587891,7.3541646003723145,19.639999389648438,4.46999979019165,3.890000104904175
2021-12-23,2.3167808055877686,10.443556785583496,5.25,7.469793319702148,19.729999542236328,4.510000228881836,3.9200000762939453
2021-12-27,2.3891804218292236,10.874218940734863,5.199999809265137,7.824397087097168,20.0,4.599999904632568,4.070000171661377
2021-12-28,2.3095414638519287,10.393315315246582,5.230000019073486,7.408125400543213,20.6299991607666,4.650000095367432,4.070000171661377
2021-12-29,2.3747010231018066,10.307180404663086,5.070000171661377,7.593136310577393,20.459999084472656,4.53000020980835,3.990000009536743
2021-12-30,2.331261396408081,10.278468132019043,5.400000095367432,7.508338451385498,20.8799991607666,4.440000057220459,3.9100000858306885
2021-12-31,2.2805817127227783,10.063138008117676,5.300000190734863,7.3156208992004395,21.110000610351562,4.440000057220459,3.819999933242798
2022-01-03,2.3095414638519287,10.242579460144043,5.639999866485596,7.477504730224609,20.049999237060547,4.5,4.039999961853027
2022-01-04,2.251622200012207,10.077492713928223,5.460000038146973,7.4235429763793945,19.979999542236328,4.409999847412109,4.159999847412109
2022-01-05,2.1502628326416016,9.632475852966309,5.360000133514404,7.07664680480957,18.959999084472656,4.309999942779541,3.990000009536743
2022-01-06,2.2009427547454834,9.740141868591309,5.110000133514404,7.146026134490967,18.75,4.239999771118164,3.950000047683716
2022-01-07,2.258862018585205,10.041605949401855,5.079999923706055,7.230823040008545,19.15999984741211,4.409999847412109,4.03000020980835
2022-01-10,2.237142324447632,9.898052215576172,4.900000095367432,7.146026134490967,18.670000076293945,4.579999923706055,3.9100000858306885
2022-01-11,2.2878215312957764,10.09902572631836,5.150000095367432,7.331036567687988,18.889999389648438,4.699999809265137,4.090000152587891
2022-01-12,2.324021100997925,10.221046447753906,5.099999904632568,7.377291202545166,19.68000030517578,4.869999885559082,4.150000095367432
2022-01-13,2.324021100997925,10.371779441833496,4.920000076293945,7.3387451171875,19.459999084472656,4.739999771118164,4.199999809265137
2022-01-14,2.3819408416748047,10.536865234375,5.079999923706055,7.3156208992004395,19.479999542236328,4.699999809265137,4.360000133514404
2022-01-18,2.237142324447632,10.020071983337402,5.0,6.86851167678833,18.440000534057617,4.590000152587891,4.170000076293945
2022-01-19,2.237142324447632,10.134915351867676,4.869999885559082,6.937891006469727,18.709999084472656,4.559999942779541,4.090000152587891
2022-01-20,2.2154223918914795,10.012893676757812,4.880000114440918,6.822258949279785,18.469999313354492,4.429999828338623,3.9800000190734863
2022-01-21,2.1285431385040283,9.488923072814941,5.010000228881836,6.498491287231445,18.579999923706055,4.340000152587891,3.8299999237060547
2022-01-24,2.0561435222625732,8.907527923583984,4.78000020980835,6.3674421310424805,18.6299991607666,4.400000095367432,3.7699999809265137
2022-01-25,2.1285431385040283,9.194635391235352,4.800000190734863,6.5987043380737305,19.1299991607666,4.460000038146973,3.930000066757202
2022-01-26,2.1285431385040283,9.295124053955078,4.71999979019165,6.698917388916016,19.079999923706055,4.510000228881836,3.950000047683716
2022-01-27,2.121303081512451,9.187458038330078,4.619999885559082,6.69120979309082,18.850000381469727,4.550000190734863,3.9700000286102295
2022-01-28,2.3457415103912354,10.020071983337402,4.710000038146973,7.3464555740356445,19.440000534057617,4.710000038146973,4.25
2022-01-31,2.454340934753418,10.357423782348633,5.699999809265137,7.462086200714111,19.8799991607666,4.920000076293945,4.320000171661377
2022-02-01,2.410900831222534,10.264113426208496,5.989999771118164,7.462086200714111,20.280000686645508,4.96999979019165,4.369999885559082
2022-02-02,2.3457415103912354,10.21387004852295,5.809999942779541,7.392707347869873,20.020000457763672,4.840000152587891,4.309999942779541
2022-02-03,2.331261396408081,9.998537063598633,6.03000020980835,7.169154644012451,19.440000534057617,4.690000057220459,4.159999847412109
2022-02-04,2.324021100997925,9.919584274291992,6.070000171661377,7.169154644012451,19.229999542236328,4.710000038146973,4.099999904632568
2022-02-07,2.3167808055877686,9.998537063598633,6.079999923706055,7.223116397857666,18.940000534057617,4.760000228881836,4.130000114440918
2022-02-08,2.3023016452789307,9.955473899841309,5.940000057220459,7.199988842010498,18.940000534057617,4.699999809265137,4.050000190734863
2022-02-09,2.266101598739624,9.854984283447266,6.099999904632568,7.153735160827637,19.170000076293945,4.650000095367432,4.070000171661377
2022-02-10,2.237142324447632,9.826273918151855,5.900000095367432,7.115191459655762,19.010000228881836,4.650000095367432,4.110000133514404
2022-02-11,2.3023016452789307,9.87651538848877,5.690000057220459,6.9610161781311035,20.309999465942383,4.860000133514404,4.190000057220459
2022-02-14,2.2733418941497803,9.725786209106445,5.949999809265137,6.937891006469727,19.889999389648438,4.869999885559082,4.090000152587891
2022-02-15,2.3095414638519287,9.898052215576172,6.150000095367432,7.068940162658691,19.899999618530273,4.929999828338623,4.139999866485596
2022-02-16,2.48330020904541,10.371779441833496,6.199999809265137,7.492921352386475,20.399999618530273,5.25,4.389999866485596
2022-02-17,2.4471006393432617,10.08466911315918,6.130000114440918,7.269368648529053,20.579999923706055,5.179999828338623,4.320000171661377
2022-02-18,2.541219711303711,10.357423782348633,6.090000152587891,7.462086200714111,20.299999237060547,5.260000228881836,4.289999961853027
2022-02-22,2.5991389751434326,10.967527389526367,6.659999847412109,7.855230808258057,21.079999923706055,5.420000076293945,4.460000038146973
2022-02-23,2.6063787937164307,10.99623966217041,7.429999828338623,7.801272869110107,21.079999923706055,5.860000133514404,4.440000057220459
2022-02-24,2.4615800380706787,10.766552925109863,6.820000171661377,7.68563985824585,20.989999771118164,5.75,4.309999942779541
2022-02-25,2.5050203800201416,10.69477367401123,6.789999961853027,7.6239705085754395,21.600000381469727,5.75,4.380000114440918
2022-02-28,2.338501453399658,10.357423782348633,6.570000171661377,7.300203323364258,20.950000762939453,5.599999904632568,4.199999809265137
2022-03-01,2.2733418941497803,10.300002098083496,6.409999847412109,7.43895959854126,23.190000534057617,5.619999885559082,4.349999904632568
2022-03-02,2.3819408416748047,10.687596321105957,6.900000095367432,7.6239705085754395,23.559999465942383,5.880000114440918,4.679999828338623
2022-03-03,2.3747010231018066,10.845507621765137,6.840000152587891,7.701058387756348,24.100000381469727,6.210000038146973,4.550000190734863
2022-03-04,2.193702220916748,10.407666206359863,6.880000114440918,7.392707347869873,23.93000030517578,6.380000114440918,4.340000152587891
2022-03-07,2.1285431385040283,10.235401153564453,6.760000228881836,7.022686958312988,23.40999984741211,6.449999809265137,4.079999923706055
2022-03-08,2.2154223918914795,10.55839729309082,6.670000076293945,7.230823040008545,23.200000762939453,6.300000190734863,4.380000114440918
2022-03-09,2.3457415103912354,11.118258476257324,6.769999980926514,7.67022180557251,23.139999389648438,5.960000038146973,4.650000095367432
2022-03-10,2.4326202869415283,11.534564971923828,6.869999885559082,7.940030097961426,24.110000610351562,6.550000190734863,4.820000171661377
2022-03-11,2.3819408416748047,11.146970748901367,7.0,7.816689491271973,22.850000381469727,6.380000114440918,4.659999847412109
2022-03-14,2.338501453399658,10.888570785522461,6.75,7.647098541259766,21.639999389648438,5.940000057220459,4.5
2022-03-15,2.3457415103912354,10.86704158782959,6.579999923706055,7.654806613922119,21.270000457763672,5.889999866485596,4.340000152587891
2022-03-16,2.4471006393432617,11.132612228393555,6.420000076293945,7.824397087097168,20.93000030517578,5.800000190734863,4.309999942779541
2022-03-17,2.4615800380706787,11.340768814086914,6.269999980926514,8.063370704650879,21.510000228881836,5.730000019073486,4.480000019073486
2022-03-18,2.4905402660369873,11.54892349243164,6.25,7.909195423126221,21.450000762939453,5.820000171661377,4.380000114440918
2022-03-21,2.5050203800201416,11.742720603942871,6.489999771118164,8.047953605651855,22.030000686645508,5.960000038146973,4.570000171661377
2022-03-22,2.541219711303711,11.857562065124512,6.260000228881836,8.0325345993042,22.229999542236328,5.920000076293945,4.53000020980835
2022-03-23,2.5122597217559814,11.836028099060059,6.320000171661377,7.916903972625732,22.3700008392334,5.929999828338623,4.650000095367432
2022-03-24,2.6498188972473145,12.173378944396973,6.519999980926514,8.364012718200684,22.90999984741211,6.309999942779541,4.789999961853027
2022-03-25,2.6063787937164307,12.187735557556152,6.559999942779541,8.248380661010742,22.90999984741211,6.659999847412109,4.789999961853027
2022-03-28,2.6063787937164307,12.381536483764648,6.679999828338623,8.240671157836914,23.059999465942383,6.619999885559082,4.760000228881836
2022-03-29,2.5774192810058594,12.316936492919922,6.659999847412109,8.240671157836914,22.440000534057617,6.639999866485596,4.809999942779541
2022-03-30,2.584658622741699,12.302580833435059,6.869999885559082,8.34859561920166,22.90999984741211,6.860000133514404,4.880000114440918
2022-03-31,2.5701792240142822,12.417423248291016,6.739999771118164,8.325468063354492,23.6299991607666,7.010000228881836,4.829999923706055
2022-04-01,2.6715385913848877,12.783488273620605,6.989999771118164,8.556732177734375,24.06999969482422,7.070000171661377,5.050000190734863
2022-04-04,2.628098964691162,12.683001518249512,7.0,8.48735237121582,23.950000762939453,7.070000171661377,5.309999942779541
2022-04-05,2.5701792240142822,12.381536483764648,6.800000190734863,8.186710357666016,23.969999313354492,7.039999961853027,5.190000057220459
2022-04-06,2.5050203800201416,12.194913864135742,6.760000228881836,8.10191535949707,23.350000381469727,6.840000152587891,5.070000171661377
2022-04-07,2.476060152053833,12.216450691223145,6.800000190734863,7.947740077972412,23.450000762939453,7.03000020980835,5.130000114440918
2022-04-08,2.48330020904541,12.352825164794922,6.730000019073486,7.940030097961426,24.149999618530273,7.170000076293945,5.139999866485596
2022-04-11,2.3891804218292236,12.051362037658691,6.539999961853027,7.693349361419678,23.540000915527344,7.190000057220459,5.03000020980835
2022-04-12,2.3023016452789307,11.828851699829102,6.800000190734863,7.654806613922119,23.739999771118164,7.110000133514404,5.070000171661377
2022-04-13,2.3023016452789307,11.950872421264648,6.559999942779541,7.68563985824585,24.15999984741211,7.179999828338623,5.139999866485596
2022-04-14,2.3674607276916504,12.259513854980469,6.559999942779541,7.708767414093018,24.889999389648438,7.46999979019165,5.179999828338623
2022-04-18,2.3529813289642334,12.2020902633667,6.420000076293945,7.808980941772461,24.049999237060547,7.28000020980835,5.230000019073486
2022-04-19,2.403660297393799,12.230804443359375,6.679999828338623,7.801272869110107,25.079999923706055,7.309999942779541,5.139999866485596
2022-04-20,2.454340934753418,12.151848793029785,6.570000171661377,7.739603042602539,24.649999618530273,7.019999980926514,5.070000171661377
2022-04-21,2.2950615882873535,11.455613136291504,6.239999771118164,7.331036567687988,23.049999237060547,6.699999809265137,4.769999980926514
2022-04-22,2.2226624488830566,11.132612228393555,6.179999828338623,7.13831901550293,22.59000015258789,6.550000190734863,4.639999866485596
2022-04-25,2.2299020290374756,11.02495002746582,5.909999847412109,7.169154644012451,22.469999313354492,6.429999828338623,4.46999979019165
2022-04-26,2.121303081512451,10.300002098083496,5.989999771118164,6.837676048278809,21.5,6.369999885559082,4.150000095367432
2022-04-27,2.1502628326416016,10.522510528564453,6.0,7.045812606811523,22.200000762939453,6.559999942779541,4.190000057220459
2022-04-28,2.2009427547454834,10.666062355041504,5.75,7.153735160827637,22.3799991607666,6.75,4.329999923706055
2022-04-29,2.1502628326416016,10.52968978881836,5.5,7.007269859313965,21.56999969482422,6.409999847412109,4.239999771118164
2022-05-02,2.0778634548187256,10.21387004852295,5.550000190734863,6.776004791259766,20.6200008392334,6.179999828338623,4.139999866485596
2022-05-03,2.193702220916748,10.737842559814453,5.820000171661377,7.0612311363220215,21.270000457763672,6.449999809265137,4.260000228881836
2022-05-04,2.251622200012207,10.931638717651367,5.760000228881836,7.161444187164307,21.579999923706055,6.610000133514404,4.400000095367432
2022-05-05,2.1502628326416016,10.393315315246582,5.690000057220459,6.876220226287842,20.559999465942383,6.170000076293945,4.139999866485596
2022-05-06,2.1502628326416016,10.335888862609863,5.539999961853027,6.876220226287842,20.469999313354492,5.989999771118164,4.119999885559082
2022-05-09,2.0199437141418457,9.854984283447266,5.269999980926514,6.69120979309082,19.549999237060547,5.539999961853027,3.880000114440918
2022-05-10,1.9982240200042725,10.020071983337402,5.28000020980835,6.829967498779297,20.31999969482422,5.690000057220459,3.9200000762939453
2022-05-11,2.0561435222625732,10.335888862609863,5.480000019073486,6.99185037612915,20.920000076293945,6.010000228881836,4.059999942779541
2022-05-12,2.0561435222625732,10.55839729309082,5.559999942779541,6.999561309814453,20.68000030517578,6.079999923706055,4.039999961853027
2022-05-13,2.1285431385040283,11.132612228393555,5.599999904632568,7.280505657196045,21.450000762939453,6.090000152587891,4.25
2022-05-16,2.24438214302063,11.448433876037598,5.539999961853027,7.449073314666748,21.649999618530273,6.400000095367432,4.420000076293945
2022-05-17,2.258862018585205,11.649410247802734,5.570000171661377,7.617642402648926,22.270000457763672,6.519999980926514,4.489999771118164
2022-05-18,2.1719822883605957,11.290522575378418,5.659999847412109,7.424994468688965,21.31999969482422,6.320000171661377,4.260000228881836
2022-05-19,2.2154223918914795,11.319236755371094,5.639999866485596,7.43302059173584,21.520000457763672,6.380000114440918,4.369999885559082
2022-05-20,2.1502628326416016,11.154147148132324,5.550000190734863,7.280505657196045,21.479999542236328,6.230000019073486,4.340000152587891
2022-05-23,2.251622200012207,11.577630996704102,5.510000228881836,7.505263805389404,22.1299991607666,6.420000076293945,4.5
2022-05-24,2.2805817127227783,11.958049774169922,5.5,7.505263805389404,22.940000534057617,6.449999809265137,4.429999828338623
2022-05-25,2.258862018585205,11.857562065124512,5.5,7.5213189125061035,23.719999313354492,6.800000190734863,4.5
2022-05-26,2.3023016452789307,12.072893142700195,5.730000019073486,7.537370681762695,24.25,6.670000076293945,4.539999961853027
2022-05-27,2.2733418941497803,11.828851699829102,5.800000190734863,7.5293426513671875,23.959999084472656,6.690000057220459,4.659999847412109
2022-05-31,2.2154223918914795,11.426902770996094,6.099999904632568,7.392885684967041,23.670000076293945,6.760000228881836,4.5
2022-06-01,2.1430232524871826,11.333590507507324,5.929999828338623,7.224318027496338,23.260000228881836,6.619999885559082,4.400000095367432
2022-06-02,2.164743185043335,11.534564971923828,6.25,7.376830577850342,23.299999237060547,6.579999923706055,4.369999885559082
2022-06-03,2.2009427547454834,11.412104606628418,5.929999828338623,7.3126139640808105,23.559999465942383,6.599999904632568,4.440000057220459
2022-06-06,2.121303081512451,11.11910343170166,5.900000095367432,7.160100936889648,22.989999771118164,6.670000076293945,4.360000133514404
2022-06-07,2.106823205947876,11.058999061584473,5.730000019073486,7.1119384765625,23.3700008392334,6.769999980926514,4.380000114440918
2022-06-08,2.041663646697998,10.720919609069824,5.639999866485596,6.911262512207031,23.0,6.820000171661377,4.389999866485596
2022-06-09,1.9041050672531128,9.917038917541504,5.230000019073486,6.349372386932373,22.239999771118164,6.449999809265137,4.139999866485596
2022-06-10,1.8679053783416748,9.72921371459961,4.849999904632568,6.293183326721191,21.149999618530273,6.139999866485596,4.050000190734863
2022-06-13,1.7520661354064941,9.068078994750977,4.550000190734863,5.79550838470459,20.399999618530273,5.679999828338623,3.880000114440918
2022-06-14,1.8099851608276367,9.248388290405273,4.75,5.8597235679626465,20.079999923706055,5.440000057220459,3.7200000286102295
2022-06-15,1.8896249532699585,9.361082077026367,4.760000228881836,6.028291702270508,20.709999084472656,5.570000171661377,3.75
2022-06-16,1.8461854457855225,9.053053855895996,4.650000095367432,5.907885551452637,20.18000030517578,5.260000228881836,3.5199999809265137
2022-06-17,1.8534250259399414,9.015487670898438,4.650000095367432,5.980128765106201,19.729999542236328,5.099999904632568,3.4200000762939453
2022-06-21,1.8389455080032349,9.023000717163086,4.800000190734863,5.9239397048950195,20.049999237060547,5.489999771118164,3.5399999618530273
2022-06-22,1.882385015487671,9.015487670898438,4.650000095367432,5.980128765106201,20.489999771118164,5.389999866485596,3.4700000286102295
2022-06-23,1.8172250986099243,8.72248649597168,4.800000190734863,5.8597235679626465,19.84000015258789,5.159999847412109,3.2300000190734863
2022-06-24,1.7882658243179321,8.579742431640625,4.659999847412109,5.73931884765625,19.729999542236328,5.130000114440918,3.2200000286102295
2022-06-27,1.7955056428909302,8.594767570495605,4.349999904632568,5.7312912940979,21.3700008392334,5.28000020980835,3.380000114440918
2022-06-28,1.8027454614639282,8.865229606628418,4.349999904632568,5.699183940887451,20.920000076293945,5.329999923706055,3.430000066757202
2022-06-29,1.8027454614639282,8.760049819946289,4.53000020980835,5.755373001098633,20.739999771118164,5.139999866485596,3.3399999141693115
2022-06-30,1.730346441268921,8.414457321166992,4.360000133514404,5.546671390533447,20.479999542236328,5.139999866485596,3.259999990463257
2022-07-01,1.7737855911254883,8.737510681152344,4.300000190734863,5.747345924377441,21.360000610351562,5.21999979019165,3.319999933242798
2022-07-05,1.7158663272857666,8.429481506347656,4.21999979019165,5.490481853485107,19.75,4.900000095367432,3.130000114440918
2022-07-06,1.679666519165039,8.376891136169434,4.039999961853027,5.370075225830078,19.719999313354492,4.980000019073486,3.0899999141693115
2022-07-07,1.6651866436004639,8.512124061584473,4.079999923706055,5.370075225830078,20.850000381469727,5.139999866485596,3.119999885559082
2022-07-08,1.7231062650680542,8.587252616882324,4.239999771118164,5.362048149108887,20.959999084472656,5.039999961853027,3.1700000762939453
2022-07-11,1.6579468250274658,8.241659164428711,4.230000019073486,5.265725135803223,20.690000534057617,5.03000020980835,3.049999952316284
2022-07-12,1.6145070791244507,8.271711349487305,4.079999923706055,5.209535121917725,20.889999389648438,5.050000190734863,3.0
2022-07-13,1.6072670221328735,8.053836822509766,4.25,5.0730767250061035,21.170000076293945,4.980000019073486,3.009999990463257
2022-07-14,1.5565873384475708,7.5955491065979,4.150000095367432,4.928589344024658,20.469999313354492,4.809999942779541,2.930000066757202
2022-07-15,1.600027322769165,7.790884494781494,4.210000038146973,5.048994541168213,21.040000915527344,4.829999923706055,2.9700000286102295
2022-07-18,1.6651866436004639,8.038809776306152,4.429999828338623,5.14531946182251,21.079999923706055,4.849999904632568,2.990000009536743
2022-07-19,1.686906337738037,8.06135082244873,4.380000114440918,5.08110237121582,21.260000228881836,5.010000228881836,3.059999942779541
2022-07-20,1.636227011680603,7.633112907409668,4.550000190734863,4.808183670043945,20.479999542236328,4.789999961853027,2.990000009536743
2022-07-21,1.5638275146484375,7.5129075050354,4.190000057220459,4.7600226402282715,20.1299991607666,4.670000076293945,2.9100000858306885
2022-07-22,1.6815348863601685,7.78633451461792,4.630000114440918,4.944644927978516,20.43000030517578,4.710000038146973,2.9100000858306885
2022-07-25,1.7732545137405396,8.210494995117188,4.630000114440918,5.185453414916992,21.280000686645508,4.949999809265137,3.140000104904175
2022-07-26,1.7503248453140259,8.248369216918945,4.480000019073486,5.209535121917725,21.459999084472656,4.880000114440918,3.200000047683716
2022-07-27,1.864974856376648,8.71039867401123,4.659999847412109,5.474427700042725,22.34000015258789,5.199999809265137,3.3499999046325684
2022-07-28,1.941408634185791,9.40722942352295,5.599999904632568,5.931966781616211,23.649999618530273,5.889999866485596,3.4800000190734863
2022-07-29,2.048415422439575,9.816240310668945,6.059999942779541,6.261074542999268,23.950000762939453,5.980000019073486,3.7100000381469727
2022-08-01,2.0101985931396484,9.793516159057617,6.0,6.245020866394043,23.920000076293945,5.800000190734863,3.6500000953674316
2022-08-02,2.040771961212158,9.869258880615234,6.360000133514404,6.285155773162842,22.899999618530273,5.650000095367432,3.6600000858306885
2022-08-03,2.0331289768218994,9.998022079467773,6.849999904632568,6.277129173278809,23.809999465942383,5.659999847412109,3.7200000286102295
2022-08-04,1.9796251058578491,9.710198402404785,6.869999885559082,6.13264274597168,23.68000030517578,5.550000190734863,3.6600000858306885
2022-08-05,2.063701868057251,9.763218879699707,7.0,6.269102096557617,24.110000610351562,5.880000114440918,3.75
2022-08-08,2.1324918270111084,10.300992012023926,6.760000228881836,6.4778032302856445,24.8700008392334,6.159999847412109,4.0
2022-08-09,2.0254855155944824,9.695050239562988,6.690000057220459,6.253048419952393,24.3799991607666,5.929999828338623,3.9100000858306885
2022-08-10,2.071345090866089,9.475398063659668,6.949999809265137,6.140670299530029,24.200000762939453,5.889999866485596,3.9100000858306885
2022-08-11,2.1477785110473633,9.907129287719727,6.860000133514404,6.301210403442383,24.479999542236328,6.190000057220459,4.090000152587891
2022-08-12,2.208925485610962,10.1116361618042,6.860000133514404,6.4778032302856445,24.389999389648438,6.559999942779541,4.409999847412109
2022-08-15,2.2394988536834717,10.384309768676758,6.960000038146973,6.670452117919922,24.190000534057617,6.349999904632568,4.639999866485596
2022-08-16,2.208925485610962,10.34643840789795,6.829999923706055,6.598208904266357,24.059999465942383,6.289999961853027,4.610000133514404
2022-08-17,2.2165682315826416,10.263121604919434,6.96999979019165,6.509912490844727,24.190000534057617,6.340000152587891,4.639999866485596
2022-08-18,2.2465744018554688,10.584699630737305,6.880000114440918,6.550047397613525,25.239999771118164,6.53000020980835,4.849999904632568
2022-08-19,2.1080870628356934,10.058894157409668,6.900000095367432,6.277129173278809,24.219999313354492,6.389999866485596,4.650000095367432
2022-08-22,2.161942958831787,10.401811599731445,6.670000076293945,6.485832691192627,24.3799991607666,6.539999961853027,4.769999980926514
2022-08-23,2.2542684078216553,10.820932388305664,6.920000076293945,6.790859222412109,24.989999771118164,6.880000114440918,5.170000076293945
2022-08-24,2.36967396736145,10.95047664642334,6.71999979019165,6.863101482391357,26.200000762939453,6.949999809265137,5.300000190734863
2022-08-25,2.4081430435180664,11.003820419311523,6.800000190734863,6.999561309814453,26.479999542236328,7.090000152587891,5.579999923706055
2022-08-26,2.3927550315856934,11.24005126953125,6.440000057220459,7.0156145095825195,26.1299991607666,7.150000095367432,5.510000228881836
2022-08-29,2.438917875289917,11.301015853881836,6.599999904632568,6.9674530029296875,25.950000762939453,7.420000076293945,5.880000114440918
2022-08-30,2.438917875289917,11.194332122802734,6.5,6.814938068389893,24.940000534057617,6.840000152587891,5.510000228881836
2022-08-31,2.2696549892425537,10.752348899841309,6.150000095367432,6.509912490844727,24.389999389648438,6.550000190734863,5.489999771118164
2022-09-01,2.3388991355895996,11.019060134887695,6.519999980926514,6.6543989181518555,24.40999984741211,6.610000133514404,5.619999885559082
2022-09-02,2.4235305786132812,11.361976623535156,6.599999904632568,6.855075359344482,24.65999984741211,6.900000095367432,5.820000171661377
2022-09-06,2.36198091506958,11.270532608032227,6.639999866485596,6.9674530029296875,25.18000030517578,6.960000038146973,6.019999980926514
2022-09-07,2.515855312347412,12.063053131103516,6.869999885559082,7.2483978271484375,26.06999969482422,7.510000228881836,6.599999904632568
2022-09-08,2.5004682540893555,11.979228019714355,6.570000171661377,7.160100936889648,25.84000015258789,7.230000019073486,6.769999980926514
2022-09-09,2.5927929878234863,12.77936840057373,6.699999809265137,7.641721725463867,26.700000762939453,7.639999866485596,6.96999979019165
2022-09-12,2.5543246269226074,12.764126777648926,6.900000095367432,7.5213189125061035,26.760000228881836,7.949999809265137,7.019999980926514
2022-09-13,2.492774486541748,12.451691627502441,6.679999828338623,7.2323431968688965,25.979999542236328,7.71999979019165,7.110000133514404
2022-09-14,2.531243085861206,12.870811462402344,6.71999979019165,7.408938407897949,26.760000228881836,8.279999732971191,7.300000190734863
2022-09-15,2.415837049484253,12.444069862365723,6.400000095367432,7.119965553283691,25.34000015258789,7.840000152587891,6.670000076293945
2022-09-16,2.4466118812561035,12.46693229675293,6.46999979019165,7.095885276794434,25.010000228881836,7.639999866485596,6.96999979019165
2022-09-19,2.5543246269226074,13.076559066772461,6.519999980926514,7.449073314666748,25.940000534057617,8.029999732971191,7.210000038146973
2022-09-20,2.585099220275879,12.764126777648926,6.440000057220459,7.320640563964844,25.40999984741211,7.809999942779541,7.159999847412109
2022-09-21,2.515855312347412,12.505032539367676,6.369999885559082,7.095885276794434,24.84000015258789,7.639999866485596,6.820000171661377
2022-09-22,2.508161783218384,12.421210289001465,6.110000133514404,7.023641109466553,24.649999618530273,7.659999847412109,6.920000076293945
2022-09-23,2.3371336460113525,12.087986946105957,5.96999979019165,6.710588455200195,23.719999313354492,7.179999828338623,6.230000019073486
2022-09-26,2.259744644165039,11.406220436096191,5.980000019073486,6.317263603210449,22.40999984741211,6.820000171661377,6.25
2022-09-27,2.2752225399017334,11.107465744018555,6.03000020980835,6.028291702270508,22.450000762939453,6.900000095367432,6.210000038146973
2022-09-28,2.3139166831970215,11.069162368774414,6.599999904632568,6.108560562133789,22.969999313354492,7.239999771118164,6.389999866485596
2022-09-29,2.344871997833252,11.023200988769531,6.659999847412109,6.036317348480225,23.079999923706055,7.329999923706055,6.21999979019165
2022-09-30,2.3293938636779785,10.931280136108398,6.699999809265137,6.060690879821777,22.770000457763672,7.380000114440918,6.210000038146973
2022-10-03,2.4841713905334473,11.812214851379395,6.849999904632568,6.523772716522217,24.110000610351562,7.650000095367432,6.820000171661377
2022-10-04,2.546082019805908,11.973082542419434,6.75,6.55626916885376,23.780000686645508,7.829999923706055,6.929999828338623
2022-10-05,2.5151267051696777,11.773913383483887,6.820000171661377,6.45065450668335,23.969999313354492,8.079999923706055,7.400000095367432
2022-10-06,2.4764325618743896,11.551765441894531,6.679999828338623,6.3125433921813965,24.239999771118164,8.289999961853027,7.210000038146973
2022-10-07,2.4145219326019287,11.275992393493652,6.449999809265137,6.255672931671143,23.729999542236328,8.199999809265137,7.190000057220459
2022-10-10,2.406782627105713,11.176410675048828,6.300000190734863,6.190678596496582,23.65999984741211,7.929999828338623,6.880000114440918
2022-10-11,2.344871997833252,11.007881164550781,6.730000019073486,6.076940536499023,22.790000915527344,7.769999980926514,6.730000019073486
2022-10-12,2.2906997203826904,10.770411491394043,6.389999866485596,5.89820671081543,22.260000228881836,7.699999809265137,6.599999904632568
2022-10-13,2.3371336460113525,10.961921691894531,6.380000114440918,5.9713239669799805,22.959999084472656,7.829999923706055,6.869999885559082
2022-10-14,2.2906997203826904,10.854676246643066,6.320000171661377,5.8169636726379395,22.3799991607666,7.510000228881836,6.659999847412109
2022-10-17,2.3526105880737305,11.138106346130371,6.429999828338623,6.052566051483154,23.0,7.590000152587891,7.070000171661377
2022-10-18,2.3526105880737305,11.245351791381836,6.510000228881836,6.052566051483154,23.100000381469727,7.71999979019165,6.940000057220459
2022-10-19,2.3216559886932373,11.191730499267578,6.360000133514404,6.068814754486084,23.280000686645508,7.860000133514404,7.039999961853027
2022-10-20,2.3293938636779785,11.11512565612793,6.360000133514404,6.20692777633667,23.200000762939453,7.900000095367432,7.050000190734863
2022-10-21,2.436018705368042,11.468659400939941,6.699999809265137,6.369412899017334,23.549999237060547,8.100000381469727,7.170000076293945
2022-10-24,2.3581910133361816,11.183677673339844,6.699999809265137,6.296294689178467,23.360000610351562,7.840000152587891,7.389999866485596
2022-10-25,2.412670373916626,11.507169723510742,7.289999961853027,6.401909828186035,24.600000381469727,7.880000114440918,7.630000114440918
2022-10-26,2.3815393447875977,11.330018043518066,7.0,6.3125433921813965,24.68000030517578,8.149999618530273,7.78000020980835
2022-10-27,2.420452833175659,11.6072998046875,7.289999961853027,6.377537250518799,25.34000015258789,8.399999618530273,7.869999885559082
2022-10-28,2.3504080772399902,11.299208641052246,7.380000114440918,6.182553768157959,25.3799991607666,8.449999809265137,7.639999866485596
2022-10-31,2.342625141143799,11.437851905822754,7.230000019073486,6.304418563842773,25.170000076293945,8.670000076293945,7.639999866485596
2022-11-01,2.5294125080108643,12.015520095825195,7.21999979019165,6.65376091003418,26.350000381469727,9.079999923706055,8.260000228881836
2022-11-02,2.436018705368042,11.530279159545898,7.190000057220459,6.369412899017334,25.34000015258789,9.050000190734863,7.929999828338623
2022-11-03,2.436018705368042,11.468659400939941,7.019999980926514,6.3856611251831055,25.489999771118164,9.140000343322754,8.119999885559082
2022-11-04,2.4515843391418457,11.62270450592041,7.099999904632568,6.491275787353516,25.90999984741211,9.369999885559082,8.039999961853027
2022-11-07,2.38932204246521,11.06814193725586,7.0,6.3125433921813965,25.190000534057617,9.050000190734863,7.929999828338623
2022-11-08,2.397104501724243,10.991118431091309,7.03000020980835,6.271921157836914,26.299999237060547,8.779999732971191,7.75
2022-11-09,2.241448402404785,10.344128608703613,6.579999923706055,6.028193950653076,25.239999771118164,8.210000038146973,7.119999885559082
2022-11-10,2.1791863441467285,10.205489158630371,6.599999904632568,6.0200700759887695,25.079999923706055,8.039999961853027,7.190000057220459
2022-11-11,2.2336654663085938,10.528984069824219,6.849999904632568,6.2313008308410645,25.950000762939453,8.489999771118164,7.650000095367432
2022-11-14,2.2103168964385986,10.544387817382812,7.070000171661377,6.239425182342529,26.860000610351562,8.829999923706055,8.039999961853027
2022-11-15,2.1558375358581543,10.259404182434082,7.260000228881836,6.125685691833496,27.059999465942383,8.920000076293945,8.079999923706055
2022-11-16,2.10135817527771,10.089956283569336,7.050000190734863,6.011947154998779,26.270000457763672,8.59000015258789,7.639999866485596
2022-11-17,2.1091408729553223,9.889697074890137,7.119999885559082,5.857583999633789,25.8700008392334,8.449999809265137,7.389999866485596
2022-11-18,2.1091408729553223,9.959016799926758,7.139999866485596,5.922578811645508,26.290000915527344,8.6899995803833,7.360000133514404
2022-11-21,2.10135817527771,9.897400856018066,6.869999885559082,5.914454460144043,26.0,8.579999923706055,7.269999980926514
2022-11-22,2.1324892044067383,10.036040306091309,7.090000152587891,5.955074787139893,26.139999389648438,8.989999771118164,7.480000019073486
2022-11-23,2.365950584411621,10.267742156982422,7.090000152587891,6.125685691833496,26.700000762939453,8.960000038146973,7.659999847412109
2022-11-25,2.514801502227783,10.600959777832031,7.130000114440918,6.296294689178467,27.56999969482422,9.140000343322754,8.220000267028809
2022-11-28,2.585310220718384,10.631954193115234,7.079999923706055,6.377537250518799,27.989999771118164,9.300000190734863,8.279999732971191
2022-11-29,2.514801502227783,10.802440643310547,7.28000020980835,6.434406757354736,28.989999771118164,9.850000381469727,8.600000381469727
2022-11-30,2.530470371246338,11.259642601013184,7.300000190734863,6.580642223358154,28.649999618530273,9.890000343322754,8.390000343322754
2022-12-01,2.499133348464966,11.0426664352417,7.130000114440918,6.605014801025391,29.110000610351562,9.970000267028809,8.380000114440918
2022-12-02,2.4129557609558105,11.034917831420898,7.119999885559082,6.678133487701416,28.639999389648438,9.779999732971191,8.260000228881836
2022-12-05,2.271939277648926,10.391729354858398,7.039999961853027,6.20692777633667,27.420000076293945,9.470000267028809,7.78000020980835
2022-12-06,2.2562708854675293,10.546712875366211,6.880000114440918,6.1988019943237305,27.040000915527344,9.130000114440918,7.650000095367432
2022-12-07,2.3581161499023438,10.810190200805664,6.900000095367432,6.4587788581848145,27.639999389648438,9.4399995803833,7.78000020980835
2022-12-08,2.2014310359954834,10.314238548278809,7.170000076293945,6.101312160491943,26.18000030517578,8.9399995803833,7.400000095367432
2022-12-09,2.170093297958374,10.298736572265625,7.119999885559082,6.044442176818848,25.979999542236328,8.520000457763672,7.380000114440918
2022-12-12,2.2562708854675293,10.624205589294434,7.070000171661377,6.304418563842773,26.450000762939453,9.279999732971191,7.489999771118164
2022-12-13,2.232767343521118,10.399478912353516,7.059999942779541,6.190678596496582,26.010000228881836,9.0,7.510000228881836
2022-12-14,2.248436689376831,10.430474281311035,7.309999942779541,6.2313008308410645,25.700000762939453,8.850000381469727,7.389999866485596
2022-12-15,2.2562708854675293,10.422723770141602,7.309999942779541,6.247548580169678,25.479999542236328,8.859999656677246,7.46999979019165
2022-12-16,2.2641050815582275,10.407227516174316,7.159999847412109,6.239425182342529,26.110000610351562,9.140000343322754,7.46999979019165
2022-12-19,2.365950584411621,10.639703750610352,7.349999904632568,6.466903209686279,27.770000457763672,9.34000015258789,7.940000057220459
2022-12-20,2.5774760246276855,11.15890121459961,7.300000190734863,6.9624834060668945,28.040000915527344,9.5,8.470000267028809
2022-12-21,2.6871557235717773,11.740097045898438,7.710000038146973,7.238707542419434,28.860000610351562,10.199999809265137,8.680000305175781
2022-12-22,2.7968356609344482,11.980325698852539,7.940000057220459,7.271203994750977,29.59000015258789,10.539999961853027,8.859999656677246
2022-12-23,2.833035469055176,12.333028793334961,7.849999904632568,7.539304256439209,29.950000762939453,10.869999885559082,9.09000015258789
2022-12-27,2.888122320175171,12.442034721374512,7.570000171661377,7.6042985916137695,30.889999389648438,11.579999923706055,8.84000015258789
2022-12-28,2.966817617416382,12.8780517578125,7.670000076293945,7.823653221130371,30.809999465942383,11.359999656677246,9.09000015258789
2022-12-29,2.990426778793335,12.69118595123291,7.829999923706055,7.807406425476074,31.139999389648438,11.739999771118164,9.050000190734863
2022-12-30,3.069121837615967,12.78461742401123,7.989999771118164,7.904896259307861,31.940000534057617,11.800000190734863,9.1899995803833
2023-01-03,2.9038615226745605,12.309672355651855,8.65999984741211,7.758660316467285,31.1299991607666,11.5600004196167,8.710000038146973
2023-01-04,3.053382396697998,12.86247730255127,8.800000190734863,8.034883499145508,31.8700008392334,11.539999961853027,8.710000038146973
2023-01-05,3.226512908935547,13.711153030395508,8.960000038146973,8.579208374023438,32.95000076293945,12.399999618530273,9.350000381469727
2023-01-06,3.2973382472991943,14.100452423095703,9.350000381469727,9.017916679382324,33.41999816894531,12.119999885559082,9.449999809265137
2023-01-09,3.3445558547973633,14.481968879699707,9.970000267028809,9.261646270751953,33.599998474121094,12.350000381469727,9.75
2023-01-10,3.305208206176758,14.598756790161133,10.109999656677246,9.407882690429688,33.88999938964844,11.979999542236328,9.720000267028809
2023-01-11,3.57277250289917,15.431862831115723,10.260000228881836,10.065946578979492,35.93000030517578,11.890000343322754,9.869999885559082
2023-01-12,3.6435985565185547,16.155954360961914,10.079999923706055,10.439661979675293,35.099998474121094,11.880000114440918,10.350000381469727
2023-01-13,3.6672070026397705,16.008024215698242,9.84000015258789,10.594023704528809,34.9900016784668,11.920000076293945,11.079999923706055
2023-01-17,3.8718152046203613,17.261568069458008,9.350000381469727,11.17896842956543,35.119998931884766,11.779999732971191,12.220000267028809
2023-01-18,3.517685651779175,16.288318634033203,8.710000038146973,10.074071884155273,33.099998474121094,10.789999961853027,11.210000038146973
2023-01-19,3.596381902694702,16.65426254272461,8.300000190734863,10.472160339355469,32.83000183105469,10.229999542236328,11.220000267028809
2023-01-20,3.76164174079895,17.658660888671875,8.819999694824219,11.170842170715332,34.20000076293945,10.430000305175781,11.920000076293945
2023-01-23,3.690814971923828,17.066919326782227,8.989999771118164,11.032731056213379,34.209999084472656,10.739999771118164,11.979999542236328
2023-01-24,3.6672070026397705,17.012418746948242,8.9399995803833,10.992112159729004,34.33000183105469,11.15999984741211,12.0
2023-01-25,3.7695114612579346,17.713163375854492,9.859999656677246,11.41457462310791,35.34000015258789,11.75,12.079999923706055
2023-01-26,3.77738094329834,17.604156494140625,9.779999732971191,11.292708396911621,34.86000061035156,11.460000038146973,12.020000457763672
2023-01-27,3.6435985565185547,16.872272491455078,9.680000305175781,10.815643310546875,33.7599983215332,11.069999694824219,11.539999961853027
2023-01-30,3.5019466876983643,16.226030349731445,9.180000305175781,10.317340850830078,32.4900016784668,10.729999542236328,11.149999618530273
2023-01-31,3.6593375205993652,17.105846405029297,9.199999809265137,10.946345329284668,33.83000183105469,11.180000305175781,11.949999809265137
2023-02-01,3.564903736114502,16.771053314208984,9.220000267028809,10.758462905883789,33.779998779296875,10.979999542236328,11.75
2023-02-02,3.5570333003997803,16.996845245361328,9.09000015258789,10.725786209106445,33.790000915527344,11.069999694824219,11.470000267028809
2023-02-03,3.3760335445404053,16.03137969970703,8.649999618530273,10.072272300720215,32.529998779296875,10.470000267028809,11.180000305175781
2023-02-06,3.438990354537964,16.25717544555664,8.680000305175781,10.390861511230469,32.79999923706055,10.649999618530273,11.479999542236328
2023-02-07,3.4232513904571533,16.140384674072266,8.819999694824219,10.439873695373535,32.65999984741211,10.789999961853027,11.539999961853027
2023-02-08,3.4862072467803955,16.25717544555664,9.0,10.595084190368652,33.400001525878906,11.220000267028809,11.550000190734863
2023-02-09,3.415382146835327,15.75108814239502,8.600000381469727,10.374521255493164,32.20000076293945,10.829999923706055,11.279999732971191
2023-02-10,3.438990354537964,15.891233444213867,8.739999771118164,10.423539161682129,32.900001525878906,11.270000457763672,11.579999923706055
2023-02-13,3.6435985565185547,16.615331649780273,9.140000343322754,11.068880081176758,33.79999923706055,11.479999542236328,12.029999732971191
2023-02-14,3.714423418045044,16.91120147705078,9.130000114440918,11.37113094329834,33.81999969482422,11.779999732971191,12.09000015258789
2023-02-15,3.651467800140381,16.685405731201172,9.470000267028809,11.297611236572266,34.209999084472656,11.739999771118164,11.880000114440918
2023-02-16,3.80885910987854,16.677621841430664,9.75,11.395636558532715,33.849998474121094,11.729999542236328,11.890000343322754
2023-02-17,3.651467800140381,15.743294715881348,9.399999618530273,10.86465835571289,33.099998474121094,11.279999732971191,11.40999984741211
2023-02-21,3.6672070026397705,15.774445533752441,8.890000343322754,10.75029182434082,32.400001525878906,11.010000228881836,11.399999618530273
2023-02-22,3.6121206283569336,15.805588722229004,9.100000381469727,10.815643310546875,32.34000015258789,11.149999618530273,11.369999885559082
2023-02-23,3.7695114612579346,16.272748947143555,8.989999771118164,11.060709953308105,32.84000015258789,11.510000228881836,11.710000038146973
2023-02-24,3.966249465942383,16.140384674072266,9.210000038146973,10.987192153930664,33.0099983215332,11.479999542236328,11.880000114440918
2023-02-27,4.037075519561768,16.51411247253418,9.180000305175781,11.1995849609375,33.459999084472656,11.420000076293945,12.109999656677246
2023-02-28,4.021336555480957,16.132598876953125,9.229999542236328,10.880997657775879,32.9900016784668,11.359999656677246,11.770000457763672
2023-03-01,4.068554401397705,16.008024215698242,9.029999732971191,10.962684631347656,33.52000045776367,11.289999961853027,12.100000381469727
2023-03-02,3.800989866256714,14.910195350646973,8.8100004196167,10.194806098937988,32.310001373291016,10.829999923706055,11.550000190734863
2023-03-03,3.9032933712005615,15.33842658996582,8.760000228881836,10.488887786865234,32.4900016784668,10.6899995803833,11.930000305175781
2023-03-06,4.005597114562988,15.836731910705566,8.869999885559082,10.652265548706055,34.0099983215332,11.220000267028809,12.710000038146973
2023-03-07,3.8482067584991455,15.455215454101562,8.770000457763672,10.350015640258789,33.08000183105469,10.670000076293945,11.800000190734863
2023-03-08,4.092161655426025,16.17931365966797,8.649999618530273,10.766631126403809,33.08000183105469,10.770000457763672,12.050000190734863
2023-03-09,3.8796849250793457,15.478575706481934,8.289999961853027,10.26015853881836,31.920000076293945,10.300000190734863,11.5600004196167
2023-03-10,3.596381902694702,14.746691703796387,7.75,9.565800666809082,29.579999923706055,9.859999656677246,10.649999618530273
2023-03-13,3.415382146835327,14.388534545898438,7.659999847412109,9.206368446350098,28.670000076293945,9.4399995803833,9.90999984741211
2023-03-14,3.3524255752563477,14.23281478881836,7.300000190734863,8.977639198303223,28.829999923706055,9.109999656677246,9.779999732971191
2023-03-15,3.092730760574341,13.088271141052246,7.099999904632568,8.422152519226074,27.3799991607666,8.420000076293945,9.270000457763672
2023-03-16,3.2579901218414307,14.092666625976562,7.349999904632568,8.88778018951416,28.600000381469727,8.869999885559082,9.520000457763672
2023-03-17,3.069121837615967,13.337422370910645,6.989999771118164,8.528347969055176,28.399999618530273,8.649999618530273,9.050000190734863
2023-03-20,2.966817617416382,13.072699546813965,6.699999809265137,8.39764404296875,28.1299991607666,8.569999694824219,9.130000114440918
2023-03-21,3.202904462814331,13.975878715515137,7.679999828338623,9.026653289794922,29.350000381469727,9.100000381469727,9.819999694824219
2023-03-22,3.132078170776367,13.633291244506836,7.840000152587891,8.773415565490723,28.299999237060547,9.100000381469727,9.770000457763672
2023-03-23,3.0140345096588135,13.267351150512695,7.849999904632568,8.642711639404297,28.020000457763672,9.010000228881836,9.65999984741211
2023-03-24,3.053382396697998,13.259565353393555,7.510000228881836,8.699895858764648,29.0,9.130000114440918,9.619999885559082
2023-03-27,3.1871652603149414,14.05373477935791,7.929999828338623,9.141016006469727,30.799999237060547,9.670000076293945,10.3100004196167
2023-03-28,3.2422518730163574,14.170528411865234,8.380000114440918,9.312565803527832,32.58000183105469,9.890000343322754,10.829999923706055
2023-03-29,3.305208206176758,14.466397285461426,8.020000457763672,9.500450134277344,32.93000030517578,10.199999809265137,11.229999542236328
2023-03-30,3.2737295627593994,14.466397285461426,8.489999771118164,9.312565803527832,32.720001220703125,10.319999694824219,11.430000305175781
2023-03-31,3.0848610401153564,13.866873741149902,8.0600004196167,8.969467163085938,32.97999954223633,10.239999771118164,10.979999542236328
2023-04-03,3.179295063018799,14.34960651397705,8.649999618530273,9.279887199401855,34.630001068115234,10.670000076293945,11.649999618530273
2023-04-04,3.124208688735962,13.944731712341309,8.319999694824219,9.059327125549316,33.29999923706055,10.210000038146973,11.399999618530273
2023-04-05,3.124208688735962,14.038167953491211,8.34000015258789,9.059327125549316,33.849998474121094,10.119999885559082,11.470000267028809
2023-04-06,3.0848610401153564,13.851302146911621,8.420000076293945,8.936793327331543,33.709999084472656,9.890000343322754,11.15999984741211
2023-04-10,3.2579901218414307,14.02259349822998,8.6899995803833,9.092000961303711,34.41999816894531,10.420000076293945,12.300000190734863
2023-04-11,3.494076728820801,14.583184242248535,8.850000381469727,9.516786575317383,34.540000915527344,10.850000381469727,12.40999984741211
2023-04-12,3.6199898719787598,15.221634864807129,8.899999618530273,10.096776962280273,36.40999984741211,11.25,12.539999961853027
2023-04-13,3.675076723098755,15.603151321411133,9.119999885559082,10.162130355834961,36.95000076293945,11.229999542236328,12.350000381469727
2023-04-14,3.8560760021209717,16.163745880126953,9.619999885559082,10.399029731750488,37.560001373291016,11.329999923706055,12.449999809265137
2023-04-17,3.9505105018615723,16.436256408691406,9.550000190734863,10.562408447265625,37.630001068115234,11.34000015258789,12.279999732971191
2023-04-18,3.8482067584991455,15.56422233581543,9.149999618530273,10.113118171691895,36.63999938964844,11.09000015258789,12.220000267028809
2023-04-19,3.5570333003997803,14.240604400634766,8.609999656677246,9.508617401123047,35.15999984741211,10.289999961853027,11.5600004196167
2023-04-20,3.6278598308563232,14.481968879699707,8.670000076293945,9.696502685546875,35.189998626708984,10.229999542236328,11.479999542236328
2023-04-21,3.5098161697387695,14.069311141967773,8.6899995803833,9.524953842163086,34.29999923706055,10.25,11.300000190734863
2023-04-24,3.5255558490753174,14.131595611572266,8.949999809265137,9.557631492614746,34.77000045776367,10.680000305175781,11.430000305175781
2023-04-25,3.4783382415771484,14.108238220214844,8.760000228881836,9.500450134277344,34.40999984741211,10.770000457763672,11.119999885559082
2023-04-26,3.4625985622406006,13.983663558959961,8.510000228881836,9.386083602905273,34.43000030517578,10.960000038146973,11.020000457763672
2023-04-27,3.3996427059173584,13.718938827514648,8.5,9.377914428710938,34.2599983215332,10.930000305175781,11.079999923706055
2023-04-28,3.3681647777557373,13.773442268371582,8.819999694824219,9.410591125488281,34.13999938964844,11.380000114440918,11.119999885559082
2023-05-01,3.2737295627593994,13.407495498657227,8.859999656677246,9.149186134338379,33.41999816894531,11.229999542236328,10.970000267028809
2023-05-02,3.226512908935547,13.524286270141602,8.890000343322754,9.304394721984863,33.84000015258789,11.25,10.8100004196167
2023-05-03,3.1478171348571777,13.391927719116211,9.270000457763672,9.230874061584473,33.25,10.930000305175781,10.619999885559082
2023-05-04,3.045513153076172,13.088271141052246,9.109999656677246,8.92862606048584,32.529998779296875,10.789999961853027,10.539999961853027
2023-05-05,3.2579901218414307,13.859086036682129,8.989999771118164,9.524953842163086,34.130001068115234,11.75,11.390000343322754
2023-05-08,3.3366858959198,13.960307121276855,9.479999542236328,9.74551773071289,33.810001373291016,11.899999618530273,11.520000457763672
2023-05-09,3.383903980255127,14.318460464477539,9.300000190734863,9.917065620422363,34.470001220703125,12.220000267028809,11.739999771118164
2023-05-10,3.4547290802001953,14.256174087524414,9.300000190734863,10.088610649108887,35.150001525878906,12.170000076293945,11.649999618530273
2023-05-11,3.57277250289917,14.458608627319336,9.369999885559082,10.415366172790527,36.2400016784668,12.65999984741211,11.75
2023-05-12,3.596381902694702,14.388534545898438,9.119999885559082,10.121286392211914,37.36000061035156,13.119999885559082,11.359999656677246
2023-05-15,3.5885117053985596,14.248383522033691,8.930000305175781,10.00692081451416,36.599998474121094,12.649999618530273,11.130000114440918
2023-05-16,3.3996427059173584,13.329639434814453,8.600000381469727,9.271719932556152,35.130001068115234,12.069999694824219,10.800000190734863
2023-05-17,3.5255558490753174,13.874658584594727,8.800000190734863,9.671996116638184,35.70000076293945,12.510000228881836,11.0600004196167
2023-05-18,3.383903980255127,13.477571487426758,8.949999809265137,9.418760299682617,35.15999984741211,12.319999694824219,10.880000114440918
2023-05-19,3.391772985458374,13.757867813110352,8.720000267028809,9.475943565368652,36.119998931884766,12.529999732971191,10.8100004196167
2023-05-22,3.3288168907165527,13.415283203125,8.729999542236328,9.288055419921875,35.77000045776367,12.260000228881836,10.800000190734863
2023-05-23,3.431121349334717,13.734508514404297,8.829999923706055,9.361577033996582,36.290000915527344,12.460000038146973,11.170000076293945
2023-05-24,3.4704678058624268,13.812369346618652,9.210000038146973,9.60664176940918,36.709999084472656,12.789999961853027,11.380000114440918
2023-05-25,3.415382146835327,13.695582389831543,9.40999984741211,9.524953842163086,36.72999954223633,12.720000267028809,11.0600004196167
2023-05-26,3.4625985622406006,13.680010795593262,9.140000343322754,9.541293144226074,36.689998626708984,12.300000190734863,11.119999885559082
2023-05-30,3.5255558490753174,13.99923324584961,9.199999809265137,9.892559051513672,37.459999084472656,12.520000457763672,11.279999732971191
2023-05-31,3.44685959815979,13.672222137451172,9.40999984741211,10.074180603027344,37.0,12.180000305175781,10.989999771118164
2023-06-01,3.57277250289917,14.271746635437012,9.729999542236328,10.260896682739258,38.38999938964844,12.720000267028809,11.300000190734863
2023-06-02,3.549163579940796,14.334033012390137,10.699999809265137,10.031745910644531,38.52000045776367,12.760000228881836,11.479999542236328
2023-06-05,3.675076723098755,14.949127197265625,11.699999809265137,10.46458625793457,39.13999938964844,12.859999656677246,11.729999542236328
2023-06-06,4.123640060424805,17.04355812072754,12.010000228881836,11.822522163391113,40.83000183105469,12.949999809265137,12.460000038146973
2023-06-07,4.281032085418701,17.479576110839844,11.670000076293945,12.306286811828613,40.130001068115234,12.90999984741211,12.529999732971191
2023-06-08,4.123640060424805,17.020204544067383,11.779999732971191,12.459054946899414,39.470001220703125,12.920000076293945,12.619999885559082
2023-06-09,4.233814239501953,16.97348976135254,11.569999694824219,12.569387435913086,39.13999938964844,12.699999809265137,12.550000190734863
2023-06-12,4.202335834503174,17.136993408203125,11.390000343322754,12.391157150268555,38.779998779296875,12.65999984741211,12.390000343322754
2023-06-13,4.2495527267456055,17.495153427124023,11.0,12.883407592773438,38.54999923706055,12.289999961853027,12.399999618530273
2023-06-14,4.328248977661133,17.36278533935547,10.729999542236328,13.180456161499023,38.189998626708984,12.1899995803833,12.5
2023-06-15,4.383335590362549,18.141386032104492,11.239999771118164,13.545400619506836,38.34000015258789,12.529999732971191,13.449999809265137
2023-06-16,4.635159969329834,19.052350997924805,11.979999542236328,14.317729949951172,40.90999984741211,13.319999694824219,14.550000190734863
2023-06-20,4.816160202026367,20.18132209777832,14.199999809265137,14.555363655090332,42.77000045776367,13.300000190734863,14.539999961853027
2023-06-21,4.934203624725342,20.81198501586914,13.989999771118164,15.107026100158691,43.79999923706055,13.84000015258789,15.449999809265137
2023-06-22,4.705986976623535,19.60515785217285,14.0,14.003705978393555,42.09000015258789,13.050000190734863,14.729999542236328
2023-06-23,4.800422191619873,19.706375122070312,14.649999618530273,14.241342544555664,42.040000915527344,13.1899995803833,14.789999961853027
2023-06-26,4.965681552886963,21.427080154418945,16.969999313354492,14.91182804107666,42.38999938964844,13.899999618530273,15.399999618530273
2023-06-27,4.800422191619873,20.59398078918457,15.109999656677246,14.232854843139648,41.79999923706055,13.149999618530273,14.989999771118164
2023-06-28,4.831899642944336,20.586196899414062,15.199999809265137,14.317729949951172,41.7400016784668,13.039999961853027,14.770000457763672
2023-06-29,4.871247291564941,20.741910934448242,15.0,14.631749153137207,42.36000061035156,13.3100004196167,15.1899995803833
2023-06-30,4.824029922485352,20.54726219177246,15.420000076293945,14.597801208496094,43.31999969482422,13.779999732971191,14.890000343322754
2023-07-03,4.871247291564941,20.43825912475586,15.369999885559082,14.69115924835205,42.81999969482422,13.739999771118164,14.890000343322754
2023-07-05,4.863377094268799,20.36818504333496,15.9399995803833,14.801491737365723,43.650001525878906,13.989999771118164,15.149999618530273
2023-07-06,4.446292400360107,18.83434295654297,15.3100004196167,13.672709465026855,40.970001220703125,13.020000457763672,14.050000190734863
2023-07-07,4.658768653869629,19.51172637939453,15.020000457763672,14.080089569091797,41.63999938964844,13.739999771118164,14.369999885559082
2023-07-10,4.580074310302734,18.935556411743164,15.0,13.832258224487305,41.310001373291016,13.479999542236328,14.510000228881836
2023-07-11,4.5879435539245605,19.215852737426758,14.899999618530273,14.003766059875488,41.5,13.260000228881836,14.420000076293945
2023-07-12,4.635159969329834,19.85430908203125,14.84000015258789,14.321060180664062,43.189998626708984,13.399999618530273,14.9399995803833
2023-07-13,4.721725940704346,20.6951961517334,16.200000762939453,14.89561939239502,43.54999923706055,13.609999656677246,15.170000076293945
2023-07-14,4.414813995361328,19.41050910949707,15.289999961853027,13.96088981628418,42.779998779296875,12.829999923706055,14.479999542236328
2023-07-17,4.729595184326172,20.71542739868164,16.8700008392334,14.724103927612305,44.869998931884766,13.539999961853027,15.239999771118164
2023-07-18,4.698117256164551,20.73921012878418,16.719999313354492,14.94707202911377,44.709999084472656,13.710000038146973,15.479999542236328
2023-07-19,4.517117977142334,20.28748893737793,16.100000381469727,14.664080619812012,43.900001525878906,13.279999732971191,15.350000381469727
2023-07-20,4.635159969329834,20.650476455688477,16.3700008392334,14.921340942382812,43.88999938964844,13.329999923706055,15.25
2023-07-21,4.7933502197265625,21.231273651123047,16.68000030517578,15.307242393493652,44.619998931884766,13.699999809265137,15.460000038146973
2023-07-24,4.705907821655273,20.70694351196289,16.31999969482422,14.904191970825195,44.25,13.399999618530273,15.630000114440918
2023-07-25,4.690009593963623,21.02960968017578,16.260000228881836,15.16146183013916,44.060001373291016,13.229999542236328,15.630000114440918
2023-07-26,4.7933502197265625,21.13447380065918,16.100000381469727,15.230061531066895,43.689998626708984,13.199999809265137,15.399999618530273
2023-07-27,4.3958916664123535,19.868022918701172,14.930000305175781,14.16670036315918,41.2400016784668,12.3100004196167,14.350000381469727
2023-07-28,4.5151286125183105,20.376220703125,15.460000038146973,14.47932243347168,41.18000030517578,12.449999809265137,14.59000015258789
2023-07-31,4.499229907989502,20.295547485351562,14.899999618530273,14.678503036499023,42.0,12.399999618530273,14.890000343322754
2023-08-01,4.364093780517578,20.650476455688477,14.699999809265137,14.1935453414917,42.869998931884766,11.970000267028809,14.680000305175781
2023-08-02,4.165364742279053,19.747020721435547,14.220000267028809,13.691274642944336,41.43000030517578,11.510000228881836,14.260000228881836
2023-08-03,4.0779242515563965,19.45662498474121,14.899999618530273,13.578695297241211,40.029998779296875,11.539999961853027,14.0
2023-08-04,4.189212799072266,20.033714294433594,14.510000228881836,14.158907890319824,40.31999969482422,11.539999961853027,14.069999694824219
2023-08-07,4.149466514587402,19.877519607543945,14.170000076293945,13.942411422729492,40.720001220703125,11.5,13.949999809265137
2023-08-08,4.316399574279785,20.51873207092285,14.050000190734863,14.487983703613281,41.15999984741211,11.6899995803833,14.329999923706055
2023-08-09,4.236907958984375,20.35431671142578,14.020000457763672,14.384065628051758,41.75,11.869999885559082,14.329999923706055
2023-08-10,4.316399574279785,21.127059936523438,13.609999656677246,14.903656959533691,42.900001525878906,12.180000305175781,14.390000343322754
2023-08-11,4.351924896240234,20.979089736938477,13.630000114440918,14.522622108459473,44.75,12.25,14.510000228881836
2023-08-14,4.295407295227051,19.35140037536621,13.220000267028809,13.682615280151367,43.63999938964844,11.699999809265137,14.229999542236328
2023-08-15,4.182368755340576,19.154104232788086,13.300000190734863,13.552714347839355,44.79999923706055,11.850000381469727,14.069999694824219
2023-08-16,4.190443515777588,19.26919174194336,13.869999885559082,13.812509536743164,45.0099983215332,12.460000038146973,14.630000114440918
2023-08-17,3.980517625808716,18.79144287109375,13.9399995803833,13.266939163208008,44.43000030517578,12.899999618530273,14.739999771118164
2023-08-18,3.980517625808716,18.917165756225586,13.65999984741211,13.137042045593262,44.75,12.869999885559082,14.59000015258789
2023-08-21,3.9401469230651855,18.556758880615234,13.5,13.015802383422852,44.040000915527344,12.350000381469727,14.399999618530273
2023-08-22,4.045109748840332,19.394914627075195,13.350000381469727,13.457456588745117,46.72999954223633,12.989999771118164,14.619999885559082
2023-08-23,4.182368755340576,19.86428451538086,13.899999618530273,14.314785957336426,47.310001373291016,13.279999732971191,15.029999732971191
2023-08-24,4.152882099151611,20.1408748626709,14.039999961853027,13.854426383972168,46.310001373291016,12.859999656677246,14.6899995803833
2023-08-25,4.455952167510986,20.71082305908203,13.930000305175781,14.448437690734863,45.77000045776367,12.890000343322754,14.75
2023-08-28,4.775404453277588,22.278167724609375,14.34000015258789,15.557843208312988,47.689998626708984,13.140000343322754,14.899999618530273
2023-08-29,4.890079498291016,22.62181282043457,14.210000038146973,15.94219970703125,48.189998626708984,12.869999885559082,14.84000015258789
2023-08-30,4.709875583648682,22.361988067626953,13.949999809265137,15.846110343933105,47.099998474121094,12.65999984741211,14.609999656677246
2023-08-31,4.685301780700684,22.336843490600586,14.069999694824219,15.793695449829102,45.560001373291016,12.489999771118164,14.4399995803833
2023-09-01,4.4969072341918945,21.842329025268555,13.729999542236328,15.356925964355469,45.83000183105469,12.460000038146973,14.210000038146973
2023-09-05,4.36584997177124,20.7611141204834,12.859999656677246,14.684294700622559,43.9900016784668,11.920000076293945,13.649999618530273
2023-09-06,4.3740410804748535,20.367177963256836,12.739999771118164,14.47464370727539,42.90999984741211,11.670000076293945,13.470000267028809
2023-09-07,4.341277599334717,20.03191566467285,12.529999732971191,14.264991760253906,40.83000183105469,11.4399995803833,13.09000015258789
2023-09-08,4.03001594543457,19.34462547302246,12.039999961853027,13.854426383972168,38.84000015258789,10.890000343322754,12.65999984741211
2023-09-11,4.005441188812256,19.235668182373047,11.75,13.749602317810059,37.86000061035156,10.489999771118164,12.069999694824219
2023-09-12,4.111926078796387,19.520639419555664,12.399999618530273,13.950516700744629,39.91999816894531,11.130000114440918,12.449999809265137
2023-09-13,4.087353229522705,19.72179412841797,12.6899995803833,14.02039909362793,40.7400016784668,11.4399995803833,12.84000015258789
2023-09-14,4.1856465339660645,20.11573028564453,13.100000381469727,14.17763900756836,41.40999984741211,11.670000076293945,12.930000305175781
2023-09-15,4.14469051361084,19.80561065673828,13.109999656677246,13.863162994384766,40.439998626708984,11.300000190734863,12.710000038146973
2023-09-18,4.259365558624268,20.518041610717773,13.529999732971191,14.247523307800293,42.099998474121094,12.0600004196167,13.079999923706055
2023-09-19,4.136499881744385,19.75532341003418,13.270000457763672,13.793279647827148,41.47999954223633,11.680000305175781,12.9399995803833
2023-09-20,4.021824836730957,19.299510955810547,12.850000381469727,13.373978614807129,40.33000183105469,11.239999771118164,12.789999961853027
2023-09-21,3.964487314224243,19.01782989501953,12.829999923706055,13.059500694274902,40.15999984741211,11.0,13.119999885559082
2023-09-22,3.8661937713623047,18.65078353881836,12.470000267028809,12.887839317321777,40.11000061035156,10.90999984741211,12.869999885559082
2023-09-25,3.7351362705230713,18.249601364135742,12.319999694824219,12.579730033874512,39.0,10.489999771118164,12.579999923706055
2023-09-26,3.63684344291687,17.711843490600586,12.390000343322754,12.183587074279785,38.5099983215332,10.34000015258789,12.210000038146973
2023-09-27,3.604079246520996,17.703310012817383,12.510000228881836,12.1131591796875,39.04999923706055,10.569999694824219,12.6899995803833
2023-09-28,3.6738991737365723,17.771595001220703,12.510000228881836,12.20999526977539,38.77000045776367,10.59000015258789,12.619999885559082
2023-09-29,3.4494755268096924,16.841190338134766,12.0,11.48813533782959,37.36000061035156,10.180000305175781,12.25
2023-10-02,3.4411630630493164,16.482685089111328,11.649999618530273,11.136007308959961,37.029998779296875,10.0,12.119999885559082
2023-10-03,3.3414196968078613,15.688854217529297,10.399999618530273,10.669440269470215,36.189998626708984,9.819999694824219,11.640000343322754
2023-10-04,3.391291856765747,15.95346450805664,10.489999771118164,10.801490783691406,36.43000030517578,10.220000267028809,11.460000038146973
2023-10-05,3.5159716606140137,16.132719039916992,11.09000015258789,11.162418365478516,36.939998626708984,10.579999923706055,11.489999771118164
2023-10-06,3.5575313568115234,16.19247055053711,12.039999961853027,11.24164867401123,37.540000915527344,10.760000228881836,11.399999618530273
2023-10-09,3.5242834091186523,15.714458465576172,12.039999961853027,10.898323059082031,38.47999954223633,10.970000267028809,11.970000267028809
2023-10-10,3.4494755268096924,15.535210609436035,11.960000038146973,10.59021282196045,39.59000015258789,11.180000305175781,12.079999923706055
2023-10-11,3.540907621383667,15.671783447265625,11.989999771118164,10.915928840637207,40.939998626708984,11.9399995803833,12.5
2023-10-12,3.5242834091186523,15.543746948242188,12.300000190734863,10.651836395263672,40.90999984741211,11.850000381469727,12.859999656677246
2023-10-13,3.4079153537750244,15.424241065979004,12.119999885559082,10.502181053161621,39.65999984741211,11.75,12.739999771118164
2023-10-16,3.4827239513397217,16.20954132080078,11.979999542236328,11.091995239257812,40.40999984741211,11.760000228881836,12.979999542236328
2023-10-17,3.5824673175811768,16.670480728149414,12.649999618530273,10.995158195495605,43.709999084472656,12.75,13.720000267028809
2023-10-18,3.5159716606140137,16.32904052734375,12.489999771118164,10.819095611572266,43.400001525878906,13.3100004196167,13.5
2023-10-19,3.4079153537750244,16.013214111328125,11.489999771118164,10.273298263549805,41.97999954223633,12.920000076293945,12.609999656677246
2023-10-20,3.316483974456787,15.919316291809082,11.140000343322754,9.973990440368652,41.029998779296875,12.680000305175781,12.289999961853027
2023-10-23,3.324795722961426,15.96200180053711,11.550000190734863,10.106036186218262,39.369998931884766,11.680000305175781,11.489999771118164
2023-10-24,3.200115919113159,15.364494323730469,11.710000038146973,9.745107650756836,39.33000183105469,11.329999923706055,11.239999771118164
2023-10-25,3.4162282943725586,16.22661018371582,11.949999809265137,10.422954559326172,40.11000061035156,11.430000305175781,11.270000457763672
2023-10-26,3.5159716606140137,16.679014205932617,11.920000076293945,10.502181053161621,40.130001068115234,11.619999885559082,11.300000190734863
2023-10-27,3.4494755268096924,16.58511734008789,11.680000305175781,10.343724250793457,38.900001525878906,11.149999618530273,11.039999961853027
2023-10-30,3.241676092147827,15.39863395690918,11.079999923706055,9.797926902770996,37.380001068115234,10.539999961853027,10.449999809265137
2023-10-31,3.2583000659942627,15.6376371383667,10.239999771118164,9.868353843688965,36.880001068115234,10.210000038146973,9.930000305175781
2023-11-01,3.507659435272217,16.610721588134766,10.300000190734863,10.51978588104248,37.9900016784668,10.699999809265137,10.350000381469727
2023-11-02,3.5824673175811768,17.293590545654297,10.770000457763672,10.836700439453125,38.349998474121094,10.920000076293945,10.699999809265137
2023-11-03,3.6406521797180176,17.45577049255371,11.170000076293945,10.951142311096191,38.349998474121094,10.539999961853027,10.720000267028809
2023-11-06,3.574155569076538,16.824121475219727,10.770000457763672,10.599015235900879,36.88999938964844,10.199999809265137,10.239999771118164
2023-11-07,3.565843343734741,16.875335693359375,10.789999961853027,10.625423431396484,36.959999084472656,10.34000015258789,10.140000343322754
2023-11-08,3.4162282943725586,16.363182067871094,10.1899995803833,10.317313194274902,36.27000045776367,10.010000228881836,10.029999732971191
2023-11-09,3.466099739074707,16.33757781982422,10.539999961853027,10.361331939697266,35.84000015258789,10.029999732971191,9.960000038146973
2023-11-10,3.4993479251861572,16.670480728149414,10.3100004196167,10.370134353637695,35.84000015258789,10.229999542236328,10.319999694824219
2023-11-13,3.4744114875793457,16.54243278503418,10.199999809265137,10.264495849609375,35.75,10.100000381469727,10.15999984741211
2023-11-14,3.565843343734741,16.824121475219727,10.739999771118164,10.528589248657227,36.54999923706055,10.34000015258789,10.470000267028809
2023-11-15,3.5159716606140137,16.76436424255371,11.289999961853027,10.554999351501465,35.400001525878906,9.949999809265137,10.25
2023-11-16,3.53259539604187,16.465618133544922,10.920000076293945,10.449360847473145,35.84000015258789,10.010000228881836,10.210000038146973
2023-11-17,3.6655874252319336,17.276519775390625,11.5,11.003959655761719,37.060001373291016,10.460000038146973,10.729999542236328
2023-11-20,4.347170829772949,20.759136199951172,14.329999923706055,12.896641731262207,43.70000076293945,13.029999732971191,15.010000228881836
2023-11-21,4.155994892120361,20.784744262695312,14.069999694824219,12.817414283752441,42.630001068115234,13.09000015258789,14.829999923706055
2023-11-22,3.6323397159576416,19.393402099609375,14.199999809265137,11.884276390075684,42.380001068115234,12.739999771118164,15.0
2023-11-24,4.355482578277588,22.12487030029297,16.399999618530273,13.486454010009766,45.59000015258789,13.75,16.84000015258789
2023-11-27,4.704586029052734,24.156396865844727,16.229999542236328,14.806930541992188,47.220001220703125,14.550000190734863,17.260000228881836
2023-11-28,4.413666725158691,23.908857345581055,15.390000343322754,14.85975170135498,45.869998931884766,13.680000305175781,16.790000915527344
2023-11-29,4.663026809692383,24.51490020751953,16.290000915527344,15.247088432312012,46.91999816894531,13.9399995803833,16.979999542236328
2023-11-30,4.646402359008789,24.25882911682129,16.059999465942383,15.123847007751465,46.959999084472656,13.960000038146973,16.610000610351562
2023-12-01,4.554971218109131,23.65278434753418,16.489999771118164,14.903765678405762,45.650001525878906,13.369999885559082,16.149999618530273
2023-12-04,4.438602447509766,23.046735763549805,16.610000610351562,14.85975170135498,46.13999938964844,12.949999809265137,16.040000915527344
2023-12-05,4.546658039093018,23.072343826293945,17.209999084472656,15.247088432312012,47.220001220703125,12.970000267028809,17.09000015258789
2023-12-06,4.413666725158691,22.457767486572266,16.760000228881836,14.903765678405762,46.619998931884766,13.010000228881836,16.40999984741211
2023-12-07,4.355482578277588,22.526050567626953,16.889999389648438,14.965388298034668,47.029998779296875,13.5,16.5
2023-12-08,4.438602447509766,23.20891761779785,17.600000381469727,15.405546188354492,47.369998931884766,13.829999923706055,17.139999389648438
2023-12-11,4.46353816986084,23.473529815673828,18.110000610351562,15.37913703918457,46.84000015258789,13.960000038146973,17.079999923706055
2023-12-12,4.355482578277588,23.132097244262695,19.690000534057617,15.211878776550293,49.0,14.770000457763672,17.260000228881836
2023-12-13,4.596529960632324,24.07103729248047,19.649999618530273,15.722461700439453,49.5099983215332,14.890000343322754,17.600000381469727
2023-12-14,4.513410568237305,23.379634857177734,19.010000228881836,15.255891799926758,48.400001525878906,15.130000114440918,17.43000030517578
2023-12-15,4.338858127593994,22.876022338867188,19.950000762939453,14.48121452331543,48.79999923706055,15.489999771118164,17.040000915527344
2023-12-18,4.405354976654053,23.75521469116211,21.110000610351562,14.97419261932373,50.36000061035156,15.3100004196167,17.520000457763672
2023-12-19,4.239114761352539,23.601564407348633,20.290000915527344,14.727701187133789,50.560001373291016,14.720000267028809,17.31999969482422
2023-12-20,4.446914196014404,24.916086196899414,19.299999237060547,15.414349555969238,50.08000183105469,14.9399995803833,17.700000762939453
2023-12-21,4.621466636657715,25.03558921813965,20.09000015258789,15.643232345581055,50.04999923706055,14.8100004196167,17.649999618530273
2023-12-22,4.771081924438477,25.445308685302734,19.030000686645508,16.021770477294922,50.36000061035156,15.100000381469727,17.5
2023-12-26,4.704586029052734,25.37701988220215,19.90999984741211,15.68724536895752,50.47999954223633,15.140000343322754,17.469999313354492
2023-12-27,4.729521751403809,25.009979248046875,19.209999084472656,15.60801887512207,49.54999923706055,15.029999732971191,17.239999771118164
2023-12-28,4.57159423828125,24.49782943725586,19.489999771118164,15.282299995422363,48.650001525878906,14.90999984741211,17.010000228881836
2023-12-29,4.521722316741943,24.49782943725586,19.3700008392334,15.203072547912598,49.52000045776367,15.09000015258789,17.190000534057617
2024-01-02,4.363794803619385,23.9429988861084,19.56999969482422,14.93017292022705,48.220001220703125,15.180000305175781,16.520000457763672
2024-01-03,4.288985729217529,23.524742126464844,19.34000015258789,14.77171516418457,48.4900016784668,14.949999809265137,16.770000457763672
2024-01-04,4.114434719085693,22.824806213378906,18.889999389648438,14.296347618103027,47.7400016784668,14.270000457763672,16.229999542236328
2024-01-05,4.097811222076416,22.81258201599121,18.389999389648438,14.516426086425781,48.16999816894531,14.350000381469727,16.700000762939453
2024-01-08,4.189242839813232,22.995922088623047,18.59000015258789,14.613262176513672,48.79999923706055,14.300000190734863,16.709999084472656
2024-01-09,3.90663480758667,21.695093154907227,17.15999984741211,13.636109352111816,46.45000076293945,13.710000038146973,16.040000915527344
2024-01-10,4.01469087600708,22.183990478515625,18.079999923706055,14.164299011230469,46.86000061035156,13.880000114440918,15.899999618530273
2024-01-11,3.989755868911743,22.210186004638672,17.90999984741211,13.891399383544922,46.599998474121094,13.8100004196167,15.989999771118164
2024-01-12,4.031314849853516,22.76892852783203,18.450000762939453,14.067463874816895,46.90999984741211,14.40999984741211,15.890000343322754
2024-01-16,3.914947748184204,22.410985946655273,17.479999542236328,13.803369522094727,46.720001220703125,14.0600004196167,14.90999984741211
2024-01-17,4.1061224937438965,23.947540283203125,17.610000610351562,14.313953399658203,47.150001525878906,14.170000076293945,15.0
2024-01-18,4.164306640625,24.37532615661621,18.850000381469727,14.674884796142578,47.22999954223633,14.170000076293945,15.199999809265137
2024-01-19,4.355482578277588,24.977731704711914,19.719999313354492,15.132648468017578,47.779998779296875,14.40999984741211,15.630000114440918
2024-01-22,4.638090133666992,26.383323669433594,20.290000915527344,16.004159927368164,48.130001068115234,14.779999732971191,15.640000343322754
2024-01-23,4.613153457641602,26.24363899230957,19.290000915527344,16.189027786254883,47.34000015258789,14.600000381469727,15.789999961853027
2024-01-24,4.687962055206299,27.04683494567871,19.270000457763672,16.72602081298828,48.04999923706055,14.699999809265137,16.440000534057617
2024-01-25,5.045378684997559,28.757997512817383,19.850000381469727,17.888038635253906,49.790000915527344,15.229999542236328,17.3700008392334
2024-01-26,5.269801616668701,29.35166358947754,20.049999237060547,18.73314666748047,49.939998626708984,15.470000267028809,17.690000534057617
2024-01-29,5.070313453674316,28.565929412841797,19.6200008392334,18.73314666748047,49.09000015258789,15.149999618530273,17.540000915527344
2024-01-30,4.987193584442139,28.915145874023438,19.579999923706055,18.926815032958984,48.779998779296875,15.029999732971191,17.290000915527344
2024-01-31,5.012130260467529,28.915145874023438,19.65999984741211,19.023651123046875,48.70000076293945,14.930000305175781,17.280000686645508
2024-02-01,5.028753757476807,29.805646896362305,19.65999984741211,19.21731948852539,49.16999816894531,15.180000305175781,17.489999771118164
2024-02-02,5.070313453674316,30.224708557128906,19.510000228881836,19.278940200805664,48.59000015258789,14.949999809265137,17.18000030517578
2024-02-05,4.746146202087402,28.391319274902344,18.610000610351562,18.2841854095459,46.900001525878906,14.3100004196167,16.40999984741211
2024-02-06,4.7627692222595215,28.2952880859375,18.90999984741211,18.187347412109375,46.849998474121094,14.270000457763672,16.530000686645508
2024-02-07,4.405354976654053,26.383323669433594,18.420000076293945,17.007722854614258,44.220001220703125,13.300000190734863,16.040000915527344
2024-02-08,4.197555065155029,25.16106414794922,16.829999923706055,15.97774887084961,43.369998931884766,12.8100004196167,15.8100004196167
2024-02-09,4.480162620544434,26.43570899963379,17.700000762939453,16.72602081298828,44.08000183105469,13.539999961853027,16.639999389648438
2024-02-12,4.46353816986084,26.697620391845703,17.360000610351562,16.946102142333984,43.36000061035156,13.569999694824219,16.739999771118164
2024-02-13,4.446914196014404,26.750003814697266,17.260000228881836,17.051740646362305,43.34000015258789,13.600000381469727,16.65999984741211
2024-02-14,4.579906463623047,27.00318717956543,18.360000610351562,17.474288940429688,43.93000030517578,13.369999885559082,17.020000457763672
2024-02-15,4.704586029052734,27.195253372192383,18.889999389648438,17.738384246826172,43.380001068115234,13.600000381469727,17.0
2024-02-16,4.779393196105957,27.596853256225586,18.6299991607666,18.099315643310547,42.34000015258789,13.479999542236328,16.850000381469727
2024-02-20,4.837578773498535,28.35639762878418,19.209999084472656,18.2841854095459,42.060001373291016,13.210000038146973,16.709999084472656
2024-02-21,4.754457950592041,29.35166358947754,19.06999969482422,18.292987823486328,42.209999084472656,13.199999809265137,16.959999084472656
2024-02-22,5.020442008972168,30.72234535217285,19.450000762939453,18.935619354248047,43.599998474121094,14.199999809265137,18.049999237060547
2024-02-23,5.1451215744018555,31.630306243896484,18.969999313354492,19.331762313842773,44.540000915527344,14.390000343322754,18.040000915527344
2024-02-26,5.261488914489746,32.25889205932617,18.100000381469727,19.96558380126953,43.45000076293945,14.119999885559082,17.90999984741211
2024-02-27,5.08693790435791,31.796188354492188,17.25,19.023651123046875,42.349998474121094,13.260000228881836,17.40999984741211
2024-02-28,5.095250606536865,32.03190612792969,16.889999389648438,19.138086318969727,41.56999969482422,13.130000114440918,17.06999969482422
2024-02-29,5.269801616668701,34.738338470458984,16.639999389648438,19.375774383544922,42.02000045776367,13.260000228881836,17.299999237060547
2024-03-01,5.286425590515137,34.41530990600586,17.440000534057617,19.622264862060547,42.689998626708984,13.350000381469727,17.829999923706055
2024-03-04,5.436041355133057,34.432769775390625,17.270000457763672,19.111677169799805,41.630001068115234,13.619999885559082,18.709999084472656
2024-03-05,5.3279852867126465,33.516082763671875,16.709999084472656,18.609899520874023,41.40999984741211,12.90999984741211,18.200000762939453
2024-03-06,6.026192665100098,35.68994903564453,16.1200008392334,20.124046325683594,41.849998474121094,12.739999771118164,18.670000076293945
2024-03-07,6.275552272796631,34.99151611328125,15.859999656677246,20.176864624023438,39.29999923706055,12.260000228881836,18.31999969482422
2024-03-08,6.2190165519714355,34.83437728881836,16.190000534057617,19.8863582611084,39.61000061035156,12.119999885559082,17.649999618530273
2024-03-11,5.906798839569092,33.95259475708008,15.760000228881836,19.173303604125977,39.02000045776367,12.079999923706055,17.34000015258789
2024-03-12,6.168386459350586,34.91294479370117,16.149999618530273,20.062423706054688,39.369998931884766,12.510000228881836,17.639999389648438
2024-03-13,6.607176780700684,36.851097106933594,15.680000305175781,21.391700744628906,39.15999984741211,12.40999984741211,18.110000610351562
2024-03-14,6.387782096862793,36.301082611083984,14.850000381469727,20.564207077026367,39.15999984741211,12.289999961853027,18.0
2024-03-15,6.615615367889404,37.97732162475586,15.15999984741211,20.98675537109375,39.63999938964844,12.8100004196167,18.059999465942383
2024-03-18,6.792819976806641,39.8369026184082,16.850000381469727,21.814254760742188,42.529998779296875,13.630000114440918,19.260000228881836
2024-03-19,6.6915602684021,39.74959182739258,17.09000015258789,21.453323364257812,41.90999984741211,13.630000114440918,18.969999313354492
2024-03-20,6.91095495223999,42.08061981201172,18.350000381469727,22.307235717773438,43.65999984741211,14.34000015258789,19.360000610351562
2024-03-21,7.0290913581848145,44.254493713378906,17.75,22.85302734375,43.400001525878906,14.520000457763672,20.190000534057617
2024-03-22,7.147226810455322,45.17118835449219,18.5,22.958663940429688,43.68000030517578,14.800000190734863,20.260000228881836
2024-03-25,7.147226810455322,45.47675323486328,17.969999313354492,23.020288467407227,42.83000183105469,14.800000190734863,20.3700008392334
2024-03-26,7.020652770996094,44.341796875,17.799999237060547,22.58893394470215,42.54999923706055,14.680000305175781,19.799999237060547
2024-03-27,7.172541618347168,45.11007308959961,17.920000076293945,23.020288467407227,43.5,15.050000190734863,20.1200008392334
2024-03-28,7.155664920806885,42.06315612792969,17.690000534057617,22.377653121948242,43.13999938964844,15.100000381469727,19.799999237060547
2024-04-01,7.113473892211914,42.901275634765625,18.040000915527344,22.703371047973633,42.709999084472656,15.34000015258789,19.6299991607666
2024-04-02,6.81813383102417,41.17264938354492,18.0,21.937496185302734,41.7400016784668,14.979999542236328,19.90999984741211
2024-04-03,7.400376796722412,44.07988739013672,18.780000686645508,22.97627067565918,43.779998779296875,17.09000015258789,20.639999389648438
2024-04-04,7.282240390777588,43.433834075927734,18.219999313354492,22.712175369262695,43.52000045776367,16.719999313354492,20.229999542236328
2024-04-05,7.737908363342285,44.62989807128906,19.299999237060547,24.09427261352539,46.599998474121094,18.549999237060547,21.040000915527344
2024-04-08,7.754784107208252,44.58625030517578,19.530000686645508,24.411191940307617,46.040000915527344,18.079999923706055,21.709999084472656
2024-04-09,7.746345520019531,45.101341247558594,19.0,25.22987937927246,46.5,17.65999984741211,21.75
2024-04-10,7.510073184967041,44.01004409790039,18.399999618530273,25.397144317626953,45.650001525878906,17.3700008392334,21.459999084472656
2024-04-11,7.602896213531494,45.17118835449219,18.43000030517578,26.207035064697266,46.119998931884766,17.440000534057617,21.610000610351562
2024-04-12,7.3328704833984375,44.926734924316406,17.510000228881836,26.066186904907227,45.18000030517578,16.899999618530273,21.170000076293945
2024-04-15,6.868764400482178,41.4345703125,16.299999237060547,24.2967472076416,42.45000076293945,15.600000381469727,20.209999084472656
2024-04-16,6.91095495223999,41.93220138549805,16.68000030517578,24.446399688720703,42.06999969482422,15.630000114440918,20.25
2024-04-17,6.775942325592041,41.98457717895508,16.18000030517578,24.36717414855957,42.02000045776367,15.59000015258789,19.469999313354492
2024-04-18,6.809695720672607,42.17665100097656,16.09000015258789,24.675283432006836,41.88999938964844,15.510000228881836,19.06999969482422
2024-04-19,7.2316107749938965,43.49494552612305,16.139999389648438,25.053821563720703,43.08000183105469,15.949999809265137,19.34000015258789
2024-04-22,7.915111064910889,46.50693893432617,17.399999618530273,27.30743408203125,46.25,16.989999771118164,20.790000915527344
2024-04-23,7.9319868087768555,45.459293365478516,16.6299991607666,26.87607765197754,45.099998474121094,16.56999969482422,20.8700008392334
2024-04-24,7.467883110046387,42.7615852355957,16.479999542236328,25.590810775756836,43.56999969482422,15.960000038146973,20.15999984741211
2024-04-25,7.560702323913574,42.84889221191406,16.450000762939453,25.960542678833008,43.86000061035156,16.1299991607666,20.239999771118164
2024-04-26,7.805413722991943,44.856895446777344,16.639999389648438,27.025728225708008,44.040000915527344,16.809999465942383,21.170000076293945
2024-04-29,7.915111064910889,46.40217971801758,16.979999542236328,27.518707275390625,44.84000015258789,17.450000762939453,21.479999542236328
2024-04-30,8.067000389099121,47.2839469909668,17.049999237060547,28.548677444458008,44.369998931884766,17.579999923706055,21.959999084472656
2024-05-01,8.168258666992188,47.72919845581055,17.06999969482422,28.49585723876953,45.38999938964844,18.100000381469727,22.079999923706055
2024-05-02,8.100754737854004,48.98638153076172,17.34000015258789,28.073305130004883,46.560001373291016,18.5,22.360000610351562
2024-05-03,8.851759910583496,52.5745849609375,18.68000030517578,30.212474822998047,48.7400016784668,19.200000762939453,23.3799991607666
2024-05-06,9.594330787658691,56.04928970336914,20.190000534057617,32.395660400390625,49.599998474121094,19.610000610351562,23.8799991607666
2024-05-07,9.290553092956543,55.377052307128906,20.200000762939453,31.383304595947266,49.849998474121094,19.5,24.030000686645508
2024-05-08,9.434000968933105,56.28500747680664,20.0,31.735424041748047,49.4900016784668,19.399999618530273,24.459999084472656
2024-05-09,9.408686637878418,55.32466125488281,20.049999237060547,31.260061264038086,49.0099983215332,19.200000762939453,24.3799991607666
2024-05-10,9.19773006439209,54.47780990600586,20.18000030517578,30.784685134887695,47.09000015258789,18.670000076293945,22.780000686645508
2024-05-13,9.088031768798828,53.49127197265625,19.010000228881836,30.502981185913086,45.939998626708984,18.299999237060547,22.780000686645508
2024-05-14,9.48463249206543,55.13259506225586,19.09000015258789,31.22484588623047,47.5099983215332,18.950000762939453,23.020000457763672
2024-05-15,9.813726425170898,58.40650177001953,19.59000015258789,32.43087387084961,48.790000915527344,19.690000534057617,23.90999984741211
2024-05-16,9.7124662399292,56.791378021240234,19.389999389648438,32.2284049987793,48.310001373291016,19.350000381469727,23.639999389648438
2024-05-17,9.670272827148438,56.73027038574219,18.969999313354492,32.281219482421875,47.88999938964844,18.860000610351562,23.440000534057617
2024-05-20,9.872794151306152,57.79536056518555,19.049999237060547,32.81821823120117,48.869998931884766,19.3799991607666,23.770000457763672
2024-05-21,9.552138328552246,56.44216537475586,18.110000610351562,31.84986686706543,47.27000045776367,19.389999389648438,23.530000686645508
2024-05-22,9.02896499633789,52.97618103027344,16.829999923706055,29.561044692993164,45.029998779296875,18.219999313354492,21.770000457763672
2024-05-23,8.117630004882812,49.72846221923828,16.1299991607666,27.281021118164062,44.36000061035156,17.93000030517578,21.350000381469727
2024-05-24,8.303272247314453,50.898338317871094,16.06999969482422,28.583892822265625,45.720001220703125,17.979999542236328,21.010000228881836
2024-05-28,8.404531478881836,51.780113220214844,17.290000915527344,29.112075805664062,47.65999984741211,19.100000381469727,22.25
2024-05-29,8.632365226745605,54.08494186401367,18.200000762939453,30.080427169799805,48.529998779296875,18.829999923706055,22.459999084472656
2024-05-30,9.577454566955566,57.664424896240234,18.649999618530273,32.466087341308594,50.209999084472656,20.479999542236328,23.90999984741211
2024-05-31,9.526823997497559,57.87395095825195,18.15999984741211,31.559358596801758,49.349998474121094,19.639999389648438,23.209999084472656
2024-06-03,9.434000968933105,56.93979263305664,17.260000228881836,31.33928871154785,47.45000076293945,18.850000381469727,22.100000381469727
2024-06-04,8.691434860229492,53.2817497253418,16.309999465942383,29.261741638183594,44.189998626708984,17.799999237060547,20.280000686645508
2024-06-05,8.666118621826172,52.38250732421875,16.420000076293945,29.270532608032227,44.369998931884766,17.799999237060547,20.809999465942383
2024-06-06,8.142943382263184,50.13006591796875,15.779999732971191,27.738784790039062,43.720001220703125,17.260000228881836,20.100000381469727
2024-06-07,8.252641677856445,49.824501037597656,16.350000381469727,27.879634857177734,43.45000076293945,16.950000762939453,20.020000457763672
2024-06-10,8.717704772949219,51.911067962646484,16.709999084472656,29.37224006652832,46.16999816894531,18.110000610351562,20.829999923706055
2024-06-11,8.523193359375,49.78084945678711,16.559999465942383,28.55486297607422,44.63999938964844,17.639999389648438,20.270000457763672
2024-06-12,8.814960479736328,52.10313415527344,16.559999465942383,30.15407371520996,45.209999084472656,17.770000457763672,20.670000076293945
2024-06-13,9.460390090942383,55.00163650512695,17.56999969482422,31.273534774780273,47.11000061035156,18.979999542236328,21.170000076293945
2024-06-14,9.265877723693848,55.41197204589844,17.079999923706055,30.909263610839844,47.279998779296875,18.920000076293945,20.8799991607666
2024-06-17,9.035999298095703,55.7100944519043,16.260000228881836,30.269577026367188,45.150001525878906,18.030000686645508,20.440000534057617
2024-06-18,9.257037162780762,56.72480010986328,16.709999084472656,30.944791793823242,45.59000015258789,18.40999984741211,21.010000228881836
2024-06-20,8.487826347351074,52.800662994384766,16.18000030517578,29.318931579589844,43.630001068115234,18.809999465942383,20.760000228881836
2024-06-21,8.302156448364258,51.64228820800781,15.779999732971191,29.1010799407959,43.970001220703125,18.440000534057617,20.299999237060547
2024-06-24,8.249106407165527,51.85780334472656,16.229999542236328,29.22815704345703,44.40999984741211,18.469999313354492,20.770000457763672
2024-06-25,8.310996055603027,52.486385345458984,16.549999237060547,29.627552032470703,44.38999938964844,18.719999313354492,20.81999969482422
2024-06-26,8.063434600830078,51.121463775634766,16.149999618530273,28.020910263061523,43.72999954223633,17.93000030517578,20.280000686645508
2024-06-27,8.40825366973877,51.992496490478516,16.729999542236328,28.7198429107666,45.619998931884766,19.270000457763672,20.719999313354492
2024-06-28,8.178374290466309,51.48065185546875,16.389999389648438,27.739521026611328,44.2599983215332,18.979999542236328,20.1200008392334
2024-07-01,7.647884368896484,47.583457946777344,14.960000038146973,25.116249084472656,42.689998626708984,17.899999618530273,19.34000015258789
2024-07-02,7.824716091156006,49.2177734375,15.079999923706055,25.515640258789062,43.279998779296875,18.110000610351562,20.010000228881836
2024-07-03,7.8512396812438965,49.92715835571289,15.550000190734863,25.86964225769043,44.630001068115234,18.350000381469727,20.149999618530273
2024-07-05,7.824716091156006,48.65204620361328,15.550000190734863,25.833335876464844,45.09000015258789,18.110000610351562,20.079999923706055
2024-07-08,8.16069221496582,49.55898666381836,15.789999961853027,25.896879196166992,46.29999923706055,18.309999465942383,20.549999237060547
2024-07-09,8.40825366973877,49.82838439941406,16.100000381469727,26.169187545776367,46.27000045776367,18.15999984741211,20.729999542236328
2024-07-10,8.602764129638672,50.32227325439453,16.969999313354492,26.78643035888672,46.5,18.639999389648438,21.049999237060547
2024-07-11,8.514351844787598,49.118988037109375,17.5,26.323497772216797,46.70000076293945,18.700000762939453,21.1299991607666
2024-07-12,8.425934791564941,48.22101974487305,17.020000457763672,26.014877319335938,46.880001068115234,18.790000915527344,21.290000915527344
2024-07-15,8.20363712310791,46.900997161865234,16.399999618530273,24.88932228088379,45.400001525878906,17.799999237060547,20.989999771118164
2024-07-16,8.473371505737305,48.643062591552734,16.75,25.96949005126953,46.0,17.690000534057617,20.639999389648438
2024-07-17,7.971108913421631,47.06263732910156,15.789999961853027,24.925626754760742,44.79999923706055,17.010000228881836,19.8700008392334
2024-07-18,7.878096103668213,47.29610824584961,15.59000015258789,24.96193504333496,44.79999923706055,16.75,19.90999984741211
2024-07-19,8.092023849487305,49.2177734375,16.239999771118164,25.606407165527344,46.13999938964844,17.1299991607666,20.190000534057617
2024-07-22,8.045516967773438,49.25950622558594,16.329999923706055,25.669950485229492,46.54999923706055,17.719999313354492,20.15999984741211
2024-07-23,8.529178619384766,50.97537612915039,16.780000686645508,26.7773494720459,48.09000015258789,18.549999237060547,20.469999313354492
2024-07-24,8.20363712310791,48.378379821777344,16.3700008392334,26.03303337097168,46.869998931884766,17.690000534057617,19.690000534057617
2024-07-25,8.008312225341797,47.154075622558594,16.299999237060547,25.75164222717285,45.63999938964844,17.34000015258789,19.68000030517578
2024-07-26,8.14783000946045,48.11867904663086,16.5,26.324975967407227,46.060001373291016,17.440000534057617,19.979999542236328
2024-07-29,7.943204879760742,47.126258850097656,16.260000228881836,25.637344360351562,45.36000061035156,17.170000076293945,19.299999237060547
2024-07-30,7.961806297302246,46.98713684082031,15.970000267028809,25.107685089111328,44.0,16.719999313354492,18.950000762939453
2024-07-31,8.538479804992676,48.99052810668945,16.520000457763672,26.919677734375,45.43000030517578,17.670000076293945,19.940000534057617
2024-08-01,8.38966178894043,47.88680648803711,16.06999969482422,26.36214256286621,45.279998779296875,17.059999465942383,19.3700008392334
2024-08-02,7.721999168395996,43.81508255004883,15.430000305175781,24.763874053955078,42.72999954223633,16.059999465942383,18.139999389648438
2024-08-05,7.731861114501953,43.16583251953125,14.9399995803833,24.726707458496094,41.970001220703125,16.170000076293945,18.059999465942383
2024-08-06,8.155929565429688,44.51997756958008,14.800000190734863,26.064790725708008,43.130001068115234,17.399999618530273,18.450000762939453
2024-08-07,8.017860412597656,43.805809020996094,14.859999656677246,26.640911102294922,44.209999084472656,16.940000534057617,19.030000686645508
2024-08-08,8.767378807067871,47.738399505615234,15.90999984741211,30.45073699951172,48.79999923706055,17.81999969482422,19.780000686645508
2024-08-09,9.12241268157959,49.04617691040039,17.0,31.81670570373535,50.9900016784668,19.09000015258789,20.579999923706055
2024-08-12,9.319653511047363,50.72494888305664,17.040000915527344,31.81670570373535,51.83000183105469,19.639999389648438,21.440000534057617
2024-08-13,9.467585563659668,52.70980453491211,17.139999389648438,31.974666595458984,51.70000076293945,19.280000686645508,21.59000015258789
2024-08-14,9.802895545959473,54.138145446777344,17.200000762939453,32.931766510009766,51.86000061035156,19.06999969482422,21.600000381469727
2024-08-15,10.266410827636719,54.982177734375,17.670000076293945,32.978233337402344,52.790000915527344,19.559999465942383,21.780000686645508
2024-08-16,10.000138282775879,54.128971099853516,17.290000915527344,32.680877685546875,52.52000045776367,19.56999969482422,21.670000076293945
2024-08-19,10.256549835205078,55.24808120727539,18.260000228881836,32.86588668823242,52.869998931884766,19.260000228881836,21.790000915527344
2024-08-20,10.167791366577148,55.17155838012695,18.899999618530273,32.97975158691406,52.599998474121094,19.350000381469727,21.639999389648438
2024-08-21,9.911377906799316,53.58375930786133,18.190000534057617,32.13533020019531,51.59000015258789,18.8700008392334,21.1200008392334
2024-08-22,9.30979061126709,50.22639846801758,17.690000534057617,31.423738479614258,50.56999969482422,18.030000686645508,20.68000030517578
2024-08-23,9.546481132507324,51.22117614746094,18.079999923706055,32.90385055541992,51.13999938964844,18.56999969482422,21.06999969482422
2024-08-26,9.191446304321289,50.43683624267578,17.799999237060547,32.05942916870117,50.810001373291016,18.520000457763672,21.31999969482422
2024-08-27,9.329516410827637,50.45596694946289,17.729999542236328,33.15052795410156,51.5,18.520000457763672,21.59000015258789
2024-08-28,9.329516410827637,50.24553298950195,18.079999923706055,33.38771438598633,51.970001220703125,18.450000762939453,21.729999542236328
2024-08-29,9.862067222595215,53.31593704223633,18.59000015258789,35.75019836425781,53.0,18.729999542236328,22.440000534057617
2024-08-30,10.09875774383545,56.21415710449219,19.299999237060547,37.163883209228516,54.41999816894531,19.399999618530273,23.700000762939453
2024-09-03,10.286136627197266,57.96458053588867,18.84000015258789,38.226524353027344,54.86000061035156,19.18000030517578,23.25
2024-09-04,11.31179141998291,61.68540573120117,19.93000030517578,40.076663970947266,56.68000030517578,20.5,24.040000915527344
2024-09-05,11.144136428833008,60.64280700683594,20.899999618530273,39.83945846557617,56.66999816894531,20.690000534057617,23.920000076293945
2024-09-06,10.848275184631348,59.370643615722656,21.31999969482422,38.97606658935547,56.18000030517578,20.18000030517578,23.350000381469727
2024-09-09,10.907447814941406,61.06367492675781,22.299999237060547,40.12409210205078,57.7599983215332,20.68000030517578,23.270000457763672
2024-09-10,10.581998825073242,58.83500289916992,21.540000915527344,39.4219970703125,57.22999954223633,19.829999923706055,22.719999313354492
2024-09-11,10.779239654541016,61.216712951660156,22.770000457763672,40.94953155517578,58.689998626708984,20.56999969482422,22.81999969482422
2024-09-12,10.937033653259277,62.65147399902344,23.290000915527344,41.253150939941406,58.9900016784668,20.959999084472656,23.110000610351562
2024-09-13,11.183584213256836,64.8132095336914,24.559999465942383,42.75223159790039,59.13999938964844,21.15999984741211,23.309999465942383
2024-09-16,11.173723220825195,64.31581115722656,24.520000457763672,42.05961608886719,58.7599983215332,21.309999465942383,23.8700008392334
2024-09-17,11.183584213256836,66.5253677368164,24.690000534057617,42.828125,58.56999969482422,20.829999923706055,23.649999618530273
2024-09-18,11.587929725646973,67.77838134765625,24.709999084472656,43.767425537109375,59.439998626708984,20.6200008392334,23.559999465942383
2024-09-19,11.873929977416992,71.57574462890625,25.200000762939453,44.687747955322266,62.40999984741211,21.100000381469727,24.260000228881836
2024-09-20,11.68655014038086,70.83922576904297,24.329999923706055,44.241817474365234,61.86000061035156,20.469999313354492,23.649999618530273
2024-09-23,11.410411834716797,68.62967681884766,23.770000457763672,43.293033599853516,59.97999954223633,20.260000228881836,22.8799991607666
2024-09-24,11.262481689453125,66.19056701660156,23.959999084472656,42.088077545166016,60.18000030517578,21.06999969482422,22.75
2024-09-25,10.759515762329102,63.83755111694336,23.290000915527344,40.921077728271484,59.400001525878906,20.459999084472656,22.350000381469727
2024-09-26,10.591859817504883,62.59408950805664,22.850000381469727,40.99697494506836,58.2400016784668,19.280000686645508,22.059999465942383
2024-09-27,10.769377708435059,63.55060958862305,22.84000015258789,41.537784576416016,58.619998931884766,18.8799991607666,21.68000030517578
2024-09-30,10.226963996887207,60.738460540771484,22.15999984741211,39.9343376159668,60.040000915527344,18.34000015258789,21.209999084472656
2024-10-01,10.345308303833008,62.44104766845703,22.219999313354492,40.23794937133789,61.029998779296875,18.860000610351562,21.670000076293945
2024-10-02,10.30586051940918,62.17322540283203,22.229999542236328,39.79201889038086,59.97999954223633,18.530000686645508,21.690000534057617
2024-10-03,10.937033653259277,64.3062515258789,22.280000686645508,41.186729431152344,62.119998931884766,19.309999465942383,22.360000610351562
2024-10-04,10.976481437683105,64.99493408203125,22.3700008392334,41.262638092041016,63.060001373291016,19.56999969482422,22.239999771118164
2024-10-07,10.660895347595215,62.70886993408203,21.850000381469727,40.342315673828125,61.02000045776367,19.25,21.979999542236328
2024-10-08,11.163861274719238,65.97058868408203,21.68000030517578,41.91729736328125,61.72999954223633,19.309999465942383,22.100000381469727
2024-10-09,11.548481941223145,67.66358947753906,23.31999969482422,44.19438171386719,63.790000915527344,20.65999984741211,23.59000015258789
2024-10-10,11.775308609008789,70.0166244506836,23.68000030517578,45.48472213745117,63.66999816894531,20.729999542236328,24.25
2024-10-11,12.179654121398926,71.57574462890625,23.350000381469727,47.221012115478516,64.97000122070312,20.81999969482422,24.8799991607666
2024-10-14,11.854206085205078,70.95399475097656,23.149999618530273,46.907894134521484,64.87999725341797,20.959999084472656,25.25
2024-10-15,11.873929977416992,71.70964050292969,23.229999542236328,47.10715866088867,65.5999984741211,20.770000457763672,25.739999771118164
2024-10-16,11.183584213256836,67.23318481445312,22.6200008392334,46.33863067626953,64.36000061035156,20.239999771118164,24.8799991607666
2024-10-17,11.163861274719238,68.10359191894531,23.190000534057617,46.31965255737305,67.8499984741211,20.469999313354492,25.020000457763672
2024-10-18,11.400551795959473,69.586181640625,22.959999084472656,48.0274658203125,67.62999725341797,20.969999313354492,25.0
2024-10-21,11.499171257019043,69.68183135986328,23.270000457763672,48.036956787109375,67.66000366210938,21.280000686645508,24.8700008392334
2024-10-22,11.430137634277344,69.2705307006836,23.549999237060547,47.95156478881836,67.66000366210938,21.139999389648438,24.81999969482422
2024-10-23,11.173723220825195,67.86446380615234,24.079999923706055,47.221012115478516,66.55999755859375,20.8799991607666,24.299999237060547
2024-10-24,12.199378967285156,73.49832153320312,25.770000457763672,50.21916198730469,68.18000030517578,21.950000762939453,25.110000610351562
2024-10-25,13.264481544494629,75.95655059814453,26.559999465942383,51.12998962402344,68.61000061035156,22.25,25.649999618530273
2024-10-28,13.619516372680664,75.66960144042969,26.479999542236328,51.33872604370117,67.0,22.15999984741211,25.510000228881836
2024-10-29,13.668825149536133,75.52613067626953,27.280000686645508,50.788429260253906,66.4000015258789,22.440000534057617,24.84000015258789
2024-10-30,13.382824897766113,74.63656616210938,27.799999237060547,49.58347702026367,66.73999786376953,22.09000015258789,24.549999237060547
2024-10-31,13.580068588256836,74.827880859375,29.100000381469727,50.019920349121094,66.93000030517578,22.399999618530273,24.510000228881836
2024-11-01,13.58992862701416,72.36007690429688,31.1200008392334,49.27037811279297,66.0199966430664,22.420000076293945,25.3700008392334
2024-11-04,13.520895004272461,71.82443237304688,31.5,49.09958267211914,65.72000122070312,23.420000076293945,26.59000015258789
2024-11-05,13.905515670776367,72.1496353149414,32.2599983215332,49.13754653930664,67.69000244140625,22.600000381469727,27.489999771118164
2024-11-06,15.0791015625,78.59651947021484,32.63999938964844,52.12621307373047,69.2300033569336,23.030000686645508,28.25
2024-11-07,15.552480697631836,78.12783813476562,32.0,51.95543670654297,69.41999816894531,23.809999465942383,29.31999969482422
2024-11-08,15.157998085021973,75.78438568115234,32.0,51.063575744628906,70.16000366210938,23.170000076293945,29.239999771118164
2024-11-11,15.355238914489746,75.67916107177734,31.270000457763672,51.0540885925293,71.06999969482422,23.479999542236328,29.84000015258789
2024-11-12,15.542617797851562,76.3104476928711,32.630001068115234,51.945953369140625,71.69000244140625,24.229999542236328,29.790000915527344
2024-11-13,15.956826210021973,76.09046936035156,33.470001220703125,52.21160888671875,73.97000122070312,25.850000381469727,30.90999984741211
2024-11-14,15.818757057189941,75.6026382446289,34.7599983215332,51.907997131347656,75.83999633789062,27.40999984741211,32.2599983215332
2024-11-15,16.02585792541504,76.55915832519531,34.22999954223633,53.40707778930664,76.37999725341797,27.420000076293945,32.38999938964844
2024-11-18,17.436132431030273,80.74867248535156,36.81999969482422,56.13008117675781,80.0199966430664,29.18000030517578,34.939998626708984
2024-11-19,17.00220489501953,77.33393096923828,36.77000045776367,54.10917282104492,79.41000366210938,28.280000686645508,35.54999923706055
2024-11-20,17.327651977539062,78.24261474609375,36.63999938964844,54.706912994384766,81.88999938964844,28.829999923706055,37.16999816894531
2024-11-21,16.17378807067871,76.53045654296875,35.90999984741211,53.06550979614258,82.27999877929688,29.559999465942383,37.470001220703125
2024-11-22,16.321720123291016,77.39131927490234,36.290000915527344,52.63855743408203,84.93000030517578,29.780000686645508,40.029998779296875
2024-11-25,16.272409439086914,77.24784851074219,38.16999816894531,52.66703414916992,82.62999725341797,29.040000915527344,39.2599983215332
2024-11-26,16.657032012939453,80.1556396484375,39.060001373291016,53.82453536987305,83.93000030517578,29.010000228881836,40.029998779296875
2024-11-27,16.134340286254883,78.47218322753906,38.290000915527344,53.236289978027344,84.19999694824219,29.190000534057617,39.709999084472656
2024-11-29,16.351308822631836,81.20780181884766,39.97999954223633,53.54938888549805,85.58999633789062,29.719999313354492,40.29999923706055
2024-12-02,17.14027214050293,83.86690521240234,40.52000045776367,56.196502685546875,86.93000030517578,29.3799991607666,40.220001220703125
2024-12-03,17.00220489501953,80.89215850830078,42.13999938964844,55.13386917114258,87.0999984741211,29.389999389648438,40.150001525878906
2024-12-04,16.08502960205078,79.32347869873047,40.810001373291016,53.24578094482422,86.05999755859375,28.31999969482422,38.380001068115234
2024-12-05,16.499238967895508,82.1834487915039,45.0,55.24771499633789,87.0199966430664,28.299999237060547,38.459999084472656
2024-12-06,17.03179168701172,82.85299682617188,46.5,55.902381896972656,87.41999816894531,28.18000030517578,38.869998931884766
2024-12-09,17.179719924926758,82.19300842285156,45.540000915527344,55.29515075683594,87.86000061035156,28.610000610351562,40.5099983215332
2024-12-10,16.39075469970703,80.49998474121094,45.77000045776367,54.982059478759766,86.7300033569336,28.549999237060547,40.650001525878906
2024-12-11,17.150135040283203,86.72687530517578,47.369998931884766,58.60641860961914,90.51000213623047,30.1200008392334,43.119998931884766
2024-12-12,17.110689163208008,85.68427276611328,47.849998474121094,58.4261474609375,89.66000366210938,30.170000076293945,43.959999084472656
2024-12-13,16.982479095458984,88.93641662597656,49.22999954223633,59.12824630737305,89.38999938964844,29.649999618530273,44.560001373291016
2024-12-16,18.954893112182617,102.18408966064453,49.18000030517578,64.28963470458984,91.79000091552734,30.31999969482422,44.58000183105469
2024-12-17,18.945032119750977,101.63887786865234,46.81999969482422,65.20046997070312,90.69000244140625,29.690000534057617,44.880001068115234
2024-12-18,17.179719924926758,93.2120132446289,42.849998474121094,60.086517333984375,85.6500015258789,28.190000534057617,41.689998626708984
2024-12-19,16.647171020507812,91.0981216430664,42.47999954223633,58.160484313964844,84.97000122070312,27.5,41.41999816894531
2024-12-20,18.047582626342773,92.49463653564453,42.27000045776367,60.33320236206055,85.91999816894531,27.75,42.02000045776367
2024-12-23,18.225099563598633,93.48941040039062,44.5,59.87778091430664,86.66999816894531,28.219999313354492,42.439998626708984
2024-12-24,19.19158172607422,95.68938446044922,45.88999938964844,61.54764938354492,88.20999908447266,28.75,42.790000915527344
2024-12-26,19.290203094482422,97.00936126708984,44.689998626708984,61.40533447265625,88.11000061035156,28.969999313354492,43.060001373291016
2024-12-27,19.40854835510254,95.87112426757812,44.5,61.00684356689453,88.38999938964844,29.780000686645508,42.63999938964844
2024-12-30,18.7872371673584,93.08766174316406,43.06999969482422,59.602630615234375,87.76000213623047,29.56999969482422,42.369998931884766
2024-12-31,18.797100067138672,92.5520248413086,42.90999984741211,59.12824630737305,87.94000244140625,29.270000457763672,42.5099983215332
2025-01-02,21.469724655151367,104.42232513427734,47.0,65.2763671875,93.05999755859375,32.400001525878906,44.599998474121094
2025-01-03,21.95296287536621,105.94316864013672,44.650001525878906,66.52877044677734,93.54000091552734,32.70000076293945,44.060001373291016
2025-01-06,22.949033737182617,108.88924407958984,43.56999969482422,67.46806335449219,94.13999938964844,32.59000015258789,45.0099983215332
2025-01-07,22.643306732177734,110.81182098388672,42.619998931884766,68.52122497558594,94.77999877929688,33.25,46.029998779296875
2025-01-08,22.14034080505371,108.10488891601562,37.45000076293945,67.36368560791016,92.68000030517578,32.77000045776367,45.31999969482422
2025-01-10,23.09696388244629,108.88924407958984,36.95000076293945,68.36941528320312,94.87999725341797,31.950000762939453,45.849998474121094
2025-01-13,21.37110137939453,102.34669494628906,33.93000030517578,64.57425689697266,89.58000183105469,29.420000076293945,44.5099983215332
2025-01-14,22.771514892578125,109.60661315917969,36.06999969482422,66.8228988647461,93.22000122070312,30.209999084472656,45.0
2025-01-15,23.047653198242188,110.10401916503906,35.349998474121094,67.96143341064453,92.41999816894531,29.549999237060547,45.0
2025-01-16,22.406618118286133,106.77534484863281,33.33000183105469,66.32003784179688,89.01000213623047,29.0,43.81999969482422
2025-01-17,21.58806610107422,99.90758514404297,32.97999954223633,63.634971618652344,86.01000213623047,28.280000686645508,42.709999084472656
2025-01-21,23.00820541381836,104.537109375,36.08000183105469,66.56671905517578,89.11000061035156,29.389999389648438,43.349998474121094
2025-01-22,23.32379150390625,104.03015899658203,36.25,67.23086547851562,87.94999694824219,30.06999969482422,43.02000045776367
2025-01-23,22.584135055541992,100.73975372314453,36.119998931884766,65.37125396728516,86.83999633789062,29.170000076293945,41.959999084472656
2025-01-24,22.229103088378906,99.8215103149414,36.20000076293945,64.73556518554688,85.63999938964844,28.520000457763672,40.959999084472656
2025-01-27,20.9075870513916,93.43201446533203,36.83000183105469,61.45276641845703,82.83999633789062,27.530000686645508,39.619998931884766
2025-01-28,21.085098266601562,93.59461975097656,37.90999984741211,62.52489471435547,81.30000305175781,27.440000534057617,38.86000061035156
2025-01-29,22.52496337890625,97.47805786132812,38.68000030517578,64.87787628173828,87.26000213623047,28.799999237060547,40.0
2025-01-30,22.288272857666016,97.19109344482422,39.310001373291016,65.75076293945312,89.75,29.350000381469727,40.47999954223633
2025-01-31,21.548620223999023,95.12503051757812,39.08000183105469,64.02397155761719,89.43000030517578,28.239999771118164,39.470001220703125
2025-02-03,21.213308334350586,91.71985626220703,38.09000015258789,61.84176254272461,85.0199966430664,27.739999771118164,38.47999954223633
2025-02-04,20.91744613647461,92.05463409423828,39.75,62.06948471069336,86.43000030517578,28.200000762939453,39.31999969482422
2025-02-05,20.73006820678711,88.63032531738281,38.52000045776367,60.43756866455078,83.0,27.6200008392334,38.560001373291016
2025-02-06,22.061445236206055,94.85720825195312,40.16999816894531,63.23648452758789,86.2300033569336,28.09000015258789,39.33000183105469
2025-02-07,20.779375076293945,89.26162719726562,38.38999938964844,60.33320236206055,80.66999816894531,26.459999084472656,37.790000915527344
2025-02-10,20.434202194213867,91.25116729736328,39.52000045776367,59.81136703491211,80.66000366210938,26.40999984741211,38.0
2025-02-11,18.8858585357666,85.55992889404297,37.0,55.60825729370117,77.26000213623047,25.90999984741211,36.099998474121094
2025-02-12,19.13241195678711,86.81295776367188,38.52000045776367,55.11488723754883,78.16000366210938,26.43000030517578,36.2599983215332
2025-02-13,19.89179039001465,88.18077087402344,39.849998474121094,56.016231536865234,80.56999969482422,27.75,37.13999938964844
2025-02-14,19.99041175842285,88.16162109375,39.7599983215332,55.78853225708008,80.81999969482422,27.270000457763672,37.220001220703125
2025-02-18,19.507169723510742,88.62075805664062,39.45000076293945,56.20598602294922,81.11000061035156,27.969999313354492,37.15999984741211
2025-02-19,19.58606719970703,86.86077117919922,38.439998626708984,56.5001106262207,80.8499984741211,27.270000457763672,37.11000061035156
2025-02-20,20.049585342407227,89.67292785644531,38.189998626708984,57.92328643798828,81.47000122070312,28.290000915527344,38.38999938964844
2025-02-21,19.08310317993164,85.7703628540039,36.7599983215332,55.902381896972656,80.51000213623047,27.420000076293945,37.060001373291016
2025-02-24,18.61958122253418,84.1729736328125,36.369998931884766,55.16232681274414,79.31999969482422,26.989999771118164,36.380001068115234
2025-02-25,18.678756713867188,82.71910095214844,35.88999938964844,54.69742965698242,77.0,26.06999969482422,35.41999816894531
2025-02-26,18.757654190063477,84.10603332519531,35.91999816894531,56.07316207885742,77.08999633789062,25.649999618530273,35.68000030517578
2025-02-27,17.840478897094727,76.80785369873047,34.560001373291016,52.657535552978516,73.44000244140625,24.81999969482422,34.45000076293945
2025-02-28,18.501239776611328,80.14605712890625,34.560001373291016,54.2894401550293,76.80999755859375,25.40999984741211,35.04999923706055
2025-03-03,18.451929092407227,78.85478210449219,34.38999938964844,53.66325378417969,76.33000183105469,25.93000030517578,34.290000915527344
2025-03-04,18.10675621032715,78.29045104980469,34.45000076293945,52.94218063354492,75.70999908447266,25.1200008392334,33.5
2025-03-05,18.757654190063477,82.04952239990234,35.349998474121094,55.361572265625,77.80999755859375,25.440000534057617,34.13999938964844
2025-03-06,18.274412155151367,79.0843505859375,34.68000030517578,53.90993118286133,77.9000015258789,24.229999542236328,33.40999984741211
2025-03-07,18.57027244567871,81.54257202148438,36.150001525878906,54.67844772338867,79.11000061035156,25.09000015258789,33.38999938964844
2025-03-10,16.982479095458984,76.71219635009766,32.34000015258789,51.33872604370117,74.72000122070312,23.850000381469727,31.559999465942383
2025-03-11,17.18958282470703,78.07044982910156,31.8700008392334,51.60438537597656,75.9000015258789,24.270000457763672,31.889999389648438
2025-03-12,18.32372283935547,81.32257843017578,33.63999938964844,54.82075881958008,80.45999908447266,26.709999084472656,33.88999938964844
2025-03-13,17.92923927307129,79.02696228027344,31.81999969482422,54.213539123535156,78.66000366210938,25.559999465942383,33.709999084472656
2025-03-14,18.708341598510742,81.5234603881836,33.25,56.376766204833984,82.44000244140625,27.329999923706055,35.779998779296875
2025-03-17,18.16592788696289,79.486083984375,33.27000045776367,55.31412887573242,80.23999786376953,27.239999771118164,36.18000030517578
2025-03-18,17.386823654174805,74.56005096435547,30.559999465942383,52.00287628173828,75.9000015258789,25.329999923706055,33.790000915527344
2025-03-19,18.540685653686523,79.33303833007812,32.25,54.76383590698242,79.94999694824219,27.030000686645508,35.47999954223633
2025-03-20,18.175790786743164,76.4156723022461,31.969999313354492,53.47348403930664,79.5,26.90999984741211,35.529998779296875
2025-03-21,18.757654190063477,78.74956512451172,33.09000015258789,55.56081771850586,82.37999725341797,27.559999465942383,36.529998779296875
2025-03-24,18.747791290283203,77.668701171875,33.66999816894531,54.782814025878906,82.4800033569336,27.459999084472656,36.16999816894531
2025-03-25,19.62551498413086,80.93041229248047,34.529998779296875,55.93083953857422,84.06999969482422,28.3700008392334,37.66999816894531
2025-03-26,19.30992889404297,79.21826171875,32.880001068115234,54.82075881958008,81.87999725341797,28.149999618530273,37.25
2025-03-27,18.87599754333496,76.6834945678711,32.119998931884766,53.530418395996094,80.80000305175781,27.959999084472656,37.369998931884766
2025-03-28,18.47165298461914,74.97135162353516,31.360000610351562,52.92319107055664,79.44999694824219,27.270000457763672,36.0
2025-03-31,17.870067596435547,72.22614288330078,30.540000915527344,51.68029022216797,77.19999694824219,26.459999084472656,35.040000915527344
2025-04-01,18.096895217895508,73.35485076904297,31.200000762939453,52.38238525390625,78.7699966430664,27.18000030517578,35.5
2025-04-02,18.264549255371094,73.41223907470703,30.299999237060547,52.36341094970703,78.22000122070312,26.920000076293945,35.5
2025-04-03,17.61365509033203,71.36530303955078,29.719999313354492,50.87382125854492,74.73999786376953,25.479999542236328,33.54999923706055
2025-04-04,15.582067489624023,64.7940673828125,26.639999389648438,45.76935958862305,68.58000183105469,23.530000686645508,30.0
2025-04-07,14.733929634094238,62.058441162109375,25.25,42.98942947387695,64.66000366210938,22.059999465942383,28.489999771118164
2025-04-08,14.802963256835938,62.498435974121094,24.06999969482422,43.33098220825195,62.849998474121094,21.739999771118164,27.15999984741211
2025-04-09,16.331579208374023,70.83922576904297,27.229999542236328,49.498085021972656,69.56999969482422,23.959999084472656,29.59000015258789
2025-04-10,15.838479995727539,68.39054107666016,25.479999542236328,46.41453170776367,65.05999755859375,23.290000915527344,27.579999923706055
2025-04-11,17.544618606567383,75.42091369628906,28.739999771118164,51.111019134521484,69.58999633789062,25.389999389648438,30.030000686645508
2025-04-14,20.07917022705078,87.04251861572266,31.81999969482422,58.28382873535156,76.91000366210938,28.09000015258789,33.130001068115234
2025-04-15,19.605791091918945,84.78514099121094,32.45000076293945,56.48113250732422,75.22000122070312,27.549999237060547,31.84000015258789
2025-04-16,19.95096206665039,86.29644012451172,33.59000015258789,56.965023040771484,76.2699966430664,26.920000076293945,32.4900016784668
2025-04-17,19.99041175842285,87.33903503417969,33.65999984741211,58.77719497680664,78.25,27.399999618530273,33.08000183105469
2025-04-21,19.526891708374023,85.00515747070312,32.540000915527344,57.382484436035156,74.62000274658203,25.989999771118164,31.81999969482422
2025-04-22,20.493375778198242,89.11814880371094,32.83000183105469,59.697513580322266,77.30000305175781,26.739999771118164,33.0
2025-04-23,21.10482406616211,90.76335144042969,33.869998931884766,61.09223175048828,77.31999969482422,26.719999313354492,32.650001525878906
2025-04-24,20.680755615234375,88.81207275390625,31.8700008392334,60.001129150390625,76.05000305175781,26.639999389648438,32.2400016784668
2025-04-25,20.9075870513916,89.71118927001953,31.610000610351562,60.16241455078125,76.38999938964844,26.149999618530273,32.0
2025-04-28,20.424341201782227,87.63555908203125,31.059999465942383,59.071319580078125,74.02999877929688,26.06999969482422,31.450000762939453
2025-04-29,20.532821655273438,86.5260009765625,31.729999542236328,58.331268310546875,73.52999877929688,25.90999984741211,31.1299991607666
2025-04-30,19.931236267089844,84.67035675048828,30.229999542236328,57.30658721923828,70.98999786376953,25.43000030517578,29.799999237060547
2025-05-01,19.36910057067871,81.55215454101562,29.56999969482422,55.68416213989258,70.25,25.420000076293945,29.239999771118164
2025-05-02,19.211307525634766,79.58173370361328,29.729999542236328,55.18130111694336,71.22000122070312,25.530000686645508,29.09000015258789
2025-05-05,18.836549758911133,79.13216400146484,28.8700008392334,54.41278839111328,68.93000030517578,25.299999237060547,28.100000381469727
2025-05-06,19.388824462890625,82.49909210205078,30.6200008392334,55.30464553833008,71.44999694824219,26.020000457763672,30.18000030517578
2025-05-07,19.615652084350586,82.64256286621094,30.149999618530273,55.361572265625,71.6500015258789,26.309999465942383,30.270000457763672
2025-05-08,19.75372314453125,83.16864013671875,30.25,55.437469482421875,72.36000061035156,26.760000228881836,30.84000015258789
2025-05-09,20.11861801147461,84.23994445800781,32.16999816894531,55.798011779785156,75.44000244140625,27.899999618530273,32.70000076293945
2025-05-12,21.035789489746094,88.63988494873047,33.90999984741211,58.50204849243164,81.26000213623047,28.950000762939453,35.529998779296875
2025-05-13,21.637374877929688,88.95553588867188,35.810001373291016,59.27056884765625,83.7300033569336,29.700000762939453,35.90999984741211
2025-05-14,21.85434341430664,90.29466247558594,35.84000015258789,59.49827194213867,84.0999984741211,30.239999771118164,36.2400016784668
2025-05-15,21.10482406616211,88.12336730957031,35.58000183105469,58.625396728515625,82.30000305175781,31.34000015258789,35.77000045776367
2025-05-16,21.124549865722656,88.44860076904297,34.11000061035156,58.843605041503906,82.2699966430664,30.709999084472656,35.880001068115234
2025-05-19,22.04172134399414,92.34159851074219,35.959999084472656,60.43756866455078,85.06999969482422,31.8799991607666,36.90999984741211
2025-05-20,21.67682456970215,91.14595794677734,36.939998626708984,60.36166000366211,84.76000213623047,31.40999984741211,36.5
2025-05-21,21.519031524658203,88.89815521240234,35.83000183105469,58.72026443481445,81.44999694824219,30.700000762939453,35.93000030517578
2025-05-22,20.986480712890625,88.95553588867188,35.91999816894531,59.13773727416992,81.48999786376953,30.799999237060547,36.119998931884766
2025-05-23,21.351377487182617,90.21813201904297,36.40999984741211,59.64059066772461,82.36000061035156,31.0,36.52000045776367
2025-05-27,20.73006820678711,87.9511947631836,35.540000915527344,58.217411041259766,81.27999877929688,30.829999923706055,36.56999969482422
2025-05-28,20.50324058532715,85.86601257324219,35.779998779296875,57.486846923828125,81.4000015258789,30.719999313354492,36.959999084472656
2025-05-29,19.359237670898438,81.0069351196289,33.66999816894531,55.19078826904297,78.19000244140625,28.90999984741211,36.2599983215332
2025-05-30,19.388824462890625,80.83475494384766,33.040000915527344,55.07693862915039,76.66999816894531,28.020000457763672,35.380001068115234
2025-06-02,18.589996337890625,78.739990234375,32.310001373291016,53.73915100097656,75.16999816894531,27.989999771118164,34.619998931884766
2025-06-03,18.68861961364746,78.3956527709961,32.43000030517578,53.957454681396484,76.66999816894531,28.079999923706055,35.31999969482422
2025-06-04,17.327651977539062,72.64701843261719,30.510000228881836,51.354923248291016,71.62999725341797,26.959999084472656,33.61000061035156
2025-06-05,17.169858932495117,72.67572784423828,30.610000610351562,51.84110641479492,73.62999725341797,27.219999313354492,33.880001068115234
2025-06-06,17.7122745513916,73.173095703125,31.780000686645508,52.737220764160156,74.30999755859375,27.790000915527344,34.27000045776367
2025-06-09,17.465721130371094,72.53224182128906,30.739999771118164,51.4979133605957,73.0,27.25,33.709999084472656
2025-06-10,18.116619110107422,75.00960540771484,32.16999816894531,54.653377532958984,76.0199966430664,28.309999465942383,36.290000915527344
2025-06-11,17.68268585205078,73.45050048828125,31.25,53.576141357421875,75.80999755859375,28.479999542236328,35.91999816894531
2025-06-12,18.501239776611328,74.55047607421875,31.31999969482422,53.5189323425293,76.5,28.979999542236328,36.209999084472656
2025-06-13,17.67282485961914,70.96356964111328,29.100000381469727,52.1175651550293,74.4800033569336,27.93000030517578,36.290000915527344
2025-06-16,17.09096336364746,70.19835662841797,28.989999771118164,51.95550537109375,73.77999877929688,27.899999618530273,35.47999954223633
2025-06-17,16.923307418823242,69.75837707519531,28.65999984741211,51.812503814697266,73.27999877929688,27.81999969482422,35.43000030517578
2025-06-18,16.78523826599121,69.61488342285156,28.770000457763672,51.62185287475586,73.19999694824219,28.799999237060547,35.279998779296875
2025-06-20,16.371030807495117,67.34794616699219,27.31999969482422,49.57222366333008,70.80000305175781,27.3799991607666,34.68000030517578
2025-06-23,16.075166702270508,66.0566635131836,26.8799991607666,48.0183219909668,70.62000274658203,26.850000381469727,33.790000915527344
2025-06-24,17.199443817138672,70.16009521484375,27.700000762939453,50.2204704284668,72.2300033569336,27.579999923706055,34.349998474121094
2025-06-25,16.706342697143555,67.9505615234375,26.540000915527344,49.257633209228516,69.88999938964844,26.729999542236328,33.060001373291016
2025-06-26,16.647171020507812,68.65837097167969,26.709999084472656,49.52456283569336,70.31999969482422,27.1299991607666,33.380001068115234
2025-06-27,16.745790481567383,68.47662353515625,27.520000457763672,49.257633209228516,70.31999969482422,27.290000915527344,33.33000183105469
2025-06-30,16.232959747314453,67.1566390991211,26.489999771118164,48.037384033203125,69.37999725341797,25.899999618530273,31.450000762939453
2025-07-01,15.986411094665527,66.4010009765625,26.18000030517578,47.65606689453125,68.7699966430664,26.06999969482422,31.450000762939453
2025-07-02,16.08502960205078,66.47753143310547,26.260000228881836,48.02785873413086,70.04000091552734,26.549999237060547,32.040000915527344
2025-07-03,16.144207000732422,66.95578002929688,26.299999237060547,48.628440856933594,71.95999908447266,27.09000015258789,32.279998779296875
2025-07-07,15.266480445861816,63.49320602416992,25.010000228881836,46.092628479003906,69.05999755859375,26.350000381469727,30.899999618530273
2025-07-08,16.1146183013916,67.86446380615234,27.760000228881836,48.32338333129883,74.83000183105469,27.899999618530273,33.04999923706055
2025-07-09,15.848342895507812,67.13752746582031,26.100000381469727,47.64653015136719,70.62999725341797,26.860000610351562,31.90999984741211
2025-07-10,15.325653076171875,65.10971069335938,25.75,46.435821533203125,70.56999969482422,26.31999969482422,31.799999237060547
2025-07-11,14.457791328430176,62.909732818603516,24.829999923706055,44.900997161865234,68.5199966430664,24.739999771118164,30.969999313354492
2025-07-14,14.526823997497559,62.72800827026367,25.010000228881836,44.60546875,71.0199966430664,25.190000534057617,31.079999923706055
2025-07-15,14.891722679138184,63.368873596191406,25.219999313354492,45.24419403076172,72.44999694824219,25.979999542236328,31.610000610351562
2025-07-16,14.605722427368164,60.4610710144043,24.440000534057617,44.2146110534668,70.33999633789062,25.739999771118164,30.809999465942383
2025-07-17,14.970619201660156,62.65147399902344,24.670000076293945,45.48250961303711,70.91999816894531,26.049999237060547,30.90999984741211
2025-07-18,14.871997833251953,62.11158752441406,24.950000762939453,45.01539993286133,71.30999755859375,26.0,30.729999542236328
2025-07-21,14.724066734313965,62.5927734375,24.639999389648438,44.88193130493164,69.9800033569336,25.56999969482422,30.59000015258789
2025-07-22,14.526823997497559,63.47815704345703,24.149999618530273,45.577850341796875,69.66999816894531,25.3700008392334,30.530000686645508
2025-07-23,15.08896541595459,65.44140625,25.3799991607666,46.95062255859375,72.36000061035156,26.520000457763672,32.290000915527344
2025-07-24,15.552480697631836,67.11592102050781,25.559999465942383,48.676109313964844,73.97000122070312,26.979999542236328,32.400001525878906
2025-07-25,15.670825958251953,68.9925537109375,26.649999618530273,49.35296630859375,74.3499984741211,27.68000030517578,33.15999984741211
2025-07-28,15.532756805419922,67.3853988647461,28.489999771118164,48.61891174316406,74.61000061035156,27.81999969482422,33.22999954223633
2025-07-29,16.252685546875,70.55159759521484,29.799999237060547,50.43654251098633,78.80999755859375,30.010000228881836,34.810001373291016
2025-07-30,16.134340286254883,69.2812728881836,28.760000228881836,49.75767517089844,77.98999786376953,29.290000915527344,33.88999938964844
2025-07-31,15.641239166259766,67.26991271972656,28.520000457763672,48.25653839111328,76.05000305175781,28.700000762939453,33.540000915527344
2025-08-01,15.019927978515625,65.16231536865234,28.469999313354492,46.764957427978516,74.20999908447266,28.299999237060547,33.11000061035156
2025-08-04,15.513031005859375,66.78873443603516,29.190000534057617,47.13784408569336,74.62999725341797,28.6200008392334,33.47999954223633
2025-08-05,16.17378807067871,70.09928894042969,29.979999542236328,48.715484619140625,77.5199966430664,29.110000610351562,35.099998474121094
2025-08-06,16.952896118164062,72.86129760742188,31.309999465942383,50.79987335205078,82.66000366210938,29.709999084472656,36.20000076293945
2025-08-07,16.51896095275879,71.24451446533203,29.170000076293945,49.33696746826172,77.20999908447266,29.31999969482422,35.77000045776367
2025-08-08,16.292137145996094,68.73271179199219,28.260000228881836,48.78240966796875,74.70999908447266,28.399999618530273,34.290000915527344
2025-08-11,16.47951316833496,69.66622161865234,28.59000015258789,49.06925964355469,75.58000183105469,28.920000076293945,34.29999923706055
2025-08-12,16.51896095275879,70.45537567138672,29.469999313354492,49.91065979003906,76.08999633789062,29.299999237060547,33.95000076293945
2025-08-13,16.242826461791992,69.44487762451172,29.100000381469727,49.853294372558594,76.22000122070312,28.65999984741211,33.75
2025-08-14,15.700411796569824,67.1736831665039,27.530000686645508,47.271705627441406,74.27999877929688,28.100000381469727,32.689998626708984
2025-08-15,15.690549850463867,66.17281341552734,27.09000015258789,46.143455505371094,74.31999969482422,28.030000686645508,32.970001220703125
2025-08-18,15.986411094665527,68.21304321289062,28.010000228881836,47.0709228515625,74.98999786376953,28.469999313354492,33.7400016784668
2025-08-19,14.733929634094238,63.22793960571289,25.959999084472656,44.67100143432617,70.87999725341797,27.06999969482422,31.969999313354492
2025-08-20,14.724066734313965,64.01708984375,24.479999542236328,44.24074172973633,70.95999908447266,27.239999771118164,31.40999984741211
2025-08-21,13.944963455200195,63.79574966430664,24.350000381469727,44.08775329589844,71.22000122070312,28.1299991607666,31.670000076293945
2025-08-22,13.619516372680664,63.07395935058594,23.549999237060547,43.28458786010742,70.48999786376953,27.8700008392334,31.75
2025-08-25,12.613584518432617,57.74241256713867,21.5,40.15800094604492,66.33999633789062,26.139999389648438,30.100000381469727
2025-08-26,12.68262004852295,57.270851135253906,21.739999771118164,39.727745056152344,67.8499984741211,27.049999237060547,30.709999084472656
2025-08-27,12.150068283081055,55.26911544799805,21.1200008392334,38.0736083984375,66.30000305175781,26.770000457763672,30.31999969482422
2025-08-28,12.406481742858887,57.251609802246094,22.360000610351562,38.044925689697266,67.88999938964844,27.489999771118164,30.84000015258789
2025-08-29,12.081033706665039,55.75030517578125,21.469999313354492,37.69941329956055,67.52999877929688,27.15999984741211,30.469999313354492
2025-09-02,12.179654121398926,55.98126983642578,20.93000030517578,37.89136505126953,65.88999938964844,26.280000686645508,30.3799991607666
2025-09-03,12.031723976135254,54.402976989746094,20.670000076293945,36.89321517944336,65.91999816894531,25.469999313354492,29.549999237060547
2025-09-04,12.307861328125,56.02939224243164,21.690000534057617,38.38084411621094,68.01000213623047,26.549999237060547,30.81999969482422
2025-09-05,12.159930229187012,56.69343185424805,21.850000381469727,38.48641586303711,67.97000122070312,26.440000534057617,30.829999923706055
2025-09-08,9.191446304321289,43.3838005065918,17.3799991607666,29.416677474975586,56.619998931884766,21.34000015258789,26.100000381469727
2025-09-09,9.12241268157959,42.517662048339844,17.610000610351562,28.908008575439453,58.790000915527344,22.219999313354492,26.829999923706055
2025-09-10,9.664825439453125,45.63575744628906,18.780000686645508,30.77953338623047,62.20000076293945,23.329999923706055,28.639999389648438
2025-09-11,9.457722663879395,44.442413330078125,18.030000686645508,30.011728286743164,62.16999816894531,22.610000610351562,28.200000762939453
2025-09-12,8.885724067687988,42.1519660949707,17.040000915527344,28.74484634399414,59.47999954223633,21.09000015258789,27.079999923706055
2025-09-15,8.63917064666748,40.852760314941406,16.700000762939453,28.005826950073242,59.22999954223633,21.18000030517578,26.690000534057617
2025-09-16,8.826550483703613,42.20008087158203,17.209999084472656,29.03277015686035,61.75,22.25,27.709999084472656
2025-09-17,8.767378807067871,41.7958869934082,16.530000686645508,28.37053680419922,60.060001373291016,22.059999465942383,27.239999771118164
2025-09-18,8.195377349853516,38.90876007080078,15.420000076293945,26.201475143432617,56.54999923706055,20.1200008392334,24.40999984741211
2025-09-19,8.077033042907715,37.79241180419922,15.180000305175781,25.385679244995117,57.439998626708984,20.600000381469727,23.8700008392334
2025-09-22,9.714136123657227,45.433658599853516,18.209999084472656,30.74114418029785,63.709999084472656,22.649999618530273,26.920000076293945
2025-09-23,9.950826644897461,46.039947509765625,18.68000030517578,30.2420711517334,64.79000091552734,22.5,27.450000762939453
2025-09-24,10.019859313964844,47.406517028808594,19.1299991607666,31.614526748657227,66.1500015258789,23.15999984741211,27.729999542236328
2025-09-25,9.132274627685547,45.5298957824707,17.530000686645508,29.3015079498291,63.939998626708984,22.6299991607666,26.770000457763672
2025-09-26,8.718066215515137,43.63401412963867,16.600000381469727,28.38973045349121,61.880001068115234,21.899999618530273,26.049999237060547
2025-09-29,8.787102699279785,43.046974182128906,16.15999984741211,28.284156799316406,60.400001525878906,21.56999969482422,25.350000381469727
2025-09-30,8.205240249633789,40.69878005981445,15.5600004196167,26.57546043395996,60.060001373291016,21.030000686645508,24.290000915527344
2025-10-01,7.948826789855957,38.86064910888672,15.010000228881836,25.67868423461914,58.25,20.34000015258789,23.56999969482422
2025-10-02,8.155929565429688,40.3138313293457,15.619999885559082,26.95153045654297,60.61000061035156,20.780000686645508,23.809999465942383
2025-10-03,8.205240249633789,41.45905685424805,15.520000457763672,27.66509246826172,60.79999923706055,21.170000076293945,24.149999618530273
2025-10-06,8.25455093383789,41.9113655090332,15.520000457763672,27.76152229309082,60.52000045776367,21.270000457763672,24.6200008392334
2025-10-07,7.850205898284912,40.92974853515625,15.380000114440918,26.806884765625,59.9900016784668,20.719999313354492,23.989999771118164
2025-10-08,8.205240249633789,42.22895050048828,16.420000076293945,27.346881866455078,61.04999923706055,21.049999237060547,24.399999618530273
2025-10-09,9.59579086303711,49.600730895996094,18.020000457763672,33.267539978027344,65.56999969482422,23.139999389648438,26.59000015258789
2025-10-10,9.063239097595215,49.081050872802734,16.6200008392334,31.94647979736328,63.459999084472656,22.350000381469727,26.420000076293945
2025-10-13,9.832481384277344,51.111663818359375,20.030000686645508,33.03610610961914,67.87999725341797,23.979999542236328,27.649999618530273
2025-10-14,9.280205726623535,48.94632339477539,19.18000030517578,31.059345245361328,63.939998626708984,22.3700008392334,26.049999237060547
2025-10-15,9.398550033569336,51.00579833984375,19.479999542236328,32.07183074951172,65.91999816894531,22.690000534057617,26.530000686645508
2025-10-16,9.447861671447754,50.842201232910156,18.780000686645508,32.02362060546875,64.80999755859375,22.31999969482422,26.3799991607666
2025-10-17,9.260482788085938,51.45811080932617,18.56999969482422,31.329343795776367,63.59000015258789,22.25,26.059999465942383
2025-10-20,9.280205726623535,50.76520919799805,17.739999771118164,30.943632125854492,60.22999954223633,21.65999984741211,25.1200008392334
2025-10-21,9.290068626403809,51.246395111083984,17.309999465942383,30.972558975219727,59.29999923706055,21.5,24.709999084472656
2025-10-22,9.388689041137695,53.315494537353516,17.56999969482422,31.84040641784668,60.2400016784668,21.899999618530273,24.75
2025-10-23,9.970550537109375,56.0101432800293,18.790000915527344,33.595394134521484,62.470001220703125,22.700000762939453,26.889999389648438
2025-10-24,9.970550537109375,55.31723403930664,19.3799991607666,34.16431427001953,62.619998931884766,22.479999542236328,26.950000762939453
2025-10-27,14.033721923828125,76.13336944580078,26.540000915527344,47.384544372558594,77.48999786376953,30.75,33.36000061035156
2025-10-28,14.635309219360352,79.47281646728516,28.18000030517578,50.52809143066406,78.13999938964844,30.940000534057617,33.849998474121094
2025-10-29,15.296067237854004,82.19633483886719,32.029998779296875,53.08342361450195,82.45999908447266,31.530000686645508,34.970001220703125
2025-10-30,14.960755348205566,81.65739440917969,30.579999923706055,51.85879135131836,80.9800033569336,30.489999771118164,34.59000015258789
2025-10-31,16.341445922851562,87.05631256103516,33.310001373291016,57.017669677734375,85.80000305175781,31.1299991607666,36.43000030517578
2025-11-03,16.923307418823242,87.46049499511719,35.25,58.75251007080078,88.58000183105469,30.5,37.060001373291016
2025-11-04,16.627445220947266,86.23829650878906,33.95000076293945,57.27378845214844,87.4800033569336,29.690000534057617,36.22999954223633
2025-11-05,16.87399673461914,85.54537963867188,33.33000183105469,57.186798095703125,87.44000244140625,29.780000686645508,37.02000045776367
2025-11-06,16.19351577758789,84.14031982421875,32.11000061035156,55.6211051940918,87.0999984741211,29.229999542236328,36.52000045776367
2025-11-07,15.562342643737793,82.9758529663086,32.689998626708984,53.63014602661133,86.51000213623047,28.6299991607666,36.2599983215332
2025-11-10,15.404550552368164,81.82099914550781,33.16999816894531,54.02640914916992,87.20999908447266,29.540000915527344,37.209999084472656
2025-11-11,15.286205291748047,81.1954574584961,32.29999923706055,53.3401985168457,87.62000274658203,30.34000015258789,37.52000045776367
2025-11-12,15.45386028289795,83.0335922241211,33.130001068115234,53.53349304199219,89.05999755859375,30.530000686645508,37.90999984741211
2025-11-13,15.069239616394043,80.0213623046875,31.079999923706055,51.80349349975586,86.95999908447266,30.040000915527344,37.2400016784668
2025-11-14,15.384825706481934,79.73265075683594,32.33000183105469,51.03997039794922,90.06999969482422,30.520000457763672,38.66999816894531
2025-11-17,15.276342391967773,76.81666564941406,30.709999084472656,49.7352180480957,87.7699966430664,29.959999084472656,38.47999954223633
2025-11-18,15.187583923339844,75.64257049560547,31.450000762939453,49.18431854248047,88.87999725341797,30.600000381469727,38.65999984741211
2025-11-19,15.207308769226074,76.21997833251953,32.439998626708984,48.04387283325195,89.30999755859375,30.760000228881836,38.66999816894531
2025-11-20,14.536687850952148,73.80443572998047,31.420000076293945,46.8067741394043,87.44000244140625,30.100000381469727,37.0099983215332
2025-11-21,13.757584571838379,71.90855407714844,29.729999542236328,44.593528747558594,85.38999938964844,29.420000076293945,35.70000076293945
2025-11-24,13.797032356262207,70.96542358398438,30.530000686645508,45.231407165527344,86.29000091552734,29.440000534057617,35.290000915527344
2025-11-25,14.18165397644043,73.61195373535156,30.739999771118164,47.25136184692383,85.86000061035156,29.18000030517578,35.34000015258789
2025-11-26,15.700411796569824,79.11672973632812,34.31999969482422,49.367958068847656,88.77999877929688,30.5,36.060001373291016
2025-11-28,15.838479995727539,82.55239868164062,34.75,51.77449417114258,90.66999816894531,31.299999237060547,36.81999969482422
2025-12-01,15.799034118652344,80.9837417602539,35.709999084472656,50.88395690917969,90.20999908447266,31.209999084472656,36.43000030517578
2025-12-02,15.651102066040039,79.54981231689453,33.77000045776367,49.517616271972656,89.36000061035156,30.850000381469727,36.11000061035156
2025-12-03,16.647171020507812,84.78511047363281,35.59000015258789,51.31033706665039,92.2699966430664,32.16999816894531,37.25
2025-12-04,16.45979118347168,84.95833587646484,34.20000076293945,50.17655944824219,91.1500015258789,31.68000030517578,36.63999938964844
2025-12-05,16.351308822631836,82.87962341308594,32.86000061035156,48.51951599121094,90.45999908447266,31.31999969482422,35.790000915527344
2025-12-08,16.242826461791992,82.812255859375,32.45000076293945,48.441993713378906,90.66000366210938,31.670000076293945,35.939998626708984
2025-12-09,16.15406608581543,83.51478576660156,32.18000030517578,47.579551696777344,89.5,31.219999313354492,35.72999954223633
2025-12-10,16.558412551879883,86.55587768554688,31.920000076293945,48.6261100769043,90.87000274658203,32.150001525878906,36.06999969482422
2025-12-11,16.765514373779297,86.08431243896484,30.8700008392334,47.414817810058594,89.88999938964844,31.950000762939453,35.54999923706055
2025-12-12,16.627445220947266,83.6976318359375,30.0,46.91092300415039,88.41000366210938,31.809999465942383,35.029998779296875
2025-12-15,16.88385772705078,85.02569580078125,30.489999771118164,48.325706481933594,89.41000366210938,31.690000534057617,35.11000061035156
2025-12-16,16.45979118347168,83.16831970214844,30.440000534057617,48.471065521240234,88.4000015258789,30.719999313354492,34.13999938964844
2025-12-17,16.726064682006836,82.5716552734375,30.3700008392334,48.28694534301758,87.2300033569336,30.450000762939453,34.060001373291016
2025-12-18,18.175790786743164,89.00032043457031,31.31999969482422,52.23091506958008,89.0,31.610000610351562,35.61000061035156
2025-12-19,18.01799964904785,86.64248657226562,31.68000030517578,52.492549896240234,89.6500015258789,31.530000686645508,35.540000915527344
2025-12-22,18.06730842590332,87.42200469970703,31.360000610351562,52.05649185180664,88.51000213623047,31.049999237060547,35.5099983215332
2025-12-23,17.998273849487305,86.87345123291016,31.34000015258789,52.3665771484375,88.91000366210938,31.219999313354492,35.90999984741211
2025-12-24,18.027860641479492,87.58560943603516,31.5,52.59914016723633,89.31999969482422,31.170000076293945,36.02000045776367
2025-12-26,18.19551658630371,87.94169616699219,31.600000381469727,53.86857986450195,89.2300033569336,31.079999923706055,35.959999084472656
2025-12-29,18.087032318115234,86.93119812011719,30.780000686645508,53.1710319519043,87.68000030517578,30.959999084472656,36.459999084472656
2025-12-30,17.870067596435547,86.41152954101562,30.100000381469727,52.52012252807617,87.58999633789062,30.920000076293945,36.08000183105469
