Date,BBAR,BMA,EDN,GGAL,PAM,TGS,YPF
2010-01-05,0.0766074549866092,-0.005031431274132987,-0.0036652127996423473,0.03395927978929225,-0.010984419436942276,0.042559353128870395,-0.018087744918978365
2010-01-06,-0.010378624546165163,-0.032812267854365675,0.026571643189369613,-0.06198205430200295,-0.04964013140132509,0.02218821690988913,0.02077278103704346
2010-01-07,0.013324016576955656,0.005544349235178461,0.01066983442266001,0.03490726760402061,0.0203276872900806,-0.003139773707101653,-0.009655494907191031
2010-01-08,0.010241441046505406,-0.010420739418044132,-0.031140154268900582,-0.01730103965813631,-0.014984812568433283,-0.0031497428749391447,0.013001815441356122
2010-01-11,-0.013186833077295835,-0.004198474224167864,-0.07842200680940555,-0.039150958019047666,-0.02154485461622959,-0.009508630143907564,0.015908387159713926
2010-01-12,0.0044146782613278986,0.0,0.003939625551236064,-0.04833648625686784,-0.02760062732719509,-0.032365347146409325,0.0039378398208159545
2010-01-13,0.004395793531753694,0.005245517793305159,0.024596716213626923,0.022599737351106826,0.006508615699252249,-0.04714682096237156,-0.028794717954670614
2010-01-14,0.028820309885238173,0.027860862165721395,0.03641324928525665,0.04015166723801323,0.06024296933172652,0.043851868399283664,0.012061793050813093
2010-01-15,-0.025900651797842764,-0.007148784193553203,-0.03897406764532537,-0.029040426913018884,-0.03824387924304817,-0.009950418658331408,-0.010939122083613317
2010-01-19,0.025900651797842664,-0.009612329834297923,0.02531778353110258,0.025456189879634855,-0.01185606707355332,-0.016807068212869,-0.006530584295892924
2010-01-20,-0.015748267918780513,0.005160808178236015,-0.03692334915687114,-0.010830681298868005,0.024468831219396855,-0.006802692211334884,-0.028881290221328005
2010-01-21,-0.018937121728748958,0.014986700602477152,-0.002597401564520307,-0.02387628074644159,-0.013519842606579072,0.016920911150921644,0.02865515049247226
2010-01-22,0.010241441046505406,-0.026028880947718276,-0.02768799642212727,-0.014981822341262059,0.025975589721093,0.0,-0.016404763443220772
2010-01-25,-0.010241441046505444,-0.01856145469358152,0.006662275138479257,-0.001888142201594962,0.0008836596743415255,-0.04110186476668788,-0.035542836273486894
2010-01-26,0.0,-0.009589517359920063,0.003976112947801387,-0.015238408257344902,-0.0008836596743416441,0.034367716534912565,-0.004293862011881225
2010-01-27,0.007325844789320719,0.0,-0.007968162080333081,-0.011582963340471056,0.013175367982690754,-0.020478452235894583,-0.0007174396059330059
2010-01-28,0.0,0.0024953514712280633,-0.002670226005947513,0.003875468488829079,-0.0008730283681966494,0.0,-0.007202962853039813
2010-01-29,-0.07579377458617745,0.01484099883882333,0.006662275138479257,0.007707494851642046,-0.010535630033157583,0.0,0.0057666512126699964
2010-02-01,0.02948251541439315,-0.007040047676912931,0.01581059062997894,0.024645826428302594,-0.003536716951768179,0.006872910406777135,0.008825337072365122
2010-02-02,-0.0030632110170767577,-0.0024755847970129334,-0.06759329026075675,-0.005634010290991157,0.002653667044773239,0.01022147112130619,-0.005715837400480086
2010-02-03,-0.01701487406144292,-0.02437375089431498,0.05708072008187458,-0.01518038923558986,0.0026467287781457884,-0.03098364582710113,0.00262374906091885
2010-02-04,-0.0512109137675794,-0.07026380618162854,-0.05988183964906902,-0.05099136807023052,-0.03953799522080442,-0.05387282909677967,-0.02362119221486172
2010-02-05,-0.016557035880695452,-0.005072981457495353,-0.015548035156125187,-0.02444129874391105,-0.024119956373623568,0.029092909333241105,-0.02194634866759813
2010-02-08,-0.020236720231374544,-0.02415481149759113,-0.01579359962330447,-0.006204716625488069,-0.00848643440223167,0.045542094469333584,0.007204080668504011
2010-02-09,0.0,-0.0008018059643737881,-0.004350947118287843,-0.010427498041271773,0.03900201943757754,-0.0068729104067771244,0.002965985232265663
2010-02-10,0.0,0.006795837449997019,0.012996526091697248,0.010427498041271766,0.009968378440345548,0.010291689316748464,0.02148497344437076
2010-02-11,0.010169774350108551,0.014633409008958908,0.038005980113307566,0.0406558579129731,0.000901355574432054,-0.013745808393445857,-0.009708690677542141
2010-02-12,0.016722648309554933,0.014809253943379914,-0.008321815632248448,0.02556713528446408,-0.004514662253373778,0.010327029483474534,-0.0034203697226235295
2010-02-16,0.00496255508309411,0.023323501059321676,0.009702109714720752,-0.04568829887382179,0.011696062110519148,-0.02777951277587481,-0.008849769977338244
2010-02-17,0.016367413745649793,0.02353045660812159,-0.008310289175288947,-0.022611677681552367,0.006241652941642585,0.003514913307081817,0.0049261140219300815
2010-02-18,-0.006515143866000188,0.017926506439199623,-0.002785514439047947,0.004149457359280958,0.005319191293028885,-0.0035149133070817434,0.008075343429684117
2010-02-19,0.0032631669093915504,0.0014488810982881493,0.04098930580568513,0.02049247988986012,0.0035303884524874093,0.0,0.0026773929089066663
2010-02-22,0.012945075817479399,0.006496109375289101,-0.023020596775523237,-0.014300366199914835,-0.01330399827899831,0.003514913307081817,-0.010261422046699917
2010-02-23,-0.02441137090901733,-0.012305539996972132,-0.019364414621012484,-0.014508249458380182,-0.03267070405268142,-0.017699612026550012,0.017044411149785797
2010-02-24,0.0,-0.012459221705324831,-0.024029436159860248,0.0,-0.009268049046111098,0.02817091467214119,0.013191408102951874
2010-02-25,-0.030103041712096087,-0.0371871491054012,-0.03345759958840391,-0.014721492739553133,-0.027373039368566054,-0.013986215952673086,-0.02460327631466201
2010-02-26,0.03174917626716268,-0.006527144996302765,-0.001480419028693458,0.016807070665075762,0.01707821933076636,-0.003527490581628088,0.0024387344110266794
2010-03-01,0.01793021632587926,0.038538833718596,0.004434628013049543,0.03480409921096747,0.004692712941357092,0.010544828651707739,-0.009054030902619553
2010-03-02,0.01443485200202613,0.02163218695593325,0.01754429252709252,0.01992080494150596,0.03405756367655525,0.013889264299017871,-0.0034475554916207555
2010-03-03,-0.029081051756273887,-0.008377212733352636,-0.011661928398920269,-0.011904918055937947,-0.003626497699923725,-0.0034541190766974985,0.041078857779773006
2010-03-04,0.016260304972937387,-0.0021968554705313623,0.0029282569169696154,-0.008015886885567923,0.017109794218603636,0.0,0.015037483705643288
2010-03-05,0.0,0.010211553451888289,0.027398981724658465,-0.014184785419324804,0.0,0.003454119076697364,0.031223966005579737
2010-03-08,0.023905664003879248,0.012261103862509991,-0.02156806708818206,0.02419462796289864,-0.008968634265306074,0.017094381528083194,-0.0009046316510676341
2010-03-09,0.0125195044971395,0.003934941561462352,0.0057971120756082056,0.005958448116724261,-0.014519393996124442,0.016807068212869054,-0.007950144502017942
2010-03-10,0.0276093767431834,0.008531903563759357,-0.004344715007145491,0.04831820096715062,-0.009182675791250906,-0.013422997505057568,0.0
2010-03-11,-0.001514179587090414,0.006703121381970359,-0.008746403235287244,-0.017126550458939814,-0.0027714245783455396,-0.017035961823399098,0.0
2010-03-12,0.009050009973380969,-0.006703121381970357,0.0029239759395990506,0.022771100672502043,0.013780683436687773,0.0034304199942815972,0.0
2010-03-15,0.010455342183765232,0.004591208638552971,0.056752830514702306,0.007476803968380335,-0.005489523313060783,0.07581880405146922,0.00045624455109811914
2010-03-16,0.024946480574323197,0.00981746308765658,0.020478544231031334,0.02392009590168501,0.0009169715655939403,-0.016000210309887512,0.0
2010-03-17,0.014388801766011169,0.03395994802501826,0.021391169524982982,0.023361383077239572,0.004572551747466999,0.0286188106863705,-0.000456244551098175
2010-03-18,0.008535128732745466,-0.015635939888065106,-0.028170882373013344,0.008841802932649755,0.0,0.0339013531015508,-0.014934019728455261
2010-03-19,-0.00853512873274555,0.007508645802299326,0.004073353869696094,0.019180971580060865,0.030550442951344552,0.0,-0.009302383431799045
2010-03-22,0.021202517976411983,0.031461936906898705,0.02012141555551606,0.028938231650521447,0.021016485320643905,-0.030771644270127956,0.007912431612533266
2010-03-23,0.0741073160361839,0.0352844581873041,0.011881285005265113,0.034628405710390636,0.0043234624542958676,0.0031200232410100665,-0.016595207075779904
2010-03-24,0.007762328252683293,0.019528056845960262,-0.005263165090945717,-0.006504097019663302,0.0,-0.0031200232410101003,0.009383236892875806
2010-03-25,0.0,0.0012469051873012099,-0.014618218531184215,0.011354664039702684,0.0008624039992461457,0.015504140245275485,-0.009383236892875704
2010-03-26,0.0,-0.024279966222169803,0.004008049484332985,-0.019544621219694414,-0.001725635740652608,0.03328586556126144,0.013344673681346241
2010-03-29,-0.007762328252683152,0.017716169786623846,-0.012072601826427443,0.008189957179991688,-0.015666121570475863,-0.03328586556126153,0.003250533394433631
2010-03-30,-0.013071618995110671,-0.041619386050545416,-0.0067704678345085305,-0.01313616994289184,0.008733645362161866,0.024317419093691076,-0.0013916663822061992
2010-03-31,-0.026668663704594756,-0.023148774411513452,-0.045873215214040246,-0.016667181408363315,-0.010489582035028196,0.0029985544824851617,0.009701999742695882
2010-04-01,-0.001352241635937683,0.002005106976666482,0.002840908211478963,-0.020374695898683872,0.0061322938938086725,0.029500720852473045,-0.001150112594516049
2010-04-05,0.017438750043199315,0.042489896970961456,0.021053355652288563,0.04363136985424782,-0.001748262150924205,0.04546221857833456,0.01280595302525475
2010-04-06,0.006626929019882923,0.012086616717933154,0.055382189887137966,0.016287240369109474,0.02590816606722963,-0.039665221810942536,0.002949673313723759
2010-04-07,-0.009289880577924731,-0.011766423436434187,0.007853435908030025,-0.013008544307715572,-0.01719726015145085,-0.017493088523861253,-0.0038587114292372784
2010-04-08,-0.0026704177694372683,-0.00835189603444083,0.0077922397405690794,-0.0032786960613938676,0.0017331124724050554,0.014598754058899214,-0.006617336816402092
2010-04-09,0.03545988939701097,0.022329081597928603,0.021753906478009236,0.03072183645000282,-0.004338468096040092,0.002894334464961999,0.004340417239506574
2010-04-12,0.006430891064394719,0.0031494049556471445,-0.00634925189920296,0.007930059278614926,0.008658111948966572,0.022858097529857735,-0.002053713005560151
2010-04-13,-0.0012829651047422993,-0.003780477948706782,-0.0063897614968661965,-0.012718372403154115,-0.0034542544482706605,-0.01136373860891118,0.00022856713571541164
2010-04-14,0.0,-0.0015796891339941177,-0.023347403468671764,0.0015989336975025003,0.0008646411533163446,0.014184734916696739,-0.0036605330322435166
2010-04-15,-0.005147925959652432,-0.012726461580573023,0.011741837842903094,0.0031893794270367133,-0.005199264397131072,0.0028128471458204424,0.005713669121755189
2010-04-16,-0.03145716852494225,-0.02365293990165869,-0.010430332227789604,-0.0340111008324289,-0.03447091543358176,0.0,-0.004110821675693764
2010-04-19,-0.01610810158778893,0.00848866885189755,0.002617800009600174,0.008203393636097787,0.006275139401401955,-0.005633843453606026,0.0011434285014660412
2010-04-20,0.016108101587788966,-0.023019572824944382,0.003913864503063521,0.006514689402723601,-0.004478183594523364,0.030600474373989543,0.0015989960743565993
2010-04-21,0.01322770485518563,-0.0023314055046617724,-0.006531664512663554,0.012903526771041455,-0.005400670801459134,0.027028590935887366,0.04876656348138819
2010-04-22,0.016938330691822177,0.014236082817473482,-0.005256248783830482,0.03773996461306049,0.0240761568680551,0.0,-0.00947878026334626
2010-04-23,-0.013003969454813358,-0.0009867795472936775,-0.011928590969079961,-0.017120963752403625,-0.014197302472072446,-0.0053474273524888715,-0.022009181566183825
2010-04-26,-0.003934361237008829,-0.020948196004249693,0.0026631148831157895,-0.0062994505594760174,-0.005376301231660853,-0.016216644332208527,-0.0023207848959813297
2010-04-27,-0.055382115884912146,-0.03626811429830285,0.0,-0.040295175512918134,-0.011748915748447417,-0.022347405179020587,0.003710781112159278
2010-04-28,-0.008368410230094664,-0.020416367434731943,-0.003997368454575463,0.011447507666796426,-0.011888595480959229,-0.025752431640368754,0.005539899361669578
2010-04-29,-0.009852183830797648,0.015526236017015251,0.0013342535714597125,0.0,0.010068748374057825,0.005780300284610925,-0.002535293817498725
2010-04-30,-0.018558883019886906,-0.019802515834512383,0.028911316317172274,-0.026360811038761263,-0.003649659981346693,-0.03221378697141678,0.02956117553904969
2010-05-03,0.01003606681977119,0.018050453064168838,0.033124076992441555,0.021470712409937105,0.000913620428667505,0.026433486686805868,-0.025875395514017758
2010-05-04,-0.04821963190311518,-0.025218833486773548,-0.029245570486623,-0.034916310970641386,-0.013793268259509299,0.0,0.007787478146863839
2010-05-05,-0.028855480682573976,-0.047137093759052645,-0.005174650842290843,-0.015345251021727688,-0.011173184102962733,-0.03840954957879915,0.002734179998096808
2010-05-06,-0.07850315721557634,-0.04118323994871087,-0.04510050184965974,-0.08047268369849554,-0.038172603750317544,-0.027482423117676763,-0.04514503271581394
2010-05-07,0.02955864426658922,-0.004726298555350795,-0.02056276682789885,-0.013121354181942504,0.015444223849334814,-0.009331536831093433,-0.01583534222094894
2010-05-10,0.13029001885434227,0.09304663226311428,0.07083791951984941,0.12071393101158016,0.03390156400394536,0.06356162395268677,0.017737997790104904
2010-05-11,-0.01142868350645026,-0.0050487850196378305,-0.007772052406811112,-0.010084022373702964,-0.013047699964798116,0.017442185859493413,0.006866220592369963
2010-05-12,-0.004319584412330198,0.015782236664162844,-0.01969861399785998,0.003372578148979794,0.0009376066881781217,0.01997213135575793,0.0173104967120638
2010-05-13,0.002881858997712123,-0.003565071221920319,-0.010666757631379822,-0.005063197884691475,-0.005639054194217517,0.01123609219911544,-0.008617738509313157
2010-05-14,-0.044124802028432046,-0.04380281002213559,-0.0148551190796202,-0.05387930766837485,-0.019991214888900134,-0.06640245770156444,-0.07024692976376654
2010-05-17,-0.04458850218274163,0.009285255228908117,-0.0054570343155934935,-0.027150846710656328,-0.019418009419075587,0.0,-0.026959800598928964
2010-05-18,0.006269640487312976,0.02554917074473244,-0.017943906782128143,-0.005519435878947472,0.018456049297670953,-0.015037864930283633,0.025955621695624966
2010-05-19,-0.017336960771296917,0.0028785479663433504,0.015204181635923108,0.005519435878947483,-0.008699819223636489,-0.009132537064801029,-0.03814622537643676
2010-05-20,-0.033956271576608674,-0.025106162463224207,-0.037740325467086985,-0.06246118708113165,-0.015655890602817826,-0.06964827250182329,-0.09491887762303045
2010-05-21,0.011447470933458695,-0.005171698260173883,0.0014235203465895838,0.04019660277155948,0.007858536126157617,0.03226083360293098,0.003437502399389636
2010-05-24,-0.019705302269122836,-0.015301596178393556,0.002840908211478963,-0.0056445502135622746,-0.009832976915657871,-0.00956958681372488,0.0028555863895217432
2010-05-25,-0.06332305676306783,-0.06006081246760813,0.012685113773228902,0.0,0.008854066038524056,0.0,-0.03422609136644478
2010-05-26,-0.037808330582267353,-0.01569742832572165,0.0027972020093997587,-0.028709513799410884,-0.015795087230402124,0.009569586813724815,0.018998038564379156
2010-05-27,0.05184355526963403,0.09031893126926334,0.04104545966780858,0.06393106459677537,0.01775195165522821,0.028170883578562782,0.02741480184109406
2010-05-28,0.02918656235098696,0.009957391796941932,-0.029934244545093386,0.010869747745452707,0.0019531367599680584,-0.012422618350074905,0.008414962309829223
2010-06-01,0.02506382480780845,0.02715121071106761,-0.01671346543338964,-0.0054198963228728955,0.001949423444252551,-0.015748265228487872,-0.0084149623098293
2010-06-02,0.05145860189775132,0.014888703502467283,0.018093759515861667,0.02857323387357251,0.009689866058863725,0.028170883578562782,0.0028126909241072543
2010-06-03,0.02782228760124538,0.027417882125801537,0.0027548200552563857,0.020907167583157006,0.007684999995576228,0.00308155617009328,-0.005633639358249374
2010-06-04,-0.038854721853010164,-0.0034292496826166933,-0.01664391887782127,-0.06407946130889507,-0.010582029732101766,0.0,0.005633639358249453
2010-06-07,0.017282205409489382,0.0017160948097613093,0.01388909882256493,0.00366967414708155,-0.005819641746092257,-0.028082899385822167,0.001683953618935946
2010-06-08,0.002089322618419551,0.0006855914494930249,-0.006920469335527393,0.007299433568767232,-0.01272657914777912,0.012578724865653845,0.030108629273124236
2010-06-09,0.02235691062057094,-0.002745304482740698,-0.028170850475742682,0.035718248485800755,0.004913995222246088,0.0,0.032658070689164334
2010-06-10,0.010152398717813014,0.009235369086596154,0.02120222098870522,0.03278975203961769,0.02421425540372717,0.0,0.02625228363515511
2010-06-11,0.042840100089623884,0.009783647463127187,0.008356586543681408,0.008453036177811166,0.0066762208204531725,0.0,0.0005130829496834145
2010-06-14,-0.016260478923130147,0.008655241601022589,0.00828733233413994,0.008382400676012775,0.004741573821484382,0.009331536831093359,0.027814594026277423
2010-06-15,0.03701130155268827,0.03688434671031403,-0.009675289390783742,0.026360811038761152,0.0028342629231863877,0.0,-0.014316365614565724
2010-06-16,0.012559152858780454,0.016801712843241483,-0.006968629487037468,-0.0032575504868048027,-0.0009438924124149921,0.006172637689074866,0.008313420590373407
2010-06-17,0.013942913298926659,-0.006884179549413176,0.004186989107844153,-0.009835941778117203,-0.0028367604030117306,0.012232665438538272,-0.008819622620593144
2010-06-18,0.03179671160784203,0.014369918744218668,0.03691464763760995,0.013093492264921985,-0.0018959289151656846,-0.034006306591189604,0.0
2010-06-21,0.002976338470530213,0.029709991740252472,-0.04530629743875112,0.0016245907738995477,0.05626196744228308,0.030962273527063426,-0.00787691131197697
2010-06-22,0.013284392144495573,0.0018865282973688376,-0.029938093653327186,0.02722307707222232,-0.03932825803123325,-0.003053633224175767,0.015441439011842325
2010-06-23,-0.011799773688104413,-0.023201078702232425,0.0,-0.015923613073376572,-0.001867424778452026,-0.0061349991502361485,-0.021839343187993326
2010-06-24,-0.028594724522552406,-0.01751631818985233,-0.013110118671734063,-0.01292405477274521,0.010227903369202129,0.0,-0.0012845546931286118
2010-06-25,0.00304881105229006,0.010416871529289736,-0.005882364128172204,0.006483012486613426,-0.01022790336920224,0.0030723193423663276,0.0025673437997646826
2010-06-28,0.012102596501484398,-0.025915734642243577,-0.017857671256285172,-0.022876732916310035,-0.030362852952960494,0.0,-0.0015394502690804588
2010-06-29,-0.046161998557355255,-0.030024256135046695,-0.024317284739611384,-0.04565452629530976,-0.02734542000667864,-0.021706196389082826,0.005633727049168405
2010-06-30,-0.004735022834890326,0.008525266446575619,-0.021773778556729954,-0.013937753207196556,-0.009950290711856187,-0.015798101406702666,-0.006404577600851457
2010-07-01,-0.014343196901048684,0.0006791188045428421,0.02177377855672993,-0.005276947722703387,0.0019980138378369165,0.04362061082783119,-0.01789233208257877
2010-07-02,0.0,0.00033916838180564026,0.0030721961115887132,0.008779582715776899,0.01190487343401856,0.0060789038406253515,0.015319042442565168
2010-07-06,0.01592380056960203,0.016150881480673247,0.004590705753806248,0.0052310560224222745,-0.003952596559999415,-0.018349092385130564,-0.0338037861330005
2010-07-07,0.02803929889207794,0.03766629384448899,0.022642419162043282,0.04089149787794592,0.014742222993817253,-0.009302524590684778,0.014289739561019713
2010-07-08,0.03174875543216403,0.015944335581993548,-0.007490628920300109,0.018197059086030143,0.004866264168999879,0.018519079911014445,0.00026265500614992024
2010-07-09,0.05218577918004516,0.020354158997045763,0.0074906289203001885,0.04331087035832895,0.052021158405979984,0.041922450282282316,0.017704162269763336
2010-07-12,-0.03741432512371219,-0.027975818672550952,0.007435006955408521,-0.02543861091485238,-0.028039197716976175,0.011661885574882505,-0.006992071826446123
2010-07-13,0.026050573515962402,0.019883781778423714,-0.00892862219116849,0.006420787952222145,-0.000948459524779694,0.048099698737312166,0.019303156698315463
2010-07-14,0.0,0.027128729732577156,-0.009009061234425377,-0.003205240670222341,0.005676581730592487,0.04325025520909849,-0.01256907091162626
2010-07-15,-0.00860822627188301,-0.0048780606054013706,-0.007570087716443341,-0.009677508239886634,0.00658196553334213,-0.021391491625380978,-0.005695098038947213
2010-07-16,-0.013053300287151152,0.0006112691816142341,-0.00916036072922102,-0.013050774415354571,0.000936909173657317,0.0,-0.0002597648707812145
2010-07-19,0.02735948779367613,0.025928154086078813,0.009160360729220964,0.02272828265524113,0.00931960484081146,-0.008141001688939841,0.05776411609498923
2010-07-20,-0.005697961234641976,0.06286319213255036,-0.0045696549754146555,-0.009677508239886634,-0.0027866922070184192,0.024227233936272418,-0.04051556265899961
2010-07-21,0.0460651899816443,-0.013506301668933988,0.0,0.01607732886912043,0.0,-0.008010569599004754,-0.011551861582361954
2010-07-22,0.036173015612323146,0.010987709420366525,0.00911859529545901,0.00477359972118009,-0.005597061036586973,0.005347414424354844,0.029761775778796143
2010-07-23,0.00655730503975499,0.001120247524258606,0.007535787578757192,0.0,-0.00939861871662052,-0.008032017440287484,0.0
2010-07-26,0.010403208187870557,0.01417300790189796,-0.0030075182604515716,0.012618479681804882,0.007525857945757104,0.005361817753162913,0.0
2010-07-27,-0.010403208187870704,0.024261665715300192,-0.004528269318305714,0.0015658639161977017,0.006539016270099871,0.0026701996871246808,0.0017527789599267336
2010-07-28,-0.006557305039754943,0.0021520586791257345,-0.006069815437863327,-0.015773222244204167,-0.013120981803442027,-0.013423077072682577,-0.000750864045539214
2010-07-29,0.03109015998509043,0.02730467935654524,0.0747600383050652,0.006339071369164104,0.0,0.010752877385558073,-0.0067830372937955795
2010-07-30,0.00762419893631335,-0.007085605181814597,-0.004246253050879878,-0.004750192722962604,-0.004728122205812861,0.010638614239823097,0.023911743317042156
2010-08-02,0.022528830218357235,0.034427932444259464,-0.02440897529966096,0.055569820090294264,-0.005703469699504111,0.01314058415652881,0.022631031294387458
2010-08-03,-0.03526767062116194,-0.035218782013330625,-0.019076163694668084,0.03540168553347573,-0.030980200584941022,-0.023779198396352008,0.012909687823289826
2010-08-04,-0.007722526994238379,0.02652964522449601,-0.007435006955408482,0.015816595116141845,0.002945479521406861,-0.027101838351262852,0.002372432586201381
2010-08-05,0.019194881754085003,0.03753120933287622,-0.01655412626015448,0.015569950782036544,0.005865058574438507,-0.002751140998617077,0.029190738371887993
2010-08-06,-0.01919488175408498,0.010574282984337987,0.023989133215562987,-0.019858834611406792,0.018349196829288466,-0.01386983651722361,-0.022106917501184282
2010-08-09,-0.015625157313259298,0.007311827752371879,-0.005943548215755227,0.029642385077920993,0.01707821933076636,0.019364433551431543,-0.013263957396017257
2010-08-10,0.0,0.005328055353387906,-0.0014914587396532822,-0.008380039648792404,-0.003770054178057351,-0.013793379193649697,0.02495997707811704
2010-08-11,-0.023905323565518614,-0.034151211307940174,-0.03647817422941536,0.057236139168698304,-0.028737588241590888,-0.01398615983859609,-0.018779840552803632
2010-08-12,-0.004040393565665774,-0.0055138304843570666,0.010777651718640221,0.013158017902703063,0.0058140027668339795,-0.014184693325380358,0.008494626341209554
2010-08-13,0.0226826017467641,-0.010611737594907472,0.004583618815111818,0.021979277109541964,-0.014598835081678986,0.047428735598800294,-0.007073798617906458
2010-08-16,0.0013183519061845453,0.003296716362921008,0.015128867407836064,0.06557713794609432,0.040351338297601506,0.04528048249738388,0.00566299314740082
2010-08-17,0.03495528947830361,-0.0158207713330285,-0.0015025926324729517,0.029500464555193073,-0.011363823055789937,-0.034440183323783555,-0.021403805138133773
2010-08-18,0.05205615718625417,0.03711128876306485,-0.009063497339854334,0.01041052144572901,0.0,0.0,-0.009661937676544365
2010-08-19,-0.025689189802659624,-0.025603609806511943,-0.02769412454096025,-0.02210657561735419,-0.011494352323915644,-0.0026992974846604366,-0.010246531126146463
2010-08-20,0.060114040316148656,-0.0007630832333802658,0.056117885769572856,-0.0035355815015469375,0.003846180363995215,-0.002706332491579959,0.0053804397814551305
2010-08-23,0.0023310250451353985,-0.014610161545128507,-0.03910275988430784,-0.05459207011748937,-0.009643331029616642,-0.010899172438534015,0.006805783755644726
2010-08-24,-0.0862711146712244,-0.04488609248031358,-0.023274921394715684,-0.06703574432308783,-0.01365873257582688,-0.03911112309369494,-0.016117533997754528
2010-08-25,0.0,0.001888613681703568,0.012480649617919462,0.058269075386439294,-0.006900065222556877,0.002844921182454658,-0.011389148538871883
2010-08-26,0.01761078385757794,0.011790046353276287,0.003095974848549928,0.012500097447425154,0.006900065222556994,0.008486662878994687,0.00422458402901145
2010-08-27,0.012391651414033726,-0.002133206551224994,0.006163415294043392,-0.0024874029777309094,0.0058765475574879275,-0.0028209867183009996,0.004452908587078812
2010-08-30,-0.03764545220575872,0.0023994734679521623,-0.013921361793315531,-0.03937012802995592,-0.0019549516365613626,-0.025752431640368754,-0.0024715284967422578
2010-08-31,0.018999763623065786,0.006371526027026726,0.004661971650722139,0.04557723580076213,0.013605635462798032,0.0,-0.014959069535950047
2010-09-01,0.036950261506537914,0.023794813073054612,-0.007782095969596833,0.04240519463179228,0.014374983253392478,-0.005814052235082009,0.056879276996757835
2010-09-02,-0.0012099806100903713,-0.0038836636157464845,0.018576367746392982,0.0023695163205090354,0.0056925557321000995,0.011594352519692845,-0.005711509638082264
2010-09-03,0.006034933620211056,-0.015422771418597898,0.03021375030039692,0.0035439354919732315,-0.010461355127436563,0.01714330575583921,-0.012971598474963045
2010-09-07,0.010771866180118562,-0.00899733437016438,0.004454381570861292,0.02676152911463216,-0.010571859836549131,0.002828825599918656,-0.01191801531188301
2010-09-08,0.01183466318072439,-0.0002658568676485489,-0.004454381570861331,0.004581915033110153,0.006740508200212237,-0.040351144769057955,-0.05197600347612257
2010-09-09,-0.003535547405720042,0.038852539552943224,0.029327657341137625,0.004560792134473479,0.0057415828116961255,0.0,0.011531141120508738
2010-09-10,0.0035355474057201072,0.011948951343779438,-0.0028943552301342276,-0.014900010482899094,0.015151890896724998,0.002936827553806603,0.006349158146487076
2010-09-13,0.03808906513985251,0.028156613293804488,0.002894355230134138,0.023960182155623986,-0.009443085752053725,0.011661885574882505,0.012578875113675681
2010-09-14,-0.004540434657308772,0.030488620585161063,-0.0028943552301342276,-0.011338005169627309,0.006619493069717076,0.011527523852658317,0.015627541305992348
2010-09-15,-0.004561144270572441,-0.03024278748263813,-0.0014503597770111755,0.0,0.01589556820868625,-0.026126236981347594,0.001721200721290807
2010-09-16,0.01136359577495736,-0.01260670647189789,-0.02796356771853934,-0.00801379159446425,-0.014012317782168568,0.011696057712914643,0.0
2010-09-17,-0.003395486563803142,0.019704841651590414,0.02941392749555068,0.05152293396046418,0.03239520485650836,-0.023530831271031297,0.0
2010-09-20,0.037824312791112466,0.03192440801324264,0.029980837168966035,0.047958255330159565,0.0018198471069013587,0.005935042296749576,-0.0024600888581992482
2010-09-21,-0.0021856402974768764,0.015006144880453461,-0.017021739092010702,-0.015731513710546357,-0.007299255871907883,0.06305802258732218,-0.002466042557715098
2010-09-22,-0.005485571990003865,0.004179931429716902,0.02402943615986023,-0.005299994660198394,-0.0055096870676196626,-0.036779277912654985,-0.02550795612744911
2010-09-23,-0.006622515247475542,0.0023148632305489483,-0.022599810606082807,-0.016068575556987562,-0.0027662246849302573,-0.017442185859493385,-0.0071174179721403864
2010-09-24,0.06640549139107653,0.08697270350597505,0.0056980156960335475,0.05769822955700667,0.02101492186456212,-0.01775204828719771,0.007623888374544938
2010-09-27,0.014403675787801518,-0.023807823185467408,0.09737419893886196,-0.011276402526317989,0.049392696442703894,0.03519423414669126,-0.002534804610550256
2010-09-28,0.009151019296724305,-0.0030435425192694323,0.022930918775442274,0.04534774743367818,0.002578484777791005,0.031208223554873266,-0.00892293569499225
2010-09-29,-0.001012868674785077,-0.02535690771006617,-0.010126659037970807,-0.018896593779729694,-0.005163468755472145,0.03296993848154536,0.008922935694992274
2010-09-30,0.0030349726182752573,-0.00537391484068526,-0.0025477696026229945,0.002005625613048953,-0.008665698432180062,0.00807566264832774,-0.010460648575294947
2010-10-01,-0.004048465980100818,-0.009021518339337191,0.003819194062841565,0.008977893218389876,-0.021108828566282947,-0.0466477958868064,0.005371564811300288
2010-10-04,0.0,-0.01852103099856051,0.0038047236569035475,-0.009979608968734547,-0.008928767724025828,0.008391705938610008,-0.0035775612983679045
2010-10-05,0.02404931991225858,0.03870581177724648,0.05420046312176289,0.022806511782404518,0.02305071255558712,-0.022536200723940355,-0.0015375537711469177
2010-10-06,0.005922916882032397,-0.0226798672847738,0.019002928829705303,-0.013820708045886249,-0.008802753538532207,0.019746689542263385,0.017789533563988942
2010-10-07,-0.025923770814190242,-0.01879943601258041,-0.015412292667636955,-0.020080629987455113,-0.0026561872909465294,0.02210058848303947,-0.005050530119929217
2010-10-08,0.02099043305324269,0.02423535633945663,0.025944882930963257,0.026027464502025605,0.023654283142700218,-0.016529534125257723,-0.004567144656442607
2010-10-11,-0.000989579121084855,-0.0022615406353199315,0.006960523083643603,0.0,0.02564249197294336,0.0027738968820664183,-0.0005086726816216755
2010-10-12,0.005922916882032397,-0.00045247096955458127,0.02398744902400173,0.0019744019176753265,-0.004228400656347805,0.011019482311583458,-0.001782920990971121
2010-10-13,-0.005922916882032432,0.027698665276576412,0.02342550461307886,0.015656172886532167,0.020134860576032587,0.03763884499584853,0.0022915936725927126
2010-10-14,0.007889660105500596,-0.011299358829521341,-0.023425504613078914,-0.031561497304951475,-0.004995875702896392,0.0,-0.008171858787617208
2010-10-15,0.0019626494274272784,-0.011879795621149646,0.02672772957531125,0.0030018369574846535,0.03687440345924702,-0.0026418484403535544,0.004860090967535984
2010-10-18,-0.011834410429806187,0.0013519159626940178,0.03243519325151783,0.0029925250630027404,0.020701339424213937,-0.010638614239823029,-0.009486042461097993
2010-10-19,0.04935670368721942,-0.0002253493558150642,0.010582149912423598,0.02653741137117995,-0.007117469942235677,0.0026701996871246808,-0.005424169312923722
2010-10-20,0.06666099382406895,0.039740372854656106,-0.0010532101028713193,0.06841063993263938,0.026626400280119995,-0.005347414424354826,0.0061964520337011554
2010-10-21,0.0035275129912755395,0.0064728557680348575,-0.041964133061070115,0.023277538914381366,0.006163457141545008,0.029063818160116137,0.002314218503704322
2010-10-22,0.012248457524413546,-0.01713550246434414,-0.002200271231768648,0.0131869651058675,-0.0007683856855187711,0.002601013641345915,0.0028207134075977406
2010-10-25,0.06562489746059887,0.04261442684898676,0.004395607327108693,0.06262630074521018,0.02429883309430642,0.040718218804622876,0.002557611863312148
2010-10-26,-0.027240602502197838,-0.014570739034083603,0.055451352698953536,-0.018212118768713672,-0.0037580478895947746,-0.010025287285322364,0.0
2010-10-27,0.032114807771417196,0.09354860177031565,0.15533549880168057,0.08331435049795116,0.11644349964102567,0.09140971827309492,0.01117607626263405
2010-10-28,-0.048992800645895465,-0.03308695499139679,-0.0939789374541106,-0.03361014373605195,-0.051575535867916356,-0.054322682157518246,0.00025244779785324164
2010-10-29,0.025211253791579902,-0.0018035675121680055,-0.002931094680795666,0.03514624460066232,0.01679538405915803,-0.004866258599024289,0.006042354930270908
2010-11-01,-0.010008518184721685,-0.012109115168706086,0.07263913668553566,0.04428502138311153,0.028055203618722654,-0.002441855060663571,0.0045077831956575505
2010-11-02,0.02728591708662761,0.015113556524832292,-0.03048734316551972,0.042406651251369644,-0.03922070273165629,0.0383738363176753,0.010687589731187106
2010-11-03,0.03447207089299647,0.0,0.021346564047654913,0.06339443190320537,0.006993074907952061,0.03468581593553478,0.008615320469226877
2010-11-04,0.06999082961944969,0.06765847958494131,0.0235944952223033,0.07013684490755363,0.046963281004108626,0.0,-0.006392992359572305
2010-11-05,0.003666926116200276,-0.04199071766772981,-0.022676709455720836,0.006138763628884861,-0.008010704990368833,0.02024788428418463,0.004430232607832128
2010-11-08,-0.06424577032941407,-0.023669718563386188,-0.018519030595702632,-0.01541770092241181,-0.00402957847446661,0.0022248377677508697,0.043019869399615954
2010-11-09,-0.06448631214190721,0.009930324413862003,-0.007504718604360423,-0.04188459435515774,-0.01833668329987775,0.0,0.011228370598820078
2010-11-10,0.04795726304782162,-0.0023744707035869357,-0.01997213706875278,0.0493144893522446,0.006149728616416916,0.03063696419519624,-0.006887072705655182
2010-11-11,0.011834036210331139,-0.002379930685894702,-0.02825321541813056,-0.012414745274991706,0.02089724488586673,-0.021787444828145736,0.0062848583918143
2010-11-12,-0.045735577031485695,0.00337020678349925,-0.02096931960639715,-0.05126040987016919,-0.04992481656503659,-0.05431196835779405,0.0028872630498783434
2010-11-15,0.029925514090049822,0.02520896792604166,0.03373337263988596,0.01888690190574402,0.009075123130401258,0.03428898988611084,0.014076520679510792
2010-11-16,-0.08390202095866282,-0.07490993472359357,-0.036765182241551966,-0.04891900955188957,-0.04913772356453817,-0.027336487753063174,-0.017928060230656642
2010-11-17,-0.020131500353580457,0.004150924373141792,-0.0030410294309774774,0.018792259984068582,-0.005856636095644827,0.08835769880688524,0.004092008418691975
2010-11-18,0.04748395938285796,0.013986134672983139,0.03589614200092276,0.015176866233332954,0.03463555517145599,0.022989530233566764,-0.004574442117335158
2010-11-19,-0.00931807123814233,0.02779628167823122,-0.009842636839160406,0.0058767453960207475,0.018271734675147297,-0.004140747670149806,-0.006779916109248071
2010-11-22,0.024380927117562706,0.00712638585935451,0.008862702517078661,0.011006965903184354,0.011768947596075897,-0.020965215471611048,-0.022605232364377698
2010-11-23,-0.021831336378512013,-0.030642601076731286,0.05158736617883163,-0.02874122572805376,0.04507991486708557,-0.03448623552488957,-0.006982475896423239
2010-11-24,0.018503712973551075,0.019535491700864095,0.0898781728206074,0.06974318341441185,0.07293260582668051,0.06577139955177219,0.011940339029289874
2010-11-26,-0.023609952950671545,-0.014868782594998527,0.057867367000479134,-0.01871523629610294,0.06740125861952975,0.0162937674233069,-0.0034679325404507605
2010-11-29,0.0017052489824815216,0.01865121638529725,0.030844702554960086,-0.021642970459623736,-0.0028628039018877933,-0.01015251469249971,-0.00747195161795203
2010-11-30,-0.039084486330901155,-0.008379787218461242,-0.007034038541171973,-0.010999672020172142,-0.0034463736749282678,0.010152514692499734,-0.02096856011008083
2010-12-01,0.04333432452852463,0.0350428458819806,0.03165064269791143,0.04079560108924863,0.018809247783511573,0.020000548728598244,-0.004349446698896729
2010-12-02,0.020151802182348473,0.015548655213620723,0.05470689839043397,0.03256816890116282,0.021229916189518326,0.027345450457640606,0.003839027477043686
2010-12-03,0.0008306869931789649,-0.014388538619253386,0.021353138482401758,-0.00789083595897064,-0.0005528675299348368,-0.007736898346402881,0.007126314939583757
2010-12-06,0.004970994209026557,-0.001547308095451435,0.008415189046158981,0.021701173640344115,0.0016578996552434845,0.028710032629879825,0.03880108562892733
2010-12-07,-0.016667012269096206,0.01878897432731372,-0.058967454776957605,-0.05958190436735179,-0.034263395778281844,0.13069718670424366,0.029802982315984994
2010-12-08,-0.00759194279418557,0.0005695889427224719,0.018349138668196617,-0.02629206825412878,-0.008608284563525736,0.024531094670479384,-0.0011847713819368873
2010-12-09,-0.030956579740480373,0.011325320649342519,-0.04082200896986611,0.009699536969868139,-0.016856087670111826,-0.01464627818582093,0.02296791140331977
2010-12-10,0.030956579740480283,0.01969962063591323,0.012796567411607321,-0.0045147282738726814,-0.018935470918028587,-0.016529453547224803,0.0415263045038777
2010-12-13,-0.02139539213974871,-0.0022110421978990685,-0.039669541526733215,-0.03018605675764304,0.0,-0.021904725112923136,-0.015455682652998372
2010-12-14,0.014598764613829732,-0.003140126931919446,-0.022826646578563533,0.0019964565683458684,-0.018083603457949893,0.0050977042263237885,-0.030017181535282947
2010-12-15,-0.02941367526397697,-0.036553251935591766,-0.024991257458288944,-0.05255364441724712,-0.05823240812385017,-0.08670324599494918,0.00023249736071818405
2010-12-16,0.013082948735453162,-0.01547052935005048,0.043919248835996655,0.007678976109686685,0.02922696594244659,0.00919973480407601,0.0
2010-12-17,-0.013082948735453157,-0.002927999366570754,0.05250346742615374,0.013126147892697762,0.05126192305882086,-0.04112731099157073,0.013627724407093658
2010-12-20,-0.004399694111109098,-0.01814619318512371,-0.03853897724378984,0.04954173878659305,-0.033265888152586,-0.005741627920062808,-0.00022945175516637494
2010-12-21,0.014879889549642648,0.017559990765925744,0.0023086341080794707,-0.007869162253664243,-0.016119294462369788,0.02089345732673688,0.019091530150412463
2010-12-22,0.012090001409256488,-0.008445543930929222,0.05313633164330415,0.021492440632195887,0.012422590012817578,0.016775746780820607,0.03015731067508305
2010-12-23,0.0,-0.020323502614844058,0.00218418235210021,-0.024129315962749677,-0.004950592839401528,0.014679186561216825,0.09495289817562869
2010-12-27,-0.0112214574814108,-0.011539863260001778,0.01084998858020028,-0.016639035258992983,0.032949852286322724,-0.033336427983579275,-0.02189071997497654
2010-12-28,0.0,-0.008794460850122598,-0.014492993780954139,0.01597905466760499,0.026652517403453545,0.033336427983579185,0.005063364207500949
2010-12-29,0.0051948646855336875,-0.008457793245422023,0.005822427295688317,0.009204460720592859,0.017955845887011747,0.06862850731816415,0.021978840556145428
2010-12-30,-0.00346065531645969,0.02919442694282295,-0.013884006816508641,-0.012512309112232972,-0.016787671186779367,-0.03460549804715947,-0.007339071740103804
2010-12-31,0.005186228726643706,0.010010298515653875,0.0029390147136875173,0.014473866567246049,-0.00761792684480618,-0.0124004215874852,0.0027833079850682735
2011-01-03,0.047146485996106186,0.023817595866826188,-0.010324600851807118,0.0465794045634858,0.017493088520742467,0.02116466797721414,0.015366691158372529
2011-01-04,-0.014913029665665583,-0.00467931633865806,-0.03162914896608896,-0.010655121689387693,-0.02102870648127734,-0.0034963814768629664,0.04547984939581484
2011-01-05,-0.03741968505708435,-0.047422852920979496,-0.024788232682362275,-0.010133262131258447,0.006472522593619141,-0.014109602973883353,0.019425311140169228
2011-01-06,-0.010452671744665595,-0.001025663834383079,0.0023501564506803537,-0.010236658536353825,-0.023740006685131078,-0.014311536469416321,-0.008833417843333026
2011-01-07,-0.012335143141986553,0.012030553127845617,-0.00864442770044637,-0.020793843296512723,-0.002405306413953306,-0.010869734740571116,-0.03192760359103421
2011-01-10,-0.00801076409253702,-0.02815987070749465,-0.005540156121862264,-0.009234385477219128,-0.023143496336560276,-0.02396424969282239,0.006657195296194326
2011-01-11,-0.008075383542389805,-0.009004135102147816,-0.006369441998261541,0.00462780851260893,0.00728354347406448,-0.022642513055889064,0.016544840278415796
2011-01-12,0.00807538354238989,0.01295726907127964,0.002393278541244457,0.007229705916239648,0.00979196006193793,0.05927661336092791,-0.011816641234066593
2011-01-13,0.004458399526879223,-0.018018743436125723,0.0197245050509427,-0.006570335247956587,0.0121066655613868,-0.007220259699881422,-0.007195773242469099
2011-01-14,0.015011354973653593,-0.02548021904915696,0.0,-0.007941813583485868,-0.001204103669253903,-0.0036297285361837927,-0.01705831954987859
2011-01-18,0.037837582321867264,0.025057491878772698,0.005453826889234471,0.03139586013064765,0.04879021374270646,0.03571805071326935,0.008661450553277137
2011-01-19,0.043754644998902685,0.056535042590168706,-0.013297034269914777,0.06179808505468862,0.014241201229197508,0.02597550664039002,-0.013505925352181179
2011-01-20,-0.02453110689338235,-0.006416193833615844,0.012519713666472526,-0.015248987835362077,0.02898755238826594,0.021978962444202017,-0.011330508142462854
2011-01-21,-0.03538707297048997,-0.010718846621857252,0.01772689946611275,-0.006783918512796457,0.0366814448154443,-0.015164700009678171,0.005094952795854285
2011-01-24,-0.03224672177359545,-0.008371969323317885,-0.022403405751904897,-0.008701042085441759,-0.03888178888828986,-0.006814262434523786,-0.008046189989501462
2011-01-25,0.01407227310931643,-0.014248973438952556,0.0,-0.010037656515907305,0.003847246373566529,-0.00686118744386296,-0.008111632706805517
2011-01-26,0.008695650284417992,0.011374301155379985,-0.003913914222297411,0.016260460621112645,0.008738415159812055,0.037166543315733575,0.013025707427419621
2011-01-27,-0.013072030961356076,-0.029211471533152965,0.014791985040444124,-0.009348829112796542,-0.032608524184835064,0.03423300505508141,-0.014616269116564303
2011-01-28,-0.04485063000319205,-0.028564064036626154,-0.06629172743023004,-0.018325764074893423,-0.02560593660501305,-0.04590953249154695,-0.03111988743366652
2011-01-31,0.0027484298578517377,0.005215103065974209,0.03009579704685025,-0.0019153947911987527,0.01260038629487463,0.016639304057078395,0.03290891556316185
2011-02-01,0.024402669020581656,-0.012211269873666615,0.03077168645446741,-0.017402680620688397,-0.011448303259948769,0.0,-0.0019880263412401507
2011-02-02,-0.004474428716222833,-0.005941245956624269,-0.007800306824716907,0.02440715131262991,-0.006352945322148646,0.014742244317328342,0.001988026341240019
2011-02-03,-0.0062974107870970965,-0.023898535810804422,0.008577023670121848,0.015738256560361298,0.0005792111413174457,0.006483015513755016,0.0009927088703213882
2011-02-04,-0.0009034085213585163,-0.04531501570765194,-0.029147386786642193,-0.0006245176684329582,-0.008723479426478591,-0.011373151808951494,0.006920457396133608
2011-02-07,0.00988784990026286,-0.021033405969709977,-0.0007996984664743047,-0.015113738891928368,-0.01589672756051254,-0.013157942861527924,-0.0005912591117633363
2011-02-08,0.020363711133493546,0.030918141264412686,-0.008032202460952372,0.010728846246576405,0.008862644692378983,-0.01669486436123463,-0.0069246525614077604
2011-02-09,-0.015901333092195682,-0.01795888395172503,-0.04705777030620006,-0.03513599755920644,-0.016009843707812565,0.003361395143552226,-0.013390728261755285
2011-02-10,-0.014350227941560685,-0.022423924767550372,-0.07274339874273254,-0.05478990320067837,-0.0352833971774342,-0.035870706198461826,-0.020325971115185772
2011-02-11,0.033751159826375214,0.014043712075840278,0.006343446354353355,0.01024954950458343,0.0,-0.010489492544557171,0.002051144429209539
2011-02-14,0.030109909793794888,0.036127154109047606,0.015240104949668194,0.01350443376848427,-0.009331342104863171,-0.043094616412971416,0.0018427750428564897
2011-02-15,-0.023147103262953772,-0.018963246474847328,-0.017048378877556843,-0.01759145813072764,-0.006269663205888717,0.010948985859351848,-0.003073029496158265
2011-02-16,0.02060150328712439,0.005185669049314033,0.0090090184687603,0.02427607183073728,0.016838639083789964,0.009033431743639481,-0.00803362185852205
2011-02-17,0.021849543783591108,-0.007552479131708017,0.009817179344932118,-0.006684613700009664,0.015951267494469606,0.02486806247720421,0.005157098095720623
2011-02-18,-0.010865331066890702,0.0016572637969262092,0.002660731744214556,0.023857936501688725,0.008484850653229778,0.001752961094450029,0.019358824169361574
2011-02-22,-0.05085079720220871,-0.019826225147314934,-0.04159732081452861,-0.028563612200831996,-0.04001761564668573,-0.03747101180771957,0.018000424162543598
2011-02-23,-0.04799499068614293,-0.014581203652095082,0.0009229561196600581,-0.05755499270432676,-0.02867349914677453,-0.03139683445174687,-0.0009914608910327036
2011-02-24,0.027449514048668827,0.0,-0.037598467826552275,-0.012931231183886286,-0.005184758026908692,-0.0227714185931787,-0.012578808915419732
2011-02-25,0.048445995638952084,0.02823891268147807,0.048607742739111344,0.039693333743562965,0.010985596437859322,0.0038314762444553035,0.01555051043294889
2011-02-28,0.01958344038137982,-0.004053982099078135,0.0027334625887244636,-0.001390731035342782,0.002567415914070453,0.01518048644073976,0.021527271991653867
2011-03-01,-0.020443561101728094,-0.018813635153889483,-0.02861288548259735,-0.011196864559588992,-0.01941811602518485,-0.020933316111486893,0.0015477040219646012
2011-03-02,-0.04578286044912847,-0.006840957249052632,-0.016997604943082077,-0.029277532965172284,-0.017804640039100626,0.005752829670747098,0.004436256354213414
2011-03-03,0.05178849862340213,0.0235019254966093,0.03463143344149695,0.036988532860103576,0.019763457492921462,0.009514763346234486,-0.0019263670970102787
2011-03-04,-0.011182574187129148,-0.02325702884559429,-0.06263905469216417,0.0041815635045890824,0.00909104424634318,0.0,0.008830824940807629
2011-03-07,-0.006944606006700388,-0.0014714642396559533,0.0029339613468091874,-0.014005847976278445,-0.002589018802743376,-0.05249004486819188,0.004576882037977836
2011-03-08,0.0026098907950866186,0.0012265675886410808,-0.003913895668890834,0.0098242844716893,-0.015018295872534913,0.005970051773752087,0.0007605425356270607
2011-03-09,-0.018413424864806294,0.002937402702646297,0.012664574155150784,-0.016901743937644587,-0.01058206699826172,0.003960259309235232,0.007009718998004818
2011-03-10,-0.013363388042231281,-0.010813399676579424,0.01154968441280022,-0.019362269557176435,-0.021506183017700558,-0.05483603887913989,-0.019829087870973757
2011-03-11,-0.005395604487230327,0.005421118407803217,0.02364176348349234,0.0028922692044982545,-0.008185584229058183,-0.010493214512258665,-0.00831479435222119
2011-03-14,-0.0027089381710635016,-0.010872344817962589,0.000934164379294162,-0.010159561074358253,-0.027779585409013954,-0.029980936291526285,-0.06415045097257517
2011-03-15,-0.05482086071687247,-0.010238461241729923,-0.04292502597067181,-0.05471590052313861,-0.028573394980889743,-0.010929117102734297,-0.02324921986914216
2011-03-16,0.031032284978085075,-0.031619067673327686,-0.028672251293817237,-0.021807746882880945,0.005059682541397462,-0.015503963385461695,-0.02163538171479056
2011-03-17,0.010133140261685991,0.020005794370984487,0.006996499707106762,0.015625542916681046,0.000720726486931141,0.008888850652874567,-0.0039052781973940363
2011-03-18,-0.02130654401848084,0.006832690043434509,0.005958351152409131,-0.0015517968711093056,0.0014398274335383236,-0.00443454890071071,0.01830937842473615
2011-03-21,0.03586570284542036,-0.008866286099166397,0.014742243967924255,0.0007759440973914356,0.01641141903049209,-0.008928645189598737,-0.054838197994257536
2011-03-22,-0.0027134801892736387,-0.007919231753054836,-0.009804037679845888,-0.0007759440973914826,-0.009242872322682904,-0.0365338038011449,-0.05563421725468462
2011-03-23,0.014388728213952009,-0.008758275098453247,-0.0019723383467515347,-0.0007766489518553216,0.0,-0.0023282063010391257,-0.012473248795450446
2011-03-24,-0.0053716649814259795,0.0023256810990199585,-0.007928676074141792,0.02000039121198087,0.0007140364116427571,-0.021202390748455698,0.0021701246474436775
2011-03-25,-0.01264686498834654,-0.00336133344982506,0.005952345589972167,-0.02155560346901392,0.005693942557083103,0.018868751250773783,0.01695557398712053
2011-03-28,0.006343281945094173,0.010562992967908963,0.019589339655188505,-0.01410662737809105,0.0021269230925767507,-0.014117962357155296,-0.002133495029971129
2011-03-29,-0.013642507294275684,0.010959691228970168,0.01635429648431691,-0.02801322752102483,0.0028288108714358954,0.014117962357155168,0.016007775137693997
2011-03-30,0.022635600688010345,0.023795902305715325,-0.006701767244096555,0.021678760593044827,-0.0007064698304444001,0.027651572737529093,0.01460570246463996
2011-03-31,-0.018067580067202077,-0.009200639639732488,0.005747182417570535,-0.012789642949167165,0.0014124409135968258,0.04662308518013595,0.02477691759095051
2011-04-01,0.033172229339318016,0.0271084512980264,0.017045805950050494,0.057068831958216486,0.04687285438832121,0.04246919419722692,0.005150450833933384
2011-04-04,0.017482642846562327,0.0367586048810629,0.035058952719410154,0.0496582351874764,0.026579594562652867,0.016495350066547593,0.007343961703286848
2011-04-05,0.005186228726643706,0.008633395241021316,0.025068518173326417,0.007922411465111773,-0.0019691032999589533,0.002042828406709858,0.014309506343501022
2011-04-06,0.005158994251597477,0.0009292542104840687,0.0,-0.009369686916370322,-0.013227684091142246,-0.028987428860912563,0.01281370030058448
2011-04-07,0.0,-0.030880496991364925,-0.011560832205882282,-0.01165346199362225,-0.02494237998437844,0.00836826279701543,-0.018292941497769347
2011-04-08,-0.002576204330343532,0.004061499647048657,-0.010791460989319174,0.00729950415411763,-0.0006827668125648164,-0.0041753256599651,0.01310051208635341
2011-04-11,0.0,-0.016346622669938374,0.0,-0.022059940533597278,-0.004792926448893666,-0.0020943757717483075,0.002383238687855146
2011-04-12,-0.01822169039256331,-0.01292845998564133,-0.014572279796340258,-0.022557379804718104,-0.02010469075132354,-0.034118505174873824,-0.01241173993236368
2011-04-13,0.018221690392563373,0.011230581823550311,-0.021326681773889945,0.024043364027535596,0.0034953128441200013,-0.01310070149490233,-0.003072010841844884
2011-04-14,-0.011240932940685162,-0.03860909805449232,-0.00658203535825404,-0.01420581568273439,-0.007002885765449218,-0.011049661633297935,-0.012606740291135577
2011-04-15,-0.019315900593864736,-0.017564192973903565,-0.004728159104521557,-0.0007535447106014147,-0.006344666940523843,-0.008928645189598737,0.007759335503178094
2011-04-18,0.001771636724926133,-0.03024250624861898,-0.02495333186243987,-0.035279273773694844,-0.03161187253583297,-0.018100071325736423,-0.028221025590720924
2011-04-19,0.03221870848933579,-0.006372791828245112,-0.008784844548040592,0.023148804861941263,0.0,-0.002285633279701992,-0.005924002954745347
2011-04-20,0.042733075847815605,0.009544446693958781,0.03657771762827656,0.023370818352474735,0.07790681077667737,0.0642523491921547,0.009325673707138792
2011-04-21,0.010830711873248336,-0.001055987730510083,-0.0037878797250464123,-0.009734025551112078,-0.021843915522178403,0.006417224890200493,0.0038415298000701275
2011-04-25,-0.02269735192483199,0.0013196408805419804,-0.013371770026413985,0.0,0.017106136137340865,-0.021552429283106887,-0.0020319656596789583
2011-04-26,-0.026991180865246128,-0.018100328635002483,-0.014528063883127693,-0.026688769762486218,0.0006782014561173419,-0.0309762541088438,-0.004984076363688272
2011-04-27,-0.030653692876954044,-0.017066477147232115,0.0145280638831277,-0.004647472813810318,0.0033841250315380994,-0.015855257410702428,0.0
2011-04-28,0.002914009424485633,-0.01597387461027442,0.0,-0.012500282983160334,0.004718552698468981,0.04900749525136748,-0.011420801228686963
2011-04-29,0.009652720350595655,0.02657345679952928,0.0019212741795516252,0.004705794822418549,0.038263232716938496,0.14165060522486836,0.010966231196692551
2011-05-02,-0.008683175084857768,0.0155581398338946,-0.0009601756780376397,0.001563827247777252,0.015414563638817297,-0.017126921347428707,-0.003870189519444137
2011-05-03,-0.023530475883575177,0.010590645461297237,-0.03122201848085657,0.003898799704076254,-0.01800687615640878,0.02651660704880717,-0.020942574906412253
2011-05-04,-0.010972617464522055,-0.007932685121122824,-0.004967739024118465,-0.010954636661412618,-0.009781638949069972,0.0,-0.003886379066465459
2011-05-05,-0.03469732953256556,-0.02065203030321411,-0.024194705324816716,-0.024692695458704703,-0.040112328968650635,-0.007504644363612105,-0.0034130939195335273
2011-05-06,0.0010378972701363932,0.012671918417009502,0.020202687854778384,0.0,0.0027248190667594715,0.0075046443636120775,0.0029263105648346163
2011-05-09,0.02963919780946626,-0.005973660260586387,-0.01005037438579784,0.038755137426397225,0.0,-0.016965397031084267,0.05977913619939375
2011-05-10,0.03171724741287989,0.04026264866237585,-0.02557684278789573,0.04845779259451051,0.0033955509216070058,0.005687109899116324,0.045069944738130065
2011-05-11,-0.024692390268959946,-0.021607576478886895,-0.02624822712628058,-0.03479456895848596,-0.001356863181622937,-0.017159673343130892,-0.035937539292498946
2011-05-12,-0.016129753049118057,-0.028114625745318887,0.0021254479933449275,0.010695251602374879,0.0,0.032169360980129805,-0.00982076105462373
2011-05-13,-0.024692444828121916,-0.007807118992658608,0.01475267426885244,-0.009160150467301151,0.030751076092584484,-0.028330530164522385,-0.021341491617221375
2011-05-16,-0.018927897502017035,-0.015799147594324225,0.0010454026197969136,-0.01701518755626126,-0.007931304178978905,-0.01739169903275017,-0.0037584673039512038
2011-05-17,-0.01605193462821393,-0.005025833250978839,-0.01579807688864939,-0.010192346758111735,0.003312384657694682,-0.01571744175025428,0.013557744101361057
2011-05-18,0.01392627658660796,0.02082498084530313,-0.012820676019081425,0.016413227732722354,0.009216665590606774,0.029270309967397195,0.02340637946794719
2011-05-19,-0.007474473260299477,-0.017865602941363905,0.06150975968041585,-0.022737382189808454,0.002617823431203605,0.009569586508557392,0.00587971204200919
2011-05-20,-0.024960481972526698,-0.020902503910595404,-0.01220766744005125,-0.016793672248292972,-0.0019626619515390117,0.0019029769354571232,0.00022537261925585013
2011-05-23,-0.0323869417038343,-0.008484854701862754,-0.03013224492907761,-0.03445808814916392,-0.025200281275179884,0.013220208575455968,-0.0136179368181051
2011-05-24,-0.004550778570943928,-0.023400011256898574,-0.024560716455288265,-0.027074178679611503,-0.0026900028094312433,-0.030526748141839023,0.0165442207070779
2011-05-25,-0.0080137283275965,-0.009389580746065232,-0.04307682565709151,-0.04741885911747121,0.0,-0.02179913325193686,0.011620343198051768
2011-05-26,0.013698789920861914,-0.001258619162113517,-0.0011292237434811657,0.03707361794496772,-0.01697834118398446,-0.008298828343114763,0.0095081488276347
2011-05-27,0.01351350562468072,0.0137586325958293,-0.005665758965184324,0.005186224701344475,0.006145379508806773,-0.045462170155835854,0.0026371638653472245
2011-05-31,-0.0033611538880198794,0.00804217333662034,-0.021827464593822482,0.0017227440141549676,-0.0054607427275489995,0.022989413946960087,0.013949745349824917
2011-06-01,-0.04946399458224165,-0.024638791784802924,-0.022314441249480333,-0.036814306153517544,-0.011011767092225481,-0.005697969869576193,-0.0404160754345094
2011-06-02,-0.02266028708152857,-0.005382361553168839,-0.008348252767513699,0.015064686452495613,0.0034541961491563883,-0.011494378833306668,0.006738440189274291
2011-06-03,0.060837646904787844,0.004434573628557704,0.00834825276751371,0.03542464745022343,-0.004146482764310958,0.02849200471957529,-0.005612208866205126
2011-06-06,-0.013714774511054252,-0.008889093817806549,-0.021609521170815795,-0.015397771763356405,-0.00625217439411089,0.011173100192183571,-0.009500329273168446
2011-06-07,0.013714774511054314,0.0028662897805498576,0.0,0.017941525011096093,0.009018383623701672,-0.011173100192183557,-0.013730124143974929
2011-06-08,0.011286634758982287,0.0025404211425024375,0.01326126840330223,0.0,-0.009715496209843993,0.0,-0.024254930747910835
2011-06-09,0.04284020622896788,0.02412776501291771,0.07939758563652706,0.04146531946145004,0.052303902343072806,0.03315191160007904,0.017318324242462924
2011-06-10,0.024430353381684904,0.012919302748985163,0.00990653695719188,0.0016235688468900496,0.0006615997616268681,0.042559715957374934,-0.022762623653808173
2011-06-13,-0.008430094110595296,0.020269758663259595,-0.004390782165745233,-0.004878208285416156,-0.011976223177543658,-0.013106325075724545,0.009214379993620032
2011-06-14,0.056570550098483635,0.018692166664924875,0.054588213234485705,0.033656904971293616,0.023156898529900508,0.0026350242251082265,0.00023507117919364717
2011-06-15,-0.011061173999716673,0.022956196836525892,-0.017867009202629024,-0.0031573371202523503,-0.021150799572552385,-0.013245204094306785,-0.013254497732877261
2011-06-16,-0.010162686275336332,-0.03508135295728495,-0.01066112232560982,-0.00396003908972122,-0.012773320184916434,0.002663093759527262,-0.009335900453583438
2011-06-17,0.03611225320689955,0.07589168943178433,0.03372286913837139,0.013402095127216577,0.0033772675675787667,-0.013387154584822775,0.011715573602900216
2011-06-20,-0.013888950461749823,-0.011371667711680885,-0.01041670135547653,0.0023461626098212865,0.019366176837533167,0.005376502199200788,-0.0009512100852746409
2011-06-21,0.024668375491890968,0.002507077875278199,0.0,0.015504090358119362,0.011180675352356834,0.013315752569228793,0.013235802310705787
2011-06-22,-0.004885415647363474,-0.0025070778752782075,-0.01583152577080407,0.005370302814054994,-0.0006542414214532695,0.005277010151172671,-0.017527632826302927
2011-06-23,-0.01380711993167142,-0.007840683282837109,0.01268524819362047,-0.007680632538458255,-0.00196529638259058,-0.0026350242251081497,0.0035778540468952443
2011-06-24,-0.014000139526872608,-0.004508453546095398,0.044177635113476034,0.0,0.0,-0.010610179869198546,-0.011976164178372363
2011-06-27,0.0020122457113386063,0.012070419375992143,-0.01519012686190104,0.011498639488590671,-0.008561137548313098,0.0,-0.001205625102440352
2011-06-28,0.02775191872388149,0.01989011958043239,-0.004089981263258574,0.03003298166886562,0.006592034248354135,-0.013422997064110749,0.013181789280812588
2011-06-29,0.0,0.017622727975856636,0.012220099466856656,0.005163702971601279,-0.006592034248354149,0.029296300274691957,0.034171316893790174
2011-06-30,0.006819062221396568,0.014143098625002308,0.014070617998849577,-0.0036858163873861225,0.014445477342715592,-0.0026280991162744246,0.035932068003024786
2011-07-01,0.014458494269140013,0.0199374786014475,-0.012048422733467023,0.02983123536610429,-0.0013047046708899311,0.01566616467747218,0.006637158852074494
2011-07-05,0.0057250125206547335,0.007762187312519402,0.05310982365307364,0.00998559560072224,0.0,0.007741905350882902,0.012490466360834656
2011-07-06,-0.00572501252065465,0.02015615466567076,0.03852057288364671,0.011291529647142664,0.024501558739233237,0.012771726470214663,0.004346045028812298
2011-07-07,-0.005758253418069173,0.009052247038595647,-0.020484912025267966,0.020146492454739835,0.020177269442471175,-0.005089115029734159,-0.0028228075857559694
2011-07-08,-0.008700240851070878,-0.013355081918264615,-0.02669364655134433,0.00206139219804392,-0.005633802481966301,-0.02584127813617114,-0.005232256907465213
2011-07-11,-0.03356651860285194,-0.0259560796627012,-0.01951288866378444,-0.024315340191136233,-0.023500609238638958,0.0,-0.014087739527736216
2011-07-12,-0.0020101512628782274,-0.022644414651818063,-0.0009856358832750099,-0.003522140599535141,-0.009686884593248027,0.0,-0.0483689616773105
2011-07-13,-0.008080893502992221,0.009013925676131802,-0.007920825638302495,0.007032378889024098,-0.012406270291322746,-0.0026213042163899174,0.00834096442408279
2011-07-14,-0.011218748472693017,-0.021339742296607445,-0.016032487774745887,-0.00844497559722635,-0.024610491262693896,0.005235661498204325,-0.011836996501621913
2011-07-15,-0.0010260343372846027,0.0032302266100238675,-0.0030348767576822686,0.010545145916301344,0.0006731147846305665,-0.005235661498204241,0.0046585663745533825
2011-07-18,-0.019700163626658485,-0.024209158631141075,-0.03505515220426727,-0.015504169335759078,-0.015598753334939397,-0.03471651422303298,-0.019714322801416346
2011-07-19,0.014553178183659123,-0.020865654755044493,-0.003152891039803153,0.029393282761728635,0.004092676875131185,-0.02754980691409114,-0.0033238569476587744
2011-07-20,-0.0010323167919150343,-0.0016886200769510452,0.00629597234977402,0.0020668012577513286,0.001360620623557771,0.019364294433953183,0.006400621088419038
2011-07-21,0.024490850788624733,0.003934949523432241,0.0,0.009588811662161755,-0.0020415276991232133,0.01089938900258226,0.021043653003033902
2011-07-22,-0.0010082974921157442,0.000280457985641572,-0.004192874068577021,-0.0034140046807106194,-0.004779835651983633,0.005405273664711837,0.0
2011-07-25,-0.020388277047906057,0.00698626090899763,0.022846197267589456,-0.005487182280643764,-0.006868081786029781,0.018692254768429714,-0.002084874945121204
2011-07-26,0.0020578640565234395,0.004999959219350683,0.001026190854474099,-0.004135032810070755,0.019113165402766683,-0.005305100183606916,-0.012364479527749701
2011-07-27,-0.019720610227147772,-0.029525520702342413,-0.0030816390653088514,-0.03299697565350507,-0.0163602828375228,-0.008010652385621939,-0.005413745246291746
2011-07-28,0.007310540708456478,0.0037031665081526475,-0.015552472368380914,0.009236275817227942,-0.0027528825652437766,-0.005376502199200867,-0.0063929439554213825
2011-07-29,0.030740482510073896,-0.014607026232131733,0.023749231563201075,0.006344855619344524,-0.0083045454910339,-0.02179913325193686,0.011102169283082174
2011-08-01,0.0,0.002017440242942506,0.010152313468980687,-0.006344855619344568,0.01036990105303529,-0.0027585978706493293,-0.00352986337995224
2011-08-02,-0.014228080510457887,-0.040546429362191404,0.03863782753052161,0.019608588479844865,0.008901125405694278,0.013717514725520494,-0.01639962422927089
2011-08-03,-0.007190755795565917,0.014290817436301173,-0.01764754706511928,-0.004866035666026758,0.0040816056641001285,-0.027625920345449046,-0.0326379360030196
2011-08-04,-0.06385114674325684,-0.09350894321388352,-0.06645261197741362,-0.07073667888107009,-0.07395123180519296,-0.016949507644111628,-0.053654846545120566
2011-08-05,-0.015504243224844278,-0.0029253249943816256,-0.033318549499487864,-0.02575916797052205,-0.026668317262650423,-0.05264389368790646,0.008583977533618722
2011-08-08,-0.14636869628113455,-0.06523348443183284,-0.08790590944632289,-0.1214353109936972,-0.08947136341878822,-0.08783072573461555,-0.1125521775282161
2011-08-09,0.0698541728716931,0.06815880942621436,-0.021713797140567672,0.05643641526734596,0.017094413319450857,0.025891532295883594,0.038663154807548936
2011-08-10,-0.017011669678476758,-0.02864395739621789,-0.024692589330022063,-0.01070417405899687,-0.0220327343717373,0.022117946003581173,0.009712905765267722
2011-08-11,0.028987340854366137,0.013271738210673125,0.06062462181643484,0.044523601300621544,0.049104438212966915,0.04580945070253412,0.03367152388565921
2011-08-12,0.011834541080687228,-0.015612319999089548,0.0035231667026496354,0.02810504807726052,-0.022240815221915285,0.08302311194545053,0.0013341972450951862
2011-08-15,-0.026223138602541277,-0.0006699774272943091,-0.048028392562827565,-0.007728219541453214,0.0,0.04826689111396581,0.03716721086881292
2011-08-16,0.0024129263459646442,-0.012472844850185865,-0.002463111842034062,-0.04603960187088737,-0.001607653054064417,-0.018494607426971087,0.001027179902268055
2011-08-17,0.0,-0.003738324423276763,-0.013656284114222816,0.034334583643402326,0.01833450405529579,-0.040822022420347284,0.009960609281176785
2011-08-18,-0.05574231403120691,-0.058541020888912804,-0.026600686694094662,-0.06317905607241606,-0.028035468942344384,-0.057158314196765904,-0.046290177394441974
2011-08-19,-0.01669912595061178,-0.0484470585237414,-0.037937834443476495,-0.01431585209932283,0.0032441486430680594,0.023256862164267183,-0.02397418748235904
2011-08-22,-0.013037990189849491,0.00037838954781410953,-0.025659754608273834,0.01347939250957837,-0.001620836624044103,0.05315919723048452,0.0038095478350572997
2011-08-23,0.03355135965607173,0.033522690775781926,0.030978911026593597,0.014125849897396608,0.012092065231150617,-0.022039263536496496,0.02255723480528445
2011-08-24,-0.012771379299730153,-0.007353110862078544,0.014483483344190914,-0.009950312453294833,-0.0056247314903744945,-0.025389207739941508,0.008461290024603357
2011-08-25,-0.007741990166492066,-0.01636919729368518,0.0,-0.021053471996900497,-0.012976687929088697,0.016997625886268596,-0.029661745422834247
2011-08-26,0.009026529859490111,0.000749658565079155,-0.030526592843283396,-0.005119399782267252,-0.007374040666113512,-0.016997625886268467,0.021996679039681232
2011-08-29,0.02785001702757368,0.00969825401725032,0.03574172349695253,0.010212946892374203,0.013883394854426006,0.01418450796193983,0.013440810410261503
2011-08-30,0.004981310203148816,0.0018538685438080817,-0.023685294705459378,0.011784387442691774,0.004046982471320615,0.01398621811651214,0.023031250524463736
2011-08-31,-0.01250033771789083,0.0033293802390722913,0.01977646757942447,-0.004192714982302967,0.005638323450768364,0.027399025356236614,0.008660296397093509
2011-09-01,-0.015209267850000659,-0.015255920563280187,0.020672612676392706,-0.018660294172221068,-0.006446410760098261,0.0,-0.024388288560633277
2011-09-02,-0.04305971972089047,-0.04839679893032704,-0.04712915717959758,-0.04196446543862652,-0.01301884577720511,-0.013605726428478985,-0.014132700542317694
2011-09-06,-0.04499721697910683,-0.02349310811419368,-0.0013414125397319399,-0.008068308326232305,-0.016515704341429047,-0.022161474075220573,-0.01835398259785823
2011-09-07,0.04766046750962711,0.012014843813115147,0.026491653515302496,-0.007226560678868551,0.02710644055824194,-0.0028049250447204324,0.0461659930245815
2011-09-08,-0.03932716819187607,-0.03937987260714197,-0.010512570178882267,-0.057851885803735424,-0.002434097620622336,-0.025606025823878678,-0.021244511376633055
2011-09-09,-0.04526953185409494,-0.045751541115645486,-0.00929006958362828,-0.01939906414503726,-0.00815663859619055,-0.02332467195651977,-0.022508243701838036
2011-09-12,-0.041364568505893,-0.06029984885551779,-0.047790650498246226,-0.009842795171586167,-0.016515704341429047,-0.02388183973726483,-0.005101474215200604
2011-09-13,0.006015031871466152,-0.006929426201830746,0.0,-0.012941841948925151,-0.0008329929654872151,0.012012264497748863,0.024987958931375173
2011-09-14,0.03534953663442694,0.0359699651109446,0.0,0.028643825339677183,-0.020202707317519466,-0.039579180153946535,0.02540314817311519
2011-09-15,-0.00726188125695036,0.0017873297152553977,-0.019774636346759144,0.004856992009160304,0.021035700283006675,0.0031008614886658178,0.0033218391471440765
2011-09-16,0.002911250658571894,0.053456191776341,-0.008596101564424193,-0.014641293330446371,-0.01172544087207603,-0.025079686512402957,0.00025519490078822215
2011-09-19,-0.017595902014252818,-0.004665969560393009,-0.021818991901529944,-0.016857612700708482,0.0008421120530874085,0.04954574067993472,-0.028455324931459195
2011-09-20,-0.013403004021795504,-0.024533302111055144,0.0,-0.03355675402345632,0.004199955706658228,-0.027566915656197545,0.016137736297536058
2011-09-21,-0.08116767715214243,-0.046374947344739424,-0.0014717042788113639,-0.056367898248072104,-0.00926329827526697,-0.037979370248423544,-0.015612931028280224
2011-09-22,-0.03306120845055245,-0.07632221837857082,-0.051370834716109884,-0.062061666929942735,-0.03267704136232417,-0.012987082081041566,-0.07259599085175833
2011-09-23,0.0033558156434694217,0.04243647614127682,-0.049255380822350134,0.006960420141404927,-0.01231319012495971,-0.016474571981668042,-0.0014111875415685254
2011-09-26,-0.011794500793172126,0.014064833838323434,-0.013114929775130834,0.006912759211409194,0.007933114846799653,0.042282688898749365,0.009276316473243977
2011-09-27,0.03333658678745976,0.010650847685412706,0.0308716731094071,0.031640946044639885,0.016543658873204123,-0.04561074773007975,0.03491759646600961
2011-09-28,-0.029952501954490035,-0.02660613354332857,-0.030871673109407027,-0.037398015291229963,0.010309369233694559,0.026317487675109517,-0.04193706374939994
2011-09-29,-0.02047826545548759,-0.008551106404989477,0.00821700439638534,-0.0057907859974449345,0.008510675759910845,-0.013072081567352775,-0.002256849189853566
2011-09-30,-0.053109990684451255,-0.04638349055376788,-0.0016380394900281467,-0.03908092829775057,-0.021414100843696153,0.01954430678628325,-0.03447634030670967
2011-10-03,-0.046519996992541314,-0.0655719701274226,-0.07663319350771942,-0.0804454788571956,-0.02542876398390432,-0.029461654062709546,-0.014426625777914596
2011-10-04,-0.0019066733679242952,-0.004278209015120167,-0.016057464066499393,0.05970008477831348,-0.01792159639731694,-0.026937898148337015,0.031813365828570236
2011-10-05,0.035617598153839185,0.04505767301059027,0.0422598524666528,-0.013656233844885258,0.0,0.006802809159516588,0.03611139263438471
2011-10-06,0.009165964481458035,0.03868828532780302,0.017094416637950666,0.02347221963912362,0.010791384671955654,-0.01709440400794686,0.030561527557983387
2011-10-07,-0.01470562495411756,-0.010901921928281443,-0.017094416637950714,-0.01848474176030788,0.004462251089654874,-0.0714588357058704,-0.016256032406989897
2011-10-10,0.052310913348199914,0.048149584535489044,0.008583694503945657,0.06965605826879205,0.024627566065641305,0.09193736830307649,0.04329901429301514
2011-10-11,0.0017557622790469862,0.015080203150407801,-0.008583694503945605,-0.0023228516877019222,-0.0034813192267396536,-0.03787037079292943,0.0023514491316721856
2011-10-12,0.079232690423576,0.029040972276056017,0.05859414688763154,0.04435067305028693,0.035121333966688734,0.013937510021378347,0.004166725358362307
2011-10-13,0.012882920833378218,0.013089566738550823,0.03671601796882046,0.03497650595932191,0.05167202973035438,0.006896765030286522,-0.01915318254697911
2011-10-14,0.06803213660284975,0.045582050983052194,0.09274203376116696,0.056382111629442525,0.026815548616052006,0.006849157992488625,0.019412930537577474
2011-10-17,-0.04431595987916982,-0.08165050455193337,0.04470020236891445,-0.04676177865911806,-0.00468023290279589,-0.010291594848430221,-0.01623929288173118
2011-10-18,0.042819837358909735,0.044107922378983026,-0.004106810636441771,0.006362612357045922,-0.005488025989003755,0.03390143416543679,-0.02000329101982592
2011-10-19,-0.02731554385347654,-0.02022065714612945,0.024391430270145887,-0.02786875235193157,-0.022258571803397558,0.003328058831330401,-0.006757911899908012
2011-10-20,-0.004626022479966938,-0.029949350678579265,0.04066139410002235,0.001086067336326088,0.022258571803397454,-0.003328058831330341,-0.015029371043853464
2011-10-21,0.054148461121815886,0.0651813903958014,0.015306406386848517,0.04251466706547903,-0.0031496339032066807,0.026317487675109517,0.021248423842373992
2011-10-24,0.011644815617916703,0.04288810261856655,0.001264990944255276,-0.009409665611948947,0.021841691438229626,0.08403077562130065,0.00805369399849393
2011-10-25,-0.002898489890256888,-0.035901230981942596,0.015056732215712916,-0.014814827677700678,-0.01476898955401145,-0.030305403858633295,-0.016444686636090243
2011-10-26,-0.005822620257290908,-0.0034875987531590566,-0.007500028227409076,0.005316474071465626,0.023220820144685204,0.012232568771117544,-0.04389581255348998
2011-10-27,0.028779269967367918,0.04483176013550213,0.033315849667096394,0.056686868367952704,0.003818286393140619,-0.08894736937756405,0.004816631247512743
2011-10-28,-0.017167632623961794,-0.02751505339945071,0.019231344291746166,-0.04404197395612859,-0.007651134258506257,0.09198224597990486,-0.016816835829682093
2011-10-31,-0.10969913940361663,-0.15022429108231586,-0.04255954531196069,-0.14511646693195762,-0.03199651732798023,-0.046520046692508824,-0.034506317625115794
2011-11-01,-0.027756805544357357,-0.004999799369819264,-0.06280093250164576,-0.028240097250482446,-0.04875051356796873,-0.022472770443616844,-0.03975651270792041
2011-11-02,0.03896627582508241,0.05081694637387865,0.08126294838726025,-0.0049939498422908336,0.07148763140215654,0.006472225218930379,-0.009331280678091143
2011-11-03,0.0031794686048440984,0.005700789547984645,-0.004889980733338914,0.04407085891369606,-0.00155152863292751,0.03174909969983602,-0.023716473931852097
2011-11-04,-0.03554496814930984,-0.03519290317466152,-0.012330541696358261,-0.03286964435879559,-0.023567506969939023,-0.009419362304921962,0.007650552566894722
2011-11-07,0.011447427684929713,0.024716612479849673,-0.015000326114509563,-0.0074533547010187315,0.002381917768678625,0.009419362304921916,0.007277370284787655
2011-11-08,0.0414073045438296,0.05131718114887951,-0.011399762820051626,0.042715470830593814,0.0031670145801096557,-0.02852828222004944,0.1251818109971793
2011-11-09,-0.04957061135662505,-0.06093722238703831,-0.14212140788659547,-0.03526211612957506,-0.052750521113565714,0.012779727744899935,-0.009028688108085835
2011-11-10,-0.0049301164848810156,0.029994872970770255,-0.014793155090320883,-0.02760532434025179,0.0206192937338182,0.009478885764782636,0.038132887986255325
2011-11-11,0.006567906276117866,0.019968043576854538,0.09110134358090122,0.0176549577696837,-0.01729147706115701,-0.009478885764782665,0.02601902831046193
2011-11-14,-0.011522686943987864,-0.03604410902298441,-0.015079125465473247,-0.04342950398244768,-0.007503221558355918,-0.006369391528431447,-0.004150990571202211
2011-11-15,0.019672689208266172,0.0004767348603455789,-0.019526404168874276,0.002607615362927132,-0.005033446724859801,0.0031898811397848875,0.01731996243523911
2011-11-16,-0.03636756217904242,-0.05332659468919124,-0.018479575944433366,-0.030405556839522313,-0.027282222397202335,-0.006389970191966471,-0.001090860887192553
2011-11-17,-0.06252003931524874,-0.03165128534630654,-0.0469983256620739,-0.06373366242876845,-0.008680595812433226,-0.07312221170355011,-0.017616790800005746
2011-11-18,-0.0035910401268798935,0.012371503013017785,0.013443021956755813,0.0028573893587852846,-0.007877480965796154,0.0,-0.013982359490971224
2011-11-21,-0.03850142888294513,-0.018614850137691066,-0.0596050930793787,-0.03483654391287857,-0.01773101696276041,0.01709440400794687,-0.04081012335615614
2011-11-22,0.0037309317814928043,0.025252349810352105,-0.023905536598749222,0.021914590862081276,0.006241625276305965,-0.03448624220367017,-0.017458771053758176
2011-11-23,-0.034093672471359686,-0.04688334071664202,0.0,-0.033802236653152844,-0.027028629133663513,0.034486242203670275,-0.015643996665148534
2011-11-25,0.013397308933330907,-0.005884189169492531,0.03174874397942956,0.0014938293178376268,0.010899290220427271,0.020135088988820254,-0.01220272525043923
2011-11-28,0.01883273805649675,0.03634838275177706,0.010878070818146667,0.010393816473233855,-0.005434752267932534,0.029461654062709692,0.03082724748056807
2011-11-29,-0.024552703406690038,-0.017745685869751705,0.01228900268205255,-0.01938926438382085,0.043543005320768456,-0.04283995997451648,-0.002980525564980398
2011-11-30,0.02081453024653824,0.04429168810943516,-0.01538497753060256,0.05565112002802099,0.022356921015321933,0.0067114951797677845,0.04408836873011175
2011-12-01,0.0018708668601913523,0.00952638962514102,-0.021944433751480898,0.005681854377421387,-0.014561236797827441,0.0033387519007087923,-0.0025740951147104328
2011-12-02,0.016682400946459088,0.026589326852144688,0.012598580010267145,-0.004258104766852641,0.004304819110800252,0.0,-0.011520935858602189
2011-12-05,-0.012951469164966301,0.017818797639430763,0.032335387087598734,-0.004276594887105471,0.009405708997713423,-0.027028554454061826,0.01438072309106314
2011-12-06,0.0055718558933935645,-0.011039074795199147,-0.030771629315981694,-0.012940437780081939,-0.03816592243145106,0.01360565288583103,0.008529927023845876
2011-12-07,-0.009302787674886218,0.008649507021384622,-0.01257876994641129,-0.017518949377154404,-0.01874215978507144,0.0033726544877543114,-0.001983737641606702
2011-12-08,-0.04589732038271094,-0.05913018758438458,-0.03215715749563787,-0.026867238165755244,-0.004514716360542396,-0.0033726544877542733,-0.04318908040616703
2011-12-09,0.03839235446188535,0.04370095771876831,0.0,0.01650458395264496,0.0,0.006734092775170315,0.022551914815425737
2011-12-12,-0.022857774769041266,-0.01863706491443206,-0.019802608596683105,-0.014992986282179575,-0.00544470318791785,0.010016867624390816,-0.005226560170633857
2011-12-13,-0.03330401732913994,-0.016974937395661825,-0.0168071021524099,-0.03849581450695426,-0.011899461712473448,-0.01001686762439085,-0.010241468078063198
2011-12-14,-0.00799993959931443,-0.024466159515040543,0.0,-0.051541281106480645,-0.030857966951490883,0.0,-0.016308566139430835
2011-12-15,0.011976143863720203,-0.0010326532648682885,-0.008510722134005229,0.016393923477590288,0.0018976399881805283,-0.023770188516434768,-0.008707465728252648
2011-12-16,-0.009970384788628342,0.0300201744833311,0.040206461835648334,0.016129596937523274,0.004728087968473621,0.06001783379734131,-0.005746326134407008
2011-12-19,-0.03673868704499055,-0.02950387118304281,-0.04191728380908938,-0.05255732276614393,-0.01616767791811742,-0.08085210884900615,-0.01589767316382728
2011-12-20,-0.008350671762884928,0.03848580012559172,-0.017271652511608816,0.03153758892323255,0.018993891647983166,0.06782260665557151,0.041647704369201344
2011-12-21,0.0166321869125064,0.0,-0.03366120833160536,-0.011503786572202496,-0.002826213729865769,-0.023218143087471815,0.006481933190609992
2011-12-22,0.014329808861314368,0.005449682992072002,0.031917571930369856,0.003300291234999544,-0.031626952836731635,0.006688808793060598,0.0026395402416974833
2011-12-23,0.01612975304911797,-0.02197907160457655,-0.03552768058108462,-0.011598988346577663,0.0,0.0,0.025449857821608166
2011-12-27,-0.008032428112292671,-0.002528147851258142,0.03552768058108456,-0.032178705883734775,0.005825212404396082,-0.0033387519007088058,0.012203717760039747
2011-12-28,-0.02655905841348863,-0.02980706122036697,0.005221980388874523,-0.008642983460240795,0.005791568136455754,-0.00671149517976773,-0.022248549776914504
2011-12-29,0.028573186172747834,0.04288574422493163,0.006920435993465473,0.017211793484130218,0.00957860152951038,0.010050247080476431,0.022530810903293473
2011-12-30,-0.020325676312969783,-0.02581774915519283,-0.09772688017441974,0.011874790620393259,0.024483346127940092,0.0,-0.022242317431163873
2012-01-03,0.06363978450430227,0.046589821145390585,0.1097235440808328,0.10248965669268684,-0.012166745655658312,0.013245406107756754,0.02196005630478493
2012-01-04,0.1316025171839781,0.10138782104135798,0.0722810531407957,0.10398942142074385,0.01402549701069006,-0.013245406107756777,0.002817091812434144
2012-01-05,0.01175512758115111,0.00044210541228005014,0.029666509416688178,0.019022338502099456,0.019310834336912497,0.013245406107756754,-0.0002812038855721305
2012-01-06,0.04727875304567059,0.030048097409957293,0.0597192485229891,0.02393718484581976,0.005449648486560319,-0.013245406107756777,0.036196381115869605
2012-01-09,0.0063490873500081655,0.029171548941356387,0.018665310242707962,-0.007915421735748746,0.02592906949800858,0.026317487675109517,0.005412985910861049
2012-01-10,0.011015324326903648,0.012421997181614297,-0.02156806708818206,0.019672772368135017,0.021825403251652338,-0.026317487675109448,-0.004598920175811727
2012-01-11,-0.0031351794973269948,0.01023603572203835,-0.04762807434573984,-0.02498488917129013,-0.028022819833995245,0.003328058831330401,-0.007894428107895198
2012-01-12,-0.023829668985245866,-0.03523691912073869,0.004562777435508705,0.007957587251737258,0.014644145078965012,-0.013378305911806934,0.018950164031879744
2012-01-13,-0.036010415406468044,-0.007198327448746038,-0.03395392005041092,-0.0501122067745862,-0.006186555139932828,-0.006756783077013506,-0.01594844197694788
2012-01-17,0.001665302706012142,0.0,0.003134795876705592,0.011049878231552217,-0.000886853727567195,0.010118221364429423,-0.0005450777667134557
2012-01-18,0.023027477646580703,0.03096428820703267,0.04138521414603266,0.04826700512665576,0.0,-0.006734092775170238,0.03561763724292595
2012-01-19,0.05534995952680353,0.03482143182685411,-0.013605603016620515,0.04354067057748544,0.011468953268613729,0.013422901568230857,0.01928136735359202
2012-01-20,-0.007722154802066781,0.04664642098367341,-0.023095729038920397,-0.01007560600219169,0.0008768285626198116,0.006644662686429485,0.013330214238538269
2012-01-23,-0.0046618555513858,-0.0288980984381218,0.030677223076107214,-0.0012665252792520097,-0.0070360821946967,0.016420701968233743,0.04652008609497186
2012-01-24,-0.006250107959623236,0.018974505404911225,0.0,0.005057001216735776,0.007036082194696726,-0.00981995854690649,-0.018398639140945965
2012-01-25,0.012461172374093585,0.011441578990880327,0.0,0.011285322290199986,0.01219530298083102,0.006557224705241607,0.00469314750847728
2012-01-26,0.010777556925928652,-0.012977395923686852,-0.0015116785993233598,0.022195688707585853,0.003457217035495021,0.0032627338416649204,0.0017233070469199478
2012-01-27,-0.04382508121605959,-0.017047845018429104,-0.0045489403200443795,-0.05773246398163748,0.006021497318767833,-0.006536030360251925,-0.019123850270978886
2012-01-30,-0.07128160353944551,-0.03176134967783488,-0.029300486247231024,-0.03149869214293512,-0.013817132466701782,-0.016529334294411304,-0.10625255245684691
2012-01-31,0.055152114241754896,-0.0020188632285738717,0.0,0.03020562924973429,-0.027326550544629416,-0.0033387519007088058,-0.02427422031538239
2012-02-01,-0.0032572600963084717,0.0016154042725704464,0.0015637577716169188,0.003873676288885043,-0.014401675768484931,0.0,-0.012072852564589086
2012-02-02,0.020985148810840397,0.0008068163658352522,0.0,-0.01558470092461025,0.0,-0.0033500568923517954,0.01975734471555259
2012-02-03,0.01584818827402349,-0.0024222206384055507,-0.03984590794146141,-0.007884474651328213,-0.007279370212289299,-0.010118221364429516,-0.09106617418836298
2012-02-06,-0.009478536524175489,-0.0270396966665623,0.006482998615194865,0.002635100239451725,0.0009128461566319706,-0.03448624220367017,0.009581257710504082
2012-02-07,-0.03554496814930984,-0.05769610515967973,-0.03786460846276359,-0.04852721683796192,-0.011932231032219076,-0.01769929165540628,-0.0015392752543918699
2012-02-08,-0.01324535266766322,-0.032188685200258416,0.0,-0.032283276345759615,-0.0027739021774042995,0.0350911298511297,0.10072879922725189
2012-02-09,0.008298622393417167,-0.0013637715640058782,-0.015215873133649672,-0.0014275335452152433,0.000925518677762836,-0.006920380997082173,-0.029397133150638383
2012-02-10,0.0033007346614992066,-0.03330579446841708,0.011854528663519983,-0.001429855813569883,-0.0037071367966851065,0.006920380997082287,-0.0156118468810402
2012-02-13,0.004930116484880956,0.03648515445556795,-0.030771628563398483,0.0,-0.003721019691319144,0.006872879711374945,-0.018527275324233216
2012-02-14,0.00327325344118406,-0.032260901691274074,0.0,-0.02023183657530528,-0.0018656259591015372,-0.006872879711374989,-0.027992790987720003
2012-02-15,-0.01647489019210267,-0.0018751718329973785,0.0,0.033025397571854014,-0.008438882983654437,-0.010398676620397044,-0.026915745973901638
2012-02-16,0.019737581285782936,0.029590941341473463,-0.019281952406688008,0.012631859703614618,0.0018815111428622797,0.00694434844605195,0.008431007567512696
2012-02-17,0.027310626689906928,0.035797712730842444,0.0,0.05824246184234339,-0.0009403130609737624,0.003454328174345114,0.026692700765816344
2012-02-21,0.020392927677147805,0.018293358234184345,-0.00888898132633596,0.048790044989361875,0.0028182013039371474,0.006872879711374945,0.01353217879054017
2012-02-22,-0.014073701762709338,-0.008234237449004318,0.017699560667042275,-0.026667987174104922,-0.004701484156158297,-0.006872879711374989,0.0023865049403126656
2012-02-23,0.0015735866621414698,-0.009619668789137495,0.02768348499470173,-0.007752215924222097,-0.0018867462454869484,-0.006920380997082173,0.0026781484202396187
2012-02-24,-0.03683333708486399,-0.05370071456746355,-0.018949771563689904,-0.07961051018330549,0.0009438630837386865,-0.017513550804065685,-0.019505460271283505
2012-02-27,-0.008190167588621369,-0.03875715332805817,-0.06465449465911506,-0.053365009548295254,-0.004728159104521557,0.007042093605424589,-0.05769338097818381
2012-02-28,0.004921910663371048,0.010546237518253369,0.018382853680613796,0.053365009548295095,0.0,-0.0035149110843603194,-0.017814179969513518
2012-02-29,-0.006567906276117889,-0.03889654513078657,-0.00731264015282846,-0.034289011350528344,-0.010481335739887826,0.017452421105738664,-0.1540963617317804
2012-03-01,0.03877668770965218,0.01720357615876327,-0.0036764713455991146,0.05513749561490773,0.0028695081253078355,0.006896765030286522,0.11714750672647316
2012-03-02,-0.01758628946999738,-0.003906149359345853,0.012808989906094961,-0.006901342014581857,0.008559267627915113,-0.010362817853023787,-0.025065640283269262
2012-03-05,-0.014622491963536849,-0.022761823999047307,0.0,-0.03523965162432698,-0.007604682801389022,0.0,-0.059820867926927895
2012-03-06,-0.02821755991476427,-0.02022319909023804,-0.10536055419012265,-0.01445112456518204,-0.023167037953535786,-0.013986368283001363,-0.0029575512705060296
2012-03-07,0.010050296583729839,0.01671356358457713,0.029852982982480982,0.027280975157003364,0.026025609406769516,-0.007067168118895729,0.01943245040322462
2012-03-08,-0.0033390682959236373,-0.009588967645506388,0.007812532460724927,-0.022923724996509763,0.0037986713348202323,0.031416354254920995,0.035316616375396896
2012-03-09,-0.011774540671312889,-0.009169841291486637,-0.027615141057407946,-0.019019985025111815,-0.014320108533664342,-0.010362817853023787,-0.04626969428341279
2012-03-12,-0.013628900422087585,-0.023822569644049742,-0.030459227148096752,-0.014881327366209618,-0.03922067647349926,0.006920380997082287,-0.03854539971572018
2012-03-13,0.038692920187729955,0.029436342138343237,0.0020597800984979817,0.04686048192030293,0.0,-0.0034543281743450384,0.016648140713254492
2012-03-14,0.0016489462565106316,0.0181550064592913,-0.07031647957425118,-0.015861797100292205,0.0,0.003454328174345114,0.004119086469141402
2012-03-15,0.014717908540396155,0.02905858955295294,0.015334296952748114,0.012996501975999036,-0.01005037438579784,-0.006920380997082173,0.04422421849324367
2012-03-16,0.003241655687304564,0.01684777320979852,0.0,0.021292509374529377,-0.009132402256593924,-0.003478295623314906,-0.007896670942826091
2012-03-19,-0.019608510484211195,0.020784745179741514,-0.02866792107451329,-0.028491777942248206,-0.03105841572686477,0.00694434844605195,-0.014519251170015807
2012-03-20,-0.0033058344113594818,-0.035692632165223406,-0.024916273704973086,-0.04130385524590217,-0.021254764264203512,-0.003466052822737142,0.0032853157623892034
2012-03-21,0.0016540460063707632,0.028184659340999535,-0.016185363935654874,0.025280028737325648,-0.017335298763837183,-0.010471457198641164,0.07981823018328879
2012-03-22,0.0033007346614992066,-0.01614476537456849,-0.05756979583438271,-0.025280028737325693,-0.04355790652038543,-0.03936078563119936,-0.05214356912978677
2012-03-23,0.0,0.024120124539256917,-0.014925694921541364,0.003007580984748049,-0.020762026468560547,0.007272628411044441,0.014778568595713783
2012-03-26,-0.01493842535083996,-0.07216846429954907,-0.07545840075426388,-0.042951746244302064,-0.021202244171598425,0.003616672845227718,-0.032300900760819706
2012-03-27,0.024774588552208075,-0.012127924069660605,0.0,0.0,0.004750598454041804,-0.0036166728452277233,-0.013803470577378803
2012-03-28,-0.01977021755027229,0.017637430011783185,0.005390843438307659,-0.027006752442733893,0.008259710590669165,0.014388865564748452,-0.006973775293538342
2012-03-29,0.0016625340828663518,-0.019672690328821556,0.05999191500888005,0.019139093930471595,-0.004711429290529059,0.0,0.052029731941021666
2012-03-30,0.0016597151369908442,-0.001019417693497056,-0.025642467455926174,0.015674205888316025,0.01523170742601983,0.0,-0.006665440872849698
2012-04-02,0.013179711405164682,-0.026351374370974005,0.0,-0.04614930549607571,0.0,-0.028987664985901263,-0.16827077727404935
2012-04-03,-0.018167263331034328,-0.010526527706829441,0.0,0.0016269983426895813,-0.035506709833750066,-0.018553307132988767,-0.03647569263698053
2012-04-04,-0.025317616282757114,-0.05324422482365989,-0.04244664996959595,-0.039806174608099223,-0.04057107130529418,-0.042071314683446,-0.004762770811118466
2012-04-05,-0.015504340855696314,-0.015181894763488852,0.0027063589783342767,-0.0050891153723205415,0.016179642296058172,0.0458095360312942,-0.02282829332173062
2012-04-09,0.005194765549759325,-0.01771950452416264,-0.03297005343621867,-0.006825877207374525,-0.032625254948362534,0.054459948821023646,0.00707973645098716
2012-04-10,-0.04413764840553421,-0.008688178523045651,-0.022599810606082807,0.0017106180854466661,0.020202687854778384,-0.02867586427580399,-0.020490746427746818
2012-04-11,0.03546450711554174,0.05213623994996228,0.04196422522709526,0.01526728016790447,0.0,0.028675864275803997,-0.051245828826002975
2012-04-12,0.030877304463993855,-0.017827880442066242,0.03234780267817586,0.06042685099275632,0.018576338766832897,-0.003539985597831426,0.0826991262711256
2012-04-13,-0.015319480974631396,-0.037805213832510974,-0.03784231659745654,-0.05538879006551018,-0.03877902662161141,-0.007117212452150205,-0.043678822817403797
2012-04-16,-0.02782777406023633,-0.028420957572104992,-0.016667102711131435,-0.02544633719517247,-0.036367671202459595,-0.014388865564748499,-0.11835253860642206
2012-04-17,-0.04141012051278426,-0.10169702711586959,-0.2009819346837976,-0.0749014452887788,-0.007968162080333081,-0.06357270014249024,0.0
2012-04-18,-0.016682400946459147,0.005305110398204705,-0.056352966134536595,-0.01304785314952519,-0.025659754608273834,-0.17233318505975767,-0.3962769019849688
2012-04-19,-0.04589732038271094,0.06404229189068054,0.0,0.02409772737678083,-0.012388342088584747,0.0271510713401377,0.09447833064423938
2012-04-20,-0.035860422001480846,-0.014370653365350776,-0.021978885602798193,0.023530547696513027,-0.009742553801387683,0.04367498685406038,0.011720217898774801
2012-04-23,-0.03930188843655222,-0.007580566376776259,-0.03774038232326442,-0.019874223998292077,-0.015504205292671545,-0.03478603943681431,-0.04056483377654369
2012-04-24,0.05938287986268879,0.004429057494671661,-0.03922067647349926,0.06019524736330212,0.0,0.017544309650909525,-0.026032024295093416
2012-04-25,-0.009989946660266176,-0.005698155188437657,0.0039920174700382215,0.0017164911864703035,-0.01863854905395253,0.03419128938788995,-0.025223861972811647
2012-04-26,-0.02233582757584803,-0.006369566755087041,-0.1093525331278645,-0.03668532404527102,-0.02937065902871116,0.0,0.04982717561266802
2012-04-27,-0.01447822121123677,-0.02654714208487532,0.05195969064340273,-0.005352190506209335,-0.0074794950274803575,0.04919031955116113,0.0127842845754031
2012-04-30,0.014478221211236656,0.011741600211325287,0.14871100481874847,0.0,0.014903462271929093,0.0953101471938297,0.028523661484975524
2012-05-01,0.008179898305668355,-0.004549573981241075,-0.0183491210075612,0.019486521259675947,-0.007423967244448682,-0.07159362057651375,-0.012422680044930494
2012-05-02,-0.03312949178685214,-0.008505188477963376,-0.14738355583749255,-0.03390111520173612,-0.059879721348307186,-0.0039140048256831135,-0.000694436176307582
2012-05-03,-0.05184710235821916,-0.041588711490193525,-0.09445220013107161,-0.044534348817372046,-0.014342899459459444,0.027080995650070112,-0.01681889735811864
2012-05-04,-0.0246931198556107,0.014280918423340238,0.0550598354220685,-0.0018996851656031446,-0.01781425803617838,-0.007662873272162586,0.0814007864182455
2012-05-07,0.004535706896775354,0.022037631501300343,0.21237144318908888,-0.0019029260381752836,0.04160603746940811,-0.007721977110169512,-0.031097484604936894
2012-05-08,0.03991644219895032,0.07749929114910087,0.16287987913972288,0.1133288325501704,0.030866618448254852,0.0,0.0006718486118523355
2012-05-09,-0.013129554009386821,-0.007362075232818181,-0.12393685856895127,-0.04167296459010542,-0.07903005031267189,0.04546244050554034,0.04143966415183428
2012-05-10,0.0,-0.046637285377197385,-0.07946417882350032,-0.03426862071418239,0.0,0.0,0.024189623661845207
2012-05-11,0.019630053572575887,0.004506034457184402,0.014925635610135518,-0.04503537072705416,-0.021613495928470942,-0.026267890954120826,-0.02871014924741356
2012-05-14,-0.07860382554513212,-0.06022366554070799,-0.06503249923988101,-0.04514996725668144,-0.06599610274314754,-0.015325968898377108,-0.07734945528646703
2012-05-15,0.006984741612984861,-0.015813105105152443,-0.05692588159465924,0.02435729755700771,-0.049688228212325235,-0.015564725920780386,-0.005610089740402525
2012-05-16,-0.030626665945171754,-0.047543432329152896,-0.008403502976647062,-0.0484945419469977,-0.062276961679206634,-0.05232563938243544,-0.07594887667905151
2012-05-17,-0.041519975672784905,-0.00949288355614091,-0.05195969064340276,-0.040132024658747135,-0.04098930447025507,-0.050858491348248644,-0.016061659001177578
2012-05-18,-0.027814624390722412,0.01021923385321612,0.04348507135785213,0.0,-0.01263183524978237,0.025752420103377985,-0.04898297946472345
2012-05-21,-0.0025674314603729327,0.010834377066594998,-0.10299925287182642,0.02972657516986987,0.01680720250373278,0.012631860427472344,0.017657051220067055
2012-05-22,0.015306452578727396,0.00215301248982066,0.02331116800851309,0.008333557777792289,0.040821954783826074,0.06479985019983388,-0.009592360404925874
2012-05-23,-0.015306452578727333,-0.012261236211011503,0.10074157437946119,0.014418160451596152,-0.04499732203777661,-0.019802521791632933,-0.012121351588283084
2012-05-24,0.02788496109399099,0.0007251864151356339,0.05275051434070869,0.008146526699162182,-0.016878122262197592,-0.03666387273816203,0.07515272984397123
2012-05-25,-0.00752801263882087,-0.024221493038473922,0.0,0.0040485105484428865,-0.012848130670618841,0.02863155639756475,0.054305343873810925
2012-05-29,0.0075280126388209394,-0.005213910411242651,0.007874049039800558,-0.02454130598811628,0.012848130670618959,-0.09289360224936331,0.035091317312366824
2012-05-30,-0.020202632248743992,-0.019608741713333787,-0.03187517824786355,-0.042289129660873864,-0.006403380116287184,0.008810629682154906,-0.10919928389161218
2012-05-31,-0.018018390652456254,-0.027800972129400334,-0.07130906001992121,-0.021835289496560016,0.006403380116287118,-0.08223818364541384,-0.01628571361921687
2012-06-01,-0.03974002634111965,-0.028596083128114153,-0.017544293138656752,-0.006644342752970476,-0.021506185371127483,0.023530624529732567,-0.011797378114914138
2012-06-04,-0.027399356762202058,0.027028964939493992,-0.0926588540398292,0.019802674149471337,-0.02866792107451329,-0.047628046954567065,-0.015145663816122864
2012-06-05,-0.019635950231039895,0.029368090318020377,0.05202124768630014,-0.013158331396500732,0.022124880780291734,0.04296599213765893,-0.030169430336588834
2012-06-06,0.03889374347606938,0.02259139861163941,0.027274391314292625,0.019672816043199363,-0.026609189152396226,-0.03809993329912853,0.019672685429941647
2012-06-07,-0.05028983451285682,-0.055888898693043566,-0.03189333259265751,-0.03974021141909382,-0.009029398458055615,-0.004866058838530362,-0.014718112644614468
2012-06-08,-0.020261053750109993,-0.024712415243828674,0.013793308523969955,-0.015891654675614264,-0.025259587801864585,0.009708727058054778,-0.009102260368658166
2012-06-11,-0.0982386067966345,-0.06588452438535644,-0.051533712923028066,-0.03730018058292018,-0.045192006063061466,-0.0394139702825098,-0.07865831700533431
2012-06-12,0.04417149628723784,0.011996910328436331,-0.04423321350471022,0.014151367692797066,0.002430074591113635,-0.11152112860489348,-0.08146758893476513
2012-06-13,0.0030814882975875543,-0.0025589555721693283,0.014962858442059178,-0.0023446214599161415,-0.01467017606458078,-0.045985214004582366,0.0009752785777856165
2012-06-14,-0.003081488297587475,-0.0077150869435954434,0.09440970680088541,0.04138508902565352,-0.004938276989193394,0.017493209285007073,0.018348917526529493
2012-06-15,-0.04740233029919193,0.011125316400757033,0.013423007444649979,0.035401964064066566,0.02445107305662767,0.011494378833306581,0.06662992619078759
2012-06-18,0.041210051159099266,0.021053476438484424,-0.059514181513974265,-0.04218137197483779,0.009615449881982607,-0.06491970670884659,0.019504082799767297
2012-06-19,0.045531375878815984,0.03841893706256724,-0.019048177668910055,0.042181371974837824,0.028303861587111727,0.07061767657842284,0.032817923889945325
2012-06-20,-0.027069382354839282,-0.004823213261405321,-0.04927100269392679,-0.01754447200842191,0.002322823782986947,-0.04652001563489282,-0.0059649259322256025
2012-06-21,-0.0030533712385315765,-0.04533097895371075,0.0,-0.040637751374141176,-0.02823714324896731,0.02932766693201007,-0.03478606160134638
2012-06-22,0.06224233820555951,0.05893680940803566,0.05406717056988598,0.04944842721870866,0.007134330739820333,0.02849200471957529,0.03050337375790356
2012-06-25,-0.05918896696702791,-0.020072999131313354,-0.04401684434945841,-0.002195205089651569,-0.028848127880388107,-0.05188498919618622,-0.026088329048780556
2012-06-26,0.0030440765355906323,-0.00977994940210218,0.0,-0.0066154707549159735,-0.00980399092998061,0.005899775191603974,0.017467621065570878
2012-06-27,-0.027736596127320306,0.004086717272946382,0.0,-0.022372011354753082,0.0,0.017493209285007073,0.011192538401724874
2012-06-28,0.0031202831519805715,0.01938619115791941,0.0,0.017937571922032196,0.024332078073457882,0.00576365287926017,0.006826023569677759
2012-06-29,0.03670133159942516,0.03613938652493517,0.0,0.032789829830374866,-0.0024066803706791493,0.03390145203249866,0.04895196384753794
2012-07-02,0.05548862622314408,0.01227010972087099,0.02955877446462218,0.0064310448520770265,-0.007255221638197869,0.027399025356236614,0.018452236326043137
2012-07-03,0.03900210766374076,0.03446053920618226,0.023981942745787976,0.004264177172695099,0.016847612005967634,-0.038572125548420044,0.033610102931592147
2012-07-05,-0.08255044669172168,-0.08527261254235814,0.09487925913320655,-0.06595776453362139,0.004761909164848319,0.0,-0.013932135535089563
2012-07-06,-0.017964486449641173,-0.03592199854403653,-0.008658054700508611,-0.018349305978325858,0.0023724215749720582,0.011173100192183571,0.006990409147295042
2012-07-09,-0.049545541053918105,-0.024401688842007458,0.004338397559886872,-0.016336637968421514,-0.007134330739820362,-0.028170726078452,-0.02587366208644167
2012-07-10,0.037387273910188625,0.007636720288432991,0.0,0.0,-0.03398381937700581,-0.017291444077383845,-0.014400352151119691
2012-07-11,0.03898577691549225,0.04139658515921727,-0.03077162963851731,0.025553414863245534,0.036367551662784325,-0.029500929774198215,0.008824771418079125
2012-07-12,-0.017805087909780797,-0.0271285551241734,0.01769956029357998,0.0,-0.024097529426346284,0.023669957629442594,-0.01854132499256823
2012-07-13,0.020741777652934078,0.00912447300586002,0.0,0.029380734940388325,-0.007343908818167413,-0.02967582058989304,0.00810373841631588
2012-07-16,-0.029764199514915966,-0.013299730698059713,0.0087336717850503,-0.0134531475117959,0.02427301247487473,-0.006042368806788302,0.00883879053094599
2012-07-17,0.0,0.020704549281736415,0.14541705285772982,0.004504204848022248,-0.012062918522107302,-0.012195273760699558,-0.0024026716493026987
2012-07-18,0.023882064614736114,0.017066432211625404,-0.06203542318662823,0.05039432416781331,0.05432268759253212,0.0,0.04699365321899887
2012-07-19,0.011730186396584465,0.003218058941383052,-0.074723574970593,-0.03257653192948141,0.01142873942158647,0.012195273760699616,-0.010769290726957752
2012-07-20,-0.029588051756842693,-0.04854903789509381,0.11394425144409225,-0.01333341983640881,-0.013730179327818531,0.029853017500506823,-0.034621885985262245
2012-07-23,-0.009049636640185224,-0.008467348971162185,0.0,-0.006733975539485561,-0.039958329164192966,0.005865171896174424,-0.004815398813983971
2012-07-24,-0.009132829758022288,-0.017153197729520786,0.0,-0.01132522642296715,0.0,0.017391690268092747,-0.026907298581176905
2012-07-25,0.006097447774122182,0.000864851149757993,0.0,-0.00915328012044203,0.04225976907042486,-0.01156071812333721,0.01476624219859689
2012-07-26,0.041673070380928,0.023067785167865215,0.0,0.047146674443621486,-0.011560756120584237,-0.041549161541436876,0.002440048820034309
2012-07-27,0.034387307237849545,0.017581125853648336,0.0,0.013072043518881617,-0.018779988726159873,0.04154916154143688,-0.005702681225095662
2012-07-30,-0.028573360723614633,0.0008296975427339176,0.0,0.004319578455487268,-0.011919024223680784,0.011560718123337163,-0.015644511009015396
2012-07-31,-0.0116619980106395,0.01726297116403954,-0.0194180678768161,0.0,-0.029199125893145387,-0.005763652879260137,-0.05457470688328628
2012-08-01,-0.0177518747754847,-0.019753690506282475,-0.027834772603025564,-0.015201082655605111,0.002466031306457443,0.0,0.012195400812458181
2012-08-02,-0.005988125484953168,-0.02610680200045596,-0.07101106810487233,0.02804939725909507,-0.007416531499716577,0.05071484364511138,-0.025428844212432987
2012-08-03,0.035401998271077414,0.01018669794631656,0.0,0.002125358392378813,0.024511006662390922,0.02710198300436705,0.0053144285725995
2012-08-06,0.005780132994698057,0.04782440599307531,-0.026317283546611645,0.010559695103295623,-0.004854373689207107,0.0,0.022708396428750662
2012-08-07,0.025606107486790125,0.02857344297423325,-0.02247283417764251,0.039139962547699095,0.0,-0.027101983004367024,0.009454395598498207
2012-08-08,0.019472175892342423,0.03837747575946172,0.04009441886939522,0.010050339144848834,0.016888144475949732,0.03243537744652176,-0.012914680610320367
2012-08-09,0.029852701458886886,0.03913400145628917,-0.00877197781718711,0.0119286004873996,-0.007202848246638382,0.005305100183606955,0.006908637728558423
2012-08-10,0.013280500329919658,0.02149097648307667,0.0,-0.005946190010521393,0.0072028482466383326,0.026111191452819083,0.006006042881762115
2012-08-13,0.002635179203675163,-0.020043837304529834,0.0,0.0019858652006972967,0.014252009792950849,-0.020834181301646423,0.011059234070952597
2012-08-14,-0.02127731314824168,-0.024150250123789508,-0.008849606874565673,-0.034312406913513054,0.007050607511374592,-0.1171253159030238,0.030823014532429603
2012-08-15,-0.013532293260344514,0.0029585017067549494,-0.00892862219116849,-0.02284617045661024,-0.016529342897415596,0.09045711474460624,-0.01988466560319106
2012-08-16,0.037437671309160106,0.004421851805877639,-0.03653370752864489,0.059140635771888134,0.0,-0.04420599336341373,0.0
2012-08-17,-0.005263244104248889,-0.005160769186050969,-0.004662008442114028,-0.009950334079340276,-0.002383732285778536,0.0442059933634138,-0.005874982380641202
2012-08-20,-0.02403286368773859,-0.028487364173404563,0.0,-0.02429255368498696,-0.03893431957026493,-0.02739902535623651,-0.00252856418405605
2012-08-21,-0.005420434873998322,-0.006102643961654323,-0.009389843352046762,0.022290720139425145,0.004950500193259122,0.03815172173771986,0.0058898127307899
2012-08-22,-0.016438564172764757,-0.02871734691645854,0.0,-0.01412743447159899,-0.019950826307768708,-0.038151721737719746,-0.005046247399215778
2012-08-23,-0.01952639470452088,0.023347321731901554,-0.019048177668910055,0.002030418323869128,0.007528259214184688,0.027399025356236614,0.005046247399215703
2012-08-24,-0.008486732771548067,-0.020202631112851793,0.12204743054073645,-0.002030418323869183,0.0,-0.0054202139483410525,0.033006246173735786
2012-08-27,0.00848673277154796,-0.019018455443385086,0.04980287464879368,0.006078928872311906,0.017348680511854606,0.010811014629391639,0.03743978683768436
2012-08-28,0.013986036989081728,0.0071746153365163014,0.016064587121218638,-0.00811334545740405,0.012210093952767596,0.016000390326194203,-0.0023482881276558737
2012-08-29,-0.008368167577141691,0.0,-0.04065596622723666,-0.00203896286648275,-0.004866185134600146,-0.010638494625761549,-0.0023540546611592445
2012-08-30,0.0,-0.00477719146310612,-0.02096520853036036,0.0020389628664827706,-0.00980399092998061,-0.03261149126525442,-0.011058439173964194
2012-08-31,-0.005617869411940198,-0.0007983210914201657,0.0,-0.004081691790201022,-0.022416857614226106,-0.0055402304724654055,-0.0063744970381251825
2012-09-04,0.0,-0.011245221045625598,-0.03888175149570181,-0.012346268740511143,0.007528259214184688,-0.039665104911758696,-0.042455428151623995
2012-09-05,-0.02567896241246833,0.0016142842099773711,0.0,-0.012500128396587812,-0.005012537031211045,-0.017493209285007142,0.012432807670229735
2012-09-06,0.06976325679765996,0.0449425071360813,0.0,0.04709177352955292,0.01000007379760166,-0.005899775191603955,0.036397117519519476
2012-09-07,-0.027324191893510732,0.013022126968921056,0.0,-0.010050339144848784,-0.03802742041588802,-0.005934682455398992,0.025099332520929933
2012-09-10,0.005524953158535032,0.013605740979733645,-0.008849606874565673,0.0060424603855703425,-0.005181353941462303,0.0,-0.010120753633959558
2012-09-11,-0.008299018661134047,0.02447264301550225,0.0,0.0238105763354023,-0.007822718386154793,0.011834457647002798,0.013986262923857188
2012-09-12,0.0593166408294416,-0.011049648497308774,0.008849606874565697,0.02133928390562011,0.0026143781296879987,-0.05439423916927861,0.0
2012-09-13,0.05103155619572368,0.04490253436543203,-0.04967156165839175,0.08284411689241696,0.002607560975429258,0.0,0.010744572389146634
2012-09-14,0.014815028022215612,0.025176002943517236,0.009216645991064322,0.017513699230847078,0.02061932901721869,0.04255978152227577,-0.027081042731291437
2012-09-17,-0.022305535306700583,-0.023053775750680162,0.018182301348111794,-0.029958353506515843,-0.02061932901721874,0.011834457647002798,-0.056466542000194034
2012-09-18,0.004999811020946044,0.019594855232787776,-0.018182301348111753,0.02473645454443619,-0.010471290063899706,0.017493209285007073,0.032655910563253725
2012-09-19,0.014851788919718546,0.041403753449993155,0.0,0.001743475322412151,-0.005277052121341222,0.00576365287926017,-0.0016077107665969585
2012-09-20,0.01221033404712494,0.0006648563675266926,0.0,0.006944451531646603,-0.010638388086280572,0.01709448402532147,0.044066903670635746
2012-09-21,0.06119523608018434,0.021689884278292233,-0.009216645991064273,0.020548717913197515,0.015915440207621843,-0.040351346189588744,0.0422067718050708
2012-09-24,0.0831990953272318,0.05502517813573215,0.0,0.07664697128295535,0.0,0.0,-0.013373252031555864
2012-09-25,-0.09007174237811723,-0.07273658577651898,0.01834912060618362,-0.058174547917475936,-0.005277052121341222,0.017493209285007073,0.023652227400457533
2012-09-26,-0.039864736323357394,-0.04051864642624053,-0.022989495542170862,-0.047709068132735594,-0.021391169524983083,-0.017493209285007142,-0.04481695175321344
2012-09-27,0.0071514162481664985,-0.006221767346632534,0.022989495542170824,0.025841010682290732,0.013423007444649979,0.0,0.0007636858434340066
2012-09-28,-0.026475438635276505,-0.01678368805599166,-0.022989495542170862,-0.015424677057197366,-0.01612936642298425,-0.0606245097178661,-0.007662918617977775
2012-10-01,0.0024358265007102553,-0.005657570763955115,0.06308391441156601,-0.01566598701126983,-0.005434790704315485,-0.025318035055762682,-0.004626049209826107
2012-10-02,0.0428636250543617,0.007771255111227323,-0.08661450159176791,-0.003514989208603445,-0.016483939569558754,0.025318035055762543,-0.0030960434676951
2012-10-03,-0.014084601055700991,-0.00919098646853762,-0.04380258198997753,-0.00884167829334864,0.005524936517721633,0.0,-0.028303820566792967
2012-10-04,0.01408460105570096,0.023860990177257093,0.02457123769823141,0.05022699833661462,0.005494513919280717,-0.025318035055762682,0.004773340009667862
2012-10-05,0.02304257093893261,0.017188723399597098,0.08822426119176131,0.0,0.050745150525430154,0.006389970191966487,0.0
2012-10-08,-0.025376075774707556,-0.04532017609156241,0.06453856087400014,-0.011894835636708411,-0.021053389382458158,-0.012821034836039798,-0.007168419385475127
2012-10-09,-0.030844506040740488,-0.00715792495566948,-0.025317884400500992,-0.02773121634553216,-0.026955784001152946,0.02547943098946916,-0.009638670271167793
2012-10-10,-0.03431739396423126,-0.03286165890169971,-0.08468300619331254,-0.03214581870075699,-0.03333645449458032,0.006269668710366883,-0.01956052767415953
2012-10-11,-0.007509437762035046,0.005183248782880443,0.0,0.03038655063973158,0.025105963433480656,-0.006269668710366944,0.025996646555803
2012-10-12,0.0,0.010286589020535515,-0.04276193147194789,0.0035149892086033018,-0.011080501211265175,-0.0063093391126126655,-0.021070465439039742
2012-10-15,0.0025096267410890717,0.0316574436381415,-0.01467017606458078,0.006993128708588743,0.002781640379193226,-0.06538270633912721,-0.0008196240047393724
2012-10-16,0.05129287616106681,0.012667493470837515,0.0,0.025796683050110396,0.011049891497366392,0.0,-0.004106557112023786
2012-10-17,0.0023783267808304785,0.0221306292892426,0.0,0.0,0.0,0.020067564254660063,0.03557369498345231
2012-10-18,-0.011947569937705162,-0.002053932131143353,-0.050515803220440345,-0.029287134435718915,0.0,0.045315142084467054,-0.019246950783399115
2012-10-19,-0.029270266994483183,-0.01937776598740748,0.005168026830771913,-0.021202493292566908,-0.030685847628152577,-0.02564231709578692,0.004846598632279298
2012-10-22,0.0340664206840218,0.05373603090776451,0.0,0.014184826760983427,0.00846266595045183,-0.006514856862111122,-0.002420199227002112
2012-10-23,-0.04902941343481986,-0.04955203813717085,0.0,-0.0376725359646819,-0.02849192869600684,-0.01315796812656903,-0.04038451230429926
2012-10-24,-0.020305186628687286,-0.013310350360337612,0.0,-0.012879594469426344,-0.01162802671208472,-0.006644662686429388,0.009208773548206711
2012-10-25,-0.012903493267582335,0.0014096191883723878,-0.02083412894626986,0.001850525205123054,0.0058309146364764605,-0.013422901568230769,-0.015113576009757518
2012-10-26,-0.013071983449705959,-0.01418489748218217,0.0,-0.020542847210996973,-0.01759574466597464,0.03974038924334026,-0.014486902475158147
2012-10-31,-0.04027388361384742,-0.03562687672352705,0.0,-0.04831846952882618,0.017595744665974633,0.04445159546735405,-0.04207439291404426
2012-11-01,0.024358204080252657,0.021238528715950757,0.07598589626591898,-0.009950334079340276,-0.002911207378571679,-0.08419198471069432,-0.06185632797704733
2012-11-02,0.0026702664254486777,-0.0007251005963123491,-0.004889980733338914,-0.010050339144848784,0.0,0.06538270633912704,0.03922045672735874
2012-11-05,-0.024292648642358812,0.00361948943947432,-0.029852934817110672,-0.016293792091088843,-0.005847964174874562,-0.0519598047708964,-0.005509540317662193
2012-11-06,0.013568919492998772,0.004325772140235255,0.0,0.01629379209108882,0.008759171553446193,0.006644662686429485,0.003676459644776858
2012-11-07,-0.01904826565740558,-0.0181494876019195,0.12337901578490534,-0.026613197699201216,-0.014641535681618526,-0.0200675642546602,-0.03263693769449156
2012-11-08,0.013642771594549253,0.03950257210828088,-0.11332868956447784,0.010319405608112312,-0.011869634968458085,0.0,-0.017208864573827462
2012-11-09,0.00809732317212058,-0.00990845538780488,-0.05657035905723811,0.0020515775509507023,0.0,0.026668307675987473,-0.0019304946843073192
2012-11-12,-0.0026918291092643777,0.012721533599511099,0.010526403080123732,-0.01237098315906302,-0.0272331249158497,-0.026668307675987497,0.01057204163570045
2012-11-13,-0.016304741356341333,-0.012721533599511135,-0.03191757260510686,-0.01462936310158161,-0.012345824011753648,-0.006779748403614433,-0.03008497561350204
2012-11-14,0.005464277205261205,-0.017940654272542114,-0.05556986404230139,-0.02343076984608054,0.01234582401175363,0.01351384117878471,-0.006920264450628896
2012-11-15,-0.010958774583895489,0.01580504358374486,-0.005730669228098182,0.010718498916290436,0.003062786623056623,-0.0694723728147674,-0.005865148463358972
2012-11-16,0.0271755742471683,-0.017979466424604428,0.06130053327039951,-0.010718498916290382,0.018182302004965924,-0.1222895777582742,-0.029852904858641734
2012-11-19,0.005347393637167471,0.012977588398191143,-0.07869225915498472,0.06870564794892635,0.002998500209540316,0.055350026099424014,0.05884028842206134
2012-11-20,0.01061023390447082,-0.013703741743595269,0.02312239511268329,-0.022381636384872474,-0.033488638151128465,0.1160721788126163,0.01467038119551483
2012-11-21,0.002635179203675163,0.016564788364428276,0.028170850475742706,-0.008263878616391732,0.012307835936622302,0.006825904482216638,0.0
2012-11-23,-0.04027388361384742,-0.01874575514008839,0.07490136415915277,-0.02947599551686742,-0.009216646328614303,0.01351384117878471,0.0201833585374819
2012-11-26,0.04813754215635448,-0.0029155961151823874,-0.06936118890609763,0.01484663241528591,-0.018692114962761117,-0.006734092775170238,0.0
2012-11-27,-0.01844582112013271,0.0,0.11470896529576607,0.03719405025234002,-0.003149605828236556,-0.06273828003959714,-0.015340800077906641
2012-11-28,0.0742978650369355,0.04426153607810559,-0.04020638193114397,0.04171444399941079,-0.02556054882394767,0.0213529981623075,0.04440982724725778
2012-11-29,0.05055255247701459,0.07724524428207699,-0.02072617244601174,0.032538617538512636,0.012861977981923003,0.007017510829421802,0.05309383086286933
2012-11-30,-0.002350547607505752,-0.015635670356967595,0.04103141894590328,0.007504701567230111,0.006369441998261662,0.047790672616098706,-0.003511931135086922
2012-12-03,-0.011834541080687247,-0.005926659430704416,0.0,-0.007504701567230118,-0.01600040238550386,-0.05480818344552048,0.0035119311350868777
2012-12-04,0.07784260683740725,0.042036523402933214,0.029705126361232997,0.1002624357330406,0.01916997403301824,0.0,-0.004391778537409989
2012-12-05,0.0022004886209888853,0.004423460082701271,-0.024692589330022063,0.005097895832512083,-0.01273908961882177,-0.014184380571046042,-0.006180968583755946
2012-12-06,-0.013274636780551222,-0.0006307945124624092,-0.05129330693589688,-0.0033956340849655166,0.02531785956523302,0.05556966244833567,0.008818454724292492
2012-12-07,0.004444672928834306,0.014406849075396175,0.0,0.02684706287110508,-0.025317859565233025,0.03322553238122915,0.05217089095296429
2012-12-10,0.11309085625934993,0.0626713229694937,0.0,0.13745602872238044,-0.0032102726817125823,-0.03322553238122913,0.061408483398128044
2012-12-11,-0.08037288862884077,0.011614217283195987,0.0,-0.08112574745870504,0.0032102726817127302,0.059033649298310606,-0.012618339035230419
2012-12-12,0.04817693109907529,0.04404987835784935,0.031090619081118483,0.02625608737624872,0.031548403299872525,-0.05229955652314028,0.013401845602115542
2012-12-13,-0.016495303284232234,-0.009436396375364376,0.0,-0.020015733770751498,-0.0031104194157647582,0.06495795267656945,0.014768927930450742
2012-12-14,0.04273286756921314,0.012195362825299889,-0.01025649013484849,0.018490657002614996,0.01238404731592958,0.018691965895707242,0.0800427135985687
2012-12-17,0.0138480200301007,-0.0022063963460882156,0.02040885176919942,-0.0015280040578641158,0.015267457681177408,0.04820221253252587,0.04116384078248372
2012-12-18,0.032853306232370025,0.02022474513913804,0.01005032622042762,0.0076163832451294575,0.05310984524444615,0.028987588118313912,0.07756847943381769
2012-12-19,-0.030890499326652675,-0.008149700603457944,-0.005012537031211045,0.004541884153335847,0.022728229523506394,0.033710956550917506,-0.035407721192803394
2012-12-20,-0.01980261744497727,-0.020949213862850494,-0.015190150823567389,0.012012023330760948,0.00839164980114123,-0.028012986681341216,-0.0013114708761772617
2012-12-21,-0.059750095379257,-0.0339977225199379,-0.05775884072744267,-0.0711273935841866,-0.10567003545224811,0.005665788201698656,-0.015873291514590705
2012-12-24,0.04565090152323135,0.01487462151397334,0.0,0.029994449910209598,0.012307835936622302,0.027856706740529803,0.005982082923564556
2012-12-26,0.014099193856025677,0.007355197569945229,0.0,0.0276092827435024,0.04777030156429783,0.09609282112871058,-0.023467400425029955
2012-12-27,0.03343467627033264,0.026697612614455548,0.026668221646324243,0.01202998860971035,-0.014684537287402885,-0.06342182590464365,0.001355927455733024
2012-12-28,-0.04348544203722322,-0.034052810184400824,-0.015915440207621832,-0.03343771910440247,0.017595744665974633,-0.01197626114569546,-0.016393749409860124
2012-12-31,0.01603256333700144,0.02965248200490588,0.04189096361241607,0.022919368094405784,0.0,0.05849635915471844,0.00206394226211501
2013-01-02,0.04090160095176181,0.04894771632279352,0.02531778353110258,0.0643496790463786,0.0201445467415923,0.0,0.026451123678498802
2013-01-03,-0.005741654529676599,-0.020149403850495597,0.0,-0.012829904869123884,0.019746744340697304,0.039002026957042135,-0.004024068664158233
2013-01-04,-0.019380515846740883,-0.02330092105670837,0.0,-0.010093759915543808,0.04104545966780858,0.0,-0.0006723000174171074
2013-01-07,0.015534579692843963,0.02383686914934359,0.0,-0.014598707751665316,0.01595777025991132,0.0,0.0053655865589377965
2013-01-08,-0.015534579692844025,-0.024933932385438257,-0.005012537031211045,-0.016308955500049058,-0.013280395052798741,0.016260529345570686,0.048949330859434974
2013-01-09,-0.003921417606195197,0.0005490149082745697,0.044233213504710225,0.01188737163623324,0.013280395052798672,0.031748631009733706,-0.015404548363060414
2013-01-10,0.007828007422727634,-0.007157124863387832,0.20372548343739372,0.011747530218210948,0.0564252893670702,-0.021053279571565792,-0.005838626049176201
2013-01-11,0.015473926030208553,0.005510175244735637,-0.027834772603025564,-0.02513061345427739,-0.030382113798232066,0.0,-0.013757028632982452
2013-01-14,-0.017425383350062995,-0.007722338137937224,-0.07101106810487233,-0.01204840059847121,-0.01293684035011526,0.005304998113054287,0.0019767646868816308
2013-01-15,-0.035789182766533534,-0.03722927486201554,-0.03524590573778018,-0.02765139752341067,-0.034440457346346896,-0.02681141641830055,-0.00594251838486459
2013-01-16,0.010070432109337269,0.010291667291147588,0.13016247198679176,0.012383820575865541,0.075262474218344,0.016173041335808973,-0.0006624355550520694
2013-01-17,0.0178754628168305,0.026383927428067694,0.03861489088270189,0.01223302889790587,-0.025317783531102575,-0.027102001813474035,-0.005315541060513595
2013-01-18,-0.02997226665779283,-0.0005541550504854415,-0.05448822502049885,-0.010695528730902897,-0.005141394458524434,0.03774037689596545,0.0
2013-01-22,0.03586042200148091,0.011025171277695006,0.007968162080333152,0.05382429898882173,0.062442251552342794,-0.005304998113054274,0.013893687736625714
2013-01-23,-0.015779430575344217,-0.011579465316858025,0.046520062940165696,-0.022075575647871392,-0.02699553679632499,-0.016086145123187977,-0.007915711121060195
2013-01-24,-0.012000097923144422,-0.007236464154339121,0.11441032432880578,-0.03174872334095023,0.039029307583067795,0.005390793685020035,0.02485403508469189
2013-01-25,-0.012145778007301397,-0.03063202860864332,-0.048452419946204466,0.006125574628248731,0.016607777466976493,0.042111561730714335,0.0012912799935469157
2013-01-28,-0.022658119516905093,-0.02272189733234553,-0.00711746112599564,-0.003058146887832996,-0.019002928829705428,-0.010362930720980703,0.01472967119958923
2013-01-29,0.020619061386107362,0.022721897332345496,0.04538304566174404,-0.009230957865971503,0.04455603387689214,0.015504359871822629,0.10377008675888277
2013-01-30,-0.035309757196350176,-0.010422860221555821,0.016920861104808112,0.0,-0.03977134039303183,0.005114966505081498,-0.004595165814034635
2013-01-31,0.0021118113949048713,-0.03133583663264669,-0.05164662222165724,0.025935903517406555,0.02823714324896733,-0.0363676078354157,-0.023887007426767574
2013-02-01,0.02910841678550109,0.06735016263993403,0.007042276122147243,-0.015174802821466238,0.006936492431365347,0.015748281458511492,0.008220861645026315
2013-02-04,-0.05258847819502544,-0.05422356562369319,-0.021277378657777766,-0.09454595562498934,-0.044766026048102286,0.0,-0.016509747740683763
2013-02-05,0.010740854122236276,0.0017767672451096037,-0.021739965977030734,0.06506381930076646,-0.029341929202495235,0.005194930604855672,-0.004170589237552358
2013-02-06,-0.008583403255839542,0.0011826106588296156,-0.011049825512574671,-0.02713669188938327,-0.027674754755103385,-0.01041682171470231,0.014815297880274506
2013-02-07,-0.00865795042958575,-0.02574206820099513,-0.03774038232326442,-0.041293849336394677,-0.012837195794718747,0.01558482183082742,-0.011834650585962841
2013-02-08,0.012958938390394172,0.0072506829880054436,0.007662865745610478,-0.006768525444795812,0.0025807056598702504,-0.03141621029254651,0.008298950136038668
2013-02-11,0.027514821323699933,0.003605949163391898,-0.0349549826622271,0.0016964863947335758,-0.012970399857799289,0.005304998113054287,-0.028744567653554213
2013-02-12,0.012448321640764714,0.0035929929993033954,0.0,0.010117935571365819,-0.005235609152347987,-0.005304998113054274,-0.0012155583110613768
2013-02-13,-0.01663218691250653,0.0071469474324796,-0.007936542086844512,0.006689077812404133,-0.0026281199361225405,0.021053279571565803,0.01808336725910405
2013-02-14,0.020747772156935657,-0.0017820441090074211,0.03522865900346101,-0.0016680794038340515,0.007863729088470628,-0.021053279571565792,-0.002392217517839077
2013-02-15,-0.012397100394050689,-0.0035735531411672985,0.052446515532887684,-0.021941882987436833,0.007802373027027499,-0.05465846808342557,-0.010231920450676238
2013-02-19,-0.0273992125198119,-0.013213137211451306,-0.03717896698588821,-0.05435125323510543,-0.013037982179375431,0.02222308930051423,-0.012785546644373426
2013-02-20,-0.039220489245831054,-0.04009202303307448,-0.030771720754924767,0.030170581412153615,-0.0105541777194771,0.01634923365972319,-0.0030683251816297353
2013-02-21,-0.04082183502456779,-0.060978808425192266,-0.043919192120352495,-0.044690202496265256,-0.03784231659745654,-0.02739904636801104,-0.06539948035704525
2013-02-22,0.025144123295273935,-0.0013383474531072396,0.03607602199257525,0.056853512184555095,-0.00275868557901671,-0.03966512363149266,-0.003286254651109523
2013-02-25,-0.029784734676911437,-0.018932480475236428,-0.04839649431693367,-0.04594440399990743,0.06419316207532574,-0.023393015496184166,-0.016595110378460065
2013-02-26,-0.014051784948880418,0.03356020571917552,-0.04652007193207782,0.012578601019050879,-0.015666102115498,0.029156661125269195,-0.02302056696542579
2013-02-27,0.05506005830224922,0.03502287780005637,0.004319657140621676,0.026433498920889625,0.036179683648807824,-0.053109947544610105,0.007505944358485176
2013-02-28,-0.10337836238490972,-0.07680803140606147,-0.11886120187899454,-0.09287822789092176,-0.02310761430387037,-0.0625204290342366,-0.15483062764194583
2013-03-01,0.036456027332981596,-0.0006883451618214235,0.028710079677787145,0.06107381383104694,-0.020998127128291903,0.025479236145119405,0.07637292519042044
2013-03-04,0.018913102733788146,0.05297909211497109,0.059514181513974224,0.012488479472399122,0.007926057783354578,0.043083543031834766,0.036105016094706156
2013-03-05,0.02771529072414656,-0.0013069560526309642,0.08106784653978928,0.0210538039844288,0.0,0.02967584661181349,0.009177616160461404
2013-03-06,0.01357497802460766,0.016218180522074122,-0.02489752698831648,0.006920533356600744,0.013072069344937442,0.017391750790078743,0.03113360018921444
2013-03-07,0.0,0.015959439496768837,-0.04292510534979847,0.005158926315814283,0.005181353941462286,-0.017391750790078795,0.0013614656023556763
2013-03-08,0.0,0.00819932227759501,-0.008810621353606442,0.0,0.005154707127615423,0.011628105160993621,-0.0034071798760696584
2013-03-11,-0.006764170016322354,-0.013915283438234808,0.00881062135360639,-0.02079802563563458,-0.015544401325544454,-0.03529798840495241,0.00815786663475829
2013-03-12,-0.027525139767660734,-0.0019127976189847761,-0.013245214201674278,0.015639099319820302,-0.01844582840702894,-0.0060059633678547246,0.03981931457760049
2013-03-13,0.020714331759375433,0.02955247787908927,0.060363193620049715,0.0017225635783522633,0.015831450277340973,0.023810787242285608,0.00777706895360377
2013-03-14,0.011325065217500204,0.012927353149209642,0.044997322037776566,0.011976014785257874,0.023286990806080623,0.01749316453052176,0.004509008618102227
2013-03-15,0.0022499128071074375,0.01818237926466485,0.0,0.023530481945392354,0.022756965171033722,0.011494353491041581,-0.012936937551033497
2013-03-18,-0.009029451887282745,0.0018003137251010111,-0.0833816296711016,-0.030356203339273944,0.009950321410848074,-0.046792341895993905,0.0032500071836289186
2013-03-19,-0.02525985789670035,-0.027965418778347007,0.004338397559886872,-0.015531259723282809,-0.027605239663003583,0.04106163403403736,-0.007817600666147013
2013-03-20,-0.011696037799495828,-0.0074258572082802395,-0.0043383975598869666,-0.010489404098880823,-0.007662865278947137,0.0,0.01170360172375711
2013-03-21,0.027844169350177493,0.00865820326153672,0.008658054700508674,0.007005374533754384,0.02531778353110258,-0.023256810159606678,-0.011049763054762175
2013-03-22,-0.023149090515452782,-0.0037016035692172358,-0.00431965714062166,0.003484029565126316,0.0,0.023256810159606657,0.005214986523301166
2013-03-25,0.007000958964771002,-0.007444095813514324,-0.03524590573778018,-0.017544200326006374,-0.015113623287089144,-0.023256810159606678,-0.04250299004149759
2013-03-26,-0.01877965337766499,-0.057671219892850796,0.0,-0.030550142160348084,-0.028315954560337253,-0.017804823874430695,-0.0020373786204540075
2013-03-27,0.014117909362332945,-0.020660866161717868,0.08176597766985803,-0.0018268656382337304,-0.002614378129687933,0.01780482387443068,-0.008876809894616264
2013-03-28,-0.030844506040740488,-0.008792411628147019,0.024490996172794505,0.005469430098731486,0.05103149274350494,-0.017804823874430695,-0.02009069592539331
2013-04-01,-0.017011669678476758,-0.03666988880451993,0.0,-0.03892976192555977,-0.02519022462116916,0.035297988404952366,-0.0363417717275042
2013-04-02,-0.00985216929699161,-0.015625219417913862,-0.03696515803143421,0.0,-0.005115095676324061,0.022858086792757047,-0.00436348193030852
2013-04-03,0.017178224797622065,0.030316174022697817,-0.10118514840387575,0.04074631715177849,-0.010309421289296308,0.08547174359086077,0.009430466709410864
2013-04-04,0.012092042196861202,0.002081109699310128,-0.0234203636621472,-0.009115836440662398,-0.010416751156715455,-0.046251030437579554,-0.004341524991328949
2013-04-05,-0.021872033063527595,-0.005559702219431773,0.018779988726159942,0.012738959300359719,0.0,0.029156655831528537,0.013684031019674038
2013-04-08,0.04797089613581422,0.06279499428756363,0.0,0.06645810780740789,0.005221939105117212,-0.023256867137641184,-0.023155870431032094
2013-04-09,0.018562026940609454,0.00976920999911684,0.022989495542170824,0.003378646384724377,0.03329375765781255,-0.04820220331155015,0.04368766599256934
2013-04-10,-0.016222811991170514,-0.001297572207390363,0.013544211986473934,-0.0016880063688322342,-0.010126659037970807,0.018349077577741908,-0.04149385238290063
2013-04-11,-0.004683746176657996,-0.0025988247081025232,-0.004494385253481444,-0.027398778486406452,-0.02577465959527095,-0.02454102695625378,-0.007331457495860877
2013-04-12,-0.03341603086147035,-0.01904807729534153,-0.013605638815206152,-0.04255983086063277,0.002607560975429258,0.04255964868410862,0.016782638012384686
2013-04-15,-0.022087185743414242,-0.020771312212794078,-0.05635299492905153,-0.01643894745958004,-0.031748668271916365,-0.005970146536746892,-0.04514279418290534
2013-04-16,0.007416791324507368,0.02869736266091813,0.028573458422041637,0.02005551845810901,-0.04677608592068534,0.0,0.0
2013-04-17,-0.03000240509930186,-0.032088253804112316,-0.0629748528895175,-0.03676861780799534,-0.01704585110836476,-0.0365895021473618,-0.02996759677906615
2013-04-18,-0.005089050454483135,-0.004766958480434479,0.01980260859668314,-0.009407531678270352,-0.011527494082291789,0.05439415269006212,-0.01255906737466268
2013-04-19,0.0,0.01692083127484078,0.0,0.011278525155223635,0.0,-0.042048268097502145,0.003154565324481771
2013-04-22,0.030153281994611376,0.010681125695847359,0.0,0.012999243306501235,-0.005813964224045715,0.006116206105153212,0.0
2013-04-23,0.024450912629503774,0.012537042569532647,0.01459878587079266,0.027299357429816856,0.040005296451461635,0.012121319463643532,0.008624208286906949
2013-04-24,0.04255978778367467,0.025891405987685565,0.0,0.02482371749360839,-0.008438860722349135,0.006006091986004884,0.0046729660068040605
2013-04-25,-0.0069688505611945825,0.010172038205681558,0.0,0.0017496909379435652,0.0,0.023669835783235317,-0.009367792891957147
2013-04-26,0.0,-0.007619360214356213,0.0,-0.008779460392379763,-0.0492140059641616,-0.005865185240534808,0.0
2013-04-29,0.03661754896354019,0.0076193602143561565,-0.07522341133947291,-0.0017653638131912269,0.03498902854138652,-0.023810742528705135,0.0
2013-04-30,0.008948570013678775,0.008188800688152614,0.08483886122145567,-0.005314520619361062,0.02546104015452383,0.023810742528705183,0.03846629116852177
2013-05-01,-0.03397842362266232,-0.01580816090250883,-0.03406652293861039,-0.008920668247681193,-0.008415189046159033,0.04035124174369223,0.01646745118984771
2013-05-02,-0.011587695354556614,0.005719979902175936,0.0,0.030011018700935987,0.0,-0.011363803769537217,-0.02708989445402182
2013-05-03,-0.0331780108765155,-0.009551201982479968,0.0,-0.01577582983389379,-0.008486605863890075,0.0,0.017391943574808263
2013-05-06,0.023810212256576802,-0.00706253550121585,0.04359039579956217,0.0,0.008486605863890113,0.016997602343475363,0.01930268072462269
2013-05-07,0.009367798619938672,0.011531175934180491,0.0905596019925848,0.01577582983389384,0.05747136481014353,0.011173262947632346,0.04949019663151593
2013-05-08,-0.0023335048357750725,-0.00510872023518517,-0.026317283546611645,-0.010489404098880823,0.01321021925468111,0.016529327407821426,-0.029110964490174838
2013-05-09,-0.007034293784163725,-0.017436491963591746,-0.07376619130692509,-0.015944094822008766,-0.045645463651639184,-0.016529327407821478,-0.035194337646070495
2013-05-10,-0.02381021225657677,-0.02106739815440193,0.0,-0.02348770920369841,-0.05360946560384191,-0.005571108515086997,-0.038802784300891416
2013-05-13,0.02145446510719199,0.0053083289163202655,0.03294423652309889,0.023487709203698397,0.07803399390462412,-0.005602154432545427,0.016923265506189784
2013-05-14,-0.019048037088177122,-0.005973969332033495,0.07145889547105935,-0.01801827910496689,0.010666757631379926,0.033152256725683955,-0.06703324392151576
2013-05-15,0.02375433184506763,0.005312256000677233,0.054520887115814425,0.005439678085916217,-0.03234780267817594,-0.0109291944144774,0.08891276271621741
2013-05-16,-0.01656857150656905,-0.013333675828836534,-0.004089981263258574,0.009001081239004415,-0.027779603667171558,-0.005509556223608826,-0.0059880199208088925
2013-05-17,-0.007185760338498439,0.02714496779147916,-0.04612982792269188,0.0035775197800464566,-0.040235273589576695,0.010989084267856197,0.044059974934513996
2013-05-20,0.01904803708817716,0.00456182900950075,-0.0991803370630706,0.0017842622289579004,-0.017751999096630337,0.010869715256039964,-0.011560852420605467
2013-05-21,0.0023557471493846887,0.007126694299078099,0.1655948165362781,0.01591555374062904,0.0,0.0,0.04546242082939465
2013-05-22,-0.021403784237561774,-0.024838101939864944,-0.10580684418221044,-0.01591555374062898,-0.015037863346261034,-0.01634924330028724,-0.01117339951953497
2013-05-23,-0.016969993908051186,-0.020729341545546037,0.03509128677913902,-0.003571247417630802,0.02099025638271681,-0.011049799363574144,-0.0028128610063968386
2013-05-24,-0.004902039155476444,0.010752806575231682,-0.09015112220120758,0.005352331724292091,0.00886274926581948,-0.005571108515086997,-0.01632976688205467
2013-05-28,-0.004926187568419431,-0.011428589761194386,0.014051851794160866,0.0,0.017493140423409482,-0.01123595300648357,-0.013693965605766481
2013-05-29,0.009828226723895866,0.022728041336113954,-0.009345853047052549,-0.007142866315665644,-0.04130383727396346,0.0,0.07208441410299943
2013-05-30,0.014563565889036255,0.0019810992306603485,0.05480818276686606,-0.00539056833954041,0.003007518260451599,0.011235953006483536,-0.0006754787521828992
2013-05-31,-0.01946560504451271,-0.003304015835265634,0.10135249809030472,-0.0036105128994639957,-0.02739894833358027,0.005571108515087047,-0.02739894233706361
2013-06-03,0.024272942262403195,0.005280998340517449,-0.03681393721630461,0.010791615830377821,0.04230241060550925,-0.005571108515086997,0.00346622980479588
2013-06-04,0.0,0.009174127297585533,-0.01680720250373277,0.019486801158259792,0.014684537287402901,0.0,-0.003466229804795916
2013-06-05,-0.0024009091988755563,-0.020429094970136376,0.012631835249782387,-0.012356667501952079,-0.008784820969229647,0.0,0.01993874504917517
2013-06-06,-0.012092042196861054,0.015196748437220816,-0.008403502976647062,0.0017744158657793773,0.0058651137113246805,0.022100435922908498,0.004076145489259099
2013-06-07,-0.0073260555006305255,0.021408747442570368,-0.01702167202630534,0.0210538039844288,-0.005865113711324816,0.010869715256039964,0.028076740063805814
2013-06-10,0.028987340854366137,0.043334944940434314,-0.012959132630372643,0.0,-0.03898548059506834,-0.01086971525603992,0.002633171870899989
2013-06-11,-0.014388597521854056,-0.03057962850181814,-0.030907508177893207,-0.024606021782223687,0.0,-0.02210043592290841,-0.02395301986549758
2013-06-12,-0.02197886626696745,-0.025675435345587045,-0.055313696254804715,-0.03439275653798914,-0.040567145747157266,0.005571108515087047,-0.021096552460822097
2013-06-13,0.004926187568419294,-0.006523202027680396,-0.004750598454041881,0.027249890222323582,-0.012820752601721806,0.0,0.010263514902354966
2013-06-14,-0.0223612266817537,-0.001965426507919286,0.004750598454041804,-0.021740040539364177,0.003220611732483714,0.0273990426638614,0.0088105641121642
2013-06-17,0.01743503911333435,0.0006560022374456731,-0.04359039579956212,-0.01848469932579862,0.009600140869237996,-0.01634924330028724,0.00538370790896551
2013-06-18,-0.002472046362536185,-0.0072347960584912135,0.014742267919173921,-0.005612811497366353,0.003179649783782013,0.005479528044247182,-0.008086402595177953
2013-06-19,-0.009950649745867356,-0.03219567565741779,-0.024692589330022063,-0.020853742591498293,-0.01600040238550386,0.0,-0.012253274299851354
2013-06-20,-0.017654732749179537,-0.0178823212125627,-0.020202687854778488,0.0,-0.003231017594680599,0.0,-0.006183473315831617
2013-06-21,-0.036273452805401896,-0.004869653829601454,0.020202687854778384,0.03019112357730291,-0.08085210231442999,0.005449666370230106,0.009602233393459295
2013-06-24,-0.021333963053830923,-0.029726126005067736,-0.005012537031211045,-0.05344804155427055,0.07435857903578665,0.010810800044283314,-0.022085081878018005
2013-06-25,-0.013568919492998825,0.004300965439807083,0.024815145627894136,-0.015810687990213873,0.016155425287520342,-0.06096065911344271,-0.013347567528030336
2013-06-26,0.0189452550051914,0.012086884292887864,-0.00491401019664174,0.011881421672648104,0.01273908961882172,0.0,0.025140966659012744
2013-06-27,0.010666820630663513,0.021671538000976445,-0.004938276989193394,0.011742163047561347,0.018809313681050693,0.02817086529110785,-0.0027623535672573513
2013-06-28,-0.01335132703359192,-0.007636384987620354,0.0049382769891932795,-0.001947509010764226,0.00619196430619583,-0.022472779695381362,0.02053452667133746
2013-07-01,0.010695150570616032,-0.014742097528352675,-0.014888598400041399,0.04199082811650707,0.039339377657863245,-0.011428656432240275,0.006752195540354984
2013-07-02,0.0053049365872340475,-0.0007074446391248614,0.014888598400041446,0.014842105872933163,-0.011940429324282914,0.0057305708365138815,0.01403302216017474
2013-07-03,0.03636760009255397,0.025158725005367748,0.0,0.01280913089740314,-0.021245088628022542,0.0,-0.005990112419901753
2013-07-05,-0.025841132926336382,0.02655927328342216,0.0,-0.018349024568157898,-0.01857636774639301,0.016997602343475363,-0.009389639134283841
2013-07-08,0.043541048911238694,-0.02036736701234149,0.0,-0.0037103864836459965,0.02163915436944962,0.011173262947632346,0.0040349603140127374
2013-07-09,-0.007547310566742281,-0.020791155240813947,0.0,0.003710386483646035,0.0030534345971298476,0.0,0.012008171842123867
2013-07-10,-0.00760470591859546,-0.0014013980021790296,0.0,-0.0037103864836459965,0.030032329679765296,0.0,0.0013253102218680392
2013-07-11,0.007604705918595435,0.023563422078404072,-0.019901135431252465,0.0092502801544009,0.005899716318173401,0.021978993778051594,0.005284140506165893
2013-07-12,-0.015267502803034034,-0.006872900784441483,0.0,-0.039441403731703795,-0.014815142302275305,0.0054200488858097895,0.003944632529808218
2013-07-15,0.022814813369776372,0.024524037149668377,0.0,0.020853742591498317,-0.03338698462140737,-0.01086971525603992,0.04239553499150595
2013-07-16,0.0344861242406687,-0.0040456471806977895,0.0,0.013047767469450624,0.01834912127514641,0.005449666370230106,0.0230039453655391
2013-07-17,-0.014634524300004132,0.020067628214189764,-0.030614667789187797,-0.0168069137694084,-0.01834912127514634,0.0054200488858097895,0.05500498985755237
2013-07-18,0.01463452430000412,0.017072018562650997,-0.015666102115498,0.02234680744016318,0.012270080925744102,0.016086083187216847,-0.005249481809636883
2013-07-19,-0.022032758230959716,-0.0210536382363268,0.0,-0.009250280154400874,0.009104758428402367,-0.005333406651493784,0.004667435921716768
2013-07-22,0.004938173559173583,0.008606744045163513,0.0,0.0092502801544009,0.0,0.0,-0.007009465771747099
2013-07-23,0.03627966337301475,0.001975580809381653,0.0,0.027249890222323582,0.012012145267260943,0.026386822370266474,-0.0047002267841396534
2013-07-24,0.002372598721687428,0.0169606493911467,0.0,0.005361782009004301,-0.018072764186628686,-0.021053415718772672,-0.013638080344066023
2013-07-25,-0.009524014969853906,-0.007140572002578104,0.0,-0.0053617820090042425,-0.006097574106164341,0.0,-0.026619745976042528
2013-07-26,-0.026668186753066297,-0.01509729184490905,0.025975523404794403,0.001790534591373481,0.009132474946532125,0.02105341571877274,-0.019189592640254723
2013-07-29,0.007344164365956164,-0.012645517352969845,0.0,-0.025363900316284712,-0.0152674576811775,-0.021053415718772672,-0.01892812910319954
2013-07-30,-0.022195953285674815,-0.00874560158574867,0.0,0.0,-0.015504171634804215,0.031416319660654515,-0.02124317441223655
2013-07-31,0.009925601351299239,0.016750864908040616,0.0,-0.0036765244974124017,0.04281995658395584,-0.010362903941881845,0.06669132421641384
2013-08-01,0.036367463788821504,0.048632005933349966,-0.02597552340479427,0.03439275653798912,-0.009022609188974089,0.0,0.014501893190421932
2013-08-02,0.011834541080687228,-0.013380280180399221,0.10008342569226518,0.0035522177977948175,-0.0030257180790000562,-0.010471419234830732,0.0017980459318976537
2013-08-05,-0.007083615578169222,0.010210502732514526,0.0,-0.017889455877675094,0.0030257180790001547,0.020834323176712535,-0.00119825820129146
2013-08-06,-0.0191395230243721,0.0031697774478847787,-0.019231344291746142,-0.010888952021203747,-0.02446602896215433,0.010256389515633358,-0.008428856482384265
2013-08-07,0.004819354364979599,0.02808305648067443,-0.054876557995724815,0.027003992033099517,0.012307835936622302,-0.015424570272474918,-0.026962380643201177
2013-08-08,-0.0024064280190149194,0.0006152718731209196,-0.005141394458524434,0.014109653886988557,-0.012307835936622316,0.005168180756841627,0.02332822871303227
2013-08-09,0.03782924765372518,0.053872882294047054,0.0,0.013913000626233189,-0.003100774698187948,-0.010362903941881845,0.0
2013-08-12,0.020666435273232607,-0.012313370381689837,0.030459177989626992,0.03395924512209898,0.033590912639776205,0.00519472318504036,0.004238652445424104
2013-08-13,0.06595803894015402,0.06343164339847389,-0.025317783531102575,0.06307658393670186,0.017857671256285245,-0.015666142419871045,0.009022614168420642
2013-08-14,0.09143412293355963,0.06381149564052235,0.020305246499891447,0.06375477259193622,0.04893057645323358,0.031090712692345833,0.0011967046889977753
2013-08-15,-0.01763005992404011,-0.004164470009419113,0.03941393149868682,0.014598707751665193,-0.002812938735484573,0.015190188501505305,0.019544498620760634
2013-08-16,-0.03417408336447828,-0.011542471442098695,0.014388724288892554,-0.027922546340102692,-0.0028208736855897007,-0.010101061462764967,-0.0052923491835486095
2013-08-19,0.018237624685666504,0.03627320920773913,0.00947873538604097,0.03514279635202174,-0.037414399903987094,-0.02051369731121527,-0.006506920120675655
2013-08-20,-0.010091044765870432,-0.001527842863905436,0.032485535254118084,0.017118861976919083,0.03174866772568663,-0.015666142419871045,-0.0011877035092199343
2013-08-21,-0.004064884504309153,0.03209893859259383,-0.018433683459957186,0.0014133544987273456,0.01969119440051583,0.025975629346503083,-0.025881729901404173
2013-08-22,0.08019942556838251,0.01761324484146098,0.004640374935987388,0.02372760445438634,-0.011204588536625724,0.015267494992079463,0.05458066572243904
2013-08-23,-0.005655271964991889,-0.026039487762160446,-0.07197354410616671,-0.03652084806623317,0.05747136481014353,-0.01526749499207948,-0.030211154233322428
2013-08-26,-0.03071225728106815,-0.02061926360658611,0.1434324395772261,-0.026088403227457087,0.01844582840702905,-0.010309486926631983,0.014894314623810629
2013-08-27,-0.03774064008638811,-0.048942552869534216,-0.04857462411282713,-0.02980847150968651,-0.031832896370917664,0.020513697311215294,-0.00712160049518303
2013-08-28,-0.002026371731625059,0.004259903282945354,0.0,0.006032986276003021,-0.002699054363877119,0.01010106146276485,-0.0005957427213929017
2013-08-29,0.0020263717316250252,-0.0010633968018561196,0.0,0.011958158082151536,0.010752781438702515,0.0,0.016548900072256942
2013-08-30,-0.014271154541602632,-0.017709167584643696,0.0,0.0074020582708615905,0.005333340889063316,0.0,-0.010607149259378224
2013-09-03,0.012244782809977487,0.026184046515271585,0.06566904179586124,0.0305036721081275,0.00794705416373545,-0.015190188501505232,0.02052254905410091
2013-09-04,0.0,0.002107265223492118,-0.03010977367851469,-0.00862076362743818,-0.010610169046851185,-0.015424570272474918,0.030296768006992256
2013-09-05,0.051395001694324836,0.03516390223432479,0.08373091339855217,0.03265013861355749,0.007968162080333152,-0.020943104477322165,-0.010186938117251266
2013-09-06,0.007677343583137432,0.007088752315503777,-0.016194670287256973,0.0517120064577264,0.02611118106761112,0.0,0.01074970549464976
2013-09-09,0.0878079224803414,0.054492161103995615,0.09716374665154218,0.07164184636673443,0.05270982423199884,0.026111285234163704,0.023910066606709766
2013-09-10,0.06278563220285499,0.048949349503905074,0.05055223128012209,0.04111848257539386,0.03601820790003736,0.02544657801713863,0.01147241522169247
2013-09-11,0.0032841208721342326,-0.02954973854723036,0.0035149388672611323,0.0011840713554715485,0.011723508785557453,-0.015190188501505232,-0.005992983925556123
2013-09-12,-0.023218254961721085,-0.0435790351280881,-0.07275928483246158,-0.04230255393086555,-0.05756979583438271,0.0,-0.0065789950145538215
2013-09-13,0.010016618210802337,0.0034205330212402547,0.018692114685078528,0.025595653494345453,0.004926113418270598,-0.0051150833458429535,-0.012731827578607491
2013-09-16,0.04704820797568991,0.023621265879089703,0.06800474775244389,0.01788987955108959,0.06423134163906778,0.0,0.0077691568600249394
2013-09-17,-0.01597466283316481,-0.014878971348935205,0.017153062389968672,0.0011810427443896727,0.05600567404518937,0.015267494992079463,0.020246866365462846
2013-09-18,0.027007239634917066,0.012016596620018818,0.05942336432827762,0.031379498071489924,-0.004366814847225174,0.034742831739764606,0.024084608234568365
2013-09-19,-0.003139764225172366,0.01281772655183695,0.053054588040846985,0.02262563021509982,0.0280492256653492,0.009708924370269755,0.012089469503252123
2013-09-20,-0.009478536524175489,-0.0004722259924555375,0.032887906488903905,0.012229474687932292,0.029352284120837208,0.037919244778869744,0.03035996855057598
2013-09-23,0.035857030049370006,0.04204836046969675,0.2348396073851007,0.04852710949324383,0.024490996172794505,0.013856920097672747,0.06142938167614852
2013-09-24,-0.0015324790149411818,-0.004080739961167283,-0.023530587180201755,0.0021025982530837217,0.03759098476583453,0.009132520372051575,-0.019249941325613015
2013-09-25,-0.04229260220111835,-0.009586734408785677,-0.06390374204345743,0.0020985281629950885,-0.04568818718247637,0.013544114158720469,0.005813895153984742
2013-09-26,0.059023155982985596,0.054453239918683574,-0.03881472880363089,0.018692115301894675,-0.0040733214317941755,0.0,0.013436046171628274
2013-09-27,-0.02134246413733223,0.008219856712521775,0.02346917410109299,-0.0030908982316497475,0.008130118203598047,-0.013544114158720495,-0.018278640476218518
2013-09-30,0.021342464137332273,0.03347066534320772,0.12576937946836786,-0.01875059453465731,0.012072569651180509,0.0,-0.02307974932010557
2013-10-01,0.006015031871466152,-0.0020855764269147705,-0.0022753659248559086,0.01668438330239154,0.08984066564360058,-0.009132520372051553,0.003966305873102073
2013-10-02,-0.0015003963793661947,0.004582514945445432,-0.00915337349673065,-0.03472197049432102,-0.044867296353931184,-0.004597626216846561,-0.007948405994089426
2013-10-03,-0.013605625483006875,0.0020757993260243535,-0.03271316642171629,0.005338833961684962,-0.0038314186366183943,0.004597626216846545,0.00745340373844695
2013-10-04,-0.02309570611641823,-0.029463508896931764,0.03271316642171634,-0.02589155341983603,-0.007707159809764245,-0.009216624487745052,0.06562087979771783
2013-10-07,0.056032951141680595,0.01945895712067005,0.0022962648064672646,0.02589155341983596,0.054576093466051676,0.009216624487745063,-0.009315332156327195
2013-10-08,0.016070378728821996,-0.016047208865873228,0.053584194779486484,0.006369671694505785,0.028882846799008224,0.009132520372051575,-0.016038089834330173
2013-10-09,0.04809975542813551,0.01897577060255566,0.044640789458525586,0.03636758506096836,0.01763712516947753,0.013544114158720469,-0.0038114513924172298
2013-10-10,0.04060105582352694,0.07676007292636358,0.10077626339920427,0.05556968940133258,0.0511184874404521,0.013363249996668209,0.025449018124165296
2013-10-11,0.04410541067129526,0.0054008675593299775,0.07772651918853041,0.030420878002311816,0.05651219546608808,0.08479663086113955,0.019355559186932228
2013-10-14,0.12732588365169953,0.04587283833573513,0.12873730482697787,0.044858365906611776,0.014029872081149912,0.024097471843330148,0.0040992919489528865
2013-10-15,-0.07781073948206776,-0.006637125062656775,-0.02633770801777224,-0.04579514647755679,-0.0015492224632305603,0.05406738104148833,0.004987581795772467
2013-10-16,-0.019512739070330118,0.008839821010857766,-0.06820826411720625,0.0018723186316188922,-0.05579134569112375,-0.026668324808693918,0.017929635352292736
2013-10-17,0.006138752859110773,0.045168837811073184,0.0587444799836448,-0.010343069738944135,0.02908125834381926,0.04897400668470068,-0.016122127304345674
2013-10-18,0.05129316261325639,0.03241680285279938,0.03273870552827702,0.03710966341152547,0.037504359124100606,0.01821543247167686,0.016122127304345618
2013-10-21,0.04546244640620525,0.09725182482065982,0.0317007734775552,0.04453132229717681,0.027233124915849772,-0.018215432471676937,0.007523654437528108
2013-10-22,-0.05951423135508574,-0.037326184341771575,-0.028637986854498594,-0.027375088123819988,-0.02264241916204337,0.0036697704931515844,-0.050643652347392765
2013-10-23,-0.088727862567102,-0.05755312158048153,-0.195248764190998,-0.036466719148464756,-0.09439459128922945,-0.048790164169432056,-0.005115050291526633
2013-10-24,0.06847724896172087,0.03001225157152341,0.12231628798449035,0.05421365294723208,0.04269938554208439,-0.0038536130084202693,0.02440827837034641
2013-10-25,-0.03303054920250316,-0.09613192239204874,0.0032840721155310434,-0.05235846118952925,-0.04269938554208447,-0.023438609791094692,0.0009095526829794507
2013-10-28,-0.035446699759217576,-0.020460961862730623,-0.09449079342027566,-0.038738924108550926,-0.03239841026337916,-0.11285454914616944,0.0018165374577401195
2013-10-29,-0.06798095679900665,-0.05034165108446092,-0.14518200447471025,-0.07916006596261121,-0.07184419000476282,0.0,-0.005459541870436803
2013-10-30,0.029893463882343815,0.01119479702127518,0.03881990624504851,0.009341136859979246,-0.024506432556405035,0.03478619341930501,-0.03387009747000225
2013-10-31,-0.029893463882343724,-0.005388861187189923,0.0,0.0,0.007604682801388995,-0.03478619341930494,-0.01617543559384284
2013-11-01,-0.03938629394789847,-0.009305983178336327,-0.010070521112402926,-0.027226902035419203,-0.02687308396309075,0.026202478452339105,-0.03167133819815185
2013-11-04,-0.004313511237041023,-0.00900019060374299,0.05895611187029013,0.004237282043378217,0.02307801677176618,-0.03509139680976604,-0.009950268141936097
2013-11-05,0.06687752211410819,0.06762921217895114,0.08414468672503699,0.07825237467693488,0.05726401449483626,0.022076072725088845,0.06765860407777936
2013-11-06,-0.049734207627149606,-0.028317748561003404,-0.03027828790397738,-0.0656470663799447,-0.003597122633126276,0.004357226603623025,0.030375065131753327
2013-11-07,-0.02292344748165664,-0.023710532221278335,-0.007259639643511909,-0.012605308296990317,-0.042324626504256016,-0.01754438097128493,-0.002269104059878389
2013-11-08,0.0028943983111463646,0.032739921934950136,0.026955828006442535,0.02195594706089176,-0.02860063234334162,0.021882768171528254,0.01129455764939355
2013-11-11,0.036883616897460815,-0.03467672837385109,0.0,0.005157109463915596,0.007707159809764324,-0.02631735077406171,0.0512257230290826
2013-11-12,-0.021113075807747995,-0.026720514936737952,-0.012488957079089652,-0.019740555375292155,-0.03119158203060371,0.0,0.0012795321542592674
2013-11-13,-0.0014229969416254978,0.01423508721682935,-0.007207231283841114,0.023847659917963466,-0.02000074300824502,0.0,-0.001279532154259277
2013-11-14,0.05271681201566488,0.030926176953505916,0.0390120013349893,0.06543453516673087,0.04348516522908445,-0.017937641516260566,0.035223895136912535
2013-11-15,0.0590332239324488,0.02851966695120768,0.060726940226029306,0.005741718835389161,0.056405874800313734,0.004514731628879596,0.034423344100621894
2013-11-18,-0.04427793891628226,-0.041546666243354985,-0.038370013662011836,-0.014416335744609073,-0.050619989170101326,-0.02739901652527093,-0.004388552949633517
2013-11-19,-0.06889794087280052,0.00038545191496739534,-0.07777770998695856,-0.06292671650328115,-0.03323856308455113,-0.042559540388797605,-0.06099959418236134
2013-11-20,0.05414265585663389,0.04743121597948048,0.07777770998695864,0.06871806373423513,0.033238563084551184,0.0048191993083347975,0.053373502577181806
2013-11-21,0.041037996403067975,0.025050984620366673,0.08161133392086972,0.00096176323345265,0.03216929830201565,0.033100045470534925,0.021128928522957724
2013-11-22,0.06769496978029821,0.024088792091770922,0.07399597428204484,0.06873703911124952,0.08732173916333394,0.06744118559639782,0.03488734644983222
2013-11-25,0.022769168458696983,0.032372038816628236,0.1510266415559546,0.03006385981716063,0.020270944779137455,-0.013129182678354756,0.01549821345723431
2013-11-26,0.04403951127436537,0.03594400637924149,0.08971943234744491,0.09705066192359772,0.10619629785664317,0.0844382792652036,0.09680951683686978
2013-11-27,0.0224226948297958,0.007490371230275109,-0.01150754092719737,0.01957020521790194,-0.0015049256279785453,-0.02459137965944027,0.019555615803735223
2013-11-29,0.01430934858989913,0.018962850024472826,0.017212084804877348,-0.023530297742435258,0.003007518260451599,0.03666397899985219,-0.007709215450861057
2013-12-02,-0.029952504339519626,-0.030712314804036144,-0.18027584394230575,-0.003976252646209069,-0.04766466375509584,-0.04082197490526772,0.0006726903686385759
2013-12-03,-0.06273830981505768,-0.05361103414576142,-0.053159383587749784,-0.042317491269033725,-0.05669532865805204,-0.042559721021993006,-0.05814787589255141
2013-12-04,-0.047891257827387256,-0.015006405515497864,0.004301043674320776,-0.005835697579321861,-0.010050326220427584,0.02150625965664014,0.0010687289401046319
2013-12-05,-0.026770252262196405,-0.044212165285896055,-0.011510907804141423,-0.04707737930046099,0.00503774925310557,-0.01716787245639678,0.004617163806964648
2013-12-06,0.022989657319773604,0.010601387978075272,0.054904758585014195,0.009594675035628705,0.028077828153300916,0.017167872456396838,0.02173247946943714
2013-12-09,-0.011428672907577812,0.033259214281139746,0.016304693179083295,0.006920533356600744,0.004874129868569639,-0.004264447208620123,0.008631105709175156
2013-12-10,-0.025874747720697512,0.0010547449162512446,-0.06256387279068816,-0.021787928358256953,-0.027939381054548528,0.008510723766107346,-0.0006877263849810437
2013-12-11,-0.04695696680695853,-0.034313959197391046,0.004294954384509497,-0.020471974699481085,-0.013423007444650008,-0.01709443873307327,0.005830788884771738
2013-12-12,-0.008275926236105118,-0.02541081227231402,0.04333311687867769,0.002693952168132216,-0.01531947450744405,-0.004319710280810756,0.004095651497323853
2013-12-13,-0.012543593416020907,0.0007454657871582944,0.008174424739314198,-0.012635243840464428,-0.020797956927311352,-0.02188276817152832,-0.005122122981639046
2013-12-16,0.03446229124667536,-0.0022386332533858065,-0.03873232860770498,0.016216432579011387,0.04620154080343694,0.04752511494634032,0.08054301934174081
2013-12-17,0.01612922321221627,0.03487248298520532,-0.017070167394796484,0.06654693305929048,-0.013468204076441507,0.008403568445587055,0.0231042977231093
2013-12-18,0.025018019578752465,-0.02631736814893554,-0.03950769674177382,-0.007553258046140121,-0.017094416637950714,0.02479457570467279,0.025896363595230346
2013-12-19,-0.025018019578752434,-0.04275273750309502,-0.16164135655078277,-0.05186989109236843,-0.045863456564237064,-0.004090032008569454,0.0
2013-12-20,-0.047790554085461935,-0.03021621834587574,0.041243001629380265,-0.027891767009631366,-0.012715915795756375,-0.03758258646010569,0.004800625214899398
2013-12-23,0.04512028766001314,0.019724624803723556,-0.022128581992423554,0.014492842182170354,-0.03535244062310171,-0.0346354423349948,0.02249271405359953
2013-12-24,-0.05495857148387839,-0.01455896898107963,0.023810626486054472,-0.012670376235706805,-0.009514855730829582,0.004395596408200205,-0.013850176274738375
2013-12-26,0.0014113511955820474,-0.011560812613313744,-0.015241561128309362,-0.040897411731325724,0.02081439982284476,-0.031183018819924472,0.0
2013-12-27,-0.02282543560584731,0.006395156790669959,-0.1369501960292728,0.02990837934795702,-0.0056338570687480055,-0.013667660408646172,-0.0029719871442275437
2013-12-30,-0.0028905271958582575,-0.04148633105892649,-0.005888183771778966,-0.039441403731703795,-0.005665687023267306,0.004576719103149638,-0.010170482968022431
2013-12-31,0.007209938793558963,0.00785931174688981,-0.003944774580914181,0.0009572838952164346,-0.007604682801389022,-0.00917434531999627,-0.009060711957309196
2014-01-02,-0.04706743506936829,-0.029266078262112617,-0.0019781909344353987,-0.044016899448307736,-0.011516431521080924,-0.028039263118236762,-0.016827703229774636
2014-01-03,-0.010598062220990575,-0.020142135221899032,0.13846966938114685,-0.0010005789404501626,0.05264377361130953,0.004728125409940305,-0.0033997532883198343
2014-01-06,-0.029345814076041393,-0.04470772747949962,0.060218802336972334,-0.03255618875112354,-0.044951435042062504,-0.038466294434198224,0.008631343001537927
2014-01-07,0.033901802918863105,0.029440007827872858,-0.11697164833417933,0.007212636455636059,0.0019139200223936008,0.014598893482798619,0.0015334371458600197
2014-01-08,-0.009132829758022288,0.006571522032020847,0.055027180555992795,0.004098754843483781,0.0019101729294404908,0.0048191993083347975,-0.07046051995117517
2014-01-09,0.01968286277757385,-0.0026231233879249944,-0.012163516284555797,-0.019618855227949716,-0.011516431521080924,-0.009661878638194897,0.06338685180243998
2014-01-10,-0.013585415003451692,-0.0030696876852422026,0.03942241878933379,-0.006275981982546744,-0.015564502101345714,0.004842679329859967,0.02077046286984041
2014-01-13,-0.023059870694393213,-0.03303850152752004,-0.00843882042561318,-0.03741751929094773,-0.00787404903980047,0.04255954038879762,-0.02541081344400206
2014-01-14,0.010827568072506177,0.00993664704112651,0.011794525185087773,0.004347678175173405,-0.003960397476549598,-0.004640295609927725,-0.004973606251178605
2014-01-15,0.010711695762965661,0.00850318144828808,0.011657113370266705,0.004329279924885668,0.0019822065421142097,-0.018779969237410446,-0.010336778813719149
2014-01-16,-0.003048715968918244,0.004002363512653318,-0.028549391286892187,-0.014138754573101313,-0.011952417161224803,0.004728125409940305,-0.0006299547385904349
2014-01-17,0.013646778189908827,0.020646771291738406,-0.057860120470650145,0.015217888711800567,-0.004016066001746035,-0.004728125409940223,-0.03103749603311243
2014-01-21,0.031136386128261615,0.03838442817709813,0.07475239838727574,0.0401745862584438,-0.010111251882460707,0.02803926311823676,0.012595029315192286
2014-01-22,-0.007325512348960472,-0.024996291249156647,-0.05863742978215047,-0.03265168378919902,-0.016393793756152603,-0.028039263118236762,-0.09274600954063734
2014-01-23,-0.0891529562361858,-0.11344892134386617,-0.06988138587505005,-0.09895691697189253,-0.14421400466448317,-0.13150223566123487,-0.16376240813951695
2014-01-24,0.012779905410505029,-0.047229325863892224,-0.028987555572748902,-0.03733166450951684,-0.009592390367769748,0.06791120400974139,-0.04626334760014114
2014-01-27,0.07930974056883403,0.019950773399541776,-0.0019626604903780205,0.07445863357804361,0.01197612265354822,-0.02557698191871149,0.10934894414313867
2014-01-28,-0.029764199514915966,-0.042881708948569706,0.025219501160970645,-0.031234506055025448,-0.002383732285778536,0.01542457027247485,-0.017678684091790214
2014-01-29,-0.049545541053918105,-0.030884698282616387,-0.04907756380779936,-0.03588887379818781,-0.007185709997090511,-0.0631788412493145,-0.07103333776390303
2014-01-30,-0.03390155953261073,-0.019866378301407892,0.02582072313720677,-0.02966850276897079,0.02140394534293568,0.01617272542153287,-0.01716769569573853
2014-01-31,-0.04534809517352424,-0.014199910370297041,0.009756212162808971,-0.0025126796388731227,-0.02381062571361482,-0.010752676535723156,-0.04019095951074378
2014-02-03,-0.04570204213669663,-0.06182889823779273,-0.01960845213704491,-0.05960308670304978,-0.019465315590965433,-0.01086971525603992,-0.015440736083254058
2014-02-04,0.0,0.003504847746706724,0.023484422220839393,0.013263227999159409,-0.007398359101006512,0.005449666370230106,0.06382321221826953
2014-02-05,0.0,-0.010551164835410819,0.0,-0.011928813337336478,0.012300324831523761,0.0054200488858097895,-0.0021492233314687344
2014-02-06,0.04913231855409169,0.02903822741518189,0.022945535381673043,0.02110889877889564,0.026539472513996566,0.06284791940224511,0.030510783536427385
2014-02-07,0.0419178187561292,0.04038679334317985,-0.02101321552693083,0.043429551759282835,0.023530587180201804,0.020101110960647813,0.019426121186203675
2014-02-10,-0.05051595287305635,-0.03581817790286354,-0.04946606989728299,-0.025317897800092377,-0.023530587180201755,0.0049628455029670565,-0.03329483305515826
2014-02-11,-0.001728509067476878,0.033065621141098,0.04171410025666215,0.06333583294458159,-0.014388724288892547,0.029270283562250362,0.016369805554587984
2014-02-12,0.10967628573350081,0.07689971768905658,0.011605535416091326,0.055016848619616414,0.051776332396145784,0.033100045470534925,0.059399394915056344
2014-02-13,0.03802760153299256,0.04394119162434198,0.02843795417462726,0.037993394323179365,-0.020858265209837672,-0.023530556059660007,0.047874206579439825
2014-02-14,0.09666603383207414,0.11086582099084903,0.08934510185941313,0.08911087327598753,0.10863389355407221,0.05556986819485854,0.017791564182665393
2014-02-18,-0.02747414583734264,-0.014978717482919195,0.050010452383685865,-0.007045920654755301,0.06703014421265877,0.022272690782844523,0.014588059560345985
2014-02-19,-0.019691387256540654,-0.05192407969162052,-0.06378002011094791,-0.033901535786418344,-0.031938907305559275,-0.040455082820370365,-0.025670555356602214
2014-02-20,0.0028368195295900033,0.03581692086342752,0.04738622635479527,0.010395107239693299,0.02800189822650467,0.018182392037525752,0.01218404180379427
2014-02-21,-0.005681505022422872,0.0013517499470303178,0.009868491466115114,-0.008307463928829814,0.01176483002949803,0.022272690782844523,0.024647804208505132
2014-02-24,0.032237995720403916,0.05818465237636688,0.033792440285087585,0.027765381927111983,-0.005865160460065537,-0.01777844828959837,0.012807121539656434
2014-02-25,-0.03795258173476841,-0.029325658394740797,-0.01916997403301815,-0.03194489944365069,-0.02985298298248089,-0.05058539845591507,-0.035621828743009086
2014-02-26,-0.001433712213130147,-0.009233015399905722,-0.016260505742097555,-0.005249150808689216,-0.037041237146687146,-0.014251974895998356,-0.01587620924643225
2014-02-27,-0.0014357706954645614,0.010982051078969034,0.0322609081276015,0.015665845548936002,0.002094289494708471,-0.009615426055401215,-0.007846191845963421
2014-02-28,0.0057307554389491745,0.022035817709827668,0.009478734671999748,0.05248445885886835,0.020704652919739504,-0.014598893482798633,0.009333739295272368
2014-03-03,-0.007168383995086785,-0.019417887563084543,-0.025479137057503595,-0.023881916691206262,-0.05475056299317755,-0.004914070930515554,-0.027884236139278686
2014-03-04,0.03811321823515848,0.009971631851785793,0.01282075260172188,0.02976417215350317,0.03822127732738862,0.009804040043044556,0.020424271672984856
2014-03-05,0.01784551058262459,0.015411625881821876,0.014229437729384972,-0.002936962348345781,0.0,0.004866245040409697,-0.006761771572279575
2014-03-06,0.04131148211089918,0.04241785760829164,0.017121061689158057,0.025170881765021122,0.02061926692904748,0.00966187863819497,0.07162779818311128
2014-03-07,-0.025117053846837933,0.0032519473511509506,0.021374839354146413,0.007619060595693231,-0.0020429483961007704,-0.009661878638194897,-0.004924368713477779
2014-03-10,-0.03681400434928489,-0.017192683452423693,-0.057513888913458856,-0.028876054769539874,-0.012345824314587799,-0.019608404924055526,0.0010572900857494425
2014-03-11,-0.004175230433637048,-0.028901686671692038,-0.011263220055632909,-0.034777747010109106,-0.014598735540886493,-0.009950443736456026,-0.004589662355438107
2014-03-12,-0.03116392229892244,-0.014987060717148514,0.008058092168239467,-0.009141485625924633,-0.006322509791455709,-0.02020263976589929,-0.007102328790812669
2014-03-13,-0.004325846668990613,-0.004756571725529875,0.04242584104067477,0.0030564564803478916,-0.017057966427901326,-0.020619293457515085,-0.025994123715117192
2014-03-14,0.012921700307118127,-0.00390889170074747,0.010711681722990737,0.01112816914560209,0.004291847909449239,0.03580948195902047,0.010189209689337425
2014-03-17,0.03916609230318963,0.03841688789509045,0.010598084756168939,0.043313856184993435,0.033687363850794246,0.014962895000849942,0.03870533115033707
2014-03-18,0.03636738045446628,0.04303112018299514,-0.006042308797982368,0.04979897136679788,-0.010405861472309519,0.0,0.004517955091949231
2014-03-19,-0.047401930115960944,-0.015360237365175054,-0.035470182964304264,-0.03166011824203421,0.006256481825200696,-0.03015308350235523,0.008974791620102415
2014-03-20,0.012405272492505318,0.02095979654754238,-0.03677473120443072,0.015955318935041637,-0.008350771319909049,0.005089127038740299,0.004115247089509593
2014-03-21,0.013605840722433718,0.03179847670648801,0.032054072102591064,0.03746437366998993,0.018692164482886315,0.020101110960647813,0.022335868384609502
2014-03-24,0.00269890063390769,0.004626294551490795,0.023383702932526198,0.006258311444120238,0.02036728304325631,0.009900965343568591,-0.005369093786815272
2014-03-25,0.030526352692699498,0.03365805168155324,0.007674664187085793,0.0427455631167873,0.025872112112647422,0.009804040043044556,0.008042968142160026
2014-03-26,-0.0052423618015838,-0.02905294505793016,0.0015279191307496108,-0.020708522448702332,-0.0019666139685082526,0.004866245040409697,-0.02295835114337668
2014-03-27,0.02977552546855256,0.03091059529328551,0.0987739600417899,0.04015943397315675,0.09745533413930771,0.09265872873384291,0.014578868048637506
2014-03-28,0.03139006905233735,0.00813324697884284,-0.03232888975346328,-0.0033558617721065596,-0.01077208683774765,-0.022372224118794044,0.02164232484672248
2014-03-31,0.034025107852913086,0.035801739995179556,0.055569864042301534,0.03387361455024671,0.05102249340250373,0.08247632611207187,0.026009233492380966
2014-04-01,0.035215144552452074,0.021090483508766363,-0.006779712848030252,0.031190204750519514,-0.010344910061582892,0.0,-0.004503111499208473
2014-04-02,0.03735549597465511,0.03721224135473656,0.041311663582825134,0.059604711862413014,0.08310427438842795,-0.008368344448820677,0.007707132095437939
2014-04-03,-0.003338788444983992,-0.00740017382205294,-0.037238309713129136,-0.008941668729561057,-0.027487596057545676,0.008368344448820704,-0.010612633830722211
2014-04-04,0.013289259054275472,0.014412970009718995,0.00135406277392805,-0.026547282612790307,0.017872146542956775,0.008298713655658317,-0.003887288108429972
2014-04-07,0.015284041263980698,0.032736054402976715,0.07178556557244271,0.03697184099525315,-0.0032258061476964453,-0.02087770070259581,-0.003576558135530391
2014-04-08,0.040345058837942246,0.029199135009652873,0.0199508263077686,0.021254142743668467,0.06413453864224827,0.0453686991401558,-0.0039165326068539555
2014-04-09,-0.0020830643145537523,-0.0021918939323320665,0.06915745505733846,-0.015345724115476338,-0.012195261569588702,0.016000288617973563,0.0022864216518854947
2014-04-10,-0.009429297718150962,0.001253289025555375,-0.04115811681094408,-0.01633297701065503,0.019742495995549645,-0.02004062514633585,-0.018107507683771888
2014-04-11,-0.04742241404116784,-0.011968799222463,-0.03294983843965345,-0.01584357180920113,-0.027440792923795868,0.016064431180728343,-0.011359903721162103
2014-04-14,0.0,0.015406556914614046,0.035347975967599435,0.003795171210729857,0.01228900268205255,0.01581078622528074,0.0013431883672918137
2014-04-15,-0.02006784406667163,-0.024318185526600856,-0.008418648400448625,-0.002274997822863993,-0.04368872716418063,-0.031875217406009064,-0.018287030289602012
2014-04-16,0.0022499128071074375,-0.0019198514053856092,-0.00484262000285356,0.0,0.004773312070055635,0.0,0.011552973873844652
2014-04-17,-0.006764170016322354,-0.014518820815369187,0.004842620002853491,-0.012223884191455097,0.0015860038120415014,-0.008130218461533738,-0.0020290580586706363
2014-04-21,-0.0022652818709602836,-0.00783036818321496,0.0,0.00307048241190611,0.012598580010267145,-0.024794575704672795,-0.008499129966529462
2014-04-22,0.05514066246030488,0.03286377061789129,0.07108415199748326,0.047146378267204955,0.03384942656727534,-0.008403568445586925,0.015246684894135368
2014-04-23,0.013852154776413403,0.010718602916681414,0.08410122921016441,0.008733796785226884,0.06869022286720182,0.016736982952353232,-0.016955335467078947
2014-04-24,0.0209433163012895,0.005316713163814939,0.08139408323419593,0.0014483397592122448,0.03060047735276125,0.060380540556364166,0.006477102724395959
2014-04-25,-0.04449903315523055,-0.0528372847022061,-0.0991306019826603,-0.038353005344633796,-0.03201387009367608,-0.00784326614837844,-0.0441121382391961
2014-04-28,-0.01638493032225338,-0.010578825533619706,0.0,-0.010581657914236322,0.06303456548606412,0.04991439311709193,-0.00927569916474318
2014-04-29,0.032505793383237676,0.005633766171626392,-0.016985530028710828,0.004548671638233372,-0.006662275138479282,-0.022728286543118047,0.020575225987384035
2014-04-30,0.0438022674003078,0.009865289008501364,-0.01076440769495334,0.01799114435815452,-0.010752781438702409,0.011428825206707568,-0.0007024616967888637
2014-05-01,-0.014388350034648844,-0.0009820316426893316,-0.011976153741351813,0.008139307545951642,-0.026011056509914764,-0.01912114515009671,0.005955530845141454
2014-05-02,0.022518664401380773,0.023629467033476768,0.03656322825384706,0.021145659205599274,0.009661934440722551,0.003853613008420213,-0.001398117878076364
2014-05-05,0.02498880004668718,0.011766683327786695,0.05345563435404076,-0.01234147151150231,0.05218573429780174,0.052446409291727406,0.02861776140968967
2014-05-06,-0.02296674368917715,-0.011766683327786633,-0.0010015252940990052,-0.018430116626388954,0.0,0.021661425449294686,-0.04306222660858246
2014-05-07,0.013046101503857778,0.02962709084541719,0.03640351211308774,0.040822056585649934,0.003903678762652295,-0.007168466043436417,0.09827375376994858
2014-05-08,-0.025241109512788844,-0.042505316237087726,-0.04142604777856793,-0.04082205658564996,-0.0438026134155713,-0.03663401075722742,0.021321378792302958
2014-05-09,-0.0071832288764927905,0.01607181604648757,-0.014199056143893047,0.008151271204282757,0.022804486287279446,0.03303046820759933,-0.03394488093496361
2014-05-12,-0.008272949571208126,-0.015424152022104065,0.05562510392246115,-0.0231441565763831,0.0,-0.036768832669870494,-0.0042436469405668
2014-05-13,-0.010438503764365715,-0.020612577705419053,-0.013618920655545288,-0.02679063939243717,0.030047984964211353,-0.007518918076266723,-0.01582630335901896
2014-05-14,-0.029821277523235833,-0.008298880542674296,-0.029823302968279296,-0.016425829505528698,-0.046091094463304,0.0,0.011564766175447007
2014-05-15,-0.049872058849892736,-0.019862293727231285,-0.08636940796879723,-0.025560626714105833,-0.03986781698466782,-0.042395475040825234,-0.022928533847034045
2014-05-16,0.013544417121931088,0.012166295705119451,-0.03356021761846316,0.012062875483834022,0.0055944147754225714,0.003929322657463506,-0.010814408310942878
2014-05-19,-0.0022445402088333744,-0.0030281853189847658,0.004540298618286866,0.002395190536699476,-0.011220303186646354,0.011695943164067609,0.012829357469781219
2014-05-20,0.0067189635693858255,0.01105745213365026,0.019069571360661668,0.004773445547230108,-0.018505882238385018,-0.035506628001633816,-0.008421958691800588
2014-05-21,-0.010095491172209089,0.002662260251911802,0.02306527707290406,0.003960092524533347,0.055880471054113603,0.039375148810687315,-0.03722001019453591
2014-05-22,0.013437759998035433,0.007284804486138422,-0.013114929433389542,0.012371050264988463,0.05549641427662524,0.0,0.0180937412379122
2014-05-23,0.0011119042270102545,-0.009280759143320038,0.02927032883398475,-0.010232405877248808,0.0012844898277871418,0.030420606486507216,0.02047860605239106
2014-05-27,-0.010050236772844166,-0.03180236892375085,-0.012903392926887598,-0.030524519429052193,0.017812159013931083,0.029522448482761823,-0.013948210230675821
2014-05-28,-0.0011228998493780563,-0.003788432688613377,0.008620735070485726,-0.00654685568462425,0.034699914111068084,0.010849926736737021,-0.003775494938802664
2014-05-29,0.05039362586805328,0.06931501160544731,0.06339791283647109,0.0682266192150541,0.07506457401302079,0.03186105044152997,0.021096435128063154
2014-05-30,0.0253180917026258,0.018184918562800044,-0.014199056143893047,0.0405763792289769,0.0033840677678083084,0.037611299643298304,0.006042170328527441
2014-06-02,-0.01999027612993851,0.014749974829980306,0.004077473751843094,-0.0029498911157702407,0.003372654465683699,-0.0033612871995493143,0.01725331160082218
2014-06-03,0.046713280151152885,0.05249227427789897,0.05154763017061796,0.016843874556650994,-0.002247136212458185,-0.01697822932644192,0.003611984555257862
2014-06-04,0.014099193856025677,0.003245920193134692,0.03232212921539816,0.02934038799781542,0.0011241457315313615,0.01022146936320748,0.017222177525354074
2014-06-05,0.03246693785486498,0.03332173674317588,0.022202644325624327,0.041442281189887256,0.015607936307961055,0.0560278851743247,-0.005168052758000539
2014-06-06,-0.006799119892877506,-0.0031397224516633306,0.07319263182384349,-0.018436901828595573,0.04117592650312936,0.025317907002253077,-0.002269372666647292
2014-06-09,0.06508656726444019,0.056412174212278496,0.07689801651283047,0.03654020149821837,0.025158535741161933,0.01857632126766869,0.03099794322691185
2014-06-10,0.03411425911231544,0.012619130552597816,-0.05503001125549135,0.0,-0.048790169105634586,-0.047104540287113326,0.037367198208546955
2014-06-11,-0.06095547089400493,-0.07850996859520815,0.004979219000383875,-0.083815174023645,0.0010863910861795,0.0,0.012650905813163655
2014-06-12,-0.0065885550174053275,-0.04124283042227335,0.004954627720699541,-0.010897446696254965,-0.008724147267644297,-0.03601046148990051,-0.022092049644790616
2014-06-13,0.024255461506218996,0.012849347688625036,-0.016611741090966282,0.009451484978610083,0.02594737689530634,0.003327730139882044,0.007620778391804107
2014-06-16,-0.09974415829388691,-0.06027205403674457,-0.1575063712299494,-0.0853028058981275,-0.06845938366726258,-0.11239871435862381,-0.12708833059192526
2014-06-17,0.03009238794899154,0.0025199047818850206,0.010726637138109786,0.0031472721873862923,0.019242254775527844,0.003710512149779252,0.03456815441373962
2014-06-18,0.005911500950603435,0.031276642907746996,-0.02156948924063623,0.030938157175755418,0.06824521931982482,0.05055221623524549,0.07351288202459261
2014-06-19,-0.03804294703039245,-0.049049147402232166,-0.03941898364225335,-0.027800657475036555,-0.08178943130629879,-0.05055221623524559,-0.006209232510018947
2014-06-20,0.11369340858982749,0.13405130909947674,0.13120916818826603,0.11665106600378934,0.07548684534504695,0.10536047206896247,0.050109086436291625
2014-06-23,0.06436775140866208,0.04248945676934611,0.04594443152221052,0.05359026177893536,0.041285591845127104,0.013245182874386151,0.06285248446822095
2014-06-24,-0.02245376354478228,-0.06285787630297959,0.04392601857269309,-0.045954163179249996,-0.043395244953424617,-0.03344792221637812,-0.039721735698719944
2014-06-25,0.03938884136603132,0.07273933527751615,0.008230451976087025,0.05122416180265752,0.021932997419582476,-0.031090637634989902,0.007209849407313935
2014-06-26,-0.010126446474088651,-0.013422956050479514,-0.04013912917231118,-0.037487688940909154,-0.022989545718672396,-0.03571796434903186,-0.03687844683204798
2014-06-27,0.0008475853347898069,-0.006148884565252286,0.019434455483548718,-0.01235419563149338,0.010515383860032602,0.014440530379408748,-0.011997727764509917
2014-06-30,-0.013652220641499731,0.010041913409064344,0.05455158562840539,0.011671826104192515,0.024794634182998078,-0.010810721238143603,-0.013977761744740818
2014-07-01,0.03793145335980104,0.02602538745986927,0.06962657440179416,0.024276350428560453,0.015190126861900974,0.021506132640063066,0.021792707023122675
2014-07-02,0.01724866948433125,0.04054057608669552,0.01975918353788315,0.01848226263099177,0.01792879755665159,0.010582022567703702,0.02425430766162815
2014-07-03,0.030475505796174387,0.022086484262962572,0.009376203714997375,0.014286135675026937,0.014698904493633931,0.031090637634989943,0.0019056675754763018
2014-07-07,-0.012718644539317177,0.0010151705760771917,-0.015190167939043077,-0.005819512875686256,-0.0216330276684599,0.04000539740678164,0.004092363294656499
2014-07-08,0.007174145650510468,-0.011997286721161151,0.013034170932300254,0.01863198038125985,0.029384997309080663,0.019418115442302673,0.034970762896231106
2014-07-09,0.06904602745768,0.09030147150461318,0.10701386915326774,0.053296238888143145,0.0553872351517262,0.07112741833183873,0.045430986658482844
2014-07-10,0.024891249010427965,0.027538516400956337,0.008368256862630513,0.026208052364512537,0.0402738830943919,0.023599834426170304,0.02209584817261944
2014-07-11,0.009355922337695083,0.0492142995251494,0.051838011914799934,0.000587342055100469,0.004376391403989354,-0.038637882124393626,-0.0002632413201100273
2014-07-14,-0.005747084566679149,-0.002175644791343876,0.0024315518753889793,-0.007667180348997292,-0.04373742834174919,-0.05288923774697488,-0.0204875454287577
2014-07-15,-0.04343710721389686,-0.08329630739029865,-0.04533527405102327,-0.048523893478349824,-0.01008716985546455,-0.029175723519346677,-0.01981884420521375
2014-07-16,0.0015040945198743362,0.01875761594408133,-0.07518367360549046,0.02394954049140762,-0.028039237143758836,-0.006600564813377866,0.0035582086835209098
2014-07-17,-0.028192558840474745,-0.018047838657985083,-0.08576687635337868,-0.00425651380434848,-0.04557262292683056,-0.0336731990914479,-0.02405753735471155
2014-07-18,0.08016147420175875,0.06168137626236625,0.10878747312890175,0.03060551184093287,0.07361186007058929,0.07581891332833605,0.0615953382021868
2014-07-21,-0.04597645006185088,-0.03185642232345141,-0.03889945949082087,-0.057158725582839125,-0.03756315498628826,-0.055479396802344864,-0.02100847594349915
2014-07-22,-0.014291765190224742,-0.005293884792050353,-0.004184069235377698,-0.025349720961324318,-0.0019156618865762724,-0.020339516525991183,-0.00809502950698768
2014-07-23,-0.026872679453933977,-0.03475372449298691,-0.06197953102486113,-0.009026355277071105,-0.037113644788425604,-0.01032712949676506,-0.026075394248074594
2014-07-24,0.021556041074620426,0.037288832665978676,0.0563732880660273,0.0058119959301143435,0.009901014420893492,0.017152971185212744,0.028510812422055037
2014-07-25,-0.05077260278605541,-0.03657213351425686,-0.03795656102101836,-0.04949890621366634,-0.04020638289481555,-0.027587967016361816,-0.030180595783220368
2014-07-28,-0.04172381689415649,-0.09511904639752333,-0.06327412679930151,-0.04780927871354399,-0.04617814864917009,0.0,-0.03804046885786192
2014-07-29,0.03529287618654538,0.0431719429909139,0.05300262134490854,0.07055275685707517,0.05942338698227952,0.04779070635835388,0.02936774321571953
2014-07-30,0.11634835533621964,0.12246706465934731,0.1692073618072827,0.11483930907406059,0.13517480388655123,0.11926348118062861,0.08918676745945726
2014-07-31,-0.07681743415650007,-0.06006846452707197,-0.09874066853828933,-0.05079689518664143,-0.0925729885005779,-0.08325301969072808,-0.0951048709759947
2014-08-01,0.01614789234840763,-0.007590174810559781,0.025781625265112934,-0.03214915841595943,-0.0009704249753008028,-0.009693144256622991,-0.03479854734938993
2014-08-04,-0.01459858240374579,-0.028252529472197183,-0.004699615805746048,-0.017447820982777695,0.02587585725672707,-0.009787925246055271,0.0
2014-08-05,-0.10004297649681472,-0.10256137865284638,-0.06822405286211232,-0.086418755799971,-0.04746651593588617,-0.05043093013532502,-0.0174171749962953
2014-08-06,0.005970457774810644,-0.002173444355735987,0.008608366291577263,0.005669730573660227,0.022561083654459812,0.006872957117662891,0.0100739926754146
2014-08-07,0.011834306395886887,0.020724707545199766,0.01559211353823335,0.03677157783822311,0.021113962058184083,0.0,-0.01455118144185797
2014-08-08,0.005029267549453112,-0.011789774492573334,-0.005641758404814089,-0.008895227246417338,0.0028450172275218026,-0.006872957117662977,0.009823138832380026
2014-08-11,-0.04357793004136995,-0.02428187588758372,-0.03820289331107516,-0.04498290080523652,-0.042559665463616114,0.0034422821314611758,-0.034657796580740106
2014-08-12,-0.007891441261673945,-0.003873801221137304,-0.005895368990960019,-0.029918307134454553,-0.02602751875613677,-0.010362803886912825,-0.025152689694744462
2014-08-13,0.0070179409694772175,-0.0011097133834476315,-0.032297163119710745,-0.014925834058801133,-0.03089836283852245,0.0,0.0015711756168343572
2014-08-14,-0.027472030009924917,-0.015664545365224835,-0.061388325992319935,-0.04852693994423958,-0.029726252932816485,-0.04618928142245939,-0.0280184948526502
2014-08-15,-0.011749114071452621,-0.0022578517959307614,-0.0016246554493408538,0.019539541016448208,0.021322749956169458,0.01801839278017348,0.03739356794511109
2014-08-18,0.015336653679299588,0.015143326233952755,0.03357630101953567,0.011542971254695618,0.02705682617565947,0.021202242187486463,0.044410972995044457
2014-08-19,-0.020806042074358436,-0.011758498671680735,-0.021454971314159525,-0.0069098017289910595,-0.020747612693720944,-0.0176371352623027,-0.018315989465256685
2014-08-20,-0.06807920504046187,-0.025093967577562618,-0.0715779370735089,-0.04329703700460444,-0.025479060793225556,-0.014337115518248462,-0.024541021739372608
2014-08-21,-0.010821211932983372,-0.012494558516529126,-0.02092489298005969,-0.007266451983640825,-0.021739965225781532,-0.025595514930057503,-0.006543138903968734
2014-08-22,0.0195888547344018,0.016817034043717927,-0.0035304503076621606,0.033468843304892304,0.021739965225781453,0.014706098073827407,0.014277173925173636
2014-08-25,0.01826096601840304,0.0122872190360436,0.0347558536378503,0.0,-0.010810957345391049,0.010889416856230013,0.014987172846942655
2014-08-26,-0.03488697472517702,-0.012862628229670844,-0.05710814683305162,-0.014206792672669812,-0.044451720164367166,-0.014545661978525441,0.013868316900318048
2014-08-27,0.033934200730854756,0.01880929317856025,-0.043424860012222954,-0.0015911098073151096,0.009049826732992556,-0.00366977049315156,-0.002698272614085514
2014-08-28,-0.010541489853547177,-0.000564760851965257,-0.025826443539872544,0.002385613133791893,-0.03203932227516341,0.007326015615447008,-0.00813883852877379
2014-08-29,0.020029436560079588,-0.013365922694514948,0.0,0.007123291359403889,0.03428898625992027,0.0036430326691211418,0.0
2014-09-02,0.0177822082786988,0.008835817298412789,0.025826443539872526,0.00550508377577104,0.0033651951863005822,0.007246384187108824,0.02007564304218987
2014-09-03,0.07675490229106921,0.0592216351328458,0.10564378614260299,0.058639026610752654,0.060822159440997156,0.04930570112226339,0.056795837195431007
2014-09-04,-0.03496842981098337,-0.018082019122572263,-0.033696521410090656,-0.020172570777304194,-0.017003581821643046,-0.0068964545105632625,-0.019813885117348103
2014-09-05,0.04437417932241018,0.04134485230665662,0.020009327383998503,0.03047419400899891,0.03372286913837139,0.03735571052720481,0.0
2014-09-08,-0.01716750557417703,-0.01235703703999234,-0.0025873005820774638,-0.006610270787523716,0.006198410411508872,0.019802658064789574,-0.023721105420456613
2014-09-09,0.002593931029734531,0.0,-0.023592138327009026,0.0102640501131033,0.015329847562930463,-0.009852311674996691,0.0023391912504036553
2014-09-10,0.014573574544442552,0.011834498721434217,0.0339014982721687,0.025208419910209508,0.002026389548073811,0.019608501556579342,0.01737160956651323
2014-09-11,0.01100321974317164,0.0015673323949855122,0.01442537347880194,0.021808715168230002,0.012072569651180509,0.03809981152650158,0.015945728114372844
2014-09-12,0.06595767006622207,0.04016382412036205,0.05011312728111235,0.02542214274083423,0.04305944926727579,0.009302407090091811,0.008158706255187609
2014-09-15,-0.05257967957852086,-0.010333892188412448,-0.05602777862590911,-0.01366140568160037,-0.018366836676904256,-0.01242238605362052,0.0
2014-09-16,0.08742657643680678,0.05183778249528374,0.08446576251001676,0.039776278993053825,0.03922069883922018,0.015504087518002157,0.05080263237253892
2014-09-17,-0.03563478382111498,-0.017716894466907916,-0.03809988589298462,-0.01935352672980824,-0.025654566268925882,-0.024923415592103135,-0.018003877590795938
2014-09-18,0.014095430039003296,0.008047862892817179,0.012861977981923003,-0.013568631585374222,-0.011616769641346602,-0.006329020137348033,-0.00953552730536864
2014-09-19,-0.016464521694991623,-0.01838521684091389,-0.02507211098769186,-0.027702764126753113,-0.01867381343898603,-0.022473015064618764,-0.000547782189383649
2014-09-22,0.027292025079020888,0.027573413121321923,0.0008186843483802114,0.008391761353850904,0.03509128718694276,0.0,-0.006870813770533958
2014-09-23,-0.01082750338402929,-0.031291267299372795,-0.024017713904874425,-0.019691088454494094,0.007633708561898423,0.03509143510312647,0.01559759697478306
2014-09-24,0.01159666493782355,-0.006727184564253593,-0.030640746861246477,0.009190337022711135,0.00189928867073894,-0.015798202354119148,0.010533440442363328
2014-09-25,-0.023329279169305373,-0.023012721041551762,-0.04147037214418296,-0.0300018752032041,-0.03868950747266262,0.02204810949058913,-0.038619064926503396
2014-09-26,0.02332927916930543,0.023012721041551804,0.020508925621185694,0.030705366215945006,0.034887225142181455,0.05750461040164182,0.03485056669165265
2014-09-29,-0.017836760055495483,-0.009040806798477208,-0.044211058218242,-0.013451513324647042,0.019802630857988526,0.0,-0.005408415917009383
2014-09-30,0.010895133246006479,-0.0007566217994847358,0.025502268443113072,0.01274802231190613,0.0037278665522055853,-0.023810742528705135,0.0029783651266171553
2014-10-01,-0.04836447174682513,-0.022984175325784492,-0.03663409797892737,-0.051256044423627224,-0.04567868606030702,-0.0685626222664172,-0.06939861967449491
2014-10-02,-0.05768445311406413,-0.057142891832740184,-0.02168877996290398,-0.060300746645777045,-0.0488876117701984,0.03797921210506026,-0.03539138659138478
2014-10-03,-0.03235975295428469,-0.04132383098183391,-0.004777858327833979,-0.02630693778386183,0.01723307525800175,-0.0444517999511763,0.012233424144993937
2014-10-06,-0.0062413262232780846,-0.018121997965076617,-0.0038387727937765547,-0.02867866859698488,-0.0010055535476461723,0.003241530713094814,-0.005948821389540146
2014-10-07,-0.024446725276486482,-0.03425229718258633,-0.0028887582618773583,-0.02866978231787114,-0.03168374075969586,-0.01302945595915021,-0.04141899044021564
2014-10-08,0.01816568415617409,0.03018010071690291,0.020993162816324535,0.026172979358377597,0.03870137849862094,0.0,0.02122833800670885
2014-10-09,-0.044165359240293134,-0.05851394588278679,-0.03556356311837062,-0.03304015686145489,-0.01408477434188164,0.0,-0.04323487798608511
2014-10-10,-0.05114482056403179,-0.01714224534506774,-0.03282243055487054,0.0017215277989687519,-0.008138389204670936,-0.026579743691220167,-0.005737909970802429
2014-10-13,-0.006954804897526215,-0.01392862322190506,-0.01425689533899515,-0.020852219876604086,-0.04171612286313028,-0.013559584897215211,-0.01969390153673185
2014-10-14,0.020720967406261365,0.01549921728382419,-0.012384047315929621,0.029413799220386755,-0.0064103231007838265,0.0368551194755992,0.004229679930674584
2014-10-15,-0.03578917584342451,-0.0006280705949322727,-0.032720641740509496,-0.01200693094421757,-0.039349300842178386,-0.003294836484593012,-0.025984049505054587
2014-10-16,0.027945936672220416,0.002196017947199031,0.05632353784147476,0.03226081950286871,0.022051588748521686,-0.02000069809379092,0.008296097068877267
2014-10-17,0.06201333303178323,0.051904497344776694,0.11303890359881599,0.05049931865573549,0.06644511055094335,0.036367668937275346,0.034430134396510596
2014-10-20,0.04167250430868251,0.03133944923618831,0.05806378810797774,0.055612868572226595,0.0565346060664004,0.01929323274900732,0.0022324298056883222
2014-10-21,-0.008912401227216222,0.025339507130065775,-0.006000849130864477,0.02081856234790207,-0.005802672476828945,0.006349299437915963,0.046679377717052564
2014-10-22,-0.007188189844539188,-0.018156789689975993,-0.049349257217996816,-0.02232204718888819,-0.009746702816028045,0.0,-0.012852032450544698
2014-10-23,0.0406420787687681,0.030172991303868257,0.01701792388580383,0.02892262238242509,0.023234324245869437,0.01880926776425306,-0.010837784231349972
2014-10-24,0.016316194751869538,0.0327897282192855,0.02974848795911187,0.005103786245543687,0.005725246507709366,-0.009360364848049814,0.0009336724950228535
2014-10-27,-0.020654816182088868,-0.017627524610747118,-0.027973908600493886,-0.0043731449770694295,0.005692564343875883,-0.003139755389839872,-0.006866500691821296
2014-10-28,0.05085838891162218,0.057933265896100074,0.04252273776744933,0.029509153774985857,-0.007597370421109483,0.009389662526309982,-0.005968298921290025
2014-10-29,-0.027651506978996612,-0.033874728152177576,-0.04340959149501646,-0.020781434463739794,0.0009528565743223448,-0.006249907136469979,0.0009447833175611232
2014-10-30,0.055362894531184925,0.05482597362144758,0.0035429585598377436,0.0383567976611311,0.033711025728798034,0.018634015690943355,0.024869142549777103
2014-10-31,0.060814222900240134,0.06580181655926268,0.08472464705441057,0.024097579610079134,0.025455982425780614,0.03922071315328133,0.07680177167366069
2014-11-03,0.012777314593071971,-0.018397059243433093,0.06372580050948501,0.03344782530548116,0.03700863422519703,0.01176497393442208,0.007083115683968972
2014-11-04,-0.021133133535077783,0.021470363619423845,-0.03964765204271369,-0.021277403043922095,-0.0034662045390789404,0.014513949663731837,-0.05991891308350043
2014-11-05,0.01739198583788057,0.005178586311815891,-0.007162720516052971,0.025217134952914808,0.003466204539078954,0.005747206881379432,0.006573186971896705
2014-11-06,0.011922629200834494,-0.023519376704557386,0.02133621037364358,-0.00065561606147407,0.006037076827467496,0.019858698531984516,0.010663472853235477
2014-11-07,-0.01718407756793548,-0.01330908020371813,0.020124535776211608,-0.011873551769089401,0.007708830562173604,0.035865913412473575,0.0044098286263773425
2014-11-10,0.011240264529733876,-0.018935812619823626,-0.042259805609670936,-0.006657723536280661,-0.014611353451250898,0.02937447187017904,0.0011725079802265286
2014-11-11,0.0,0.0004965015161727496,0.007168501458077261,0.003999881614619365,0.000865446061609803,-0.029374471870179157,-0.00411015462718321
2014-11-12,-0.0014915433278736004,0.00420943361635143,-0.014388761584644553,0.0006651230353258782,-0.022748156945767047,-0.019152407324875824,-0.015118336728438838
2014-11-13,0.006694335475583482,0.0009877360958492857,-0.017052791401308966,0.01583149055067073,-0.025090897333365454,-0.013908505859669221,-0.009905345296601193
2014-11-14,-0.002226575990959826,-0.012169405374908682,0.007343986638417644,-0.014502225007622398,0.01262409801629389,-0.002805000227928482,-0.005748137914634814
2014-11-17,0.014017412070434509,0.02589859453055848,-0.0032573287082144752,0.031374826708664226,-0.02909293319254099,-0.025605905413363765,0.006351187380290792
2014-11-18,0.008752753826269484,0.012341332307492294,0.055525744690511254,-0.010349256128595762,0.05736334092866145,-0.0028860374822119532,-0.014576568132216555
2014-11-19,0.0043476591046837975,0.023060533270697525,0.0069204545168328755,0.005187722183764714,-0.0008713965946277414,0.0,0.012766208577679307
2014-11-20,-0.00725719200734387,-0.007549061362727329,-0.013112418823028691,0.01349226511922854,0.0034812881973602014,0.0,0.01498802277605661
2014-11-21,0.04903310287857837,0.025483468703617396,0.036589412849316556,0.015199809021625705,0.022337717545327387,0.0479641025450698,0.02061338235781793
2014-11-24,0.012405494877971629,0.028670973250459895,0.009683510842197873,-0.00883846846397186,-0.025819005742687594,-0.005524938350029824,0.012454993599052786
2014-11-25,0.0034190291924292263,-0.010145276730399118,-0.023248101024065587,0.0019007270297763926,0.021561852510986728,0.008275841011742285,0.0151409973651315
2014-11-26,0.019601704580638493,0.011490473309436946,0.01506051102439457,0.023147529887686327,0.006802740702696119,0.037740360913995026,0.0011334140681343652
2014-11-28,-0.03542622865103921,-0.05360665991456843,-0.08905180486853173,-0.009944026755294322,-0.046842904597062654,-0.03774036091399498,-0.054413557963971335
2014-12-01,-0.019608122075873227,-0.01212745096482338,-0.01564458261940024,-0.01510423016216833,-0.038013632950654054,-0.025035952702511594,-0.0349950825738291
2014-12-02,-0.006385517377938306,0.00643877662535098,-0.019271689605925492,-0.013405631454812866,0.020995709064850165,0.0,-0.039480930121343946
2014-12-03,0.031526398555756806,0.019303495592072603,-0.005089024226135941,0.019726761019851484,-0.006343446354353344,0.04138519600279894,0.01280432071671907
2014-12-04,0.03189950384659306,0.015730205756542395,0.05379862498773469,0.018727127352424038,0.010850005732616262,0.002699008099594966,-0.007983482887630816
2014-12-05,0.01918669305067527,0.04751095800851398,0.026244045257453448,0.023832531422325418,0.02837067074088294,0.0,-0.011284945247408947
2014-12-08,-0.0448985344590787,0.0013121524656671732,-0.0031446537323575525,-0.033152298137346825,-0.023884329360505746,-0.030098050763456282,-0.05464378120293364
2014-12-09,-0.027094207359323715,-0.0802978863895768,-0.018276197340409903,-0.05254249937829939,0.004466303982545025,0.01224869328713426,-0.03662151066484317
2014-12-10,-0.06022861463192287,-0.05401453134683167,-0.015353880131663186,-0.019934202850840917,-0.01980265109553845,-0.04445183229578497,-0.055884486305961545
2014-12-11,0.014110892346952654,0.021761399954824383,-0.005716609727125705,0.021906136983564053,-0.012808989906094874,0.020990287162384987,0.007112074409877784
2014-12-12,-0.011869987253086906,-0.010326896206489326,-0.05730298012536644,-0.011889235300760859,-0.048099726323919796,-0.048641846101644896,-0.10905573600861922
2014-12-15,-0.05917957880156235,-0.050175246705088945,-0.07190879714091918,-0.05884078523823484,-0.05971927155860005,-0.03486878170583721,-0.06620383959114073
2014-12-16,-0.008747525013688088,-0.004427684313170319,-0.04089960022703002,0.0,-0.021773803548195154,0.006430727910384976,0.03149870033271385
2014-12-17,0.025237791738783093,0.004947100188107234,0.034354490670099644,0.025053723566320026,0.006269656748658904,0.022188192030577415,0.05079787422059237
2014-12-18,0.02157265437217723,0.04370648918786524,-0.032414673941517765,0.017711500053578223,0.0010410490464081417,0.02476887132131179,-0.002458986580044544
2014-12-19,0.038868954424835685,0.05631520089121691,-0.029500589140404744,0.04165917223226562,-0.007310705795067093,0.009132549382822869,-0.006174132584236047
2014-12-22,-0.0007335174760525726,0.012379206728529468,-0.04908965988015424,0.02241538958777992,0.02586797118433393,0.05023212913491637,0.0200291375650167
2014-12-23,0.04237619914791629,0.02113047677330649,0.0,0.025633998189254253,0.031174008970598247,0.017143241058745436,0.10479390433250885
2014-12-24,-0.0028171272890719747,-0.01419091273593618,0.014568451353348227,0.004926419308239005,-0.010950891867125737,-0.0056817687252874,-0.02285390277577285
2014-12-26,-0.017787567967884745,-0.013927896562454967,0.05232576877581999,-0.014228847957023893,0.017857647812964148,-0.020144495504244783,0.0003727328994628189
2014-12-29,0.002151223688254034,0.017609651431647926,0.00878484454804054,0.011768551967364977,-0.002954185541035128,-0.011696068340429555,0.005575189418800345
2014-12-30,-0.015157081272410767,-0.012480227052731968,-0.05904668029282047,-0.03254329931736703,-0.047459714666336826,-0.020803221113667714,-0.0025978777067601597
2014-12-31,0.0029048900642343243,0.016834173948788833,-0.03461278180916337,0.010756160875249669,0.03555482398675537,0.04979074862447212,-0.016485937653269476
2015-01-02,-0.02273644423759068,-0.045138006240153565,-0.02375924644003702,-0.020344163367548875,-0.05118824445402282,-0.017291459170374873,-0.013693686142801215
2015-01-05,-0.03012309984873791,-0.036296641522043406,-0.026579613239495484,-0.02536710533999754,-0.012685248193620501,-0.08806910954132377,-0.05308880751984318
2015-01-06,0.006097736719985397,-0.008470144115037373,-0.0011229904809268248,0.0,-0.013926219735114664,-0.019231320720996113,-0.0032363407661766194
2015-01-07,0.010581975215093818,0.019326431882325457,0.017817932493869548,0.02021579359038814,0.029757745505918812,0.03809976535893039,-0.013461340751903073
2015-01-08,0.01788426583904189,0.02256532144337283,0.02291426258876118,0.024235931758666306,0.04002580398864636,-0.003120004773120695,0.024342064641033376
2015-01-09,0.005890974022248856,0.009551492966977354,0.03289415505993485,0.0012595433584918964,0.01001013201056167,0.006230391886528407,-0.00040098222613708354
2015-01-12,-0.012560081318322482,-0.005481146841251969,-0.004184102557331055,-0.00694666829241434,0.019724486795535755,-0.03154844090885986,-0.06373695956322062
2015-01-13,0.02133213631208748,0.026410425167116742,0.002094289494708471,0.03057933637532273,-0.004894791204251021,-0.03589269705963577,-0.015070290375989889
2015-01-14,0.010858057622524644,0.006032633556805819,0.06577986495654144,0.006127626144408072,-0.009861956567166286,0.009917323422717547,0.03369918171853214
2015-01-15,0.006458629190954297,-0.0037077982205136386,-0.08906136733502613,-0.0030592390492607275,-0.044586973667850235,0.0450237067286498,-0.035001531560947534
2015-01-16,0.056323277092833045,0.0006960645408823231,0.018037632047004818,0.0337384030523658,0.03562721717369349,-0.015848188322307215,0.0350015315609475
2015-01-20,0.0033750840295911425,-0.03855251151498359,0.004197273840086369,0.00531757882724612,0.027615141057408078,-0.039092841829060185,-0.022053480998471448
2015-01-21,-0.006083202092254701,-0.017269314634582773,-0.0010476930033149533,-0.0011791066270580395,0.030653803054277156,0.01973734930942545,0.023311145858873117
2015-01-22,0.0027081180626636015,-0.015327777584204725,0.013534835893398793,-0.017858071205194802,-0.001888617886725481,-0.006535987935382208,0.03174859510258474
2015-01-23,-0.010877049570440816,-0.0019949780402605563,-0.021955930258723017,-0.03670127275066239,-0.009496784005849865,-0.0032840379513257648,-0.01513011655382607
2015-01-26,0.010877049570440873,-0.031700290069312714,0.07825214812011573,0.027651873610872426,0.042957123424490797,0.03236536620375277,-0.004956658706330683
2015-01-27,-0.0033866110334980788,0.01989837810242845,-0.001956899303541587,0.010850069853712207,0.008193050418443756,0.006349155255180373,0.036589389277437025
2015-01-28,-0.024726238197743326,-0.026361062213572865,-0.02178306616344325,-0.013277522036448216,0.008126469474896824,-0.03215719516904069,-0.060050883948141336
2015-01-29,0.0020839744509298483,-0.007810483545614517,0.014903462271929093,0.0012144232282644777,-0.008126469474896867,-0.0032732883385667394,-0.025328669498727665
2015-01-30,-0.018207930284053337,0.009883290524149992,-0.013902939027250559,-0.007308045811608434,-0.02107265726528066,0.02589148045501683,0.01937637397443743
2015-02-02,0.016819129841409194,0.03858323199385827,-0.014098959199254137,0.03069724189755583,0.01834912100756125,-0.019355492519634747,0.012711875630872888
2015-02-03,0.017224022394822496,0.029201062291677696,0.015098482397655705,0.010613363512552099,0.02779205443104588,0.05697749224969801,0.04487275979271118
2015-02-04,0.007485534765469515,0.022005156027752062,0.0009985251492677027,0.00468124284909799,0.02099812625222688,0.021309797944901926,-0.014598776084309338
2015-02-05,-0.006120434044960084,-0.007599327009006344,0.04297532094200008,0.005820960822243501,0.020566257832099845,0.03259551836271871,0.02061926748548445
2015-02-06,0.005441941074125738,0.020293381779420288,-0.015414548530177145,-0.008743968824455129,-0.00339847072357534,-0.002919758066467203,-0.004411474344802161
2015-02-09,-0.0013574923553090281,0.0065193215819185635,-0.02656333840270578,0.007001054256187625,-0.001703616949820546,-0.04179706660350103,0.0020076572143263058
2015-02-10,0.02548763670969575,0.03174859197049167,0.01680712623989692,0.038213900872469134,0.004253531915112628,0.018127345438497203,0.002803997252352701
2015-02-11,0.02356120246757231,0.015836076397335003,0.001958909312892587,0.00724851853781962,-0.005106348622565649,0.0029895047443364636,-0.0024029332337929398
2015-02-12,0.04366425440771379,0.05990832137141733,0.021297931357700035,0.0027738890838528876,0.01187455768872891,-0.015037873585261742,0.030407138321336003
2015-02-13,0.0304899655695507,0.031188472521212388,0.03019103374386274,0.050240098957441144,0.025802548646830202,0.05023212913491637,0.04375809298574902
2015-02-17,0.04864727975647922,0.045610740691763865,-0.0027920620246163898,0.03570894361248744,-0.02159554271299051,-0.011594281062519944,0.01734685706556068
2015-02-18,-0.02784407516887967,0.004237417259694406,-0.008422997799893894,-0.008680207319204195,0.014172815635481811,0.00870830911608356,-0.01288918024678841
2015-02-19,0.00936757177659262,0.0026871784449697097,0.013999259553968746,0.01980241168268736,-0.007478236240916427,-0.0028943248926949464,-0.02135307664532016
2015-02-20,0.0023284748481618924,0.023677353077255926,0.049716536020685445,0.03069573171201963,0.007478236240916474,0.011527533393320384,-0.004173859171533248
2015-02-23,0.0190042974803401,0.04197411700268979,0.0957910145061714,0.05039088990303695,0.04452375923249344,0.0420819309634818,-0.02113429883205175
2015-02-24,0.029231892002493133,0.0016146112114583376,0.0636367233071756,0.00831051834964323,0.01726889560415009,0.032435205745487417,0.005808344846532164
2015-02-25,0.032164142623637024,-0.030385401983928664,-0.02281469210713835,-0.012026374323256142,0.016210314950611735,0.010582135842620792,0.004622522101905074
2015-02-26,-0.09209637873122484,-0.053502762091446616,0.021309766479159796,-0.045700236406745254,-0.007686462110632293,-0.0026350174678060143,-0.030435514579545294
2015-02-27,-0.008269200884321065,-0.013934406140457678,0.003007518260451599,0.00872955001006483,-0.00696868115160084,0.015707095227464565,0.017671784300220258
2015-03-02,0.029224561787077424,0.01100666932066194,0.07169198069053034,0.01912986069159828,0.02000068431472544,-0.0026008244672069093,0.0050476893172517745
2015-03-03,-0.018018562537961698,-0.005684474311508054,0.04642467395385951,-0.0037968574212337014,0.018113685523629165,0.012936859463098058,0.01040265840356383
2015-03-04,0.0040971989454315905,0.018309698210610858,-0.028418697583914077,-0.006679621393590154,0.020726111130146687,0.0051282290026138525,0.014082057282709299
2015-03-05,0.04175621503017917,0.061566561158929584,0.050194545130731134,0.04080305023047994,0.07818134099475753,0.08573169397817762,0.021683065436689297
2015-03-06,0.0022384065277476937,0.017629662743767083,0.003258405712416434,0.02136921660612796,0.0027063589783342767,0.016298326466866655,-0.021305187820450856
2015-03-09,0.03999452189094297,0.004625463695309019,0.03138264445484622,0.03622303340138249,0.06348223634488637,0.06482717588881443,-0.0034058259339607884
2015-03-10,0.0074904988453302,-0.0010655894701851766,-0.0544175177466872,-0.005219397729105318,-0.0447400724819166,-0.028541985346926507,-0.015664200154077493
2015-03-11,0.027860169615919,0.0026617437272340176,0.038529035720639676,-0.008320653209628784,0.057342621427042814,0.14488102064363984,0.008435778081602681
2015-03-12,0.025589685908862635,0.016520679866797717,-0.04991182159666483,0.035424634201132496,0.0068642800585993185,0.04704545524000464,0.025260386547692863
2015-03-13,0.004537332190568474,-0.0031426354164242882,0.011382785876025096,-0.017987413995543444,0.04796068729879313,0.007325956376752006,-0.004477710416757427
2015-03-16,0.07461108900365471,0.07412053572378416,0.06881529367476037,0.06077706366203898,0.04236197741355705,0.035846123182629565,0.03454972859208582
2015-03-17,0.07203817894815394,0.07293605020449048,-0.005609248247909652,0.046483150255040226,0.061159167634960446,0.02090683362266861,0.014703512825502089
2015-03-18,0.014233689918917396,-0.010164902825526689,0.03560842286580281,0.0027136886451773626,-0.006434281412067046,-0.015638907340958515,0.027735622519859716
2015-03-19,-0.011630817781164642,-0.009653117243462449,0.029711038787981207,-0.01207444991224731,0.024968060264828135,0.017361349054073962,-0.007298079309108293
2015-03-20,-0.02812126657435828,-0.003392707172380766,0.07063087379580375,0.0066393849554026215,0.028957626705355746,0.02212869002856724,0.03023251241607966
2015-03-23,-0.05967810480425907,-0.03762155782795259,0.007608699345519818,-0.014507037153489083,-0.028433093302196805,-0.05005359253184026,-0.02293443310697133
2015-03-24,-0.009028199561209059,-0.017639648374646513,-0.007063281886619472,-0.035782575614596114,-0.007368422266893691,-0.04155965548716244,-0.018875048264067985
2015-03-25,0.011862625656143851,-0.01298191047297614,-0.010413935455025366,0.004084810747504202,-0.031118386053388687,-0.0036968192468121927,0.014015630562615589
2015-03-26,-0.0262861333192961,-0.031588538882035104,-0.027934777926953896,-0.03992220299942712,-0.07289308453025435,-0.04546248443428835,-0.03073892813275288
2015-03-27,-0.008755198719364837,0.007144101861247377,-0.015991133198171012,-0.0029741668495095737,0.02831739568067476,0.011560797583038959,0.0007171861247674478
2015-03-30,0.02508620844694732,0.02988814926121829,0.015991133198171126,0.03141620079424268,0.0005696513541258182,-0.007692364988890848,0.005720452398952293
2015-03-31,-0.02753153454648658,-0.06087160405716676,-0.08819671811566056,-0.04642197088450268,0.006244732855649347,0.028546070127618235,-0.02162240449900179
2015-04-01,0.00877654044245483,0.02349806246285602,0.04062396001887411,0.002588471825223884,0.005080459802199045,-0.017029652283450877,0.02660106180367097
2015-04-02,0.005808316347385163,-0.00719787167382404,0.008284035114314461,0.02257806195954594,0.02611981312859749,-0.003824052855276468,-0.0021306558309339176
2015-04-06,0.014374988463743745,0.015530707957950177,0.001766305272398207,-0.002953057469511387,-0.006052216649970937,0.050430799393375796,0.04279659090954885
2015-04-07,-0.0028588011489423942,0.002705558367920074,-0.03715231686654418,-0.002961363323612225,-0.017817932493869613,0.023403442869230795,0.01855972278356863
2015-04-08,-0.006701849138090983,-0.013432200963115365,0.022337231081403622,-0.012793508859292018,0.010617620803444472,-0.0017809240518670152,-0.0036845426600124673
2015-04-09,0.00908438683478941,-0.015699314642407813,0.010098100416100222,-0.006458604132354155,0.0027755301446131912,-0.016172874895938657,0.02779786355010928
2015-04-10,-0.011488693193386128,-0.007154820747287935,0.029696518353404457,0.016706471633288277,0.008830070618169936,-0.03128124939382048,0.029901088895654498
2015-04-13,-0.030305304912066133,-0.0079121581096955,-0.04398246181406943,-0.017138367278922696,-0.02222322156622745,-0.02268544608544631,0.0003166606503884017
2015-04-14,-0.01449667081522901,-0.024118744272642823,-0.03850161318565531,-0.006503519398429293,-0.02733652892183136,0.026416751040254264,-0.006353285985775048
2015-04-15,-0.011648595630109218,0.005590125480618189,-0.007504658961598873,-0.02510571418391416,-0.007534035051758494,-0.022599783309223912,-0.013797722239065452
2015-04-16,0.0,-0.01284976914808391,-0.04559377310111711,-0.018910960386277348,-0.008177691480338778,-0.013423080555455522,-0.00680830326029253
2015-04-17,-0.014883486101801588,-0.012094840204122407,0.0045886474679346775,-0.0004549498144757316,-0.014771317986193239,-0.015564446955349,-0.025034212287121157
2015-04-20,-0.020899338026691836,-0.0062879729137824605,-0.013829659925544276,-0.005014711518226387,-0.018624718304680665,-0.009852293198599007,-0.019195764384472725
2015-04-21,0.022449189386258818,-0.0039037120616916138,-0.03922070809400104,0.0036493290221307462,-0.023313887616083686,-0.026079636104133108,-0.01610987287724929
2015-04-22,0.04393520846659718,0.03585515993014317,0.03189956684260398,0.02651272302465452,0.029962483267215952,0.0339691332241418,0.027604197158504196
2015-04-23,0.039239819342962445,0.03322435460088862,0.03672540369707741,0.02841727979321697,0.026747440639741524,0.015594897332040763,0.011031426534367693
2015-04-24,-0.021609169875419446,0.0029506852956742774,-0.003224781375925987,0.00043089093217910427,0.04136150894469359,0.0019323457018983888,0.0023244820952993696
2015-04-27,-0.028059998810944148,-0.010453128597305685,-0.06058423932866024,-0.019578570190876936,-0.003382267827797776,-0.02541674015394804,0.0118695558862267
2015-04-28,0.012896960999066946,0.013567827411165157,-0.004815949835095058,0.00874861681706205,-0.022267514584798455,0.029270372754053073,0.0016374879555609199
2015-04-29,-0.021420589749918985,-0.019187694177772156,-0.0006899088897857762,-0.010947839887373103,-0.029887969864149433,-0.02927037275405316,0.008796167083436257
2015-04-30,-0.029639380887318784,-0.027315866270564954,-0.017403850626076047,-0.02994633309478777,-0.03203651289865481,-0.024049427969684994,-0.009450801815067023
2015-05-01,0.020534615434387726,-0.014952953282841025,0.03789638423280062,-0.014625729743337684,0.04150963603218197,0.014099100425817645,0.013335637910807652
2015-05-04,-0.018462133849997647,0.019827988837680364,-0.0027081913576387337,0.024557745470047396,0.03303700035675967,-0.008032191464109656,-0.0012932479517029037
2015-05-05,-0.01933682390161858,-0.02720399244603629,0.03530168347683808,-0.030097754658311306,-0.01957461096422612,-0.002018253551754841,0.0035523993432433304
2015-05-06,-0.027823990830001314,-0.011541661963156763,-0.0013097254075464006,-0.028647415469067492,-0.024721686216820762,0.0,-0.00419961914166302
2015-05-07,-0.007078844278497486,-0.007328541706714582,-0.02993238424207795,-0.00909319945396892,-0.024737299309939866,-0.028690509074645015,-0.019944976163681946
2015-05-08,0.01948097794312372,0.013116242211415984,0.008069975378497024,0.01621407376930931,0.0,0.010341466272594456,-0.00430260310715986
2015-05-11,0.013309094968964237,0.016614802841186944,0.013306903372566231,0.03896621129712589,-0.011674512157948494,-0.014508091577965706,-0.004320998562937602
2015-05-12,-0.009030750392670754,-0.0016491989165068497,-0.0019847662803316023,0.0009096337046994732,0.012285096698029662,-0.006282671348604437,0.027272816311608543
2015-05-13,0.011671081995821465,0.0005500352338644877,-0.01939211247073153,0.00226988144270999,-0.011667226513246727,0.004192830272593531,-0.012394107933574124
2015-05-14,-0.00847469324822966,-0.00036654899481746654,0.034509031293906145,0.008130109857673378,0.008610101633937233,-0.006295856324112638,-0.006585559970947354
2015-05-15,-0.01825047484346829,-0.005700109921081954,0.030830989855652274,-0.01039999130038345,0.0012240183643813882,0.0062958563241126714,-0.006961650918243055
2015-05-18,0.00701747222565742,0.0124611611683598,0.02251500054465477,0.022916957666274912,0.0018331065149280294,0.0020898410760108836,-0.01272204749807129
2015-05-19,-0.008643864370700582,-0.014491623335257947,-0.026317313035613733,-0.0035603506576382922,-0.03226083263005424,-0.029663028381624615,-0.014251976953639733
2015-05-20,-0.01036286641386032,-0.000184693524708321,0.006959829287975416,-0.018902454520523183,-0.01077665455888949,-0.017354117059742397,-0.005139708225146796
2015-05-21,-0.016026834432746346,-0.0040741974407044745,-0.04184708578039681,-0.0018189135209992985,-0.03172812469684368,-0.03337349806095935,-0.015928204848439657
2015-05-22,-0.019123096267336024,-0.014391349633878775,-0.023280092593427087,-0.020695228450835865,-0.009917411435586847,0.028987576483607353,-0.0013971413646490414
2015-05-26,-0.017182767275164285,-0.014601712524076799,-0.021082009459366856,-0.013811656092620925,-0.02081313263504704,-0.01773899223631843,-0.036303022554501255
2015-05-27,-0.01807099844445802,-0.00747782482373862,-0.013144467014618726,-0.011417657180043481,-0.010228498240167505,-0.00898878504346814,0.0010868174806039584
2015-05-28,-0.005308222422926211,-0.012393661733210541,0.004862854222673916,-0.015429622845560344,-0.01033426858773137,0.00898878504346812,-0.004354159967709798
2015-05-29,-0.04474740300128616,-0.035704043572354495,0.009655205327141696,-0.027088210238053717,-0.01816956177980609,0.04377071415884558,0.009770316183273635
2015-06-01,0.01716784774692197,0.018011709658160995,-0.01243105450392135,0.01584970149528825,0.0021134021679797606,0.004273521586882261,0.0010797057703586614
2015-06-02,0.10219437283070455,0.07044613559056202,0.05673359209265896,0.0806850273749645,0.06207241838901783,0.031482245268106696,0.028720343087974637
2015-06-03,-0.05123559670895624,-0.021486103260088797,-0.015216935748151333,-0.026643794227702793,-0.028170882373013344,-0.040047450140421624,-0.019411288756524207
2015-06-04,0.03964277418653539,0.02848553654229634,0.023716504265574045,0.042831311418159226,0.043919224558254366,0.02547896964591913,0.018362098515552656
2015-06-05,-0.023596786633509937,-0.012931753916861676,-0.02171851936928885,-0.015281166427461615,-0.01773442247617165,-0.014783862776680937,0.0059305659574636444
2015-06-08,-0.025915604368664066,-0.033273348511512806,-0.002664889152957335,-0.020128688762644637,0.004628087257448907,0.0,-0.0048813757164922695
2015-06-09,0.015055329378240475,0.014693215241789476,0.019815720600536168,0.0027688851252412297,0.007229779059454034,0.041672800411959504,0.00661895098332017
2015-06-10,0.006873015240318331,-0.016810481714697706,-0.04412479459169543,-0.01205426793349832,-0.013847898973773452,-0.01025649665110054,0.0034662555733509944
2015-06-11,-0.0068730152403182225,-0.016314093620798886,0.002048463195675744,0.0051174465334340455,-0.0033255893407479952,0.044362053751701845,-0.009386495136336525
2015-06-12,-0.019733317718132096,-0.009245949926976783,0.02691956418468721,-0.02537711549893622,-0.011390412872556622,-0.04230234442220866,-0.0042000942215175315
2015-06-15,-0.0219268861275993,-0.030295859454877356,-0.024194769425211985,-0.01922198272080035,-0.035669107800095835,-0.039879436674157595,-0.01805051385278159
2015-06-16,-0.00721596157853676,-0.02872415685401866,-0.0040899488253568,-0.02158008462840005,-0.022599810606082807,-0.0172789097407578,-0.024585427549302635
2015-06-17,-0.05393327178576994,-0.05560573298289559,-0.07589608062639928,-0.06609335117120925,-0.049040201148118114,-0.0445509061862843,-0.042623327790451186
2015-06-18,-0.019942643272097875,-0.019244097221802172,-0.008882359490956471,-0.020332386164411204,-0.02506777100560377,-0.03241019563237385,0.02153881389567389
2015-06-19,0.010985655340031228,0.02850948541256753,-0.011215042298142177,0.0037766114811117898,0.0076629018653951554,0.0459850985143774,-0.0052474452528745354
2015-06-22,0.06530137044117497,0.04382155752563421,0.053433825512992195,0.05347215525404031,0.07427148220591555,0.03532384663934208,0.03942310492289589
2015-06-23,0.00719821815306373,-0.01247745520518605,-0.023802056169841136,-0.0010215455894073148,0.0007084824273677064,0.04038812635948701,0.008274859626085875
2015-06-24,-0.018703039330328568,-0.024123836278271967,0.001458822848653874,-0.013892881245321625,-0.0049698146050253696,-0.02105363636998542,0.0032194221479729455
2015-06-25,0.0370632763202283,0.005001474551341065,-0.031090592191804996,0.012358371678889727,-0.016505613097850123,-0.01716784774841358,-0.006449313306024806
2015-06-26,-0.02255280500347757,0.02039829840309214,0.0059970136845401475,-0.00770606598885315,-0.013110118671734063,-0.026317129863437164,-0.016672978564375433
2015-06-29,-0.04480659770237107,-0.029550170561775183,-0.028811705791678445,-0.02983737712919219,-0.012541667339368191,-0.011173359016993043,-0.015841227446492138
2015-06-30,-0.003143602501326211,-0.0017531390847746221,-0.0053991410756223405,-0.0015955731796844365,0.02492798755995198,0.015607966766057827,0.018396359384449588
2015-07-01,-0.006951108979444172,-0.00881060407041643,0.027461653468887962,-0.0236948040607841,0.007214997159507768,-0.011123767879865042,-0.00842027342524609
2015-07-02,-0.001904172881211471,-0.003324027963075823,0.011223434018720089,0.018893790555709417,0.026251943246244566,-0.02491619291304757,0.008055623244622431
2015-07-06,0.013880456965823162,-0.0033350486688900408,-0.01953475164470166,0.0237790540539314,0.02284626405150439,0.01818223735812858,-0.01840313096137653
2015-07-07,0.006245986113482928,0.006659076631965772,0.0,0.01554466546071349,0.004098395092122175,0.002249756668726213,-0.02634716566594886
2015-07-08,-0.036782856843288435,0.0017682512223795874,-0.02535671120123232,-0.01606680722733555,-0.026244608083279435,-0.027336687008384153,-0.034927748890035484
2015-07-09,0.038027421842320955,0.017730790456057577,0.028387013594802432,0.01194496329858691,0.015278093397883188,-0.0023119846009833412,-0.0023724504005285586
2015-07-10,0.028205817249970642,0.02697068241414473,0.0045282693183057564,0.0204402828307693,0.006868119593274051,0.002311984600983422,0.017657913095819606
2015-07-13,0.012616319865957803,0.014050999264916824,0.0037580045264439723,0.015558583659720444,0.039589213040438255,0.03405562272692549,-0.012130951529425641
2015-07-14,0.03461756185096034,0.027522929360457336,0.04187168422564002,0.03570929444103427,0.03236528490166051,0.022075884368273572,0.0374779129997805
2015-07-15,0.008613466951759255,0.016077464419779718,0.024166077217886394,0.019039548053083666,0.045448250417933704,0.019460092958223575,-0.01644086535950185
2015-07-16,0.03483485088710464,-0.0009973626582508424,0.05399329608782823,0.0014132240313986602,0.02879620326348051,0.016985647696068126,-0.012412930345013175
2015-07-17,-0.001657612875840679,0.00019920104296459383,-0.001997984896285131,0.0018814608831145465,0.022801303516226862,0.0,0.002728506058888471
2015-07-20,-0.06690145881243963,-0.05643091059103664,-0.06899287148695143,-0.04763956288753916,-0.05098903528989602,-0.051847532271769456,-0.043761848534023345
2015-07-21,-0.01010400581114991,-0.012961017311449444,0.002853066265385662,-0.01489591622530039,-0.02276326135427217,-0.036121272352451265,-0.0036668531474862245
2015-07-22,-0.02541000162148875,-0.020743997554781294,-0.02087157176806387,-0.011572722306452241,-0.020113795487375616,-0.03509137469458631,-0.004525761996787975
2015-07-23,-0.012330444896222325,-0.033976649832441086,-0.03102169564543975,-0.009661528696488822,-0.005730684452783966,-0.009569475247487583,0.014329893554569668
2015-07-24,-0.04051191463093193,-0.04103867857099186,-0.04213570041202496,-0.05191216659800465,-0.0457297057225956,-0.007237652061075685,-0.022195807881520205
2015-07-27,-0.032165430861702565,-0.01709028257026429,-0.007855454978545333,-0.026173692579987046,0.025083830789906995,-0.00973232545035664,-0.03769235540458256
2015-07-28,0.00399461473109357,0.008819100544496994,0.016425870509339625,0.006058842642888998,-0.010485013814879396,0.04774168081485868,-0.020493342531310202
2015-07-29,0.007941863930980602,0.008035929795705388,0.015396747992727684,0.018498999079300856,0.019570046518993824,0.004651118150263282,0.040152017544169236
2015-07-30,0.0072248585672255285,0.01193406247194141,-0.013846398539442773,0.036521329166771005,-0.0038834655073738972,-0.018735827641077122,-0.017072410969082734
2015-07-31,-0.022502495555565834,-0.006534741928681318,0.003093580377791036,-0.023666837575130745,-0.011085870029489447,-0.026348929426198296,-0.012998560429854474
2015-08-03,0.01791078183094595,0.011870519456211,-0.03696844715548619,0.02262696802209853,-0.0013123662030591994,-0.014670227713198114,-0.014496072758079967
2015-08-04,-0.007258230292694044,-0.04471464465180044,-0.036723818471820664,-0.029569371396299532,-0.003288344779071329,-0.004938156658766879,-0.00399033733892712
2015-08-05,0.0183732687588448,0.028385964501287275,-0.01254718422210611,0.024352996923531725,0.006565974191376759,0.04121789054398436,0.02240380105610638
2015-08-06,0.058097052728902095,0.05424049443408733,0.026579612537632934,0.06087048321127018,0.03536210281067429,0.0464120941222352,0.020637040823143236
2015-08-07,0.06645411990025799,0.0438026917227265,0.053463076610761516,0.036245011123949816,0.009431042618750038,-0.004545473737484268,0.009318104674869186
2015-08-10,0.0671539355223695,0.0601981562606844,0.06976959326855882,0.04455463679826115,0.05004092930405826,0.03359783709343029,0.04412183307210553
2015-08-11,-0.037182887890979975,-0.03244214185918579,-0.03016042064120952,-0.04740661527957405,-0.04131805185604342,-0.04967160582079432,0.008435424275925887
2015-08-12,-0.0168543806336707,0.00434552245333909,-0.02037041055000432,-0.012934308936550738,0.027533023880997747,-0.016336426905009884,-0.02839945032819421
2015-08-13,0.04649414740740967,0.06185072573518202,0.03519646459769395,0.034126586573670306,0.029142697737761993,0.052704034232918695,0.01673155108528062
2015-08-14,-0.030754762493736473,-0.0651596312924661,-0.04823846597402023,-0.03316289064783582,0.004094752585136003,-0.013483321079637478,-0.024581216363294144
2015-08-17,-0.010653394627159612,0.007636168768418348,-0.0038684916206563925,0.016245076269462304,0.01448880820593591,0.004514628692370015,0.011956374848461116
2015-08-18,-0.013620713180090432,-0.017630194794567778,0.003095974848549928,-0.01672677695406796,-0.0399113064422321,-0.020478487214388025,-0.014448124226178477
2015-08-19,-0.06797333819527292,-0.04537467206565549,-0.015576624466469376,-0.05294319834396178,-0.018127453537902242,0.004587111551684719,-0.02697171939983305
2015-08-20,-0.004904838737443763,-0.023932170053550795,-0.002357543975711847,-0.036217327981442816,-0.010419958248089525,-0.037300390935325035,-0.036541713038336636
2015-08-21,-0.029946237832141166,-0.02360003353177672,-0.01666044389444261,-0.03922051129192154,-0.03447531893671097,-0.00954656952225683,-0.04810352859226921
2015-08-24,-0.07835525603860861,-0.07532748479391199,-0.0508723207406827,-0.0499967850250776,-0.07136447954264889,-0.04162167669465282,-0.07278572529984595
2015-08-25,0.0,0.00197891215597314,0.002522046987890304,0.0023017864881915446,0.0,0.024692605796887677,-0.050241090737381595
2015-08-26,0.05399506838643621,0.06689846898920972,0.059488045324858255,0.06507715664582527,0.03433519872073524,0.019324254298719565,0.037662234112525124
2015-08-27,0.06773757042374674,0.042531034668690106,0.030387954763047006,0.06008599943564314,0.04844344099652856,0.028303911601644766,0.05659563890089757
2015-08-28,0.02040877419068979,0.0006640732751838673,0.004594220935268996,-0.008146521078576462,0.008788527680163735,0.004640326177044496,0.0014344085328497893
2015-08-31,-0.016776693991629434,-0.00933955989993009,0.0015266800091176477,-0.02066201184066816,-0.0037570752024741606,-0.016336426905009884,0.02872820190665922
2015-09-01,-0.03442248638221163,-0.020540113822576644,-0.01459876732819514,-0.020032462076242902,-0.005662122646527071,-0.01660781087367942,-0.04268072185836148
2015-09-02,-0.004387469943989886,-0.0013695149813101324,-0.010112891651370968,-0.017186040550925874,0.002520477764059246,-0.0023951834009544935,0.034289066011013426
2015-09-03,0.029704944079164766,0.023695181077020115,0.02242072758799318,0.03774023449294177,0.044314958216393835,0.03302182041751278,0.010710187813014258
2015-09-04,0.01392724070217557,0.010427155971436536,0.0007642513824551835,0.005722029348039191,0.0018044383420473377,0.018391369489494803,0.009221012776158674
2015-09-08,0.03137253665596611,0.03406350130911703,-0.007668778515978165,0.04957985182646758,0.008378343246250133,0.01132514621327745,0.008681718349539588
2015-09-09,0.011011664412963137,-0.000853591420636023,0.034799278804158174,0.004923515569842316,0.02704450999980778,-0.009049731725951414,-0.009600011806379403
2015-09-10,0.0,0.02070639748101954,0.024964597172115164,0.005876840434986649,-0.009324068065773147,0.009049731725951296,0.011418144323766245
2015-09-11,0.014874529530066452,-0.005241758965133146,-0.013138897601329858,0.0009758612838015885,-0.011186489210716943,-0.009049731725951414,0.0
2015-09-14,-0.03525376571962227,-0.027924773756780957,-0.0290739368152117,-0.027195174074751024,-0.036170215867094666,-0.03704142814604547,-0.05747889496869299
2015-09-15,0.009950407640560288,-0.0006485012973438256,0.02021779863049546,0.01294772643246304,0.013414792979507475,0.021004229532338898,-0.030275827573999416
2015-09-16,-0.011127664346973605,-0.014598780763072014,-0.01568952931218975,-0.021505917014326383,-0.02452603671987574,0.01603719861370662,0.016228594605684262
2015-09-17,-0.00472251131146781,-0.04282693834532829,0.021602327417077082,-0.03236880783936707,0.05318468713689351,0.02911731388736002,-0.00244205624385192
2015-09-18,-0.013103156061908542,-0.006435210683559448,-0.02310944933898385,0.004688797026274364,-0.014823870823699575,-0.020067582161408703,-0.047568462375779295
2015-09-21,-0.027965390830775868,-0.053760337528902365,-0.01061422722547793,-0.03544392137560194,0.0017905517431195744,-0.011325146213277407,-0.07064254693435457
2015-09-22,-0.02623495252668423,-0.033649516037092625,-0.03017639818343758,-0.031175515703402847,-0.049506008719874726,-0.06590623377587693,-0.02960281336494826
2015-09-23,-0.016592722566037346,-0.033779856738731996,0.04755503681089495,-0.012297734559822113,0.014925694921541442,-0.02712863282578364,-0.03519252237403896
2015-09-24,-0.01818246121922637,0.004673922048818924,0.013393009025873199,-0.013020287308610073,0.02378882406657012,0.01242251655988027,-0.040748593354845195
2015-09-25,0.027151291762200887,0.03187003581984298,0.025539540877038785,0.024762296105865767,-0.021938760078221636,-0.04546249083184273,-0.024142339904608345
2015-09-28,-0.02715129176220082,-0.0536073123330319,-0.09121196296901207,-0.029903695226113542,-0.04925236232325799,0.0,-0.0680534692978753
2015-09-29,0.003924262894750455,0.00396399351940381,0.01020818547206323,0.02934751648207201,-0.01960848422259783,-0.013004009436344928,0.004016156048063641
2015-09-30,0.012326000385178077,0.012578557922295015,-0.0007815732185436126,-0.008938573712822216,0.00788964243265722,0.030930378417320725,0.017218820292205145
2015-10-01,-0.027453010257536273,-0.03309358564018751,-0.01576075243216427,-0.03832323436946266,-0.023187549319365182,0.022585673348118826,-0.011889108725822063
2015-10-02,-0.0006626303302578093,0.014430975311322806,-0.012789930101854008,0.0241949703422819,0.0284128989955038,0.0,0.032039276615193124
2015-10-05,0.005290868692044893,0.02463405110325685,0.02463370210423929,0.022510493547784723,0.02127053550034892,0.019656564768651665,0.0641764707833921
2015-10-06,-0.009277710717568872,-0.01197929180175256,0.019433180884249276,-0.008382229520603952,-0.014129988758264145,0.0381908287287469,0.06653557501303096
2015-10-07,0.06507927082366685,0.04407600205779676,0.0007695443988775948,0.06042671699769973,0.0,0.016260593466646687,0.07765112119636497
2015-10-08,0.03914877084598784,0.09350809795323477,0.014509577454441216,0.03783795476726546,0.0006466362193095835,0.01145481158048329,0.022728333906916472
2015-10-09,0.007767823003181224,-0.01032694826942488,-0.0007583826871571686,0.0025402761093088772,0.03368604039373305,-0.00915334100111053,-0.013885840140941567
2015-10-12,0.06509667215002818,0.06583493290219801,0.0052970002034103715,0.052383344278765204,0.06062462181643484,0.013698814738594795,-0.03156481469386949
2015-10-13,-0.060937948785285224,-0.032933531968394915,-0.05906924661995207,-0.023381521337331932,-0.018403574383813962,-0.009111703186910092,-0.04593483836917424
2015-10-14,-0.0005931183659967438,-0.006045159494408021,0.0023990964222663676,0.0029527787092793497,0.013095384214556818,-0.016147865454982646,0.003909611754168839
2015-10-15,0.01588722802102017,0.009165133677237883,0.010329782783273832,0.03619210086030102,0.007071381107396927,0.004640326177044496,-0.011210790957395394
2015-10-16,0.02593069541672359,0.01742639997409398,-0.003960340785012147,-0.0018975266106007022,0.02779562437489727,0.0408220306263606,0.0005634407093493917
2015-10-19,-0.017212343431962346,-0.03357733758601912,-0.03801511184231258,-0.012422877240452174,0.015864393771521587,-0.020202788161512285,-0.030314110528155944
2015-10-20,0.022318613914739164,0.016595901231421267,0.025235321189292562,-0.0019246724184092407,-0.0056370147792780805,-0.0022700592501581907,0.0017405684777001256
2015-10-21,-0.026958946411445125,-0.0272816587119837,0.018319946774882422,-0.009193990298153017,-0.009085800258616196,-0.020666783976820938,-0.022867995431517536
2015-10-22,0.03428901262768862,-0.0029755476133456232,0.038704521193530655,0.0072654189627826965,0.02032812530083447,0.03868520809003967,0.04181792857581404
2015-10-23,0.049325059243366796,0.0461448021015957,0.11668567210936004,0.02760764441393239,0.07326919733007839,0.04793940091030242,0.03080592044895544
2015-10-26,0.10498613409959892,0.18549068336525865,0.13740896026664956,0.11893003020155483,0.13171151421685534,0.09531022290418406,0.07642995337961372
2015-10-27,0.014815200443422763,0.007067029011159843,0.0011771901320065097,0.0041598584794931585,0.036660413210859,0.028600606934275123,-0.043871288850050996
2015-10-28,0.13139413962532137,0.1265323193181352,0.12221758506535461,0.11032936519655023,0.035363740034028236,0.07249538561057202,0.07506082440385708
2015-10-29,-0.0364291949636856,0.009659017855384831,-0.027442279079588242,-0.011966895665672155,0.031285136999170834,0.06103595465815301,0.03216663714233282
2015-10-30,0.003015379399365273,-0.027639788828290858,-0.012382470562474941,0.006375115677599084,-0.0053531554201120286,0.01954464572653323,0.024166029281179655
2015-11-02,-0.017791761170807635,-0.013865233156998152,-0.04430399294400453,-0.031133878083437733,0.009042446380584521,-0.004850488937612582,0.011173267977669541
2015-11-03,0.0030600728969980362,-0.007253980845194323,-0.014257441519787356,-0.0034768197188268495,-0.040924351954886265,0.0,0.02649770175529465
2015-11-04,-0.024299655959888346,-0.00464303589895356,0.027197118387999125,-0.015207965047775045,-0.012006953123209022,-0.021294765580484924,-0.017281118232073678
2015-11-05,0.022552404502557338,-0.009184355181663757,-0.002798727698718631,0.0031382733053234965,0.01626048503832178,0.01642063467827239,-0.01758474018089708
2015-11-06,0.018627246441389755,0.006354497494372237,0.005589750694751318,0.008192305604658575,-0.012385339129367054,0.02413641235706215,-0.016000316261012396
2015-11-09,-0.017316521723528995,-0.0005005297328495087,0.013289219135931634,-0.010545315466529636,-0.013411465409557666,-0.009584717300248692,-0.01770814805234039
2015-11-10,0.0008730505832616489,0.012101553069020015,0.016907927484671795,0.02520033476915136,0.03382899890416956,0.012759375212544942,0.012952924989830064
2015-11-11,0.0017435681698499978,0.01763879865481214,0.01769008492137856,-0.0019162303160714955,0.026590656722514074,-0.0015861133616301467,-0.015854248776703078
2015-11-12,-0.006116274882975611,-0.0022689810085494456,0.015814833574484696,0.0003836193399531275,0.029093010273440252,-0.00636946438809346,-0.016601918489536537
2015-11-13,-0.009245194436667707,0.00872372082600933,0.013506611642307898,0.0,0.005163831128189341,0.01898804726115301,0.002458772679851061
2015-11-16,0.030490468064326332,0.04451469281853253,0.016377111313310815,0.03058582118800797,-0.009954292916869821,0.021706116541398878,0.030473935730417807
2015-11-17,0.008117786306336881,0.010102666750522618,-0.02779390989299606,0.017692699589401183,-0.0008006588950613319,-0.0015349022626971259,-0.06139917493322204
2015-11-18,-0.002556293162470807,-0.021241107938176598,0.007798304204536664,-0.005128174059881638,0.018647682671889414,-0.024884619733383174,0.023530515879824805
2015-11-19,0.00934178376111585,-0.0020248365346952997,-0.0031120080495803657,0.0011010562148338662,-0.03154587445149833,0.02795215725261449,0.008376484436774473
2015-11-20,0.04584721439152105,0.058577762677376084,0.025642430613337652,0.04167286888735231,0.061745567134446684,0.06807349823611869,0.007333361311718734
2015-11-23,-0.1001260291117913,-0.08687772009578536,-0.10507922264239064,-0.09362265937162317,-0.19105521761954142,-0.08350589876405169,-0.0560988615862143
2015-11-24,-0.011669109512048092,-0.018449903782560305,-0.011312380787524164,-0.0015466346368008096,0.039380550392935934,-0.003115405447044134,-0.01400800735816462
2015-11-25,-0.05761035190693405,-0.06286284635412133,-0.0017079814776757094,-0.05488498969115977,-0.04493607068926249,-0.05285451149045152,-0.014737220217531252
2015-11-27,0.00047812945816902815,-0.008033919291558826,-0.03537618568920882,0.006520283414838682,-0.0018587790982151698,0.00164355003260271,-0.03507229399563306
2015-11-30,0.01140685241278157,0.014967232003294218,-0.00889419513275116,0.021298863837547498,0.03563651074438428,0.004913776257289653,0.0049300577869255185
2015-12-01,0.010810665590025031,-0.011815895705704372,-0.004177959028340787,-0.02170492143147402,-0.007659423403420256,-0.009852276616042405,-0.012647905226309512
2015-12-02,-0.0174486185700132,-0.002274734421769433,-0.04401684434945841,0.002434925344360779,-0.05103149672372478,-0.01328908085742753,-0.01449310229441802
2015-12-03,-0.04227026155769627,-0.024832804929516315,-0.020202687854778488,-0.020062021387069588,-0.0279941019836959,0.0033388630720499156,-0.011292975848200262
2015-12-04,-0.008472509405723638,0.010895860992832638,-0.00447432185143258,0.00782703202753082,-0.00786244071994322,0.003327844688809948,-0.024721087243477373
2015-12-07,-0.00804016224254385,-0.010357709459756418,-0.018752568141215346,-0.013218249878305817,-0.00544154741289327,-0.035506849000996175,-0.03796411330719548
2015-12-08,-0.006073012589722227,0.012309973014261259,0.07359497829911395,0.011986434711845241,0.029327633688500485,-0.006908411911236269,-0.013390509069076984
2015-12-09,0.035406120346311666,0.021226952077446275,0.03163502734939181,0.010625235705405956,0.06661369168916843,0.06215261022165803,0.0277963600903264
2015-12-10,-0.020792638037171626,-0.020872489244787715,-0.007075550684006261,0.016129632805707714,0.0156497882175312,0.0,-0.007777417907648056
2015-12-11,-0.034609104605080265,-0.032057588030780376,-0.04539357330860563,-0.007629348789577027,-0.09730862943316124,-0.03143334770366274,-0.04483403889352429
2015-12-14,-0.009887817277747773,-0.0447261835621656,0.025673786972854905,-0.05424632371636208,-0.022250646242371802,-0.03767573278374144,-0.0012570982864545173
2015-12-15,0.03444167125754307,0.044543355222275906,0.02738272197325195,0.05505235716199221,0.04974211367234334,0.030930234069107138,0.029742003058607205
2015-12-16,0.0020189815949241815,0.01885831052949939,0.0093513154683259,0.010416539916917496,0.0014261366579007618,-0.0050890113174915895,0.0157483401440165
2015-12-17,0.03955048162190045,0.026762609742538215,0.013291125341350404,0.03639584453044065,0.02347525726229806,0.020202663737553146,-0.020031094360385655
2015-12-18,-0.06508803813941914,-0.07120630746579074,-0.01678771246003033,-0.06387248323856742,-0.024425758781164174,-0.0016681310351247625,-0.029871517654637806
2015-12-21,-0.001035279057200794,0.021366231327991828,-0.0005838436097644638,0.027077982657720188,-0.03139603575005508,-0.00838218324849418,0.005669367098854024
2015-12-22,-0.016183943923986255,0.0020202373055457604,-0.001168933917452221,0.008338583190482078,0.038031102135330556,0.0,0.0043873181770318756
2015-12-23,0.007341238510305307,0.03142181485831982,0.011049866829676047,0.02499144254655282,-0.014272327449106737,0.010050314283618833,0.03139680815779821
2015-12-24,-0.0005226815953498897,-0.008390601420298266,-0.013391841887595375,-0.01085703684698703,0.011434129471602512,0.003327844688809948,-0.0012128826579735456
2015-12-28,0.019156979772037484,0.014770043766889052,0.003510908975371523,0.018540438160206927,0.014111204701506123,0.009917323422717547,-0.015286053715686643
2015-12-29,-0.001026469470751707,0.007917623378592786,-0.001753913678247997,0.014438155877782546,-0.004681674425482663,-0.004946275521790894,0.003690000172386186
2015-12-30,0.009198107929023279,0.012020264259573775,0.023135769888081303,0.014232466466889072,-0.003290235451406762,0.00494627552179087,-0.03307625612734857
2015-12-31,-0.02994568136214491,0.006386439303631295,0.0022844621588099024,0.007040794641625468,-0.03302528178152158,0.00164355003260271,-0.0025412898350982327
2016-01-04,-0.0042014937831196635,-0.0010331396173281573,-0.03128881589060172,-0.03341777240553278,-0.050909123769148336,-0.009901141065880945,0.005076075868165928
2016-01-05,0.006818556914955363,0.006181381421783045,0.009956162955469193,-0.0034423435092870904,-0.013921361793315531,0.011541628984603921,-0.004440194419278432
2016-01-06,-0.011566462673226486,-0.013614677189236311,0.010434894984410904,-0.020124491656166386,0.0067270195231421085,-0.0032840379513257648,-0.04885377149882805
2016-01-07,-0.006366117159875545,-0.0008683340283513708,-0.0127685604179215,-0.010216082964584728,-0.014022486260699116,-0.014913299146652362,-0.016151043934713175
2016-01-08,-0.005336232356978884,-0.019111381159002253,-0.021849161463161782,-0.023577565767431922,0.0201922148503192,-0.00838218324849418,-0.006124616729174201
2016-01-11,0.02431382749263562,0.03102343353064292,0.008915341085778947,0.027125357101951287,0.019792546194579944,-0.027305326729164327,-0.028385363394643287
2016-01-12,0.028823265246422293,0.019038546804007433,-0.0029629199193309803,0.031761207023378896,-0.01213360560343035,-0.005203961295889539,-0.0021090093438121855
2016-01-13,0.003545233334100225,0.01570381928753918,-0.03564256124148528,-0.015367128884486091,0.021138184066345954,-0.03180483148237077,-0.03655012598496085
2016-01-14,-0.007103007110572614,-0.019922105236178243,0.010400832427440462,-0.004267829898576246,0.0049677390241185,-0.010830407722650141,0.023089122435875437
2016-01-15,-0.053331620153790414,-0.021708203086166552,-0.01966871554809328,-0.04777960850939667,-0.03581724593088684,0.019767015375617168,-0.013644748260070807
2016-01-19,-0.02722025845077538,0.006716504371593795,-0.006226693770582361,0.002850615754823694,-0.03236184998612053,-0.02158362681505626,-0.009444374175804614
2016-01-20,-0.04630950753455175,-0.049253560891242915,0.007467298802964261,-0.02678917663456173,-0.02524986286374182,-0.02765142152656988,-0.06560966780833537
2016-01-21,0.018327767909265907,0.021053323268140915,0.013547080566976653,0.03246656404686681,0.014583054368284852,0.005078454574310961,0.0494209513881759
2016-01-22,0.05681150024428548,0.04386800744755631,0.0319015187754475,0.047769028348521515,0.10041539365310032,0.04762805862618204,0.08867909444455503
2016-01-25,-0.03436353439393283,-0.0066119454145856515,-0.00952387286095172,-0.0171080161745482,0.020639004595451375,-0.012601413993851082,-0.031026200055905135
2016-01-26,0.03543543109498341,0.01820409459403546,0.021887939466749513,0.03619980456040254,0.012745061099347414,0.014388793183727449,0.04919023321220687
2016-01-27,0.008002010564783078,0.010798068334628774,0.041266561259189975,0.006409155369049258,0.011194136286451873,0.008888895934728107,0.011928632831242894
2016-01-28,0.019990377759431993,0.005437847691761291,0.018910472378064504,0.0030017698795564655,0.02337948517098085,0.0035336106734192687,0.05010676545540467
2016-01-29,0.04978175778807665,0.050002655140949016,0.03198972490348715,0.022231526086983363,0.01439519690964038,0.04651999350198361,0.05367143735416595
2016-02-01,-0.007960231319027178,-0.004543843276685956,-0.0616255964591073,0.02818110864279127,-0.013036777565875218,-0.030771612187644994,-0.024648196534925282
2016-02-02,-0.02939913179185081,-0.028834963677141296,-0.03229815737875794,-0.013268982773883454,-0.00045260144519979653,-0.02282803528055356,-0.037202012119304684
2016-02-03,-0.028170799035765665,-0.03805139045661111,0.011075632718503006,-0.04806862535339122,0.013935917491514726,0.010600822189117386,0.026186110835780634
2016-02-04,0.05956588344995195,0.06011102440569069,-0.015187221265090058,0.055262919075704284,0.008888981326335924,0.024306820303713367,0.04688359372373684
2016-02-05,0.018765917233486556,0.010224249957155268,-0.008274242774755363,-0.0017939593337418333,0.004415034939592575,0.0068375179513801175,0.005270874694701753
2016-02-08,0.0,0.009035783165798773,0.060450012098027715,0.0003590122545567365,-0.023173962415750777,-0.015450880036051282,-0.05338602219419539
2016-02-09,-0.03231682914824924,-0.005442854484589316,-0.07059027630904054,-0.003595842553948237,-0.011335419335572224,0.0034542717629914596,-0.02243078022524176
2016-02-10,0.009054313476702082,0.006373085545090878,-0.01937104674435767,0.005030789633133383,0.04021988085417453,0.0017225291063839242,-0.013320881824827453
2016-02-11,-0.06624236665560902,-0.036448258435253546,-0.0030609845934136304,-0.036500591586188944,-0.05214663813089052,-0.017361445999385102,-0.027842616667497145
2016-02-12,0.0026715991241836063,0.03085439602414309,0.0006129469477248778,0.010722896046265033,-0.0023099680404675893,0.008718400002403412,0.06667026377299003
2016-02-16,0.06557171257366533,0.03415612049065012,-0.012330541696358261,0.04177775705490939,-0.008360489916512701,-0.0034783979835247727,0.01644873753929565
2016-02-17,0.02857345314097577,0.0039072945086261,0.01600023804956578,0.009478743093096315,0.01389551005291537,0.04762818769217069,0.04893391963498583
2016-02-18,0.03390113638908912,0.033481367104957395,-0.011667226513246727,-0.0031493364056202756,-0.01669800482122073,-0.008340375549889367,0.0017247838072976343
2016-02-19,-0.028572846871684057,-0.021553509097502695,-0.0012361223691692885,-0.010925347318463351,-0.006569680745942114,-0.00335565126418808,-0.006338275699304145
2016-02-22,0.006740430240913553,0.00664803100774311,0.028050564432552307,0.025193679494414842,0.05940536363176698,0.05715835197195916,0.06055660063260756
2016-02-23,0.011924665049453222,0.004993162061920176,-0.04551824058496883,-0.002768067805474873,-0.033840358257055864,-0.0015885359314122083,-0.013143741126178431
2016-02-24,0.029894766130495916,0.015265165097839971,0.027313900155523107,0.004149323004104458,0.03870864411464432,0.02045696371620322,0.019651390055490253
2016-02-25,0.041024331420207436,0.041819515228023164,0.029564734090813838,0.02521421076095524,0.03726603720037559,0.030677329420454508,0.017680571149972384
2016-02-26,0.009670732546606603,-0.03362919067562201,0.007699242436459013,0.002352788012919976,-0.012842691446526194,0.02535555638929427,-0.0037243750146485517
2016-02-29,-0.014984970564470705,-0.039106365638840304,-0.004138439387444028,-0.017268307345870305,-0.0440405841560287,-0.01933146007090937,-0.034710645961000104
2016-03-01,-0.02883092181181777,0.004602570269806865,-0.0035608030490150914,0.006128633348193555,-0.01542672362253075,0.005988106191657378,0.0011030597701860573
2016-03-02,0.03591071535686128,0.04205936172649834,-0.020421139696772884,0.018497429990563887,-0.04728239423035337,-0.05997185572116227,0.019651390055490253
2016-03-03,-0.039573620482727716,-0.02575092636751602,-0.011596017888649869,-0.02257892113656984,-0.004323818904371428,0.0,0.015021644905109289
2016-03-04,-0.029324980103325335,-0.03681028800406164,-0.017337937510950675,-0.018923674710472124,-0.02535486637512931,-0.02568360426802345,0.0015962039829645256
2016-03-07,-0.028265231687390785,-0.0054579927648916995,-0.013836715453146516,-0.026395976366133667,-0.014925611974097296,-0.03138161851720135,-0.0112270953608778
2016-03-08,0.026847183629383715,-0.0012168045779537833,-0.01853680192645537,0.007815353966251135,0.004002002380129501,0.0016764180833286825,-0.010810937863101099
2016-03-09,-0.0033168465414382406,0.008034520722875145,0.0019335960410090168,0.01440376828389412,0.019773239808580107,0.00834037554988944,-0.020868324607353002
2016-03-10,-0.008579583027442156,0.0027140893980978306,0.02165690736095983,-0.010518968756538485,-0.030817590015692647,0.0016598150007303383,-0.030424986596621788
2016-03-11,0.03110521449566826,0.018942986888384333,-0.00822529887932542,0.0271225401399709,0.022955149295749405,-0.003322297692793935,0.0022859883877415395
2016-03-14,-0.012138029599174214,-0.02331933979518822,-0.031625725394423695,-0.008267147175415476,-0.010912867346482898,0.0,-0.02368005140627026
2016-03-15,-0.0216585438732147,-0.0060680511071885025,-0.010547220161808188,-0.006245951546324546,-0.008514956687266985,-0.03384426101960063,-0.02305774541528189
2016-03-16,0.025293610341581965,0.013000778523023658,0.017734422476171685,0.014170065686391396,0.04907756380779926,0.03882344045351186,0.0005980374380469953
2016-03-17,-0.01137486447284698,-0.010265566829186655,0.029508237681219133,-0.012083684232095491,-0.025219501160970645,0.02129482952658624,0.016597900567766128
2016-03-18,0.015137490575639432,0.018045724768137192,0.0018945813417768544,0.02334447347890262,-0.017340061626281517,-0.006503978183313175,0.02266860694001625
2016-03-21,-0.007066771062794838,-0.000596511031587829,-0.0082357204031542,0.0,0.0019969556667197466,-0.03317052448265006,0.026093599900899364
2016-03-22,0.007536380933846864,-0.0019401141367153681,-0.02708096312290512,-0.003739171918965448,0.010912867346482991,0.001684798876528502,0.0033536853913230177
2016-03-23,-0.019427090107602834,-0.004480032114039606,0.007163798565428844,-0.018563965496585313,0.007372833425538348,0.005037801971111638,-0.007280733627470664
2016-03-24,-0.014458161517859069,-0.005742196929305598,0.014815117638597892,-0.000694223390429563,0.019879435137429395,-0.030614589334447575,0.012290593471673356
2016-03-28,0.004842719595514599,0.0018170481610418952,-0.018065051700963466,0.002427765943999441,-0.01938982784302464,-0.005194824824308892,-0.011167193790555939
2016-03-29,-0.023956545348538222,-0.04264492294350955,0.009073318557416957,-0.022417666282935882,0.009741862635756814,-0.02638679618417307,0.0016831761487444777
2016-03-30,0.0,-0.007605983468362732,-0.0006453842725267985,0.0031830257829889752,0.0033874507253837493,0.05209509839349608,-0.008443690762730464
2016-03-31,-0.01194623916273989,0.025130728351657833,0.07521412545503148,-0.0007065758065394795,0.03512462398370352,-0.011914927549229756,0.010683271920447546
2016-04-01,-0.006027030720072124,0.006955722720095595,0.0059700758884439755,-0.009943365074262979,0.0027945740216124312,0.07898834908321126,-0.02091052010552746
2016-04-04,0.01549648511291428,-0.003394422741298068,-0.018018460089614587,-0.007882468235225136,-0.019253933407851382,0.017255299246666495,-0.020774080948772998
2016-04-05,-0.04618967640054165,-0.03044332768444058,-0.02765157886567965,-0.024396125229720844,-0.00142352037879786,0.012364880771938648,-0.023599963094122517
2016-04-06,-0.026317005688925636,-0.056708583807933866,-0.034223810095358645,-0.021233545334783294,-0.034786083224691136,0.0,0.00535886621854141
2016-04-07,-0.02429263159734995,-0.02096028327056769,-0.015594842736981486,-0.032915284314653945,-0.03654972678951631,0.0030676047493788314,-0.019185301865002766
2016-04-08,0.02642385564337941,0.023654825921750257,-0.003937040429294513,0.03441992662223329,0.029147787443576045,0.0045835823268952,0.022741875455303883
2016-04-11,-0.0037328562236594834,-0.02279396804790476,-0.023953217842315345,-0.021661334106077294,-0.010956345732464401,0.009104781233589385,0.02165716494835684
2016-04-12,0.04848503208381788,0.05424830721668396,0.004032227605812089,0.04286386230315732,0.020813441608623622,-0.013688363560484558,0.04472884432314276
2016-04-13,0.07498010495882239,0.08793451656258705,0.042028532348433255,0.07376623577914698,0.07599789870582027,0.01820993833665125,0.024611571561943497
2016-04-14,0.01685435757201303,-0.001643257380397227,0.015949301213597167,0.0023900182086675974,0.033522692038643644,0.004501056808320365,0.019791936335775917
2016-04-15,0.006478015093323982,0.01587009677455821,0.003790242454869739,0.0010228750809492739,-0.02087569951895798,-0.01508323768887237,-0.007442836052228076
2016-04-18,-0.006013966789095864,0.02986113777640621,-0.015248057474640902,0.006114499005054833,-0.02361601337179296,-0.007627757456099301,0.021120149863094836
2016-04-19,0.048016227802587554,0.0418160752385795,0.026533522431154838,0.05180088366250283,0.02451321174733232,0.033135501214542507,0.03591968424904828
2016-04-20,0.008368516663220773,-0.030455410944918954,0.028274721390403507,-0.015554452497467654,0.008039360408796598,0.010317036899498404,0.03759091218115724
2016-04-21,0.013072215325949783,0.0067548772422108315,-0.010356478596172527,0.008131595161469694,-0.010283996050088189,0.0,-0.012210044001316828
2016-04-22,-0.04154398562976314,-0.05402809925122902,-0.024172255273055294,-0.03931177167222966,-0.0347543086084508,-0.008836594975048835,-0.01435324442332059
2016-04-25,-0.03163213332726174,-0.026400343143438042,-0.037716148152653284,-0.02905676497056726,-0.029274938702260674,-0.037683547888370916,-0.03603524375932765
2016-04-26,0.022110713507125505,0.009680934601862524,0.000651206483130271,0.011724161319267692,0.007161625924796691,-0.004618868105526191,0.022484421404419523
2016-04-27,0.005451851890611442,-0.028863450760631553,-0.006531664512663554,-0.005499986900300339,-0.014375002974314658,-0.006192036935338697,0.018027327389621726
2016-04-28,-0.0027224692583247036,0.029164279907290945,-0.007894770169282125,-0.0037991113640676775,0.0014468624246874204,-0.0015539757310738989,-0.0014897805550911605
2016-04-29,-0.04222379833228488,-0.059205011787939264,0.040134828266853696,-0.014990943551602728,-0.014074530900409898,-0.029994462798229312,0.0014897805550911345
2016-05-02,0.010841586456314334,0.02864522462516434,-0.032895595899271414,0.026686872907619237,-0.0029368336256233203,0.012739163551562899,-0.0014897805550911605
2016-05-03,-0.04017759025897936,-0.0442542243178895,-0.03130460560026691,-0.0383454165726115,-0.02632378335074423,-0.0015835048826516613,-0.03489623764095249
2016-05-04,-0.003912146805446184,-0.03616347938433619,-0.013624176105422619,-0.004987406738571657,0.04814286774079049,-0.0063593022295916745,-0.0010297874860734763
2016-05-05,0.013625799147423593,0.03681166383468133,0.015651935265311282,0.011010351100289098,0.04271946596548806,0.004773198235466414,0.02744064063820076
2016-05-06,-0.0067898650906274985,-0.00016203040515630306,0.0040430961629271765,-0.0035385838019602934,0.038761075283153215,-0.0047731982354664105,0.009478850524029216
2016-05-09,0.009685224297161682,0.029233368513291086,-0.0053944786325021525,0.025202411709731646,-0.02235229319520143,0.004773198235466414,-0.015511984455019919
2016-05-10,0.015304272839957516,-0.03215526906260188,-0.0067843125224675595,0.008947411209640628,0.01792160900431279,0.007905220914823256,0.0160082989749073
2016-05-11,0.008036180672019265,0.03514166663809852,-0.006830588627917074,-0.005151963667877876,0.005314402777517413,0.0,0.026929417516561208
2016-05-12,-0.04773155946456249,-0.010096433518076027,0.002054073500853432,-0.012125726412695069,0.002206095952895491,-0.0015761049407662197,0.010571884892767374
2016-05-13,-0.03160526268646778,-0.014050796085327489,-0.008241797067407573,-0.02327319946890886,0.004836180169251771,0.0015761049407663188,-0.029099883903606905
2016-05-16,-0.030532679745989933,-0.018500919090180486,-0.006226250004125828,-0.0060834780425299525,-0.007042276122147227,0.0,0.017077735913088168
2016-05-17,0.0036716360854627335,-0.015850139563127544,-0.012570019489558177,-0.026183310110383138,-0.009764805329035323,-0.007905220914823142,0.005788758137097657
2016-05-18,-0.00735702796570211,0.007461230601953785,-0.012018463705610792,-0.006283601640498789,-0.012115941777920212,-0.028987583274246914,0.004798388958946556
2016-05-19,-0.028894628839648988,-0.008959966230282529,-0.02813025991025309,-0.025920455239605535,-0.02746169812250162,-0.01315804514178704,-0.018358021047679758
2016-05-20,0.01079953173459081,0.00929025143209379,0.01596552516653232,0.03377437854871791,0.0009276651063729587,0.019672706829232393,0.019314979556870587
2016-05-23,0.0032169498185876974,0.021885465141245626,-0.024782620081429476,-0.004438350597726602,-0.01588819209985541,0.004858406319555896,-0.0028735332367234943
2016-05-24,-0.00968267864249146,-0.028180099831148192,-0.008151257528561058,-0.004456984377237246,0.008909814428360597,-0.00974026180551543,0.014758603622160594
2016-05-25,-0.008686391849514035,-0.002828925506356294,0.017699630629052835,-0.0007452306140505545,0.008368263769343168,0.00650397818331316,0.015940395944252207
2016-05-26,0.018904376396154127,0.007967132705886252,0.056833420841481304,0.01735957588438695,0.05187181304620483,0.0032362836222021617,0.01202047370138968
2016-05-27,0.02117598284358957,0.010688028724501156,0.012354330705997842,0.026022683259994725,0.03200964353006302,0.003225754950887998,-0.006917219504626664
2016-05-31,-0.007888330969428075,0.02200030544316556,0.024925499948440722,0.013465785219027486,-0.0008518083203970077,0.03791929441570859,-0.03292872052645235
2016-06-01,-0.00264375940048317,0.0036732526831194396,-0.001997984896285131,-0.009549317150576291,-0.005554347210602386,-0.023530534099351148,0.0014337228836173623
2016-06-02,0.02767075337814794,0.05036028096113418,0.025017770416179773,0.022488479918259214,-0.0012862032594522232,0.007905220914823256,0.015636389186794743
2016-06-03,0.002571627038725734,0.007550601635506142,0.006480867071894174,-0.0010429334360740282,0.02625048453656453,-0.0015761049407662197,0.001409473868270057
2016-06-06,0.009711166988224685,0.0061491795568949905,-0.002587321170901612,0.016900061053426035,0.02149733245181288,0.018750493530131918,0.002344625590014401
2016-06-07,0.030556048594602172,0.03004640531398312,0.019878847852259778,0.011898965762334852,0.045180546043186026,0.024466147701056404,0.02589142859536176
2016-06-08,0.00981807453366286,-0.00407079123439522,0.027553435404782927,0.0077426326818850495,0.02242072758799318,-0.03849593257641724,0.0031897748591103725
2016-06-09,-0.006370730847331795,0.006389659850517938,-0.012430288144623375,-0.005717149915788807,0.0007642513824551835,0.0,-0.015589381202370984
2016-06-10,-0.004928854429079087,0.011514281512644185,-0.023411375446825144,0.003703052289009342,-0.017726899466112684,0.01866309051605354,-0.03288231089718026
2016-06-13,-0.014932952513121744,-0.010067735585444732,-0.004491486193825978,0.005696078230596247,0.015049533414728127,-0.009288007021438475,-0.031040418788574543
2016-06-14,0.01097288139060462,0.014636281231573713,-0.015554413813544376,0.012286238510182778,-0.008461635898551784,-0.004676468986881452,-0.02645523382577047
2016-06-15,0.02110494943556575,0.009075773977115155,0.007807449075543287,0.003624097895288354,0.011520908722635646,0.017041349758820216,-0.009656809426682546
2016-06-16,-0.015663367570300638,-0.00978802664669225,-0.005198187268495886,-0.008254893293855802,0.003430540833190959,0.0015349786490905099,-0.008720326548751893
2016-06-17,0.03442717983642666,0.05693674375567963,0.029527178877947112,0.033580814716369096,0.010598084756168939,0.009160383556387737,0.022415593015067136
2016-06-20,0.014198478146165584,0.026313515521262286,0.04150481894180249,0.020939995172204504,0.005257289480072902,0.007570098224179172,0.02536814614563349
2016-06-21,-0.019455083904566062,-0.024027057670009646,-0.01713620737103812,-0.018698092693374038,0.011173272023614383,0.0030120826563727284,-0.0004911940899764375
2016-06-22,0.008587886563929947,0.0008057524045621715,0.008604809436795634,-0.0041673640378113675,-0.00967630289006214,0.010471205589844044,-0.006903529233003189
2016-06-23,0.005211974618644317,-0.01392366438787792,0.010955697032335924,-0.0012857037966247163,0.009305855435400447,-0.008968684047626022,0.008867051839281558
2016-06-24,-0.07556301072542826,-0.06408486375709242,-0.04456184369774917,-0.045402660777678044,-0.027800429512034614,-0.032039319424279095,-0.05080289168465226
2016-06-27,-0.035273261134389625,-0.011532148826772982,0.011953560427053998,-0.033541845751945104,-0.014968592091772983,-0.017201418125294216,-0.04809381241571363
2016-06-28,0.07719551263868861,0.05276040493556428,0.027145438091676872,0.03924722352051823,0.037195920842714086,0.02184180481579904,0.046544693311439206
2016-06-29,0.026526593362798643,0.028151686686010043,0.037627560135387206,0.03679818314228084,0.011851979283810621,0.015314230311004392,0.01691043386137846
2016-06-30,-0.018252016013441428,0.004997536417537398,0.026035648610387343,-0.014949918652058487,0.006605539804541594,0.0255077437584433,-0.024692639974024242
2016-07-01,0.009167615261310796,-0.0020229785443581045,0.016426255067018416,0.012689191743126523,0.017404338648716575,-0.004454357288047273,0.018258434690531136
2016-07-05,-0.004332058094024832,0.005788452502771208,-0.011299490717749354,-0.008441489297825866,0.029398254320281293,-0.0014892607387336956,-0.016632411604870567
2016-07-06,-0.016537573613938584,-0.004169695154319523,-0.01892800505364276,-0.002284995100166734,-0.005600289369867418,0.007424059951230548,0.0031398174330558937
2016-07-07,0.009761130628124582,0.00524319192119204,-0.005224984345337084,0.005215326627591814,-0.007044722800356227,-0.00742405995123046,-0.012089520329385489
2016-07-08,-0.000971822784848995,0.007746712096595247,-0.00700942356067666,0.003893409017375871,0.024787412310773693,0.004461063068732424,0.01885857350486478
2016-07-11,0.007531777172974906,0.008610776728320555,-0.018935459370286588,0.009347332210134425,-0.019147642597281946,-0.030122834364759637,0.001037376658758039
2016-07-12,-0.005409138028866667,0.0053938534249717285,-0.0005975637516922057,-0.0016052824288009737,-0.028160866669134112,-0.00613497012282051,0.024578677661017595
2016-07-13,0.033457756467660686,0.01704081401238017,-0.013843106730351974,0.018465827166537364,0.0014451200161751294,0.0030722321307979045,-0.021990085221982675
2016-07-14,0.006180124400362473,0.023077420639247708,0.006042337436066342,0.014406777756217931,0.012912614905379661,-0.003072232130797933,0.005671705741314777
2016-07-15,-0.0061801244003623825,-0.007717848714422664,0.026160856786697412,-0.015353760251120448,0.010634667543878084,0.0,-0.011895885013751332
2016-07-18,0.02728279069270632,0.0031704427234595985,0.005851302430558309,0.006609312541589508,-0.010278343683654904,0.0,-0.011512375819736385
2016-07-19,-0.003719162292436768,0.00037971050599820016,-0.012918518872681374,0.000626885543027089,-0.030014906622941255,-0.0015396202687929298,-0.031001872342074806
2016-07-20,-0.025472981677424185,-0.022398376583700107,0.01350179268164028,-0.021867188733297998,-0.02189733658110224,-0.004633305640692856,0.029421679172385237
2016-07-21,-0.002871050645862266,-0.007535509099761186,0.021915586734064442,-0.02268406235147187,0.017850959439269357,0.0,-0.006345861788344383
2016-07-22,-0.002398765335286697,0.006499495762802436,0.010215661996358281,0.0,0.00880745797805368,-0.0077700023239858605,0.0005304313446773202
2016-07-25,-0.015489002782043673,-0.006759956961957456,-0.026897148139900292,0.0022916431839575964,-0.01806506928164777,-0.014139998303426141,-0.031235632114203136
2016-07-26,0.0,-0.013923840721100922,-0.003486317639796057,-0.01184223226187036,-0.013106290401968696,0.029620180018605148,-0.002190649254322266
2016-07-27,-0.0112828661073994,-0.018422664538118964,-0.009944514456049689,-0.01533884754909602,0.009005680600637707,-0.024884567980558926,-0.01602688342947498
2016-07-28,-0.01340953304516786,-0.0012134693578116382,-0.0029438434813021273,-0.006742991604841112,0.00855499137219249,0.0031446037140050597,-0.002789434461181704
2016-07-29,0.005484867046191624,0.013399676453220722,0.04777897675858419,0.004051318218480263,0.00958356866030969,0.020202710784846402,0.03134704002256561
2016-08-01,-0.019076946352242774,-0.03356663188173046,-0.018724055165021125,-0.018361687837261772,0.010582073241382306,-0.007722001314323559,-0.028557605561384005
2016-08-02,-0.016351806624987066,-0.0077378994399244045,-0.0051678694076347665,-0.013821847511566916,0.0050688485638705205,-0.007782094962789287,0.01931095408734407
2016-08-03,0.0030863866355621316,0.010212556762965327,-0.018008117809253116,0.025422045146217046,-0.006158326770894367,0.0,0.03595764115432359
2016-08-04,0.0348256467200202,0.01566701870661592,-0.018935459370286588,0.0006782537755192594,0.00543576685711763,-0.014162335142436627,0.012051614553346244
2016-08-05,-0.002980872360347126,-0.004199381990629246,-0.010810934681322151,-0.004416631299330503,-0.0061627918835891965,0.01728232379066575,-0.04691702856877315
2016-08-08,-0.0009953695442710356,-0.0009506956892885597,-0.045083247633915864,0.010162855066907688,-0.0018198089231994047,-0.003119988648229107,-0.0109769726512116
2016-08-09,0.008924171507433267,0.00784977601680443,0.015047291685676593,0.006383380530624178,0.014107645197779578,-0.01892803846128799,0.018048044922455046
2016-08-10,0.0,0.0175056798647145,0.01910686643065413,-0.007395013437004549,0.012493483123846768,-0.006389955350059724,-0.001627337428201857
2016-08-11,-0.020444538305574026,0.010410673586134843,-0.017863056701980948,-0.004734590861196741,-0.004622268429339737,-0.004819205641571613,-0.0005431052428386082
2016-08-12,0.0,0.006610315478290642,-0.030286257954120658,-0.023320800695981813,-0.034811313679584,-0.008084161270444085,-0.0010869904535029927
2016-08-15,-0.005556980774692158,0.006423275184442434,-0.018752568141215346,0.013099167526655952,0.0007377520553498687,-0.008149867190411615,0.009201712039810846
2016-08-16,-0.009671852136305713,-0.006686421285542914,-0.004579641338934285,-0.014835190456285945,-0.06080901760334175,-0.01816736224527072,-0.02786300607434331
2016-08-17,-0.009249559954231375,-0.004350485602747343,0.041739582180958114,-0.008377183450686426,0.036171647672343356,-0.011735150532927187,0.003318582715032396
2016-08-18,0.010272258077118119,0.002111324911346733,-0.017126933479117857,0.025265146737663634,-0.04522502720334691,0.016722791398259784,-0.00165791473424329
2016-08-19,0.0010213673887537879,0.0034225451641794464,0.039515966440777116,-0.004109591071534874,-0.005153671115495198,0.003311296569754816,-0.01504623755595289
2016-08-22,0.011672377000692626,0.010065917855700582,0.007963237320433993,0.015324826168517084,0.006339159455681237,0.0016513177905848387,-0.02674412683056783
2016-08-23,0.018000559397526213,0.016256266447092316,0.0127313628261293,0.01775280334273874,0.02457705378904201,0.0032949315645451034,0.015450930526095016
2016-08-24,0.02785418527289464,0.022398844739986712,-0.010293767719122804,0.026860361622889847,0.008824133126321156,-0.006600664183767424,0.0005677708106855491
2016-08-25,0.0,0.010209296064968546,-0.006717619787014129,-0.004859879009306981,-0.0011465962154033579,-0.003316696741847643,-0.011989849868940926
2016-08-26,-0.026368755159870895,-0.021662376146588887,0.010969050070070508,-0.019347906688534602,-0.01502626580186209,-0.001662482692063538,-0.021481277730511655
2016-08-29,0.017655904121275757,0.00907246546275338,0.01742314471104542,0.02032177380098463,-0.015255503430371752,-0.006677892857825792,0.0023447396411349197
2016-08-30,0.006300197060853122,-0.01580393633561603,0.012429818438635628,-0.011749302738743863,0.0,-0.006722600847640092,0.009903865766561638
2016-08-31,-0.026929240680128756,-0.001658121732096308,0.028987536873252187,-0.02324931527492213,-0.012294478534181436,0.016722791398259784,-0.015187225240819504
2016-09-01,-0.00049660393785292,0.0015304842830366394,0.01980264866703252,0.020619156233884512,0.03297002582016702,-0.0016598150007304166,0.005283359474257999
2016-09-02,0.0,-0.0025523318010200247,-0.005618013675076122,0.005580240672990615,0.003468885869933029,0.037494201785961224,0.016260460283433992
2016-09-06,0.03751981150609024,0.019486903237582464,0.06805346324501557,0.021374102071605432,0.0658843040367624,0.03768103851680215,0.014298156864198048
2016-09-07,-0.02224478268606775,-0.005906732176020442,-0.0010532101028713193,0.002879373419351809,-0.0014419943326859552,-0.004633305640692856,0.007355117729580661
2016-09-08,0.0,-0.026310700680051712,0.006302585961251982,-0.03577602818515105,0.009335803326005719,-0.009331170367627128,-0.0033880249302862212
2016-09-09,-0.03787197780648405,-0.0352992603342102,-0.024378578511558936,-0.03916775384674981,-0.026069518212307713,0.0,-0.023463172119017814
2016-09-12,-0.004071277427306127,0.018726681276506427,-0.010245364674994874,0.020450590681811848,0.00840185918651199,0.007782094962789199,0.004045148793628148
2016-09-13,-0.021129410447891794,-0.029103790815082718,-0.006525354148898233,-0.01632705453504882,0.007610146885082092,0.0,-0.006944462976435541
2016-09-14,0.004676785484220659,-0.0259361444942901,0.0016353607465241283,-0.018691937628718944,0.010772069438970999,0.0015490754048378165,-0.005240179545064522
2016-09-15,0.0072312091926804295,0.014354888535599249,0.021552537342709815,0.010773185546056916,0.05082886978231637,-0.001549075404837799,0.008718439216923023
2016-09-16,-0.019751009636680875,-0.0021950641718098576,-0.020463884511204265,-0.016379482347917234,0.024477381451111738,-0.01248070947052288,-0.00580391440748299
2016-09-19,0.013555985504324963,0.017292348501032544,0.01243603218372766,0.00944227209123634,0.022274104291486754,0.027865623735527343,-0.0011647454667796432
2016-09-20,-0.005192205795263403,-0.008404353939320685,0.004289546590856309,-0.005934880961635813,-0.0022702004913516412,0.006088280318468101,-0.016451543945213653
2016-09-21,0.014470517068216143,0.012848946835504934,0.02326908954016249,0.028307130222945488,0.006149899205222343,0.019534808888432557,0.03435551280808758
2016-09-22,0.02882650487423186,0.027439101031182654,0.02732836737553815,0.032811896997744554,0.04171225792600729,0.014771394187545675,0.011948917641354959
2016-09-23,-0.01355128934459924,-0.025290952583411828,-0.014344543799160872,-0.0016481463832335563,-0.007767632323562112,-0.004408618164262194,-0.01424114209341124
2016-09-26,-0.01578835313150466,0.018205339995435218,-0.021382815407989586,-0.016969366191832265,-0.02687066306817,0.0014717270580238864,-0.013283382454161028
2016-09-27,0.003586804059003313,0.008392142565085659,0.0,0.009019680504362878,-0.02860120776323626,0.00440206805846655,-0.015231825650731742
2016-09-28,0.0025546083025886858,-0.004974331460854633,-0.00793862980880312,0.007619338379075778,0.008535843965946349,0.005839414646763283,0.04783403807004238
2016-09-29,0.009646940769912439,0.00719194445086766,0.02570295084164404,0.012463648113393656,0.05470365918902204,-0.007304591598991383,0.00784749070117277
2016-09-30,0.005040417127547957,0.019355497865188472,0.025058830384819646,0.013918098457717978,0.0027816475533137975,0.0014651769522280903,0.017160724735112882
2016-10-03,-0.004535103329240889,-0.0019185557284146066,0.014042391855835916,-0.00450995205877462,-0.003400856769849179,-0.008823681594746625,0.017949873175859013
2016-10-04,0.022472739565579807,0.01499571121556752,-0.012024181476380584,0.027704091181632237,-0.019072036544162348,0.01902040825008581,0.0223889654997185
2016-10-05,0.017621675022170723,0.00540894079264053,0.02538082108639625,0.02051686852629696,0.007233858929032717,0.018665296154528156,0.020350472602746278
2016-10-06,-0.0004851776293746515,-0.003644571185859382,0.033819593250190357,-0.02240314786986677,-0.006287375829957062,0.014124524087014582,-0.006217728477325198
2016-10-07,-0.03557716039056928,-0.013692141214883883,0.003319974690254454,-0.008214861903362854,0.013780438466493903,0.009769704149239824,0.009312004824864557
2016-10-10,0.01200028794393247,-0.00434917308765293,0.015504182367808527,0.01761047594547282,0.004345114978592935,0.0,0.0020575777786677033
2016-10-11,-0.007984123158886214,-0.01811217504990301,-0.011723463276622097,-0.015075568104770919,0.002783368112909028,0.01104995501476714,-0.0030880065685485224
2016-10-12,0.006491904102674423,0.0031286018909949965,0.02561253986901684,0.0028442133631269247,-0.003402960987074803,-0.011049955014767176,-0.010883741426687696
2016-10-13,-0.014035086870297761,0.005709822345549443,-0.011095803614336807,-0.009512121348335935,0.0015482039612791363,0.0,-0.00942424300388407
2016-10-14,0.007041990733333385,0.025802803485193947,0.008794341784557118,0.007300917866170938,0.001545810730505396,0.0,-0.007921766173500346
2016-10-17,0.00947877639765952,0.00778804225244117,-0.005545339410325407,0.005361584793468256,0.013501353887796884,0.01652940378617616,0.023061720209964172
2016-10-18,0.015275028820022544,-0.00778804225244108,0.010601599432125967,-0.008846756854305218,0.0030431694898510843,0.00951732165232345,-0.008324563777706682
2016-10-19,0.044005287220064866,0.01861536281715119,0.017723767518161265,0.01761609537726043,0.03991000638950617,0.013441059277001814,0.005730599248759616
2016-10-20,0.009315349668480608,-0.011453143734118086,0.03540189268427448,-0.004061893922132872,-0.0005841255393122751,0.009302456144461228,-0.015179577490860737
2016-10-21,-0.0032506834414198034,-0.004895010949622156,0.04671764039607893,-0.010069029394290675,0.013637269770618894,0.03125251990701879,0.0015810258913298697
2016-10-24,-0.021152267188172848,-0.007450918458649712,0.029034919852579322,0.0,0.0023027648887480575,-0.007722129506868895,0.000526419531870192
2016-10-25,0.0037932284360352782,-0.007762327646206642,0.0305640169903264,-0.012090794835711401,-0.008083149790975118,-0.007782009466221035,-0.019665838384935616
2016-10-26,-0.02104323424571997,-0.016486828948291433,-0.02093699609392571,-0.00674492334791138,-0.022868154702499702,-0.02238406654453352,-0.010793223517503479
2016-10-27,-0.011178944836875917,-0.0007790456078540148,0.013875361931788982,0.005463832258936166,0.004733731975462597,-0.010709647915517054,-0.01255819498816762
2016-10-28,-0.01477101140568797,-0.005604672017563071,0.008233765037984203,0.00288029480809459,0.009400765066453537,0.0013449674408004986,-0.023909990390945938
2016-10-31,-0.026641408945490386,-0.0036666637669688987,0.002340073811172512,-0.004805386904499855,-0.003808443661171975,-0.02586931927432457,-0.0005628673307928618
2016-11-01,-0.020587645198990322,-0.006316263773289281,0.008147439349670063,-0.014882036034214844,-0.0035283462384101353,-0.015288741369467156,-0.02162873576742721
2016-11-02,-0.018368262478746008,-0.009283911243875736,-0.04101517399671677,-0.031454536933955425,-0.02203786865631469,-0.025533262670991118,-0.03751908230848705
2016-11-03,0.0,-0.002935862019741078,0.014388761584644541,-0.014910257529803966,0.008992843839849479,-0.0028777306928276726,0.004172838485385778
2016-11-04,0.0010585269379711074,-0.006435282008752546,0.010657237239621626,0.007821538999909115,0.0008949320309608449,0.008608387721435237,-0.00836304590936132
2016-11-07,0.017829615274066787,0.020764861622801632,0.024050842964783287,0.03952061237661472,0.027060420840311468,0.04196426177214975,0.010739944669266671
2016-11-08,-0.0020812154771972713,-0.011926869984107316,0.034284761007171774,0.007138022160281561,0.010966951832022016,0.001368826892523375,-0.013142539622064209
2016-11-09,0.0005207647492817906,0.008231400069735115,-0.002224675198146395,-0.033533599311740596,0.007434930635508242,0.004095650472968619,-0.04049621856727584
2016-11-10,-0.010991945634352858,-0.06317316411849216,-0.027852750919305575,-0.05851635142081715,-0.05474801840859737,-0.01786996906144508,0.008107379294046205
2016-11-11,-0.04466696028380019,-0.038916362427255886,-0.029829848452228466,-0.003195179704564626,-0.03241878425803657,-0.041053113936779635,-0.00623062183021423
2016-11-14,-0.023386487392438378,0.0016091139167725126,-0.01625406809997371,-0.025938303968196654,-0.020412004820214262,-0.032308264669747004,-0.011946075207294817
2016-11-15,0.019526355889165282,0.024835658742904804,0.01861068607406932,0.04251383206567317,0.044065403546175566,0.030861997482386837,0.06548690577303784
2016-11-16,-0.027445017388985787,-0.009601200238511902,-0.0007849473763704298,-0.007724599593854942,0.013868262608837893,0.007209954019335742,-0.02276923265717199
2016-11-17,0.025786357570039845,0.027550683879001975,0.007432091208589001,0.008074431121412854,0.015154005970106093,0.033901448540141654,-0.03014677374720566
2016-11-18,-0.02749104984042565,-0.011410740597297181,-0.0019504291969810862,-0.0091325357203536,-0.015753001405409434,0.005540163851135529,0.019177637538974644
2016-11-21,0.018038454847485248,0.02297013122403466,0.008166449555158186,0.02818091968429373,0.05195211824481404,0.02050656158736402,0.04375899324110805
2016-11-22,0.042652546176521276,0.014570634308931294,0.029761856529480508,-0.0013730943919387528,0.04259513246045602,0.006743149336141694,0.0023433661281744953
2016-11-23,-0.008062302096748266,-0.014293644169466945,0.03327477454390511,-0.0030966845033458617,-0.00218275713375565,0.039530756485471094,-0.009406364282878957
2016-11-25,-0.0010798259039163467,-0.0043007059590011365,0.004716103888807185,-0.01143678578331213,-0.009606284766920554,0.011560911781113877,-0.015476400730502311
2016-11-28,0.008071127694267865,0.003192605478070991,0.009724566593237047,0.003479770529465634,0.00960628476692063,0.0214790186309191,-0.010250458147670408
2016-11-29,-0.017297758621222296,0.0005538831880953775,-0.0217400009101563,-0.01964317505058057,-0.043545852090437036,0.008711931364946558,-0.020202680864976938
2016-11-30,-0.04974471943559322,-0.04258371779187182,-0.003669672893217677,-0.03753592050937815,-0.0034295241579025285,-0.041751861776979475,0.04946727455040698
2016-12-01,0.022663837775868247,0.020457420286794117,-0.006639651877482482,0.012790285872750433,-0.01674409330867595,0.03802745681389278,-0.031691736819695664
2016-12-02,-0.031874999569152004,-0.024657548276025208,0.034912603403232996,-0.04076150440363527,0.01817448225716972,0.011131925772956925,-0.007317095985748301
2016-12-05,0.01777039695305948,0.005644635034757024,-0.015487444970925399,-0.004549002429839653,0.000857230520060889,0.007352850411228229,0.012165740589508395
2016-12-06,0.0,-0.006370337974218275,0.0014508858537241836,-0.006479976430406797,0.01107817621957493,0.0036563171085337216,-0.01216574058950833
2016-12-07,-0.016037056232857966,-0.013452601734702401,-0.02161652775541625,-0.018915749821506816,0.008438846912794465,0.0012158523081751674,-0.002451057829778936
2016-12-08,0.009767515268246967,0.024717816868340067,0.011782157527843538,0.0035011647649876927,-0.0044918616694645495,0.00605691870337232,0.010375462593780605
2016-12-09,-0.004010351659155828,-0.0487039305836328,0.0018285301829429194,-0.015261282699181873,-0.002817761499848751,0.019139348744158593,0.0060532403001673125
2016-12-12,-0.019710718217162897,-0.02550349516951389,-0.013981135165448064,-0.013098114713274909,-0.013636562387651669,-0.010720654647282083,-0.02505472653894659
2016-12-13,0.009903760037562482,0.0017000820604283094,0.01288441832725876,0.034168033693305705,0.008261004658796313,0.010720654647282045,0.0012368969811178546
2016-12-14,-0.0046484156219017015,0.005543484007533066,-0.00146416263251253,-0.013997204638950553,-0.019479284152507898,0.0023669557984889885,-0.016828107610940033
2016-12-15,-0.018219595469573503,-0.00863668716343535,0.0021954408181070802,-0.014593266846623282,0.011218279493711583,-0.01668703253426571,-0.023530487226547176
2016-12-16,-0.004756363384157176,-0.011058437525091364,-0.01732766747983466,-0.024126395003762027,-0.008041363887377214,0.002401053687130884,-0.0293850329840851
2016-12-19,-0.01380177875434566,-0.018334653930780223,-0.014987152939018552,-0.039855578371476796,-0.009852300799329966,0.003590673588706763,0.0
2016-12-20,0.0012077160342541813,-0.005758888531974164,0.01684489616251542,0.004647963576585688,-0.03526809725137413,0.00238666153239343,0.007263123963334736
2016-12-21,0.0024114023054810046,0.009103355844356722,0.009972328342248168,0.044524933909000454,0.025023650427817647,0.0035692475115939983,0.003284113365086665
2016-12-22,-0.006644805159366941,-0.009584763603186039,-0.0070071696747176435,-0.007284421753474774,-0.011242753192383251,0.010632130744962325,-0.0026264145104768068
2016-12-23,0.017423228815840564,0.006559387203692516,-0.01416352671261987,0.028035383449641748,-0.004472991700002301,0.038044928926312636,-0.0006576988546097315
2016-12-27,0.0194638429740749,0.004137472774190775,0.016750838968538264,0.007084051553133873,-0.02236411915473389,-0.0011319054676644266,0.022121909020750417
2016-12-28,0.013921423318289907,0.0052270859252716755,-0.03569797688288895,0.03506397867623731,0.010034994171195775,0.019069674447071326,0.02917142054258962
2016-12-29,0.004024023974306664,0.010841556749300988,0.032370181157586386,0.01615079868062408,0.03508089595562809,-0.005571073840534793,-0.0006252148106980395
2016-12-30,0.0,0.005609731752947967,0.03099611406626098,0.002976253825153651,0.016802302105473645,0.007790793032799491,0.031396812719269196
2017-01-03,0.044327002275326745,0.08487249757562648,0.027622109726355898,0.04822384526999335,0.03361419718171422,0.06439990998550622,0.047346210505259057
2017-01-04,-0.002747747162786977,0.0051257607220527215,0.071760062281389,-0.010318592604149765,0.006092547701617411,-0.016771946414465874,-0.026355807688322127
2017-01-05,0.0021986783847597405,0.007781226360128452,-0.0019524726337359947,0.02123211228660326,0.0033075810091940617,0.005271521235720045,0.008862560332744294
2017-01-06,0.008748136370755319,0.014272021626552788,0.031107183514978095,0.036105240492067814,0.017998845477303117,0.001051070561428779,0.011114649519057444
2017-01-09,-0.016465606077734167,-0.0013902446717496387,-0.01623464685394542,0.007737597001955383,0.008075393551404454,0.004192807396599131,0.05599418928574186
2017-01-10,0.027294110700144033,0.04448803898867283,0.00224394053153678,0.040071144635997126,0.06134981304862097,0.04998496422331955,0.12156523568264707
2017-01-11,-0.013554013608087202,-0.018398571027257175,0.018087109157155595,-0.004517728476335001,0.019723543121547466,-0.001992108891957274,0.009694524786183814
2017-01-12,-0.01984630198909771,-0.011998755981287653,-0.025801701380334854,0.006447608090126192,-0.0136903002274011,-0.02421918366980907,0.002409180816086267
2017-01-13,0.0038900854647591077,0.00205550472298357,0.004828582391619847,0.013722739399351093,0.02646375921543123,0.008138372559415671,0.026123479435508645
2017-01-17,-0.0022210415275898403,-0.0006847781491001496,-0.02076646319224325,0.00726353873630007,0.0291060609318836,0.011083273202642996,-0.0018770205680941733
2017-01-18,-0.005574164754778038,0.0005476699167480047,0.019159545365237594,0.004082221843152388,0.024357197036969248,0.0010014855005901096,-0.027138116827848596
2017-01-19,-0.017479724125776,-0.010044817365914466,-0.0012874451704350226,0.0,-0.02104359898378445,-0.023292135717110928,0.0028916579604341534
2017-01-20,0.016920367816380368,0.0337216804016531,0.004498763934262489,0.022619019606103682,0.03300327328345156,0.016260471596796448,0.020953056684398466
2017-01-23,0.028668187163757516,0.04087026257249085,0.0009613453510844578,0.03876124983743606,0.01924656843905819,0.0040241936672817565,0.020061354441984713
2017-01-24,-0.005996286212298364,0.006907287715637865,-0.007071688608369215,-0.021749864189788158,0.004698500329635108,0.002005984952442757,0.03850977393805855
2017-01-25,0.05271396729860815,-0.0043433569918771295,0.002899024493457337,-0.013646430685667281,-0.0020109526221668834,0.0010014855005901096,-0.004007929433347867
2017-01-26,-0.02840827736102028,-0.012237084747137104,-0.012297924337899878,-0.02629743179063632,0.00846332604819267,0.0019999670945851475,-0.012121431420526211
2017-01-27,-0.011269259778168979,-0.014621499781899866,0.019987797888224454,-0.01771081427052065,0.0072920005465033485,-0.007017454565307327,-0.00498078930735251
2017-01-30,-0.005953942236075334,-0.00964660039829826,0.002231778236562105,-0.016082314023930913,0.0035165676262948705,0.0010055135298111045,-0.026214389230832552
2017-01-31,-0.0048979897514963375,-0.002259986519356847,0.07335704705533205,0.007429972835431738,0.018692063268528798,0.0499858239590212,0.00973815519000722
2017-02-01,0.02051899849667573,0.001728444662406919,0.009132411721465953,0.008971727850262956,0.023410353931696493,0.018001548811580968,0.004604023471697996
2017-02-02,0.012746240169973243,0.019341658768310156,0.02462115096698584,0.02114620315828421,0.03167636269252906,0.004683770330368363,0.017755962532033442
2017-02-03,0.002634795840109416,0.012689559596236294,-0.03050343111169335,0.010562721474815765,-0.018719046050407015,0.03670145704267298,-0.0040696361243630266
2017-02-06,-0.007925974378847749,0.005005508419738767,-0.00888903784148592,0.0049318163763773315,-0.00771236608484622,0.01075270931094531,-0.007732602553603606
2017-02-07,-0.0005310102250439647,0.004088369587736343,-0.022574323075367015,0.02129675098917525,-0.01284635129950785,-0.00895265853800597,-0.03911116932106312
2017-02-08,0.005294055454387132,0.019320185160595263,-0.016265474270153176,0.035485886263149705,-0.03034121578091657,-0.014492963808487433,-0.0033292450589589183
2017-02-09,0.02244949835497336,0.031150137805140695,0.012911398998961324,0.025245101360494557,0.0017463007557298644,-0.011932120490005865,0.009483255626902755
2017-02-10,0.021451109026732675,0.025257239904695646,0.00183086892021268,0.010426978347774816,0.014077147170639001,0.04159721436501107,0.01591788629398342
2017-02-13,-0.044428723904380255,-0.025135977996604903,0.011820092225483744,-0.03364027081797125,0.004291868418574105,0.009696008642991532,0.0027828392485353603
2017-02-14,0.0005281165226741032,0.027143437552541224,0.006606667446300487,0.0060700302326422775,0.009801891421749209,-0.007926028784731488,0.006463660723724773
2017-02-15,0.004740834012451849,0.011377936053100295,0.028037863077954767,0.012315719726321365,-0.001485404937824758,-0.018742160697717055,-0.009246499972260241
2017-02-16,-0.022855208223511718,-0.05835287939927342,-0.012593527089073013,-0.025368830570121532,-0.015407992127057945,-0.009959371587602947,-0.0018596584597582694
2017-02-17,0.002684159117053278,-0.00334403047263261,0.006463042908049874,0.010745075042029161,0.014558174447133393,0.02958530000983827,-0.009350158401845944
2017-02-21,-0.012408900511750929,0.02813305127230049,0.008746388907486103,0.0017313772293695315,0.02663469749495084,0.03387210858357164,0.031440305153095836
2017-02-22,-0.01036847770365008,-0.003019741582909674,-0.022011159608481688,0.0040286806086029855,-0.020489940001763757,0.020288131388312904,-0.0262868389439418
2017-02-23,-0.016035783691269446,-0.013642162801744864,-0.0059524211664479885,-0.03566566481979906,-0.024159402239217677,-0.004192900004433075,-0.0023393004412547557
2017-02-24,-0.03171277747811823,-0.02974887681000396,0.014520974258196984,-0.031134526614992615,-0.007166889528055937,0.007534534246969757,-0.016529218473927878
2017-02-27,-0.020343395021824136,-0.017460520115294777,0.007912030814729232,-0.00832422285062053,-0.0032747878819737643,-0.0041788829827816305,-0.0052519789374129745
2017-02-28,-0.035259120749770965,-0.009300105480816816,0.0011668880248141065,-0.01560089873214402,0.0008743370071172962,0.002509369416505562,-0.00672416414415528
2017-03-01,0.028778971798332654,0.04640206722560998,-0.0017507316345786346,0.03431031874259673,0.022895197628543845,0.005831006133383841,0.028973696044099207
2017-03-02,-0.02029913918823855,-0.005216640321237485,-0.008505723817034306,-0.010385197159832073,-0.014843822778130475,-0.026084896071898473,-0.016997552962530808
2017-03-03,0.05799558349922037,0.021315174571735065,0.0014716481390131693,0.031729638300845395,0.018254609317027982,0.009334090914951675,0.009006983273649535
2017-03-06,-0.009148124846066879,-0.007095705954827641,-0.016607777466976375,-0.012571396201937545,0.0027626678409674605,0.01591981749282506,0.031129125704509212
2017-03-07,0.0011480927403073476,0.00012281015359220113,-0.019629128371696964,-0.006041892792235806,-0.0010616677457453408,0.01812246590547377,-0.010577347185888025
2017-03-08,0.009706171770464964,-0.0020889724983159203,-0.023138468002818574,0.0006055376188109666,-0.001488247219546823,0.0392206715453578,-0.01772435098182578
2017-03-09,-0.014883081908722876,-0.0013542141991202193,-0.005633827135467633,0.004231017972986606,-0.005333345975362617,0.007818603155962554,-0.010882453574498446
2017-03-10,0.005750462592590695,0.01041608249867167,0.0012546741932982868,0.020594344547630653,-0.010104379785692506,0.012384107628883726,-0.019698068113576443
2017-03-13,0.002291086043047666,0.01042939654993336,0.030866706318123088,0.027678642007567752,0.009034305062881227,0.025067774562326405,0.04830487266990049
2017-03-14,0.0022857690467609475,-0.003868104782318171,-0.019024898564957784,0.0,0.006190667822498381,0.008218227595255244,0.007828659858188753
2017-03-15,0.013042360175959888,0.008322085036969205,0.006792283750026378,0.009437997671243358,0.018971852775270314,0.011098869669093224,0.021779504988454854
2017-03-16,0.022284869858699177,0.02408895798022839,-0.008032119635640449,0.01272849588692399,0.024544955540609363,0.022554634072041866,0.055436388283861104
2017-03-17,0.0038493646965259616,-0.029146400947688462,0.0009300505492440846,-0.010737636767606504,-0.0075673281272815715,0.013576493780886606,-0.010672501347382533
2017-03-20,0.009830966654706294,0.02432735373935755,0.01629047188045312,0.022750356405253535,0.030529049013568784,-0.017902310708243416,0.016599800677308766
2017-03-21,-0.032029575734429286,-0.008518442273993083,0.0006095842337263057,0.0024961141608940856,-0.018083705928074303,-0.01896491079049489,-0.014456068852480478
2017-03-22,0.011715951162435442,-0.0020220243896834546,0.0048632268879392915,0.017301192619106703,0.0074740058685824045,0.006605498563412283,0.0004281455075805309
2017-03-23,0.00883508514123923,0.009951633543278654,0.0003032328671222918,0.027391658916414825,0.008616430739651449,0.020275836915178376,0.004271734721037377
2017-03-24,0.007121131383099447,0.011369729725104123,0.00030302534794363805,0.032832780808523004,0.04334079130061118,0.008565455189279552,0.013548056331836937
2017-03-27,-0.006571920873810234,-0.01775565727557359,-0.00394720628549216,-0.010047867923977487,-0.004979866958507239,-0.0007109727415126066,-0.010568728552243264
2017-03-28,-0.0010994159609174913,0.00497017802973065,0.01838787676753638,-0.0064943880506189355,0.017322215121018194,-0.015770907135862735,0.015602207761660944
2017-03-29,0.009852490493289042,-0.014147534006555572,0.03809424187976476,0.001822565983319836,0.022577674342142695,0.017902310708243375,-0.0020942659910208206
2017-03-30,0.010833991759518,0.011073331773669998,-0.00028751464304121283,0.0007801319116509252,0.014652262710496907,-0.009269229867687707,0.013741690459163505
2017-03-31,-0.007571535659378812,0.026294520738409575,0.0008624056716329906,-0.01598391905602358,-0.014283318648061543,0.018453251938609853,0.004127088682549996
2017-04-03,0.02041990798613502,0.016359080023149005,0.00028737641751479427,0.03732954762661618,-0.014303214839464652,0.04738281690886367,0.01715033346388981
2017-04-04,0.01478348219763571,-0.012445342580647117,-0.006340113913988846,0.012642167362160782,0.02476106051513213,0.0006704546803707891,0.03968774459183165
2017-04-05,-0.0010485357859819423,-0.002300578175386727,-0.008419295431645685,0.0002516351679419976,0.0014590193445187917,-0.0013414332888356212,-0.03524432729778938
2017-04-06,0.0015727217333752876,-0.0005754724989499711,0.0008743288777063156,0.0,0.029981636853408586,0.006022071820388017,0.017579438835566372
2017-04-07,0.0010472552294525388,0.016568748396934868,-0.00818965061739144,-0.007058274578513669,-0.009239590454608811,-0.0033410761942339307,0.0007917902689108918
2017-04-10,-0.017951998994836956,-0.009450762450597006,0.005856554519158174,-0.00965929175829191,0.05487487412540662,0.026421608717294827,0.008668259831170992
2017-04-11,0.005843466539712912,-0.02760535367224573,0.019373113827464553,0.0,-0.007632990388749431,0.042124921621248854,0.003915553246174477
2017-04-12,-0.02249697350361046,-0.007792241187652342,0.015345596291768682,-0.004608496590706424,-0.008206569294242632,0.030165382688162143,0.012041201164842098
2017-04-13,-0.015284271995310291,0.002367438417868466,-0.003672761629223144,-0.004887487177281354,0.00034329656507928863,-0.013431123796368346,-0.004643889603839143
2017-04-17,0.015825830930869752,0.0062473788626207,0.025982645838696784,0.014591443048745472,0.011602250914635636,0.030864792630945753,0.014632459080418972
2017-04-18,-0.003253913767590906,-0.0025886309994810554,-0.004145306845011645,-0.0033092384290504457,-0.014351863335128223,-0.016221434058222784,-0.019298166590512214
2017-04-19,-0.004900580328551118,-0.0017685648179638662,-0.0013855963332589317,-0.004087847406487189,-0.023153647044393995,-0.02888071041468205,-0.026457630319366664
2017-04-20,0.0016365018473229896,0.010332588096517024,0.008285030236953964,-0.0010246112849259291,0.016592831597449637,0.02158569962441241,0.017060549531476753
2017-04-21,0.0021772864497882857,-0.009034939281589983,-0.0016515658424354164,0.0028150763149233193,0.0008657127678951479,-0.0209624629964702,-0.003546796946619969
2017-04-24,0.008662651274942207,0.011368194435748573,0.010141211896728675,0.016474605494728976,0.01851907926352666,-0.00562330088173655,0.014112328105628546
2017-04-25,-0.005405205014055585,0.0045346679378163186,-0.01955174800610201,-0.008076483624050543,-0.019211549870691756,-0.04616204448735409,-0.005464512511268891
2017-04-26,-0.010899546817295418,-0.008972686890675041,-0.02278252247664748,-0.009677037898168692,-0.02632192595705795,-0.0026280781653998256,-0.011811145257016313
2017-04-27,0.011982806355439727,-0.005046411168709445,-0.03768570738654856,0.014732763795922366,-0.02247689630427376,-0.013245222875130767,0.007889602251678306
2017-04-28,-0.009246857560221942,0.008435223323873453,0.020758029391664372,-0.014988571644343534,-0.00821698683906172,-0.008032184165659947,0.0148208693462068
2017-05-01,-0.0016406708636423025,0.02625050483210437,-0.006968717944590637,0.021021830477566405,0.002746458044432842,0.014676688366382905,-0.015607057332392869
2017-05-02,0.007090442375377738,0.014440777472765723,0.01847625887178794,0.009726771865636558,0.04277297243915692,0.0066007186744079585,0.00705338738110776
2017-05-03,0.0010862017110449859,-0.007758431519590251,0.0005719319045345556,0.028143043724838886,0.017367577355584935,-0.012578789564246025,0.0
2017-05-04,-0.016972487746103458,-0.013066110119510515,-0.019631124575254684,0.0,-0.0017232864446540036,-0.01139043814876065,-0.04023650550886584
2017-05-05,0.001103585621298041,0.0025126070577864623,-0.021214625751235516,0.004574728680583361,0.0008619815684817271,0.008053821361262769,0.0
2017-05-08,-0.016685557634297923,0.011117482081088582,-0.008373332102222476,0.00574845161692843,0.0006890769618580025,-0.0006686614021279581,-0.019290644563674447
2017-05-09,-0.01811023597601798,-0.010432882160629915,0.0035970943027542664,-0.0009556908809544806,-0.010560136510805007,-0.006711469408454499,-0.018402701235643228
2017-05-10,-0.0011428441001028577,0.004095355988454389,-0.003296774944880224,0.008094376557807759,0.022202115406423764,-0.010152424582999137,0.025423269795102774
2017-05-11,0.010238879869809937,0.027104381271029584,0.014011181809616345,0.012760090489273795,0.006616351079610267,0.0033956068275083576,-0.007020568559459516
2017-05-12,0.013490855014844455,-0.04047662415351572,-0.009518207045961343,-0.012997825340014976,0.01159973390235156,0.015472857817886272,0.006197158832441899
2017-05-15,0.014412889422031464,0.017677156330133625,-0.005995244897078825,0.02397289045486843,-0.016515430228218518,0.008640872843782161,0.009836211106527383
2017-05-16,0.003844904353366523,0.01403181268305405,-0.02065676392405456,0.013838008066621582,0.010311994394574375,0.015758649611168404,-0.009424461514431175
2017-05-17,-0.011025421673318513,-0.019245524931066033,-0.01640149981368313,-0.006664984922681722,-0.003031841776912892,0.0013021334616516958,-0.009514046906024361
2017-05-18,-0.045939334047697435,-0.047711066533740826,-0.019534299042842342,-0.039506391948554674,-0.037993381194450664,-0.028375409298502113,-0.025253751378019412
2017-05-19,0.013260187481244922,0.027972270725295453,0.016722231732863094,0.026744183450600957,0.042705651671855506,0.0060059966173844825,0.028987496619386502
2017-05-22,-0.008628164823588226,-0.011306184815325897,-0.024708218834856986,-0.013874368204233848,-0.002185076359462963,0.007952340703232441,-0.010824512377646062
2017-05-23,0.01319994928148567,0.005377129600833884,-0.005789668932033327,-0.0007106372609388419,-0.004215502384813227,-0.00995030971391725,0.004593971180956662
2017-05-24,0.021991048906521968,0.012398169687318427,0.0061103432572848495,0.00943403251966813,0.021067462554177633,-0.001334274224799891,0.014888592141256934
2017-05-25,0.004452287732312912,0.014291783847359837,-0.0009623316367991852,0.03573871126660888,0.03383539819217193,-0.0013359092518131666,-0.006176663485081463
2017-05-26,0.04876338689756341,0.01252209665110829,0.025662725488310414,0.00789624037793159,0.007806904440710422,0.06658350134689665,0.028503571993604433
2017-05-30,0.051028774310191975,-0.001233857537978359,0.003123062595194062,-0.00405331808907837,-0.003975516195243248,0.022264404712909587,0.000802515162592522
2017-05-31,0.0,0.004256213253103188,-0.002497657382503041,0.005400819849627964,-0.0038313882454670757,-0.0024495070073410445,-0.010889385283096992
2017-06-01,0.029705164367197504,-0.003582793034390115,0.006543129437500797,0.022412656313724622,0.029937602604201752,0.01702173585180401,0.02126466733955466
2017-06-02,0.010192012335006781,0.0270014682414817,-0.005918174698065115,0.013730493151187866,-0.0023312083278947647,0.018513534309296746,-0.015603571736279753
2017-06-05,0.0019294815059670992,0.052945998648672186,-0.009416241867694401,0.010121592028905778,-0.006399710307172201,-0.02638051100235483,-0.018722514785137152
2017-06-06,-0.017011560827451075,-0.005502945343195565,-0.008233052273119202,-0.016201069471293985,-0.016260501286431278,-0.009154759158745949,0.01427722317416611
2017-06-07,-0.011834184741545926,-0.027124758395199927,0.001905955627711847,-0.004802120988869356,-0.0020712357508869106,-0.008620733664221936,-0.015510520762584475
2017-06-08,-0.03021392602217869,-0.0033161696223362987,-0.011169746927335439,-0.037227076418666044,0.009681856440600631,-0.004338396847583834,-0.0170093336404367
2017-06-09,-0.012863493321662325,-0.008804236757376252,0.0012829031629920387,-0.01972550993100003,0.010683531133941809,-0.03347335011156562,-0.004192845446644555
2017-06-12,-0.02411012580846403,-0.004156885249297321,-0.00901489308194008,-0.01870494441239934,-0.029176004873239732,-0.004505886005232829,-0.00971087793965031
2017-06-13,0.013175343768799837,-0.03536913472050355,0.0006466362193095835,-0.004494524746357303,0.004975494688842854,0.0032206314238427966,0.0038111364771551315
2017-06-14,-0.003671464527004691,-0.00864651347420095,-0.003237308763138064,-0.009049986388085636,0.007973252370621091,0.0032102214555892327,-0.032212318145752955
2017-06-15,-0.005797494119870089,-0.008860285481084317,-0.02561718708441487,-0.0009572790134127613,-0.01617196917717677,-0.014202924586355612,-0.04508691408843248
2017-06-16,0.023506158462391687,0.003231138693728669,0.035297780247168765,0.008108696550047754,0.012830957621335123,0.03387987145737354,-0.01240538023449799
2017-06-19,0.010272258077118119,0.011340602047797457,0.01845422831395376,0.02810507643592977,0.034459118118450684,0.03155227583597035,0.0046126077476225215
2017-06-20,-0.004609502181890029,0.024639936023682366,0.0009453502191378424,-0.016298456514801482,-0.01786451773789847,0.0018254095339597877,0.021398494126254237
2017-06-21,-0.049997427619883565,-0.0367874933817699,-0.03363004589410147,-0.05624761276603502,-0.08723935532744005,-0.03589502025501786,-0.051293312825309786
2017-06-22,0.02029998634327749,0.019750457574871646,0.009401884969390229,0.02839860385646178,0.025664086579105714,0.04255957962536018,0.04768317637039342
2017-06-23,-0.00743109621357328,-0.0028300859140600373,-0.006474572743012962,-0.01263074355303701,-0.019186101866099464,0.012601545698515803,0.012132237350879137
2017-06-26,-0.002667424059043323,0.004298913404490311,0.01226610455594164,0.004390185459766455,0.00525382748534635,-0.017444155606663583,-0.017572041511113076
2017-06-27,-0.007506501847893191,-0.006454863867919614,-0.017476202781300715,-0.00048670146706498253,-0.010706212816253554,-0.009756145381625022,-0.00409929442662696
2017-06-28,0.008574295555401252,0.016674315071261672,0.013940907080538039,0.021677133476419346,0.010706212816253464,0.010969048349118759,-0.0027421395096327208
2017-06-29,-0.006423781860757112,0.005793272543953919,0.004497318742468726,-0.00023831068135277657,-0.008999106069338703,-0.010356433594072161,-0.011044735540473298
2017-06-30,0.0165115789295961,0.02381983571983804,0.022187878563876138,0.016075616192927356,0.003745278583992369,0.017001064075142503,0.013330388452504432
2017-07-03,0.008416577048080815,0.010573916988387324,0.002191943761442037,0.022493809434213106,-0.003233746829932276,0.02144199118689708,0.02953161220152887
2017-07-05,-0.02439139970017153,-0.01666676365315351,-0.014175662081304895,-0.020853207045795165,-0.002731306710268625,0.010551175720589239,-0.009852351915444627
2017-07-06,-0.01896555449129347,-0.015840365667849556,-0.008602903330226947,-0.021775967242588887,0.006644532354403603,-0.03863779738855679,-0.007680158158076302
2017-07-07,-0.014325382279526079,-0.00044374106260850545,-0.0006402195452419571,-0.005278574175960162,0.0006790174362226693,0.009650292711910242,-0.006825943440767741
2017-07-10,-0.0016661074708019053,-0.0033331995342059987,0.003196945891759629,0.01575237325331659,-0.031546214089395876,-0.001802445854406366,-0.010096427986144239
2017-07-11,0.004990250050051229,-0.010854677590547465,-0.004157983260304184,-0.0007106372609388419,-0.005443819928422661,0.005995253389679166,0.02189870302225192
2017-07-12,0.0,0.012522666134399563,-0.005785946763181942,0.011310097197949792,-0.006182167357880352,-0.014449401324493301,0.010325535556363353
2017-07-13,-0.0011069494239589266,0.0022196656838706173,-0.0208477029623515,-0.0234692751833782,-0.029487922621021147,-0.014661115450165373,-0.029920628272013926
2017-07-14,-0.016750541696693183,-0.0014421456733436156,0.011454891702990508,-0.018886541957513672,-0.0003650384805222946,0.004298368178356849,0.013257294824341603
2017-07-17,-0.04432377468847932,-0.0007775200105271125,-0.004566198095106442,-0.02349565207187618,-0.033033227999072844,-0.04576165670019141,-0.02856011765076191
2017-07-18,-0.06756455511360013,-0.04546233255446138,0.0,-0.05742351817451466,-0.006056030884031331,-0.035916335440904605,-0.01317051163450339
2017-07-19,0.0,0.0169488220155408,0.0016331618013255714,0.027964813612767182,0.004167485040754489,-0.01271346029429711,-0.000947415317746298
2017-07-20,-0.00441784240898745,-0.01115180925130548,0.005208340256466745,-0.003356113171856612,0.030347618843224816,0.024610512152845387,0.0033120340558411895
2017-07-21,-0.0038023313267938463,0.014689509284624492,0.011620550896864968,0.0020665972657576705,0.024276557801120244,-0.015227149278115634,-0.05735294138790223
2017-07-24,-0.015355482828070323,0.0026166393069707574,-0.02042538686800037,-0.017966759865455012,-0.009531567237130013,-0.007365232753194223,0.007972114525935686
2017-07-25,0.0038610550990783605,0.00758416035550243,0.025866273291296576,0.011494453225413108,-0.011632253740419896,0.007365232753194226,0.015267424135009337
2017-07-26,0.01592888594204075,0.002927389146708217,-0.014143615357310188,-0.006776297463006064,-0.008076447078633059,0.006648995719269844,-0.019245537092762745
2017-07-27,0.008183950846432746,-0.009943616908208773,-0.020936302694767425,-0.004981019563920332,-0.004247851034094748,-0.005982044306804112,0.0004981304314430928
2017-07-28,-0.011983697121576925,0.00011384757672536101,0.0016515028589527082,-0.0148268826598252,0.009578273030109538,0.0,0.03762972156570435
2017-07-31,-0.00572705210077427,-0.014410428721263786,0.006578996277562753,-0.031705623035718784,-0.00367311280085274,0.013245222875130833,-0.03167143086582132
2017-08-01,0.008261967531830837,0.009401866136357555,-0.00558936442833766,0.01963012171995846,0.017870704511192093,-0.0119127265660741,-0.010950893201576392
2017-08-02,0.006309009236390121,0.0006843427874362231,-0.002310603260977252,-0.006501094913311148,0.010249117454273406,-0.0006660629981718894,0.03298363300938384
2017-08-03,-0.000628857238115852,0.0050052098637054,0.00789996768931492,-0.001087415051184431,0.003036497235182522,0.020442538165107618,-0.027991030507690435
2017-08-04,0.002513938600693687,-0.0020447545382276545,0.0006555378016999935,0.007857984756009368,0.010114533916666257,0.024501491475679975,-0.021138210580036405
2017-08-07,-0.0006278484344016045,-0.005015218171248125,-0.001639650952581632,0.008064648266755164,-0.010649700803643912,0.02577953683671109,-0.012797676988273322
2017-08-08,0.00044677030704575214,-0.0012579086444801815,-0.0022999745986545693,-0.005907786651438703,-0.0295177801124144,-0.04442357014345626,-0.029275491163837604
2017-08-09,-0.02389514115127322,-0.03197012470880632,-0.01691863998790857,-0.01629104551592182,-0.02871190764873776,-0.014379306917722197,-0.002656138482681745
2017-08-10,0.01363208940468699,-0.005211514023230851,-0.014151182426131672,0.005732222987701212,0.009974724495972727,-0.019276145960058708,0.03962997150499114
2017-08-11,0.010901074495372682,0.013329780314834953,0.031069822414040323,0.03266659147619699,0.02970418183467557,0.04269950360394466,0.02773054611128908
2017-08-14,0.06958797477892698,0.12403886266568483,0.07109591553258007,0.10517623009034291,0.10532417100722173,0.1323248977016057,0.03709549089699659
2017-08-15,-0.010164877002281377,-0.005292816443870745,-0.009542863022673412,0.004259472440158357,0.01397261759137721,0.008973610630243904,-0.01156654378531884
2017-08-16,-0.005423133234284573,-0.010986213177092608,0.009849254083125493,-0.0023641739444236224,0.005791531812928662,-0.00279559349834805,-0.01612539073857697
2017-08-17,-0.026325231268154323,-0.0034781657090850993,0.00671545272412624,-0.013822845322866137,-0.03476484051607659,-0.014096601430006126,-0.012391693089246472
2017-08-18,0.017220719057346845,0.029029731778849828,0.04258497674777322,0.018310001405966485,-0.00516190567561203,0.016333762801738413,0.005471272080190552
2017-08-21,-0.008573417921265645,-0.009375903911311398,-0.0061412413029187,-0.009945712592237432,-0.028791162748857402,0.01055847005926903,-0.014992736759102322
2017-08-22,0.020694495090599212,0.02180984612123059,0.013982154479927117,0.01581903140624705,0.009235586498667514,0.004962888468256602,0.01796449775315576
2017-08-23,0.018502440753341867,0.031603455033937626,0.02202922610349127,0.045784889484654284,0.012687305069096896,0.0038429870186984572,0.008372344674844998
2017-08-24,0.016422855427903532,0.025099086415586565,0.014885790557532684,0.010461916888270917,0.054306058916417106,-0.0032931532333080387,0.0029383833011606152
2017-08-25,0.020156053877674763,0.013026060178503555,-0.0022327114083246233,0.0008855242661527127,-0.012012637181824607,-0.0038556269484471433,0.023678340072536143
2017-08-28,-0.00916408066757501,0.01834557441197269,-0.007854250670913684,-0.004879143446235932,0.008823338357012335,0.004405401295650758,-0.012010768106952226
2017-08-29,-0.015072430784931742,-0.01995275891777972,-0.003950326668505043,-0.006691871935330101,-0.012212945337827217,-0.008830173627320295,-0.018044811170370566
2017-08-30,0.002916195941525303,-0.015927051196964116,-0.002264309388903792,0.006246870519616617,-0.007953907161799379,-0.03325180101598986,-0.0029571143051199626
2017-08-31,0.0005822200714852962,-0.00202077785569544,-0.002553559351679024,0.014134605732843367,-0.005720409353638432,-0.003444452277022667,-0.009920780346130871
2017-09-01,0.013873256201050387,0.024831593585928412,0.0062304763807165655,0.009168568669655482,0.015289862738136525,0.038357754097464176,0.0
2017-09-05,0.0040102472990069,0.00981780335381698,0.021229907742895543,0.01037618397020186,0.012033839416410182,0.01483147608956609,0.0044764916467929265
2017-09-06,-0.0005721339570312704,-0.013112266406403367,0.007983549889940966,0.01430580887284314,-0.011065824512861467,0.0005450382691102824,0.012330573637363479
2017-09-07,0.000572133957031284,-0.0008488429544614598,-0.012971099835910292,0.009074330492694696,0.0073908257520008906,-0.0005450382691102099,-0.01133851320495771
2017-09-08,0.016444954521882355,-0.020303036233543306,0.003050913735819584,-0.027906595911793747,-0.00916625670484841,-0.03439061516817535,-0.006465958702292592
2017-09-11,-0.008472386081993827,-0.013865573855824384,0.006899433903695033,-0.025378739824541172,0.0008074160492987438,0.015677919081893067,0.02366966732269442
2017-09-12,-0.004548191640643874,-0.005875327530288186,-0.01887896983068308,-0.004219017937466089,-0.008917760386013709,-0.027599642292133145,-0.014233418792672415
2017-09-13,0.014144763149329005,0.018006155691591755,0.024911376753946536,0.019610999973950136,-0.012290199455723747,0.0,0.006896652328701057
2017-09-14,0.007276714643445465,-0.0022208845678351177,-0.00273754036110384,-0.0019659614515868,0.005918097103600852,-0.006301960157964725,0.013167668141833167
2017-09-15,0.04204847938558222,0.004822096766841884,-0.013800936858123032,0.003927280870576819,-0.004599955280623666,0.0005745378626045225,-0.017595705330062567
2017-09-18,0.03209925113637389,0.0024021362637349224,0.00305260708301854,0.010183333107305743,0.0032878668972342305,0.00401261205643378,-0.004943243577035167
2017-09-19,0.026572919084783136,0.009171894321852845,0.012117984508055157,0.030150967437733427,-0.006917056373470528,0.051836612697802924,-0.00198412135299674
2017-09-20,-0.010136697351677909,0.00502748541865,0.020859498804893906,-0.0058736085007286745,-0.0024819688840587214,0.026268015688863573,0.0004963995294250468
2017-09-21,0.0,0.021715598045135398,-0.002953435185002383,0.008171687706445878,0.018385267213158963,0.019387406930348874,-0.0034799825263103147
2017-09-22,0.016169744490665564,0.05371632715762062,0.02862644038840768,0.03223774341316181,0.014212142752462935,0.03718289606041889,0.020700620547608375
2017-09-25,-0.024354263945210626,-0.026317120308415525,-0.021926696469424956,-0.0020226938093648346,-0.014374783199688566,-0.004510134566910624,-0.012764096080442709
2017-09-26,0.0015396600095242338,0.002698739228938058,0.012475310573630452,0.01626727447854461,-0.00440206879282497,-0.009588885910646772,0.03781358804304581
2017-09-27,-0.014462882147467732,-0.014297461452706902,-0.009807869956828757,-0.01707733208071426,0.005540182786231806,-0.01790773922616472,0.043748201412001066
2017-09-28,0.02008820077493992,0.027418787930791264,0.021086686050948846,0.02580388479841138,0.0074470002742485055,0.024982152662869763,0.00045526831191685703
2017-09-29,0.03900494427475343,0.03981047111381025,0.03611609950298087,0.01761646785494764,0.048790140730431614,0.022405614304613283,0.01401157137836228
2017-10-02,0.011216881126070676,0.02057913858040717,0.012500162764231468,0.004645799533136667,0.010847239594703342,0.014177838937089673,0.030064061259182345
2017-10-03,0.006766727802945411,0.022452719119727405,0.020898080511608425,0.009035864489952843,0.003640311801858536,0.022559036202922437,-0.008309580420014171
2017-10-04,0.0071993857404602495,0.004641942354437908,0.010889418563315894,0.013496999765310134,-0.0024254015095462236,-0.006188865184531691,-0.005284096441270155
2017-10-05,0.013301692911804002,-0.0030922951850955584,0.019779075103941404,0.01629421141915266,0.019537787605376257,0.03472890087596649,0.00879132240443155
2017-10-06,-0.011390762435244488,-0.003428957051894588,-0.00876893281613046,-0.006710178694593332,0.0014871875380083042,0.0018430839714448065,-0.026609108918186936
2017-10-09,-0.0004773574927316769,-0.013170917587165069,-0.008366213057177021,-0.011473877279806088,0.0008912293944893226,0.0032179550846735366,-0.0008993647522211928
2017-10-10,0.01985904776892353,0.02406989439497127,0.01595466561936727,0.0035878213261215882,-0.0028249934629417375,-0.01759326082096992,0.020040774017028563
2017-10-11,-0.011299718682507823,-0.0031597042645089453,0.004713582773877926,-0.0009426299606004498,0.004456929324622655,0.006981680473986645,0.004838518911232149
2017-10-12,0.020155320332249916,0.006148209582448473,-0.0028255006747987888,0.012748418750116324,0.006795698982006471,0.0004636553731812961,-0.012806663316492125
2017-10-13,0.016110730955075113,0.022410279635103857,0.006580488712377566,0.018091638228096642,-0.002653699190206782,0.009688850612929784,0.013245269732904595
2017-10-16,-0.004118030306104686,0.0022842882452943115,0.0,-0.005135727304219715,-0.013674383492415239,0.0,-0.0017560060204179638
2017-10-17,-0.005516987091896603,-0.009645888716844853,-0.003754988037578735,0.00805846879389031,-0.040934247612396446,-0.031245293594881995,0.001756006020418071
2017-10-18,-0.0041581099135221036,-0.010060794078531133,-0.017313359284805173,-0.02120079527886654,-0.007040641927921147,-0.008563285610867737,0.0008768056481916645
2017-10-19,-0.010237606385384443,-0.005633409723979091,-0.003114919786006468,0.002233165452099182,0.010775440387462322,0.017053863537419323,0.004808736984596892
2017-10-20,0.0060620062906431415,0.008758360679221025,-0.004087974255911345,0.003340997463867913,0.03390157142662559,-0.01181204818767831,0.00130738614979937
2017-10-23,0.03920295111714614,0.08036292997578935,0.03201218219735935,0.05725085356140078,0.048218014120757755,0.021627596578237197,0.0530122782441417
2017-10-24,-0.0022376166620925904,-0.01009085021714019,0.02557449927503563,-0.0001747356407327466,0.017305413722623186,0.015690154124122908,-0.0074626972633615035
2017-10-25,0.0,-7.463939844105092e-05,-0.0077643724223883425,-0.008612385731888848,-0.028818032982839418,-0.0358929872330326,0.028714018863216798
2017-10-26,-0.004490372355924986,0.004167670338981153,0.0038897654338715614,-0.017809886732109384,-0.00916032976692265,-0.026937627110330237,-0.010569249050939634
2017-10-27,0.001349174413948385,-0.019876764028236852,-0.011021914785591152,-0.011749073600492667,-0.014863082319844999,0.008737879804024209,0.0020413060498047264
2017-10-30,-0.013119091233822546,-0.03656978464984218,0.0006924126939906257,-0.004190602395612341,-0.014936798175394558,0.007223657101841608,-0.0020413060498048357
2017-10-31,0.0036362321649866403,-0.010585487731458714,-0.005553037922451757,0.002371011482191959,0.020554862719121728,0.018069928687006694,0.00367121423796841
2017-11-01,-0.030403283734884323,-0.04233892639875859,0.036003019324776064,-0.014679446868366159,0.006319372821305777,0.017749397962876258,-0.0024459780134566647
2017-11-02,-0.002341480167497587,-0.00806874170950511,-0.0067370394593164636,-0.019410870206769366,0.009622410317845628,-0.024368696181445847,0.006509438132054483
2017-11-03,-0.006112864759514965,-0.01159281850218051,-0.0006762672217371297,-0.008136847115026448,-0.027806122933329992,0.0,-0.0020296267995631462
2017-11-06,-0.01377387473364789,0.04089291767081906,-0.001353735743896787,0.03381267978804791,0.006987335719913297,0.02390537812659242,0.022102573864341533
2017-11-07,-0.012512126462722479,-0.033568585756633844,-0.0072513276514042605,-0.027939853864294588,-0.021564214873247348,-0.03009140346849951,-0.017642898262546818
2017-11-08,0.013468048157843557,0.04220975282881616,0.013104525836453397,0.014439777426165075,-0.003943498294668282,0.023119663674497686,0.0036341537605729616
2017-11-09,0.004290998010864355,-0.027141898359771946,-0.016293580584348866,0.011293604065835558,0.01553222421110332,-0.025509269109313667,-0.028620014970286052
2017-11-10,-0.010521581081341776,-0.03232734725817329,-0.025885492789530996,-0.03446036836971741,-0.04608549285339487,-0.023234275747199558,-0.033315387886731385
2017-11-13,-0.02433213883053812,-0.02777588610683615,-0.018431494956582015,-0.016910482792257448,-0.02218090856006712,-0.0004898817555026769,-0.006884687003179104
2017-11-14,-0.036111944305167946,-0.1549551914829779,-0.020967123424147225,-0.02611291837514976,-0.03920785986913664,-0.043049628007075215,-0.03470576512634835
2017-11-15,0.04981075404109975,0.036316394679129935,0.034234348592606094,0.01147143723544428,0.04064866945347481,0.02873896452220197,-0.004929500310729429
2017-11-16,0.01829591923223284,0.05907743077352266,0.03196189720149039,0.0720691143538114,0.03474377451898483,0.03946933268125748,0.032702850738697595
2017-11-17,0.03146583467683666,-0.03815592403006893,-0.005256543852028749,-0.007346459089180972,0.0018523487767710522,-0.018809494255873933,-0.0008700248974082723
2017-11-20,0.023756316245281472,-0.042996998783858084,-0.00551467071395345,0.03566958792550142,-0.019151940102377044,-0.013232075074337673,-0.010059095538466477
2017-11-21,-0.0054325079395086415,-0.023814537148846654,0.0018415754600066359,0.0132522786276256,0.01606270448459316,0.024367588553665668,0.009188397282023397
2017-11-22,-0.01878609142371141,0.030558412973900457,0.01642375461986053,0.0014034524881804062,0.041811635786894126,0.011012772997145164,0.009104822222016784
2017-11-24,0.02241066670221017,0.0538034127819242,0.026787332312243395,-0.002632650267633791,-0.0011876757680199905,0.01793347869603406,-0.006929328278468373
2017-11-27,-0.01779621917585302,0.0,-0.004415034939592467,-0.03614651960892481,-0.028323635187350402,-0.019363100094128404,-0.010924428746554112
2017-11-28,-0.0004606209900611392,-0.02541760964169434,-0.004656823556743842,0.020381404849686917,-0.009211089213739778,0.002381533111969508,-0.00793993980935747
2017-11-29,-0.017189871254521608,0.007770481049053093,-0.0033396785537324358,0.0012490847127352193,-0.013977518234416257,0.022113337235716766,-0.01202959758079022
2017-11-30,-0.013682701477003586,-0.01766828671229258,-0.004470297206595216,0.018549715415826,-0.003446617954740475,-0.008880539890324606,0.016889321870338102
2017-12-01,-0.015801087812758765,0.01582834629139987,-0.018539977197288407,0.019243146955706707,0.0007843633063876092,0.0,0.010957777607113021
2017-12-04,0.009128353686819947,0.012905822675343404,-0.0038870099602721633,0.0,-0.02492785549449356,-0.01275712856114759,0.002177220105526389
2017-12-05,0.005246919705985357,0.016795764785873586,-0.004592447972323124,0.014658681006890915,-0.0017700641767122334,0.01463327003772598,-0.027338474663940814
2017-12-06,0.03321903669424949,0.061050982379593985,0.037049626546645044,0.00892773042239498,0.021351992622698285,-0.006110530096102002,0.004905147403574316
2017-12-07,0.01461914773777209,0.017028534050786373,0.0577373411674638,0.044765289527928506,0.0034624085193479875,0.028354197176998636,-0.008487850491013808
2017-12-08,0.01753244660596739,0.0331265350350111,-0.016250235274471943,0.04115533144261111,0.019602402487262215,0.014559003293480595,-0.009918982764647503
2017-12-11,0.007104745547577212,0.012300735290928769,0.033475897799703655,-0.0015400711597059816,0.005377572435684086,0.05106735228429795,0.0058731372614547715
2017-12-12,0.024476920970421492,0.005639516262207996,0.0039018930826347762,0.005839978851241963,-0.012179305642356418,0.011097094292694452,-0.007687190987178726
2017-12-13,0.033123754946060076,-0.022497149664652313,0.010398672980801884,-0.0033770654939599964,-0.008411278704737042,-0.010667961638250376,-0.010036637402886696
2017-12-14,0.002503382250921467,-0.02102660886444446,0.019683293870742365,0.005061409869977625,-0.006906299933158743,-0.006455739097228719,-0.006901227845285579
2017-12-15,-0.007108562938305747,-0.012079248015856832,-0.01482691690215985,-0.0006122108006235867,0.00015746627957646022,-0.031581621008482025,-0.03094479491945966
2017-12-18,0.013339166878237805,0.014925990660792934,-0.013003014856888017,-0.0036804449075885505,0.002987636922514576,0.011519942952960138,0.004750587480321596
2017-12-19,0.038184902481602355,0.011475614002849667,0.06146629089653386,0.015095093569312643,0.021743328500891217,0.019629860878313185,-0.004274511881207984
2017-12-20,-0.0035937874111136568,-0.0021310253032650658,-0.006753493473110172,-0.001514336812663889,0.017211679231103467,0.02516651340238043,0.026768359864472385
2017-12-21,0.007571479210582833,-0.0035905663122402726,-0.016790722269423457,-0.016966419102932714,0.01692032964725765,-0.006762473476423799,0.021092134500363135
2017-12-22,0.013798844688950786,0.002907572129841024,-0.0049343827639397216,0.00920661767582112,0.001187147071893867,-0.0033984165626611967,0.001360143929406942
2017-12-26,-0.013401900606379653,-0.0013672912589218489,-0.029924949617903124,-0.00015268558404140227,-0.0016326624829126881,-0.018901062410254684,0.006323397749845716
2017-12-27,0.006723401502653493,-0.003082740973179845,-0.011895095415051772,0.008215428706787537,0.0005940142057157877,-0.007399304637379586,0.0
2017-12-28,-0.012693950814400548,-0.005073619963995405,0.00842326167312513,-0.005926412455512407,-0.00506034677448151,-0.017184778309593134,0.006283750057273559
2017-12-29,0.0059705493117471675,-0.001034936061776631,0.016636611738352958,0.003651171629887681,0.003871965300438481,-0.012072624553550647,0.024747181563165084
2018-01-02,0.016138902278850047,0.009105908015766936,0.007017542064206568,0.020442672289327828,0.02755971624528479,0.03143939204089145,0.03136659700253486
2018-01-03,-0.014949232942621609,-0.001626038740654715,0.014480061719794877,-0.0043243995964214795,0.010642957302867679,-0.009636549122664286,-0.0016933932776633286
2018-01-04,0.014949232942621607,-0.013191641495369534,-0.008503963378348021,0.03797302665823016,-0.014554650323914058,0.007017551584423575,-0.013222585589889459
2018-01-05,-0.0027370016724705035,0.007436235883062603,0.010864364675320438,-0.010993998497410508,0.00578958810696395,0.004796236003339452,-0.012095140435514086
2018-01-08,0.006245016801126068,-0.025830323421926357,-0.005911407396741411,-0.03057163877217458,0.007906250243374859,-0.03451680485626308,0.03165352428672058
2018-01-09,-0.010561289498608068,-0.0014154512549640669,-0.006940999198524653,0.006576854818024134,0.0022883829537149124,-0.017715611060029515,0.00042104408398198725
2018-01-10,-0.005125264720379538,-0.013009034101251966,0.012852406595266028,0.015962418450250395,-0.0017157960877688242,0.009578270880599031,0.007129384293057841
2018-01-11,0.00630407224531145,0.019626537908268578,0.01984108359453596,0.011226885293712012,0.002287074527553574,0.023329809411234876,0.03288415323668803
2018-01-12,0.017134597851194772,0.00692351212822683,0.02171933746245711,0.021941094283639197,0.006404304991200131,0.01975925346277237,0.012856705032822326
2018-01-16,0.02666799234335078,0.008695847135679207,0.05374975874733175,0.017714825357290125,0.005940693480030341,0.01852296207825422,0.00874414285033883
2018-01-17,-0.004521421196937945,0.005267448426436814,0.022254509095572965,0.005697204010459595,0.010381656610092802,0.005533154037612343,-0.0035678812934027693
2018-01-18,-0.005300942480345509,0.0009469689256284645,0.0008729679715200022,0.009789790249507161,-0.006581291201039186,0.0016963246472963662,0.001983650979148953
2018-01-19,-0.023042591917782164,-0.021306198699964543,0.0283890295196559,-0.01131495451954853,-0.017574117827045887,-0.014081733108624159,-0.009557987619124655
2018-01-22,-0.004672624699438165,-0.0026401716076382776,0.007267847397883032,-0.03200845979663586,0.001714216379595369,0.009835513911935365,0.011537941052510894
2018-01-23,-0.012569082145353145,-0.054140858477659655,-0.0003368781820802445,-0.004595609911630689,-0.016695782756081412,-0.007689023798118386,0.011014948515605744
2018-01-24,-0.00039515695804182537,0.003807087054863635,0.009222824407553853,-0.02271173762191613,0.010252043782838498,0.007689023798118358,0.0273990355454857
2018-01-25,0.0015801268738744872,0.00027813398547422985,0.026193741263590562,-0.010659093726910268,0.004872413535052191,-0.0042644208773452074,-0.0034319059605205965
2018-01-26,0.006297062330481225,-0.0005559197295534586,0.01692904990317453,-0.018021253512981103,0.007122537542834976,0.0017078192859482568,-0.010752832111821656
2018-01-29,-0.01981082885206594,-0.023069387279086386,-0.02509236054233534,-0.02066969101605405,-0.013720368441938123,-0.00770878277931743,-0.06130048637745399
2018-01-30,-0.00843872195992322,0.0030311061164223566,-0.0014765018300548925,0.02686350527389974,-0.011870430616649112,-0.03678178933430261,-0.019064003704868056
2018-01-31,0.020372361607633407,0.02622984680750022,0.0022958257164965522,0.04993716739818914,0.0263003138501889,0.02118352767576086,0.0104059685797988
2018-02-01,-0.017149049577863798,-0.03697522491030335,0.004086642436418364,-0.019676538549099752,-0.014142051973121784,-0.001748126210420739,0.018462082862817863
2018-02-02,-0.07472705055018362,-0.03670763081349312,-0.04487448959405493,-0.07255835521311851,-0.0693937706120071,-0.04885579891993408,-0.059025345886028494
2018-02-05,-0.030812425796508697,-0.041925870078765866,-0.06685025559434606,-0.03729336672676844,-0.04075774917862351,-0.025588876697200398,-0.027986081139109588
2018-02-06,0.038584316140010046,0.04578650981536527,0.048599036603136754,0.04885247981139228,0.050578288556305535,0.07619280182755539,0.017582899523334066
2018-02-07,-0.024380587130644327,-0.01884888642281373,-0.01505631779926763,-0.021347598011558094,-0.026144248218330498,-0.017621499327971316,-0.03909876381973413
2018-02-08,-0.05759933881306103,-0.03974023417657071,-0.03190232559973084,-0.04444444658148166,-0.04258687191260891,-0.07280976733290896,-0.02942731655818306
2018-02-09,-0.006087553248670975,-0.006516155709492576,-0.028821529365438324,-0.022476664590401242,-0.03562886257411715,-0.024190739909167314,-0.01457139453710489
2018-02-12,0.0776913979780004,0.015484731219309631,0.038066557248760347,0.05783667115073724,0.0331724999230058,0.018918776784103277,0.04716540813177149
2018-02-13,-0.01975071282691029,0.004247768321173582,-0.01784135383773762,-0.006424486648430079,-0.014866502943566152,-0.003369434073122997,0.028936080890720004
2018-02-14,0.05350737089313785,0.041115458424272465,0.03074940750428806,0.037167025795258456,0.015849747174593695,0.026173308267320526,0.004378107244245086
2018-02-15,0.03711775903296205,0.048038779459751824,0.013446807887356086,0.04789539245938292,0.0199471393058016,0.02275471566833044,-0.0013113868827604562
2018-02-16,0.0020222257763421896,0.02012697497080964,0.017422042983506168,-0.008173365594060032,0.026148412186673672,0.010050266895409209,0.013037952689747417
2018-02-20,-0.010560785230807553,0.00793892770128622,-0.005021236593809916,-0.015336113587074502,0.006858989180961479,-0.019739117508339062,0.004308563898582814
2018-02-21,0.0004082876831447892,0.011609333182211115,0.011391214672055531,0.012048416968684425,0.011430427889741102,-0.013535619669400674,-0.003014069441508603
2018-02-22,0.012976627792148825,0.023177272691939393,0.006841102717492603,0.00582122117348328,-0.003230509401655488,-0.014198135416057866,0.023861385920963166
2018-02-23,-0.008903229264361151,0.0044300928966741135,-0.007699532443829631,-0.036681842241898785,-0.015058907669047104,0.005229460757996375,-0.0004211399612137173
2018-02-26,-0.01970513069901741,0.0068724365464910625,-0.011053642300337318,-0.010086041030209322,0.016444639483887722,-0.0042766420447582255,0.010892487335907407
2018-02-27,-0.02137097736491173,-0.003077745728628535,-0.017166358734069298,-0.023033211447114538,-0.03635054401693592,-0.01729152462692968,-0.02275699536741486
2018-02-28,-0.005521561044319409,-0.003794690817862472,0.021671622238466838,0.004458594366394518,0.010476344422070025,-0.007294017061648678,-0.015031453937515128
2018-03-01,-0.02676005726083621,-0.013349902691645557,-0.02308601457314093,-0.028198038986833852,-0.025103300901977096,-0.020710778818407237,-0.011314270756885661
2018-03-02,-0.018098161746256218,-0.030936845845356817,-0.03639386424627318,0.00016333951458033776,-0.018301147270321092,-0.004995041942222421,-0.0145473528223322
2018-03-05,-0.0008914168011436256,-0.007979014411069197,0.0051244398819963064,0.009108692340275875,0.012455128735592666,-0.003511301262126801,-0.0066829199949317965
2018-03-06,0.01372612039875262,0.002418934321144458,0.014138401052208994,0.0075812495409392005,0.006007957114039867,0.01595243333836269,0.005794428758624364
2018-03-07,-0.02448358042658321,-0.0022330163903854124,0.016777095548991695,-0.00855312647290233,-0.002755971349872004,0.006899970900804191,-0.0022246879380722643
2018-03-08,-0.013611820078078124,0.000465765596444486,0.01423451437375293,-0.004711325583012837,0.004858358572547209,0.02282216134386286,-0.004016866566245257
2018-03-09,0.0297051062183461,0.016251350591588432,0.015066505786279955,0.035355072218485765,0.025677143045237764,0.03768697184840016,0.005352273149267355
2018-03-12,0.021930556536656164,0.02790869842013338,0.012299458251375682,0.048925116601370035,-0.0004724589394367841,0.004612476532677536,-0.02022088698138536
2018-03-13,-0.0052194792861950355,-0.02069885067591007,0.013490916614307765,-0.024086589405794275,0.024738720369871046,-0.028473215596316187,0.0004539097963172248
2018-03-14,0.013858938912305243,-0.004648411974120267,0.0048458764659994324,0.0027558894308327927,0.0004609169585918105,0.003780763092563505,-0.01970283866034812
2018-03-15,0.015788740192707363,-0.004211424065710689,-0.017827605615674133,-0.0007645576620051594,-0.010966193704411672,-0.009478897749019971,0.000925066466769719
2018-03-16,-0.003817407610909827,-0.001009621196546251,0.0015260732424333932,-0.000612555902075577,-0.008891716002834475,0.009006940016583753,-0.004169554785840297
2018-03-19,-0.03239340776038643,-0.013126512743777624,-0.025222255359963346,-0.03521719769993137,-0.030384901001809007,-0.021947498476735706,-0.015438944049345349
2018-03-20,-0.0017576466978620055,-0.013772463440574773,-0.014527218165471041,0.014642620731409801,-0.0043707145164278965,-0.013598814195832467,0.005641745949996443
2018-03-21,0.011368789027831642,0.02974191327260587,-0.003886265593040794,0.023632432580875825,0.0017829749580463182,-0.003919802300193101,0.026828625387083856
2018-03-22,-0.01312928774792387,-0.01606258500113436,0.01980264583019375,-0.007661530428052523,-0.007314145011915261,-0.04467501206544233,-0.029645519705188233
2018-03-23,-0.007073153104917666,-0.011041583262855814,-0.006615641548239914,-0.025077493692044647,-0.004742072843749723,-0.02232110772138328,-0.018027088338158647
2018-03-26,0.013659524958553996,0.02159442360363485,0.006094898776542867,0.019678859100452622,0.00799941716005056,0.036592599372220765,0.04812891506592129
2018-03-27,-0.006586371853636405,-0.0053549397746447775,-0.01134883792104678,0.011532563401050175,-0.01589808507578759,0.019544543430235227,-0.01888145825027175
2018-03-28,-0.0035303228786392883,-0.010048413558657762,-0.002989573743842534,-0.004750544303948029,-0.010796512347661429,0.0004962012434515302,-0.004659825557988749
2018-03-29,0.00836461852503067,0.00958534196798685,0.013122400110650106,0.01008689343035538,-0.004687028919714482,0.008888906696611111,0.009760767483730507
2018-04-02,-0.0026339744398471174,0.005725739630381527,-0.021434366002077435,0.002733836796690272,-0.01232394357276441,-0.018358318448723532,-0.015381372848372345
2018-04-03,0.021309655999539233,0.008436789287310547,0.02108665288543589,0.00740334776903317,0.002375287728763943,0.05409368931164979,0.013529347341648687
2018-04-04,-0.008209216235650635,-0.004484353194412186,0.004164532861891754,0.0006018441242769905,0.00016948464556230592,-0.001424296892078505,-0.014469284896508875
2018-04-05,0.009069517986799723,0.008857902446934336,0.006042288192986286,-0.002711621465300476,0.016968039657996366,-0.0023780299703631373,0.005158169540162029
2018-04-06,-0.0025830100452000336,-0.014561521019356056,-0.015087409172544574,0.0025612331114876503,-0.007188868459558208,-0.01005032522970494,-0.011762037575767596
2018-04-09,-0.01739151770383503,-0.009733162840078616,-0.011069270172198973,-0.007400149887061625,-0.005552264946199759,-0.030771625467390547,0.008482678959711009
2018-04-10,0.019544469388345437,0.016536488403199205,0.00967045869021714,0.014895381080359081,-0.0005062657901756832,0.0206193721659989,0.027766708781082637
2018-04-11,-0.0008606719699733809,-0.0022930637765612326,0.003842083055406822,-0.014592393443665566,-0.016852925287123226,0.022580608501459765,0.012247876833400288
2018-04-12,-0.011255351792746152,0.0039411474961317475,0.019505254242041244,0.009051453788128628,0.012284768267011779,-0.01628382326509979,0.0067400622552611505
2018-04-13,-0.013146425518887122,-0.016323531323731034,0.0034129855935049283,-0.016962581540061368,-0.0025469327752723186,-0.017535683440916015,0.002683356170079073
2018-04-16,-0.016904485514288442,-0.014516592356753037,-0.03643078158117001,-0.025681932788590815,-0.025134721005466883,-0.007398346167187044,-0.016209305363373897
2018-04-17,0.016904485514288446,0.03111454042066155,-0.009764822343742223,0.04174293081282437,0.029206692636166234,0.00739834616718707,0.028196092267079028
2018-04-18,0.0140168950569902,-0.010295003666976804,0.016807131928146816,0.0055459236947171964,-0.021565137089561443,0.0053908118730220346,0.006597844724871809
2018-04-19,-0.016667339998058753,0.00479262638480207,-0.006159253425338279,-0.01840456576007705,-0.00833916484278765,-0.03278981922460821,0.009164421625854006
2018-04-20,-0.0013276174256878122,-0.025046655249931372,0.0017636419523001058,-0.01456970089182587,-0.014763012555793853,-0.014754815712815682,-0.0188560960608027
2018-04-23,0.007500612258364228,0.004233948075438351,-0.019573551220750923,0.0,-0.002481819923538893,-0.010822047462040853,0.007936523874911732
2018-04-24,-0.005288732416121116,0.0008447288381075583,0.006269585594388122,0.007541615612146025,0.014449585235612688,-0.013562952829129275,-0.009708868409789606
2018-04-25,-0.019184135285559296,-0.057931425101461625,-0.023670838486927456,-0.05370116484559177,-0.013739845761281651,-0.0021031307879726354,-0.007120612658750272
2018-04-26,-0.04138520043142195,-0.06086030911027879,-0.04124871633501918,-0.041118587625309067,-0.03832722833389054,-0.03317589449451216,-0.013489369769492936
2018-04-27,0.016760124248758432,0.014056591496210191,0.005700172033837185,0.046121610575280025,0.007893575951214555,0.019397190277408192,-0.00362819799761949
2018-04-30,0.02687471253026374,0.009537797914465636,-0.00627195855870016,0.028564202173507795,0.042071939908438244,0.016931686096286043,-0.005466966660526977
2018-05-01,-0.02272822332375594,-0.021483941191841344,0.0198213045136213,-0.0368080899112727,-0.00017536839279147563,-0.019068284883271606,-0.01426299563978042
2018-05-02,-0.05772627060093401,-0.02292587487523184,-0.029977616772973767,-0.07147686386722178,-0.03170908336600638,-0.010752906376441164,-0.04163321963621196
2018-05-03,-0.035700544216336935,-0.03333998753256171,-0.06320395449477538,-0.09158629562338935,-0.07593353280130508,-0.044206077665247895,-0.052056389061092244
2018-05-04,-0.042274400883668496,-0.07789845053841814,-0.0039059036113877504,-0.0007647769357007665,0.0250687880885026,-0.04684301326439774,0.007604673210784727
2018-05-07,-0.03852802630520995,-0.02354162487958219,-0.04056456832630782,-0.04297508856057237,-0.03883229243548508,-0.014912308432811536,0.009550180171194035
2018-05-08,-0.06110945563355732,-0.12011567119198308,-0.0451929842585693,-0.06899296688412485,-0.07032298196508892,-0.018805412543108208,-0.03460913996252226
2018-05-09,0.010544922423640503,0.039434710583222995,-0.001347437265752274,0.0769452434017575,0.06972888788025344,-0.00245251064692468,0.03910127196214755
2018-05-10,0.04054232053567902,0.0493380018157101,0.02704667645395849,0.03521391352411483,0.0793720333787395,0.0824481230372707,0.03570932702036101
2018-05-11,-0.039959712760051606,-0.03068139284604686,-0.059012903919674335,-0.07925030184300148,-0.04185183264083078,-0.02518738130548484,-0.00240548132558706
2018-05-14,-0.06186300980879156,-0.022832484146882322,-0.02347525726229806,-0.07281055284735558,0.0017157596949301088,-0.011661935805267464,-0.011628094115656077
2018-05-15,0.06128040203316408,0.03918879620553022,0.044141929474080605,0.015345605727375406,0.02129546331363135,0.0011721838799094422,-0.03168581319470017
2018-05-16,0.031548410437574,0.05434724300367732,0.015336347112993481,0.014026125819252378,0.006875413653064994,0.054714710748353323,0.0
2018-05-17,-0.0005647614240677797,0.03999563292877906,0.023228546628569678,0.024719027401689526,0.0036968759576997494,-0.012277102376650556,0.00951193118413918
2018-05-18,-0.022858182071485558,-0.026112810733275472,0.04698709187882965,-0.010672454068730379,-0.002031593817638493,-0.0022483551632119497,0.000996012852495631
2018-05-21,-0.006960669832885283,0.007178365510825061,0.0008342214225378144,0.0019294011085772378,-0.006305661696563478,0.0,-0.0004978824210526458
2018-05-22,-0.018801792694084198,0.004429767234108773,-0.002922744986430355,-0.018154734566553494,-0.006532892467112077,-0.00961270234019861,-0.01454739089014411
2018-05-23,-0.03194020805182291,-0.0180878946379268,-0.009241872874597054,-0.03529389024976213,-0.011488978362317692,0.0022700475136234167,-0.010668185657270516
2018-05-24,-0.03362702293225573,0.001998575041981522,0.021088622148844785,-0.017550322113899067,-0.007224386275694543,-0.0073968423199367184,-0.02325087807559407
2018-05-25,-0.019182102123581096,0.010549313018689482,-0.0020683003863302307,0.0039015800602044937,0.00019075306215220918,0.011921723210239996,-0.006818883949572358
2018-05-29,-0.06260383469938961,-0.05872837026035375,-0.03905506317787025,-0.05799418510039389,-0.07012447353899302,-0.05212530945467356,-0.010582178642248075
2018-05-30,-0.0034422222856580953,0.0,-0.008648735551124935,0.018754960127726324,0.002656608684819454,-0.010759236433940295,-0.032435067722826436
2018-05-31,-0.010398526065353814,0.0287782765009377,-0.03289111969573697,0.007357103162194618,-0.026888884221793398,0.0018012311522386491,-0.0022003201632928592
2018-06-01,0.0076362479650808135,-0.017193487413950128,0.008046462669723862,-0.0014194915498026823,-0.0010487517659802741,0.0077682571557368746,-0.003309424309167611
2018-06-04,0.0433083146943598,0.025301736548983916,0.008423926539387042,0.07260112732402642,0.011268840031960917,0.0011897481259646285,-0.00943672813526613
2018-06-05,0.10310654206890715,0.040312053860779545,0.014029151720750518,0.04773079947111593,0.031456861366852995,0.045898391894293455,0.015495664237289843
2018-06-06,-0.004790730939485914,-0.012561711521447538,0.0015225603190902447,-0.004418688302875039,-0.01662649209016972,-0.01257169745847482,-0.035208997313519744
2018-06-07,-0.026149056874739927,-0.012100595798923001,-0.015551712039840758,-0.0027453086137781257,-0.015868451755249296,-0.030951305282125256,0.025275172601608473
2018-06-08,0.05280161263473345,0.01160956359475747,0.034284152405727394,0.05532418051426796,0.03269605244381921,0.02807193310634977,0.0033222515175090456
2018-06-11,-0.004686410768302052,0.009531973727338883,0.004894137615045814,-0.014713630509017328,-0.008682544033880215,-0.017452413173857716,-0.005543233614423724
2018-06-12,-0.010625925748654107,-0.02114153732209642,-0.017127355520862433,-0.046761736097368826,-0.015532749063362859,-0.014779996735336679,-0.015122271948741639
2018-06-13,-0.03012275476267921,-0.04575136384519341,-0.012822084520815406,-0.05017429521471594,-0.018711516899971053,-0.03453844113679179,-0.011921541295388086
2018-06-14,-0.12838942686305224,-0.12801062850223596,-0.08701140733001962,-0.09891805792315755,-0.07946581943815845,-0.058392215482855885,-0.03191475060549667
2018-06-15,0.022688918949379064,-0.046900303335760715,0.00855316711208188,-0.011176576439486474,0.0054385287692439895,-0.029852971898689552,-0.008883655466216268
2018-06-18,-0.09029211527001321,-0.07358381740864073,-0.023699533806204934,-0.0735698076544888,-0.07068923583781425,-0.03424987355173766,-0.035728785726270446
2018-06-19,0.040822091719691506,0.0535580195155278,-0.011696028891390823,0.028880169586400856,0.03550108761032606,0.03626800367327309,0.022555100296609305
2018-06-20,-0.023122599882961864,0.0324943538435772,-0.007380088598126028,0.012973177002831383,0.005136537242558219,-0.014213421921056032,0.017329328880648
2018-06-21,0.11322440717143101,0.09660255263416005,0.046789307274876075,0.05954743156221443,0.04016975821851116,0.06849293884177256,0.009434002107179769
2018-06-22,-0.018445889730555623,-0.006828771448326213,-0.03403151758361121,-0.017148932099232843,-0.024916403329754366,0.0006363239566641731,-0.017762514926237087
2018-06-25,-0.07165591755791367,-0.0538651656596494,-0.036999917375587894,-0.07648660057497536,-0.04383683172395843,-0.030354413900224468,-0.07825219286909481
2018-06-26,-0.008608478738878196,-0.024652005859987603,-0.013498200298524138,-0.008034387241986152,-0.0171605198300485,-0.03809335412568981,-0.008433304668880922
2018-06-27,-0.11760296504407695,-0.10467152004234313,-0.058879338367086684,-0.11560049550330508,-0.08095727675663593,-0.09571902093309217,-0.07085597135358151
2018-06-28,0.07491807777476817,0.045152375947432086,0.007316126732679523,0.060606856320772874,-0.010629956977544647,-0.015867334392731792,-0.014794163980385152
2018-06-29,-0.07329867955325786,-0.05782903135761967,-0.1310660331532037,-0.06514482997655979,-0.0453629640012327,-0.0783938885498125,-0.036867225058949765
2018-07-02,-0.06173760055254536,-0.018541449656480843,-0.0711056854179845,-0.004254092295037776,-0.05222068959119687,-0.014938059470404282,-0.030656653474252282
2018-07-03,0.12975908171253245,0.15565937638370814,0.12035007829005873,0.07308526969884363,0.1257693648165902,0.12850203661534504,0.08789690711117847
2018-07-05,-0.015232461951901742,-0.008339481772428202,-0.0336692327476297,0.012656751742396147,-0.012019979549058602,0.021819000659827923,0.029464247559320846
2018-07-06,-0.003844857674421588,-0.009314852982476717,-0.03264840195896223,0.01001114296780808,-0.016432989831251944,0.012156062950018648,-0.00949807151314434
2018-07-09,0.041500005359691165,0.04182987141504133,0.0771001645297961,0.007717685564659976,0.07091513087512089,0.03834555264788074,0.03877491738292426
2018-07-10,-0.008909157092914696,0.0023131252703792004,0.01438873745209967,0.0032895026917367284,-0.022150345916390354,-0.027038046201064377,-0.009222761394406236
2018-07-11,-0.00673363107713248,-0.003616916476017038,-0.03340910720879414,0.0027329174242229836,-0.024476315274798502,0.027038046201064342,-0.021405431705432104
2018-07-12,-0.022012359515222405,-0.024058767678800566,-0.015181072381250304,-0.03612512521851,-0.006017010696068709,-0.018640426051770985,0.02272824299567282
2018-07-13,-0.002305140199244684,-0.020247944834448726,-0.00601688831832018,-0.017699524152394574,-0.0013128329510231668,-0.0066681762060731104,-0.004637226355736456
2018-07-16,-0.016285437581074133,0.0007571525986974405,-0.007876390907813892,-0.013045397601437107,-0.011362264960249783,-0.02013008174516781,-0.0006642932608461767
2018-07-17,0.01859057778031879,0.01889662806955659,-0.03528689478612008,0.0279114748949386,-0.0005316442793350669,0.0029007220516997748,0.020388671678809946
2018-07-18,-0.0007675807787549885,-0.0031246061281027695,0.016560312362180595,-0.0036960703058303624,0.020266529698865967,0.023614599233672526,0.011650642988702813
2018-07-19,0.01069505451275886,-0.009884800779630042,-0.005905180173218904,-0.02188419961357747,-0.024529788074105847,-0.008522745258942515,0.0
2018-07-20,0.02328321905484454,0.018195979742632512,-0.022380791120751982,0.03630563868167112,0.025050768994666833,0.0204737838493159,0.05142212272363497
2018-07-23,-0.0052106256651047725,-0.01714283978125941,-0.04132686452708189,-0.014136500514092556,-0.016012957742003633,0.011809670886722676,0.0030514459718484215
2018-07-24,0.027237864567137206,0.02244947037617044,0.05839425108008886,0.022801975064753018,0.020948637915499356,0.02320929012629351,0.0411876562171774
2018-07-25,0.04473583392997071,0.04372281320555034,0.031464670147350375,0.030695341535610775,0.041619795079426494,0.06719189741543959,0.006992900307318732
2018-07-26,-0.00836835211111341,0.005053209038283631,0.007261692101146539,-0.00867423841375087,0.011615136610957894,0.029834422891995005,-0.029465912974923205
2018-07-27,0.0013998354479830262,0.0013990930568692488,0.028530996457281525,-0.007652298618354254,0.03595508239210201,0.007321607224023946,-0.001196768671033882
2018-07-30,-0.021916796474704604,-0.027212537717803367,0.011362085261941959,-0.015482756596776392,0.005436712385551919,-0.0018254321030455284,-0.01447559439887548
2018-07-31,-0.026069662503386153,-0.018708365138506704,0.0005792197487727454,-0.007270734795222877,-0.006385185322620105,0.004253949653925941,0.008469589874927502
2018-08-01,-0.014037855345962377,-0.022352761406517135,0.0,0.010330838173836695,-0.03377888096215239,0.0012122485010410491,-0.03307111801942346
2018-08-02,-0.010471274288495423,-0.0536599975224206,-0.023730463722676325,0.014067263278133204,-0.023086548714703527,-0.018337982053488786,-0.004368107481909634
2018-08-03,0.027439669921571708,0.03751193366451468,0.01559080840179858,0.023014404633607502,0.0035096398970895976,0.0012329738302690734,0.03381823156952962
2018-08-06,-0.023687453274467946,-0.013324044622676017,0.015064029924342082,-0.004291657303394407,-0.011578258962181648,0.0049170827643925585,-0.01645883290940893
2018-08-07,-0.07381983619727961,-0.08273165280282643,-0.025332522190532336,-0.05981860908675638,-0.02928540598069275,-0.028608870709113166,-0.016109402501821895
2018-08-08,-0.0048504582245923735,-0.08599168807271011,-0.07308767212511949,-0.038992463858156946,-0.03907477086297581,-0.05046349821162846,-0.03043991544220536
2018-08-09,-0.010590665056718794,0.02255778852493255,-0.03420796210233073,0.0073908616213279816,0.0035178244472510423,-0.002657870722265185,-0.010356109470809716
2018-08-10,-0.11532905867968035,-0.08564970389699918,-0.011889132982063903,-0.0604036090239001,-0.0495603401510881,-0.029026559871158573,-0.01112209451149122
2018-08-13,-0.08534153771670928,-0.07506532043153999,-0.08128934423579923,-0.05763701662520539,-0.07238450267986136,-0.05635293979261545,-0.026668226446708198
2018-08-14,0.001000274215968395,0.013322490561101945,-0.012692840720671849,0.011861679214893466,-0.009196852970156223,0.012243532153969281,0.03322566941018705
2018-08-15,0.010940039641327094,-0.006015072597815013,0.014492993780954163,0.030642600129247986,-0.021794161019451135,-0.007905226504229382,-0.019136184900731528
2018-08-16,-0.011940313857295558,-0.004169109932486369,0.02311219413646634,-0.01407570417153172,0.007525838855967318,-0.0007216797018666825,0.014550474725580837
2018-08-17,-0.01006063736934188,-0.02239221925590752,0.0017558998854127397,-0.05803058827917819,-0.01542602203343166,-0.001445159865365059,-0.022577312662720818
2018-08-20,0.0,-0.022904772437171195,0.010471273376341742,-0.032971819432052414,-0.0003173164796700915,0.0159582682594836,0.04593981754266678
2018-08-21,0.008056741056922624,0.005449171262816458,-0.022472834779709076,0.0021149276070550737,-0.0034970822674771293,-0.03322570205896057,-0.0038560336859732136
2018-08-22,0.005999817893835107,0.043601021138888106,-0.005340928427787514,0.03290338071741209,0.01391548500302525,0.021538122603800416,0.03728716365986212
2018-08-23,-0.020141706528961845,-0.02785547944651885,-0.005369607183981486,-0.03219954754143161,-0.02480256524236028,-0.016296585672634475,-0.0043519938856204496
2018-08-24,-0.03414716360339089,-0.0444130128723424,-0.05231395507713235,-0.07372911408358657,-0.04376417891351443,-0.01504928048206464,-0.03680613003193242
2018-08-27,-0.028832774534315816,-0.012380793384144967,0.011282527931930663,-0.022989407909382656,0.014028288908158028,0.048826290951862125,0.029301488691407557
2018-08-28,-0.06953458127382436,-0.03808888558882086,0.005965709312495582,-0.0714876950709676,-0.011676542611435383,-0.028562883299320677,-0.019011979605098348
2018-08-29,-0.054906653953583566,-0.09910531053214892,-0.115323252626507,-0.08829891255651194,-0.06552332582827308,-0.04094584573420058,-0.01677465829942799
2018-08-30,-0.12671826513686835,-0.11350568664738793,-0.201273434101043,-0.1556677469847722,-0.0697352966956114,-0.15634600942702015,-0.09264616791871602
2018-08-31,0.17111701383788394,0.2390813281521375,0.24334623916898832,0.1785952590666588,0.15650780515260582,0.16174930336923155,0.07690818807376046
2018-09-04,-0.07302518341409227,-0.16695001473353832,-0.17387729911734429,-0.11578516613564546,-0.12884930672492417,-0.05702251634966296,-0.04737013401777977
2018-09-05,0.05047198468549251,0.10405994566714248,0.1085918356763556,0.07357315713514304,0.0896548725299803,0.06698051511969888,0.03339318115725717
2018-09-06,0.14294084652877548,0.0783520051400348,0.038119792232422074,0.12736976170624242,0.04280154430099504,0.11370969013818139,0.024496474808429078
2018-09-07,-0.04034516127378329,-0.03583326820233895,-0.0136563233116885,-0.033619775911641794,0.006850491434199246,0.02086919788047656,0.011056987746752997
2018-09-10,-0.054548881113851054,-0.018409870009760205,-0.03649113495888747,-0.030429294734557574,-0.0022782660450085925,-0.030438580524172903,-0.042278416031131014
2018-09-11,-0.01964250102355321,-0.041834568540596154,-0.0060684794599085105,-0.03363126748152684,-0.039885670967478935,-0.047108868808968196,-0.010173060942287104
2018-09-12,0.037783654921477026,0.006683797521731205,-0.023313160290234926,0.008514247439888795,0.00406094766067352,0.033277309262335505,0.0115216745041287
2018-09-13,-0.019285792869869547,-0.02094325864228234,-0.0035666522882589684,-0.05079986011721264,-0.0023668546304867377,0.013831559546632583,0.002691783081560972
2018-09-14,-0.004592799186356975,-0.008603183903582173,-0.05934134478950118,0.004683666809558569,-0.011576572693735165,-0.006891902840411693,0.0013431792716759583
2018-09-17,0.0742724762690431,0.013128371668961521,0.01365043599872444,0.0991262374251815,0.04060276126928614,0.09052066815915909,0.005354748152639796
2018-09-18,0.025317831609156953,-0.002511269999126191,0.007916226710155645,0.015120210935266476,0.01468937004150976,0.028078031816008254,0.05771462279960593
2018-09-19,0.1442807244256719,0.03167778042066613,0.1548130909083358,0.040438374451682,0.06583381055125373,0.0191896545467999,0.03467834628877331
2018-09-20,0.08881329317533905,0.11753926784018259,0.06647346024839218,0.11804975727387611,0.10938763049821108,0.054873645768388414,0.04230596230086257
2018-09-21,0.0008248925413976527,0.04923359324617018,0.04364331748837241,0.057039702875001784,0.02683284108157469,-0.016974325905683308,-0.005851373225220418
2018-09-24,-0.06294582750176181,-0.037605281964084455,-0.01433714917890209,-0.0488908949157301,-0.05356727674863786,-0.053968918913601185,-0.03220315370320383
2018-09-25,0.06459301404697672,0.0014974675300747377,0.0007217088147076654,0.049226962818003435,-0.016333734368063728,0.00311054633998987,0.002421417977137391
2018-09-26,0.019560653040205718,0.007453589313983747,-0.027429037858906005,-0.01693823810204098,-0.06753381753991053,0.011118064828876836,-0.01768884141402847
2018-09-27,-0.032816903575216466,-0.07281923637365659,-0.06589895597066586,-0.08109659596699173,-0.015304860359163683,-0.0653579202188636,-0.012384139665166076
2018-09-28,-0.027051276594316553,-0.05753428533793813,-0.009950330853168092,-0.059536834004749926,-0.0431766760201901,-0.04905246217668477,-0.03809978714591536
2018-10-01,0.024546281262239907,0.015589785393821606,0.024887682763595986,0.01754097916517923,0.03481371433669994,0.011639956561601002,-0.016313586610627182
2018-10-02,0.048949230254379236,0.055994269354574785,0.018937828906348764,0.07264424390300733,-0.004676595345142008,0.0074602460296225,0.031090613039819023
2018-10-03,-0.015242915165063509,-0.011997917714134523,-0.05833022264358828,-0.03398860365439869,0.007782140442054949,-0.0040623564736091975,-0.001276320263476084
2018-10-04,-0.08078391459584655,-0.08158101615251569,-0.06194446777818635,-0.09836305055598847,-0.06899285881353873,-0.06517185636240364,-0.05445755032055776
2018-10-05,-0.018576520862033853,0.01203486938984528,-0.045040746403701704,-0.008237485401591148,0.008930122263045957,0.005055976939213933,-0.018374120547609826
2018-10-08,0.0,0.011167937316663778,-0.016393750681431618,0.028136484282207736,0.004271376922077209,0.027009477066283944,0.03972242885833981
2018-10-09,-0.058840531318210446,-0.06663309162240602,-0.004140799570158064,-0.054111787109348074,-0.007239232367582222,-0.04152348903597123,0.005266682021812995
2018-10-10,-0.06554910202389631,-0.06834794692952996,-0.014395483117380316,-0.06759916482651301,-0.029152703868179575,-0.027419298900197956,-0.04498911088015288
2018-10-11,-0.03393602162495266,-0.0013824577940553977,-0.026541817814695015,-0.01740761907009037,-0.027578418982080962,-0.0120939276234383,-0.029270355994083078
2018-10-12,0.08805648262898977,0.09596422522517128,0.07046475194230514,0.12860916160083843,0.04677414900995995,0.04534413436076133,0.04155722666397513
2018-10-15,0.022728397531571264,-0.003273634389260694,-0.00628647722643414,0.00849693227713261,0.021449416040134166,0.021568082918332062,-0.006807356267861029
2018-10-16,-0.007518730722451116,-0.015248091510899259,0.03974031079671342,-0.024058212820392257,0.030227399457644303,0.030124805790206235,0.0020470110775706886
2018-10-17,-0.04338045625907884,-0.043439399091589954,-0.033901571606178904,-0.04646103551051717,-0.04668596761479914,-0.01951284665214365,-0.003414127011150519
2018-10-18,-0.019901397526449236,-0.03013688610769494,-0.0013444181818687718,-0.029839914963971693,-0.024866865624957584,-0.0177498077860662,-0.022830456732329515
2018-10-19,0.013972589319220075,0.031205956368866025,0.02348881294633456,0.01940948869270311,0.023538436049498963,0.0,0.0020971629269236573
2018-10-22,-0.01699194787271444,0.016165732579688574,0.0008756768348555806,-0.004378064561461153,0.0026551599867676665,-0.01297788035371319,-0.015482314622009039
2018-10-23,0.012023930636976394,-0.0005259672723311316,-0.02840853734979814,-0.01503142413124204,-0.030284939356630503,-0.016831683397681055,-0.007832052488441044
2018-10-24,0.02362316896822994,0.03463801404122962,-0.07040885955663184,-0.015712767166703844,-0.01306762299173871,-0.03224877524853675,-0.043088086053984745
2018-10-25,0.04563546447841291,0.06919596806072167,0.05177619766951906,0.055019119541960475,0.03870141150915487,0.04690109788825591,0.07820407746781176
2018-10-26,0.01292689106625151,0.00896868709616736,-0.020858177255752248,-0.01640791566583699,0.004982558591000742,-0.008032154483163413,0.04255960885682844
2018-10-29,0.010949212177186531,-0.01730077002237563,0.00467292340023039,-0.029153902130229267,0.025516555698671544,-0.014027593905081175,-0.024775273308359977
2018-10-30,0.004527029222547986,0.0299087620645664,0.025317772416017542,0.021725492295439137,0.009003298494692573,0.03002782546771078,0.00810265175922641
2018-10-31,-0.009074397579577226,0.036227065655515325,0.035718049139821954,0.011338773069388847,0.05813605234828781,0.04720853394471691,0.008704413010679745
2018-11-01,0.07884976461932855,0.08222593385879388,0.04292504612301107,0.1454399861679576,0.05836571700627579,0.03250117099497839,0.04433586184684665
2018-11-02,0.05251430976690957,-0.006202017766162313,0.037117725901019076,0.005608632056815082,0.026428371143740574,0.03534398763562479,0.005089114592075874
2018-11-05,-0.01855637908332115,-0.030531685506177245,0.00605449337136405,-0.009365112343530293,-0.0008328270935736825,-0.0032206079591043405,0.01947903257982959
2018-11-06,-0.025568460176042945,-0.026870782419645335,-0.020325902698825483,-0.00755585165501305,-0.007246361909635986,-0.0025839753417810215,-0.003116228154109574
2018-11-07,-0.0008356958603653576,-0.0382812567689095,0.01224501981854719,0.0007579948029896191,-0.022631778630742602,0.018584349964914766,0.01732705187837988
2018-11-08,-0.0025117423541828558,0.0027349523447254636,-0.026723054665308093,-0.01450382985687422,-0.0014316175794349061,-0.009569430538186654,-0.035595278943002365
2018-11-09,-0.003358223409024761,-0.009604469452953113,0.004158025977282852,-0.02925904562647313,-0.007477806855453723,0.004477065614106463,-0.018608175061861118
2018-11-12,-0.026418177577974628,-0.01178806386595309,-0.008333413348840165,-0.043696417349236585,-0.03585459769632798,-0.028480898377019257,0.006455779786334851
2018-11-13,-0.04684915446182179,-0.043479925095900505,-0.056371105741811214,-0.042235770349681755,-0.08228931765915339,-0.0449890291249932,-0.038037313986483544
2018-11-14,0.039916398052801796,0.07303196487647637,0.0985645725421961,0.08236259749838847,0.0669114075998239,0.04498902912499331,0.036749550206273275
2018-11-15,0.08338182666579651,0.03678680432748948,0.003203844264367103,0.04581580409490343,0.04428005041756856,0.02911892245934539,0.024818248164702832
2018-11-16,0.016660345220109722,0.03211569105241981,0.07841122304656402,0.019170304685548426,0.004061490488528123,0.017072778096159084,0.0006283968294729497
2018-11-19,-0.023886285659163658,-0.018286418065832647,-0.006304492654236729,-0.015760489341656116,-0.009015660055902657,-0.0012547026685907027,-0.012642413973802832
2018-11-20,-0.04112431657157746,-0.06128197708621838,-0.014992770651808117,-0.05560229382437091,-0.059894469468870684,-0.03969789744744292,-0.05491577198416167
2018-11-21,0.01830338941690986,0.05568702712488977,-0.004162681591155716,0.04035810627793252,0.04369622873511325,-0.0019614903646194494,0.02061928587632169
2018-11-23,0.0,-0.011939941388275541,-0.028853702964952977,0.019019198990398563,-0.014053190614331018,-0.0145024617000135,-0.01927610660464583
2018-11-26,-0.030127589897176163,-0.016070893878861063,-0.008230537898511265,-0.028666289065096856,0.010483914698642212,-0.02079916530350489,-0.015556636857365753
2018-11-27,-0.04696547584310991,-0.001332676128291882,-0.012673424867086924,-0.05827664961606069,-0.01864723946066297,-0.03028449691498782,-0.006153846041142501
2018-11-28,0.02723049274961798,-0.016806970263190796,-0.004393880087728274,0.074430974360591,0.008765385532075256,0.019377728199047244,0.021710482898508236
2018-11-29,0.04655936248458958,0.021684441610690698,0.038866512862481994,0.04658925797557169,0.054178151109634455,0.036343160184674504,0.02190594854318541
2018-11-30,-0.021739965609613998,-0.018525885168882098,-0.00850737212496137,0.0036350437118866027,0.0019934419666453223,0.006587625459933004,-0.01721891333134887
2018-12-03,0.03977340265160186,0.051372833950393194,0.03247660301887533,0.03564167119487816,0.06338206866827513,0.04619170055550449,0.04378352198047622
2018-12-04,-0.033033615952819284,-0.032846948781511114,-0.0018815111766223324,-0.04329050930202138,-0.030638185004767664,0.007495334814745213,0.007008607697215836
2018-12-06,0.022416670664202224,0.0,0.016807147052331016,0.022415909022393446,0.016655691797424058,0.03425404316750765,-0.03357321634634312
2018-12-07,-0.016556760241569303,-0.059450687716763075,-0.009302392662313561,-0.008257234888091956,-0.0333134469455824,-0.021885262917950562,-0.01588386847549308
2018-12-10,-0.029650499773458145,-0.033650680523550025,-0.005247365415493409,-0.03821162167198896,-0.054067250935396445,-0.03566226521891584,-0.03047980868228185
2018-12-11,0.024629677928578828,0.010862974083732055,0.010839164500240493,0.05819793043736007,0.022210098716010214,0.013287168560704945,-0.013850659847401033
2018-12-12,-0.027212431256263315,0.004551593586965497,0.007038389302869015,-0.014952158314063208,-0.004925351749039757,-0.010742643185495719,0.004869559442079081
2018-12-13,-0.0069205267535719095,0.00095535432711095,-0.011882787097494988,-0.0032332304140272705,-0.016398650920143285,-0.014720235186552497,-0.003475768060353166
2018-12-14,-0.011348568652770482,-0.0031088955308189183,-0.0011213115178697404,-0.009399659627881432,0.006474455331894413,-0.005171299951006037,0.0020869505397348716
2018-12-17,-0.06905585681248592,-0.08520582733779491,-0.013175435727172507,-0.07974030885033297,-0.045919507314261365,-0.024935691655781418,-0.05206170675636813
2018-12-18,0.02508224190570957,0.03837778401880886,-0.009135951463915017,0.028695323626420778,0.00122765825497838,0.009917416037607638,-0.024454713631632114
2018-12-19,-0.03168926860010926,-0.03239660715767441,-0.029100016917181684,-0.004213579237555412,-0.050970421353940025,-0.03958919028921715,-0.018932801085539498
2018-12-20,0.013170559776704584,-0.023876091400934954,-0.005527033022613918,0.0011509287581958,-0.0395047698994865,-0.04479403220751492,-0.024768988379413635
2018-12-21,-0.04883700131638022,-0.030738678431020384,-0.002378101190631384,-0.04349372248116744,0.013342413138424778,-0.005743004402208285,-0.01024046115428974
2018-12-24,-0.0359678080624249,-0.02298945964085593,-0.007968199924551575,-0.016149115129650782,-0.06114251446550028,-0.014503563164143253,-0.019308594193692175
2018-12-26,0.0678391967625508,0.07474823359050739,0.05069308530641295,0.04652033241583635,0.053492401049171974,-0.005860810485118745,0.06448770394253894
2018-12-27,0.041886165259816255,0.05439554779337164,0.018459807556122563,0.023042379477913995,0.025058954605474238,0.028252529895857727,0.010606142435051388
2018-12-28,0.00363959690434026,0.046665527083115124,-0.007117487602115994,0.02178094614573951,-0.009488015301537724,0.012775238798886092,-0.015186326969081756
2018-12-31,0.028650348916261725,0.03849753634516873,0.017145372877967538,0.023858423360499325,0.044680399632901324,0.05621763268806534,0.024188685056421355
2019-01-02,-0.007975417303783627,-0.00794680247409462,-0.012644280035954223,0.03247386346099951,0.04577668510323575,-0.02908559096717738,0.024346446797073738
2019-01-03,0.015011411243159436,0.011107623247479837,-0.008267589978457232,0.006998103905935118,0.0032978777262296184,-0.012431073210218961,0.0029111554355129793
2019-01-04,0.037837750154348725,0.055679657634435414,0.027174556882486378,0.06806246110348678,0.056443097376156645,0.07495143891196923,0.04754358369421396
2019-01-07,0.03074592142796665,0.06420534770453552,0.006588614873162141,0.017436727191621232,0.01292887318202321,0.012812448407153265,0.006906074408558452
2019-01-08,0.006525498576896845,-0.010250577418653406,0.014847270777817476,0.007017682500094976,0.018811074086636306,-0.014102768461749203,-0.02086310810080662
2019-01-09,0.0335762104710558,0.02138607473725106,-0.0025193353331990046,0.028515088418612528,0.012797925556372616,0.014739168559894853,0.013263789160958635
2019-01-10,0.020233923743215698,0.03459341150449631,-0.007959496096209459,0.03252065572754447,-0.031888349907225166,0.0,0.0027700327947315743
2019-01-11,-0.01474572010589719,0.015542192270149508,0.008319799787392583,-0.028820423339513797,0.016620944466947844,0.013270308792067219,0.015099819675005188
2019-01-14,-0.007062054994726108,-0.0032025312337550485,-0.014514028821106075,-0.01238796753381265,-0.016900266203975244,0.0025078330309655436,-0.004779822515468734
2019-01-15,0.008624627073168809,-0.004728029015451275,-0.008810621045141976,-0.009078064681110942,0.0061280806911836435,0.009968844090291744,-0.006868128902339102
2019-01-16,0.0015597100025681336,-0.05454111733628838,0.018630614543954146,-0.008209800850653188,-0.002502438591565055,0.006180541561956841,0.01300942914129604
2019-01-17,0.008537188066501101,0.033661129333205704,-0.026775836134570172,0.006951083776346049,-0.015995843280397944,0.011638762420958761,0.01753250541790891
2019-01-18,0.01609848242632755,0.0411471019580729,0.020968202684223537,0.04464345418261654,0.011811216890655655,-0.000609197638525321,0.028987498330910078
2019-01-22,-0.05630878957984483,-0.02064611649990124,-0.01725760910665695,-0.022226554853382537,-0.022618980085908662,-0.022182138864111613,0.0006491433139715454
2019-01-23,0.009607441744759677,0.04160280910011827,0.0036968759576997494,0.039244527415438296,0.00028587052157958337,0.018519138840895292,-0.009781611992390013
2019-01-24,-0.0039916625842162864,-0.018174104199093353,0.024782620081429542,-0.00802541623072203,0.017850057925562504,0.0006114325381448259,0.025874675483571138
2019-01-25,0.018232424396448867,0.0187197513584106,-0.01962988916456364,0.024467290170796307,-0.029350981223172,0.005486198190113133,-0.0019175561409732933
2019-01-28,0.02482681605467032,0.004535148284742207,0.02429856920219566,0.013019126185825711,0.001155985689107759,0.007871592286838055,-0.017425446014649962
2019-01-29,0.027958158849818004,0.026082190522184925,0.0017898425403361387,-0.0011503282386473624,0.013484675048082005,0.0012056062872454715,0.019981371289610705
2019-01-30,0.012587872703138573,0.0077290236296176686,0.012793373428111467,0.02304169419081721,0.0017084677235722644,0.004807691270990419,0.014571007383944417
2019-01-31,-0.0029474159866710956,0.012519854768935015,0.01576493542506445,0.026364841557566333,0.014124527994788236,0.008952592228879364,0.02790887406324479
2019-02-01,-0.0007384143876841628,0.0018987429111329565,0.020980948706342855,-0.009079611570514469,0.002241469561616344,-0.014965889787115398,0.009132414100622191
2019-02-04,0.02335871366053875,0.02956913287245312,-0.013018312194471337,0.024031766164507896,-0.0028026496278538977,0.0018078332573879053,0.006042346032821523
2019-02-05,0.007905348811792959,-0.0006702883532112669,0.006872905415825075,0.006454882009726267,0.0374596416248741,0.0024052246906165657,-0.0018088733570645857
2019-02-06,-0.04165780135252798,-0.040173020309832816,-0.000342532240365815,-0.049742133896216685,-0.0005408452533046029,-0.02554884572231787,-0.028153604333733897
2019-02-07,-0.0180725933897397,-0.007880112773146236,0.0,-0.008204936324569938,-0.021047666059887667,-0.03766922482070968,-0.03473667659848188
2019-02-08,0.00832410050071748,0.00979720914527664,0.013272251541479391,0.022194868917455226,0.024288255708088843,0.01775572721217779,0.0032081708317957354
2019-02-11,-0.006046954540303739,0.0031284745934707903,-0.0071246809183732485,0.009127539841237493,0.03860868460294208,0.030333429488840585,-0.011598066915437548
2019-02-12,0.0379367949412017,0.024176186474732575,0.007800600432465747,0.01204158372599367,0.0,0.012121462181250046,0.025593218297935948
2019-02-13,-0.04478374441566191,-0.03815746208160935,-0.02013376819443623,-0.043363992484686344,-0.013580790376689416,-0.03182649255810988,-0.009520847626845123
2019-02-14,0.006846949474460259,0.022449542602489395,-0.006918075463862895,0.0062303580901881565,-0.005537234680594738,-0.003114225231923625,0.0031836576141097985
2019-02-15,-0.04022214665074723,-0.020164208855026566,0.006573299427267848,-0.01823402675227498,-0.01652927337292173,-0.023352358945712165,-0.01666701654829541
2019-02-19,-0.0660654348598014,-0.09092989957842527,-0.07331250432202654,-0.06442343493916018,-0.06928097829100323,-0.05109162283152358,-0.03151939134179339
2019-02-20,-0.021304770609096975,-0.018438102348430654,-0.0022288780817614645,0.011888626026962923,-0.004620275365727772,-0.016943849908199284,-0.022942967461790104
2019-02-21,-0.011260336412640732,0.012071645010393706,-0.03096923134328952,-0.017732079988080386,-0.021355193684590427,-0.013764813447873775,-0.004789568165929202
2019-02-22,0.04346650162857089,0.04558709625969548,0.027989716088381165,0.037831540472354167,0.01758540313908248,0.052643694370805495,0.02439138562447146
2019-02-25,-0.010058769979256676,-0.03404167012951275,-0.009745213375779363,-0.006256626222796944,-0.019361117575850004,0.016949591324067897,-0.022335941526490318
2019-02-26,-0.01699250661505982,0.021575547121667673,-0.0007535249204991307,-0.01293426528403835,-0.0014821179230921737,-0.005184705815423461,-0.009628603205903771
2019-02-27,-0.03221872341792636,-0.02272429135945164,-0.019410703354377782,-0.04299405451407113,-0.02492989941380938,-0.023004649888952084,0.0020710532256345135
2019-02-28,-0.019661283508356647,-0.03330045185821187,0.017901803966546052,-0.03440310198697045,-0.03151327903403337,-0.03449783969237542,-0.02514098633334518
2019-03-01,-0.03770573720923175,-0.07801509689183618,0.00037743834850914116,-0.05065637960161867,-0.04395257014582215,-0.026500871388113027,-0.028696386138952697
2019-03-04,0.013960348604716812,-0.008384694826246456,0.004142374934345505,-0.02332561870059707,-0.017869403458150246,-0.0028308523444161675,-0.031795607251901926
2019-03-05,-0.005560597359879488,0.014361453959393635,-0.005652983840141791,-0.0038820544279127953,0.01491324582860029,-0.000708892663813569,-0.022797385888940015
2019-03-06,-0.0427211596767149,-0.0719006903596313,-0.04088496508038265,-0.0737275864679132,-0.03208828386261025,-0.04126541932307008,-0.028061074664869474
2019-03-07,0.0048379640915958005,-0.010805935262184601,-0.04221729381129104,-0.02583488161165577,-0.003402534085705852,-0.020157414832109213,0.0070893965693249695
2019-03-08,0.029483444340281974,0.029383551649268553,0.014271409327461503,0.03379712140610342,0.02557340651272919,0.044976231273883144,0.007818689240538574
2019-03-11,0.01211043860728803,0.06474920386971428,0.023210321918098662,0.03670482398894635,0.019085802017871915,0.04442039545046522,0.05970796908147119
2019-03-12,-0.032944395961992466,-0.03926301038610637,-0.008341696443011618,-0.011349115341768206,-0.01576903680239536,-0.028683336906915855,0.010945006932314504
2019-03-13,0.003820620519709695,0.028262288277660304,-0.007607665857522772,0.01715667672365975,0.019348042027257026,0.0007095443377465477,0.01655311203611651
2019-03-14,-0.018278386996441947,-0.006830725526592058,-0.022765189590112297,-0.01311486026462648,-0.025659324591848394,0.004246207719720583,-0.0007140344572814379
2019-03-15,0.035291723831436674,0.05500252960235462,-0.012412208840177632,0.037781230217847565,0.025983998129639026,0.02027335723544983,0.023297898237741473
2019-03-18,0.05382075407953468,0.0418836355041293,0.04636859005809601,0.03708595791467427,0.06413262402186401,0.037355779289680174,0.024811745697946367
2019-03-19,-0.027004302818995966,0.009095417183254588,-0.009584728786731035,-0.017159045687311313,-0.0445209805380156,-0.020202735840399624,-0.026208334125268296
2019-03-20,0.0,0.010539339141330673,-0.013330834547423799,0.001383586254534614,0.01076641664608544,-0.011631992008108199,0.011118937839470735
2019-03-21,-0.04192513207150667,-0.025874838409172585,-0.028043087344910414,-0.02768676526504549,-0.02681297413119753,-0.01875702298399063,-0.004155218890090161
2019-03-22,-0.08848288218946133,-0.09536878987052148,-0.06971013083493197,-0.08526850752767642,-0.07837258137526901,-0.05773611982302099,-0.04615654702119862
2019-03-25,0.032722668471234354,0.019815268973563616,0.013363278903890498,0.03908668367780738,-0.0035050993616218065,0.002967354997693032,0.005797147961488517
2019-03-26,-0.03168380068703209,-0.029981229849456274,-0.10979512960488333,-0.0531165438438324,-0.03138628392614115,-0.03007739122409944,-0.005797147961488464
2019-03-27,-0.0522224181218613,-0.07186933664373685,-0.05846643852772721,-0.04947703728405334,-0.055497380457272955,-0.04608397141726924,-0.02800478292040199
2019-03-28,0.02057432348859439,0.03014115844111208,0.028388963877231534,0.02484326554945211,0.036107686265432745,0.037651509493374306,0.02290456293276794
2019-03-29,0.01910887688129957,0.03649743763525242,-0.0025477332028399345,0.0262021783067048,0.018302121613949313,0.013002068112250636,0.023105772706314
2019-04-01,0.007333910569441585,0.01604188279830247,-0.018538152357797474,0.0,-0.023858706355954055,0.010582166344355869,0.030923013433430558
2019-04-02,-0.03397358826983213,-0.044412714921069664,0.02514886349170614,-0.03549710952333198,-0.008955275124830494,-0.05248122957430285,-0.009037233613334195
2019-04-03,-0.03628782968636271,-0.03221279736698313,-0.03454842662687754,-0.009791659894897954,-0.0339273770932274,-0.013562205848572035,0.00765225115543773
2019-04-04,0.014452636696096538,0.012230424165809944,-0.0026267016658304007,0.00897927101388989,-0.015237696386570604,-0.008874585670621256,0.003458965742074737
2019-04-05,0.004405197737429516,0.04528893085525878,-0.023956469957015204,0.014522458773377928,-0.007905134213245376,-0.013872167944647837,0.006196199679041136
2019-04-08,0.010929278584522816,0.03975187111300413,-0.009201693156487114,0.01982597115627309,0.022367017634954352,0.02915188617373577,0.033741439962129735
2019-04-09,-0.03991656256328641,-0.02776794102979406,-0.04732296628633343,-0.04579098545644063,-0.04768486831528572,-0.06002619688422892,-0.02281983762025472
2019-04-10,0.01793768871388612,0.03615890538310585,0.01471437529569402,0.03433995346115928,0.005277100409747071,0.022623455946819995,0.017497109189725996
2019-04-11,-0.020202799888415068,-0.037675810081953365,-0.019285916460518002,-0.024524054290642583,-0.03125255208416998,-0.01670879136952493,-0.013431976527982097
2019-04-12,0.037824241125613806,0.04930623209221217,-0.0034423136788179235,0.041456774927309745,-0.0008357901660208067,0.020842728302765366,-0.003386407593972419
2019-04-15,0.025863316832190817,0.0178046849060819,0.01539810635237993,0.03491617020449797,0.036128690135271264,0.03883992062639719,0.013477234118706596
2019-04-16,-0.0193343043967215,-0.016360419053276225,-0.01885231049715684,-0.028300036672626264,-0.014622466252069368,-0.01600047552665525,-0.0020099970880550965
2019-04-17,0.009714134174393384,0.04692318180267096,0.021677926275028868,0.013484976777741539,-0.004511002495544945,-0.03864015657339614,-0.004705915663191022
2019-04-18,-0.07584458737921493,-0.07876471377298051,-0.039130331297888905,-0.08336490948842538,-0.03215981754422877,0.004229070161731459,-0.030792680524018068
2019-04-22,0.0,0.0008508158177996874,0.03913033129788893,0.011991125080985782,-0.001274104194430126,0.0036630043997713598,0.0013888296527799964
2019-04-23,0.014951073419647106,0.001487780064064669,0.015122128812528168,0.008186800866080346,-0.002979427720682555,0.044690190634223664,0.03209565663719374
2019-04-24,-0.13287895994929416,-0.1046765223399986,-0.05660269118349984,-0.1216638861076658,-0.0881745558707869,-0.10691571522041612,-0.058820178238235765
2019-04-25,0.007792164478897012,-0.029188705360427065,0.022681949212127888,-0.02753939274383581,-0.007476663345923112,-0.02861566430208646,-0.02380204803119877
2019-04-26,0.01667772760396355,-0.009023099755272032,-0.013897141899527956,-0.0056951804771089775,-0.03484005653310797,-0.006024060959579328,-0.0417347514474472
2019-04-29,-0.010230392867932325,-0.027065794778551436,-0.018241133493596635,0.013239028555103524,-0.014184679985957968,-0.009104782218726463,0.006069780097457619
2019-04-30,0.03038219556883432,0.02116877333794816,0.012393141107123544,0.022754542146233844,0.03151783432078703,0.03200270056078125,0.023178585623804995
2019-05-01,0.006215009101501273,0.03057756903266264,0.014556298420843152,0.01774798885044989,0.007134375775850811,0.017561456705489805,-0.006674142283881531
2019-05-02,0.02084682398571508,0.043952739796246795,0.018328210734437692,0.0415253532200039,0.03171909047008299,0.02483415326839842,0.013304035553590348
2019-05-03,0.06915467817556155,0.09630816755843606,0.025218419577980926,0.057999268172853745,0.06013829092878058,0.026072214840532442,0.05707685423044239
2019-05-06,-0.012535657666136173,-0.003329712335010644,0.022976945304746494,-0.009023679145460966,0.014592540646607144,0.05280870247564419,0.018550823034161876
2019-05-07,-0.03382243804692526,-0.04868588238746545,-0.004879389137461726,-0.03479677321739715,-0.031157835209666012,-0.016703732024761647,-0.002044304436897286
2019-05-08,0.04295503155742661,0.0259195894345972,0.028925472072382222,0.045860332307936236,0.03922070670408885,0.04422048891659734,0.018919452883493754
2019-05-09,0.0302204868070399,0.02422432673084155,0.02296544720325061,0.04033266932194423,0.002954199056119059,-0.01970081177049015,0.004008042495559414
2019-05-10,-0.0497277421682985,0.01557635412480063,-0.008290195341949283,-0.033024625912928214,-0.023018876860076046,0.004315866595249918,-0.02497592187286705
2019-05-13,-0.04140167514564876,-0.08451307729675683,-0.03926232637379674,-0.0375070795587943,-0.04227846691314441,-0.03774027111496883,-0.041163829159898684
2019-05-14,0.03974835813641956,0.01693160080460558,0.016635820706776473,0.022015585244964515,0.02356191193050273,0.010676247573951962,0.03568057921363127
2019-05-15,0.015467420493372023,0.020938782030183723,-0.005871413011823111,0.030051079532837435,0.016125820645568417,0.018413500021781465,0.03974926730462674
2019-05-16,0.015231512584794212,0.029515104065669113,0.007997889479608222,0.022760005416658773,0.01288682558468723,-0.0008692072500632741,0.024144729424690314
2019-05-17,-0.01996524619104024,-0.017426419094622416,-0.020929091526980796,-0.036177409307039735,-0.03077170191382878,0.012100436429168976,-0.009067467044684474
2019-05-20,0.004733733606245923,0.01742641909462236,-0.018610287742901844,0.010586302020235373,0.016154066343924356,0.0017166960375328724,-0.0013020277551306257
2019-05-21,0.0859283443155527,0.05736483444332478,0.0363479156390104,0.054770570517286926,0.08386656750180352,0.0262393740421464,-0.005225382025860635
2019-05-22,0.0064796786696243724,0.01108798114515955,-0.03028903152302643,0.004972273633484885,0.0240026751958656,0.04252476393422638,0.0026161040862119414
2019-05-23,-0.007563456972144746,-0.012741574814445895,0.001097720116672816,-0.009199128797404515,-0.01883884406767623,-0.011272211850056394,-0.027816380847372695
2019-05-24,0.03725802264006254,0.03335709229785332,0.03397474598742377,0.02396930770922085,0.030435462072327342,0.034225334092892905,0.03432679195635165
2019-05-28,-0.055868417106622374,-0.023888015163713913,-0.03397474598742377,-0.0320882114603038,0.002303243455949597,-0.003920051445241096,0.01928084179725169
2019-05-29,-0.035999291743043164,-0.010917557561211209,-0.016035677180364513,-0.006621431246442271,-0.008471337187211124,-0.008678528565025928,-0.0502553475725087
2019-05-30,0.01928594977907019,0.032001007079982054,-0.01064737047832274,0.012427269215736317,0.009237931998486156,0.042658673503351445,-0.0046963794361218995
2019-05-31,0.006719129307753042,0.0006017550196738963,-0.010192631091558602,-0.011645974675072522,-0.031921732504079425,-0.006092929969562471,-0.0026936184414637974
2019-06-03,-0.01801871399440135,0.008384761032211646,-0.026529761253551772,-0.024106850030572127,0.008272612968477821,0.006851960650183329,0.009396091368929101
2019-06-04,0.04336398921368067,0.0674543916203751,-0.0029266128174487284,0.059022976063469935,0.047874353705522434,0.012066499697029427,0.010631320840598512
2019-06-05,0.02578028856406842,0.014940606348072032,-0.002347360718005038,0.016826082307551102,0.027661730736883897,0.0067239813327343734,-0.004637265826243001
2019-06-06,0.019948036840529905,0.019759506191370582,-0.017185662403973675,0.023815072705903065,-0.0032792943793791786,-0.015760178636193736,0.011224876032050246
2019-06-07,-0.01465976815200066,0.007154703617460097,0.005959516032616415,-0.007632397522145837,-0.051293254086292685,-0.0045489403200443795,0.02656458261299677
2019-06-10,0.006308923628589835,0.030885144959454998,0.013573507089362254,0.040749183627430734,0.03510450669989742,0.016579148950868754,0.03084913694484166
2019-06-11,0.10252635530902725,0.06570402574787693,0.05419066113759612,0.07520797116414106,0.10350421555307938,0.06929178255897654,0.03771733070742741
2019-06-12,0.0703165714974798,0.10365987011405117,0.08918374787786378,0.11756670956038699,0.11845171659099286,0.04499735529001814,0.027673273179612278
2019-06-13,-0.027717286952188405,-0.0017519184731889402,0.000507754697507504,-0.016601950022011605,-0.03846046989003811,-0.01680711831638129,-0.004656610314512945
2019-06-14,0.002716294993549492,-0.03979942019645463,-0.026229336622229295,-0.034357076314885514,-0.01775470102046055,0.0027081913576386565,-0.008201499458364672
2019-06-17,0.003609575310733706,-0.012548105264210836,-0.007322276326209822,0.003943653113306862,0.012802668305366055,0.0006759195140924515,0.016336392363845716
2019-06-18,0.014311978535370827,0.039552406692423644,0.0062794995140205345,0.016812061395472887,0.0003102880757354462,0.004718559118409508,0.024014891662345238
2019-06-19,-0.02518110800155864,-0.033258916299051054,-0.016833626906274282,-0.026853334242321357,0.004641744639359247,-0.00945955337839473,-0.0028288709657583507
2019-06-20,0.019838120494527337,0.02448733672294285,0.0,0.036334903921110294,0.013493072947914537,-0.008864644555221032,0.03342925786504897
2019-06-21,-0.018018674434479638,-0.007644483066632857,-0.006386442115275442,0.006466804535820769,0.0021299168632979786,0.006825925967175893,-0.001645196866875588
2019-06-24,0.008148926035932924,0.011965499122872017,-0.0005340576462010015,0.004385359403818206,0.01568176422743422,-0.004773257955151081,0.0005486997519925498
2019-06-25,0.008976448803407451,0.03031212956063795,-0.008045075438855815,0.013905267474802167,-0.014466785319244528,0.006132908586895343,-0.004398051214844856
2019-06-26,-0.017125374839340377,-0.021136525462595566,-0.007567570690433767,-0.030672822221384552,-0.016837968719402366,-0.027549991219932637,0.002201549123535321
2019-06-27,0.01712537483934036,0.03943031046149558,-0.01641180976337837,0.0059153908069434725,0.07176765051747037,-0.009119678620687232,0.006028993412208572
2019-06-28,0.011550413289354777,0.031231019030255776,0.0016533862937343465,0.045822734433869354,-0.0037426579737572588,0.01884875776806763,-0.0049301920615979905
2019-07-01,0.003527513015294493,-0.018005960261934285,0.058809053483041274,0.00028159547791532287,-0.0034671787516289197,0.019178651864528447,0.015799921069381707
2019-07-02,0.037153294076749,0.03312778704943467,0.000519087927753422,0.03377962197001278,0.008358628232482691,0.00608727977202223,-0.021858802422226212
2019-07-03,0.015151658853768965,-0.007600462322433432,0.02003660077615824,-0.007652215857948421,-0.021175542039797785,-0.006765951607697659,0.008253079208426632
2019-07-05,0.005830986209923147,-0.012061619744249389,0.02213372708593995,-0.00137276177271339,-0.005585857382043869,0.0,-0.005494548329727913
2019-07-08,0.01483947966241119,0.020202742494466176,0.02408569440685133,0.02950529156786827,0.021004309132249755,0.01281640049157498,-0.0011025417849230034
2019-07-09,-0.0024579145711028532,0.004987550086513369,0.03624622909159316,0.017451587238461515,0.02028928310330405,0.0020086871893606065,0.009294223897324974
2019-07-10,-0.004934136352690593,0.002417431830859899,0.002339146660049572,-0.003939358022915737,0.0011309279332408254,0.030305352351639035,0.01584304706753683
2019-07-11,0.016353530455688433,-0.008757109553659962,-0.005623207461498255,-0.0018441082011944631,-0.0033965198841302874,0.062264672139653844,-0.0010846235978929164
2019-07-12,0.008881884180659338,-0.008152400570476245,-0.004238299257126433,-0.0018474485838705127,0.017704580771022962,-0.00980399092998061,0.0005424588499828262
2019-07-15,-0.04943336735000892,-0.061034012544505335,-0.04784675530705449,-0.05399358351212888,-0.07008778630302803,-0.03828516888456167,-0.01916293924822306
2019-07-16,-0.004232121088648957,0.0021729756872951333,-0.0029747851914624546,0.008328878188162489,0.03030977234251907,-0.002562458898026791,0.0016570390880069439
2019-07-17,-0.015384881597741817,-0.013694883683165102,0.009881541137301093,-0.0072144385454342005,-0.001740684352669165,0.008939995111637572,-0.008869335031998913
2019-07-18,-0.03061005168148606,-0.016864271170631103,-0.031463323407539566,-0.016000333414452752,-0.025287933507119265,-0.030334647113751344,-0.012888917630620073
2019-07-19,-0.008025165888423166,-0.018216651943407335,-0.027257989348299077,-0.012528489343632805,-0.0095752828777723,-0.003939625551236118,-0.02512974162106106
2019-07-22,-0.023551708982955246,-0.035254046204319274,-0.018947967424708466,-0.04094143331853464,-0.05246494424405774,-0.05129331089853277,-0.017503430434182392
2019-07-23,0.006395766869819935,0.023947810178653578,0.0015928161894106189,0.00861935322214158,0.010715518776804562,0.0006922969534450945,-0.01243718025274817
2019-07-24,0.0018194460600475882,0.0032214867379346496,0.004235047211368522,0.0044295368489370894,0.018634091503191726,0.038022259535197125,0.005349204345434582
2019-07-25,-0.005469322998520916,0.0019889996429300165,-0.00955422892608888,0.0008834240513395785,-0.009584286687014276,0.0006660159189366196,-0.013727547591684614
2019-07-26,0.08158851940468882,0.07987810406278853,0.024237176705150926,0.09672766654674876,0.04018804901200566,0.020429011094018262,0.01016451693701035
2019-07-29,0.01919108137471725,0.016237862715803103,0.01498353644813035,0.020368271167567436,0.008616928256116556,0.016176347638737813,0.007703805100040796
2019-07-30,-0.021721561471497418,-0.01567355599240918,-0.010309409189403608,-0.015569739214980319,-0.009512547968275213,0.02221610753356986,-0.014268955642625952
2019-07-31,-0.021341225232067024,-0.023114262615794984,-0.02891130396387768,-0.023137794922058398,-0.01747552779790126,-0.020292430545686344,-0.01508324151702771
2019-08-01,-0.02799831437480205,-0.057328148170387484,-0.01938674698950892,-0.036871954295050725,-0.026799778640800544,-0.02991120575771223,-0.02648755337595374
2019-08-02,0.00795412444147117,-0.005057297716885426,-0.011484899891231713,-0.011074709534971604,0.006535044190228743,-0.020000615838952504,-0.008777507189127528
2019-08-05,-0.045011981124623394,-0.028675403302234326,-0.05135118687079987,-0.027208710127244958,-0.03278985043142743,-0.0094723537302912,-0.025511624435312606
2019-08-06,0.014625479092898842,0.047094814131949186,-0.018703039827244007,0.03573845546557297,0.013371739053922362,0.013504581336103268,0.010922054020815636
2019-08-07,-0.010032012042132728,-0.0018117472433731737,0.002357043374643281,-0.02233113100196132,-0.01658202687145032,0.0026791685357931377,0.012698631779680529
2019-08-08,0.019964322430611928,0.04404433969658009,0.01923696330216145,0.011800269418986032,0.028840470094973116,-0.001338655086970869,-0.01397737263551903
2019-08-09,0.07942050073860975,0.10060668493454113,0.07666167914500123,0.08813144989432695,0.09272243680754245,0.05537066650421072,0.06501826347124981
2019-08-12,-0.8175915655033534,-0.7479702715393731,-0.8912069393332172,-0.8236515680792987,-0.7725257319996074,-0.6546091674858924,-0.41631514242814005
2019-08-13,0.08638474867208985,0.029397819632426995,-0.0358366122286094,0.028253840915772332,0.002463111842033926,0.08416182413519278,0.031322504738708054
2019-08-14,-0.05857929696655702,-0.03271822919060341,-0.13585068939800016,-0.038455000669763,-0.0556401466776483,-0.019242254775527826,-0.09126557384500414
2019-08-15,0.053393662641022785,0.07576957082826906,0.13989651192623379,0.05228784487889576,0.11532372739771679,0.08329020025526628,0.015326047131145309
2019-08-16,0.013769232433328744,-0.01658078155448433,0.02393735379234583,0.015337153156118619,0.0046242812360522394,0.02081238560707161,0.0037950671913245643
2019-08-19,-0.15500554389912602,-0.1655352155348658,-0.12735569148916417,-0.1711108171168101,-0.07606181939314105,-0.10067990899814007,-0.07673386127137802
2019-08-20,0.013875435126342638,-0.003706061896869023,0.0044676485617056155,0.012628746427672734,0.03124298434656628,0.013574856642605285,-0.013381580922814234
2019-08-21,0.040506675841127486,0.04181158857903624,-0.010455684849532647,0.029289628416407924,-0.0030201917332989374,0.035323832654085625,0.03562721717369349
2019-08-22,-0.007590103458010912,-0.014646806599656208,0.007479495027480279,-0.0025688664892534636,0.019767035402584014,-0.02972155555480598,-0.025317807984289897
2019-08-23,-0.054807944952892526,-0.07177119591531747,-0.04573970954076793,-0.05689388147455264,-0.04426314866710183,-0.026034242432148323,-0.013423032228286062
2019-08-26,-0.05373230952061565,-0.0352299310819934,-0.023679025453315163,-0.05168743205865802,-0.05086915220081844,-0.03145284974654851,-0.021009156094053176
2019-08-27,-0.05903339694630127,-0.09816286334238188,-0.0643256073304926,-0.08058036651469164,-0.05911728654815225,-0.05973741414828422,-0.05453914154236574
2019-08-28,0.011198356199987937,-0.021675029988878516,-0.06328994963993204,-0.010152456475065524,0.0006918180099253128,-0.0050377891892164845,-0.01581957791132999
2019-08-29,-0.047899626700116806,-0.06154602473202583,-0.04074642604511541,-0.06820845271172613,-0.0731509154951994,-0.01655036047366712,0.013574856642605285
2019-08-30,-0.014117872794133615,-0.06558346313446387,-0.005687168395785429,-0.09329517273994127,-0.03482562786442593,-0.037937834443476495,-0.03895099470203421
2019-09-03,-0.07885852368898047,-0.062395783665119685,0.03914750781442634,-0.12460969703919655,-0.060335700413862776,-0.013423007444650008,-0.05153930153819921
2019-09-04,0.07172409474778037,0.07475989628542133,0.012715915795756328,0.14379718301547412,0.055702528664326297,0.10509022845572981,0.040969602554293466
2019-09-05,0.03747501378189552,0.0556274725571836,0.07139669362780116,0.035559084691401836,0.17038264013279503,0.012091976599990653,0.08809301133394758
2019-09-06,0.0045872371118568555,-0.0036140939768772606,0.029803581115853097,0.024160111958217306,-0.02444785731384436,-0.0255643923592764,0.001080521851014707
2019-09-09,0.006841640228025952,-0.00929485333561773,0.0016299517969225398,0.005949885574914458,-0.004021417325322936,-0.004944381328283969,-0.038529849018095516
2019-09-10,0.006794778394014102,0.016109968484939532,0.004874129868569639,0.008438604539129957,0.014004899330586454,0.0,0.005596006887060624
2019-09-11,0.004504806292634281,-0.010038168705155054,0.03346926501154268,0.010033574670986924,0.03129326646191238,0.009864435980894043,-0.012352729120552616
2019-09-12,-0.020432213129868745,-0.011363637319672696,0.03843670616469827,-0.020168521931607557,-0.012270065386727804,-0.0235888757980439,-0.018244611133768816
2019-09-13,-0.025552867028594793,0.007725133925522925,0.03264381689303635,-0.05675927356914073,-0.03639172213752154,-0.029320139581831592,-0.008087819590599331
2019-09-16,0.023256618131932697,0.022427931092251923,0.04844254133941343,0.0609944805128742,0.0907666607543092,0.07114667271586274,0.039800634440409204
2019-09-17,0.002296248896662246,-0.013155243085860663,0.042211840850970225,0.01676485846672998,-0.018007314363922635,-0.019465315590965433,-0.028266437296344718
2019-09-18,-0.002296248896662265,-0.027254587104803888,0.026317283546611638,-0.015919539112241303,-0.0025094092032537183,0.017052713955621072,0.009132474615119254
2019-09-19,0.0,0.004115360626465765,0.02310761430387036,0.032408171367131124,0.029705126361232997,0.034424760852599955,0.047707255760985334
2019-09-20,-0.03271318104284473,-0.023266499066475592,-0.0012698705048477083,-0.027353750404732587,-0.023443341355079233,-0.01765785968463774,-0.00543176104361449
2019-09-23,0.0,-0.010139347188924942,-0.06022762917206175,-0.002524017088190352,-0.005006323177417017,0.0011869708996496975,-0.02091441485202266
2019-09-24,-0.021609513191060633,0.0,-0.06986080301844294,-0.0076109301724301935,-0.018999889968559596,-0.02401084914729212,-0.00781686787887412
2019-09-25,0.019231352793072035,0.04036298784928617,0.011510907804141485,0.04806218647723381,0.03332592123850825,0.02992443675461366,0.017778229065734227
2019-09-26,0.009478661848921398,0.015780313179976645,-0.012959098076955297,0.0032310008284867587,-0.003096889167149672,-0.01425200979295079,0.002200271231768617
2019-09-27,0.03704155693179465,0.0451321398800123,0.02008673932676642,0.05262279039287065,0.035347975967599435,0.023641853144997595,0.03879793165368287
2019-09-30,-0.016037026046955748,-0.0015359220271846247,0.0,-0.005369896152071747,0.038759979282998014,-0.008211265810027618,-0.022448835571902585
2019-10-01,-0.004629558492926537,-0.015492247410549652,-0.027359526399465945,-0.01863426113886554,-0.009840893928022022,-0.015430587334969959,0.004314997195173064
2019-10-02,0.009237707199999603,0.03490280928441698,0.001458822848653874,0.028584483430783673,0.02015618867789585,0.025975518578508328,0.017076172602560988
2019-10-03,-0.009237707199999551,-0.035293186587529106,-0.005847964174874562,-0.0015244775973965704,0.018079570481994642,-0.015267485810893574,-0.004241783940283411
2019-10-04,0.03645025751488267,0.04877172908756058,0.0345855463746094,0.03005505247349316,0.03628764431272183,0.061946404227016055,0.023110300312041934
2019-10-07,0.017738743541970182,-0.013101900262588255,-0.004258307732981211,-0.011164962408156417,-0.034050562399742704,-0.03278981928693472,-0.013591439087331037
2019-10-08,-0.051871618940479536,-0.05260282095301583,-0.036209602769800564,-0.049876116410285595,-0.06580558282518012,-0.06285408552677464,-0.023430280583042445
2019-10-09,0.009216573980288387,0.02548679981294341,-0.022372311438643454,0.0031423651247399977,-0.02537900994021005,-0.023530504358337107,-0.00431965714062166
2019-10-10,0.05358429013844465,0.07205949577016378,0.08386413512885545,0.048976587820294085,0.05129332940619031,0.03931712393077739,0.027749937723664145
2019-10-11,-0.02643294770082297,-0.024431355865946795,-0.04685028800859343,-0.02495393299233755,-0.011696084120135277,0.0072028482466383326,-0.02235324988698838
2019-10-14,-0.05035399519779865,-0.02580057962085974,-0.04915358981211994,-0.016210163981321305,-0.03654198853974404,-0.018105457918554002,-0.017372841578027636
2019-10-15,0.00934554889234028,0.010549897759160941,-0.006125587388009182,0.02989860318943264,0.023516386443058535,0.00728163627717628,0.011976153741351863
2019-10-16,-0.011695763160758262,-0.030443792209117755,0.006125587388009106,-0.02989860318943264,-0.03641181146788833,-0.014616683941247804,-0.015267405440277368
2019-10-17,-0.0334960896022474,-0.000773058806887357,-0.007662901865395114,-0.026815821613135827,-0.02884212650401639,-0.009864435980894095,0.015267405440277368
2019-10-18,-0.01717836687911395,-0.024267512932561918,-0.03922071315328127,0.0,-0.02186583246923599,0.0,-0.01307206934493735
2019-10-21,0.007398343731427802,0.009071545257286257,-0.019386695131198776,0.02603746075105835,0.025041458484056523,-0.0037243660195481376,0.014153759986440216
2019-10-22,-0.024876972419484437,-0.030293279208669244,-0.045045142244162395,-0.03648340508577639,-0.023741945353624734,-0.021371030558327626,-0.019651321044012605
2019-10-23,-0.01778940522832541,0.00846301073784199,-0.01029167593525461,0.024732016718056436,-0.016366977872963828,-0.023137256929454578,0.008781607116427404
2019-10-24,-0.0025674360964911464,-0.027254587104803888,-0.012142416382340008,-0.02150612526637545,0.003294908528026345,-0.014407601369328532,0.01733529876383723
2019-10-25,-0.005154817493528568,0.03484990765651431,0.005221980388874523,0.024653138122002313,0.02469262024180231,-0.0013200994632228435,0.017039799034740594
2019-10-28,-0.11778283356040886,-0.08690295794686448,-0.07758629058053695,-0.12092991183288712,-0.07460181617696475,-0.055683130464496945,-0.048684550570942564
2019-10-29,0.039891394808017684,0.021487929405213147,-0.005644367317906469,0.009704527363749374,0.04595405131711658,0.06226639501866552,0.042328552557400506
2019-10-30,-0.011236157977235957,-0.014561486321410778,0.02423224578654487,0.0008774065728087256,0.0228543689668357,0.01303798217937551,0.007411330597837681
2019-10-31,-0.011363657119701005,-0.012153145315140805,0.005509694411108344,0.013937861621400515,0.005151326592989891,-0.020943154236839217,-0.012739014169903484
2019-11-01,0.0,-0.010535611534794313,-0.0018332230655092423,0.019700674344160632,0.01403085960599232,-0.021391169524983083,0.012739014169903515
2019-11-04,0.047428524109112996,0.053277358977197466,0.018182388447055203,0.06167170419398616,0.04155631377592054,0.04233432376182237,0.028083017030133602
2019-11-05,0.005434792824728009,0.013299966381652416,-0.023702132597056218,0.01110254612883385,-0.0012157175142870316,0.03562720482039889,0.00918844156130559
2019-11-06,-0.055724782953566455,-0.03615316797785068,-0.04915927960575411,-0.03859016818216238,-0.06340373596014007,-0.04997835226164184,-0.05214945799327703
2019-11-07,0.0,0.019080363605290383,0.011560811779201754,0.031467061224107744,0.014157206457949906,0.014351147441243018,0.016985530028710668
2019-11-08,-0.017341369949527174,-0.00885907946171746,-0.0510916132736181,-0.014400261111508368,-0.10927301752943205,-0.1372391903687017,-0.008456701919078526
2019-11-11,-0.0029197564233526723,0.06440624429450872,-0.0265592965591247,0.024672858408161486,-0.035549610414892456,-0.03170077347755518,-0.01067250073409989
2019-11-12,-0.05098547384969598,-0.018444745395636092,-0.012500150967017893,-0.05245214477895495,0.013206377093705198,0.016730448445664417,-0.023888140510763135
2019-11-13,-0.012384256170233846,-0.018379310199327845,-0.038466243585613034,-0.039718274669357616,-0.04091312021228024,-0.06062467575729042,-0.015504224198239963
2019-11-14,-0.04785583712124221,-0.06426346480521755,-0.07696107437967695,-0.046766344711958945,-0.037915548471629715,-0.05433434010214174,0.004454346091905558
2019-11-15,0.03215698698875009,0.021309560012235766,0.011696084120135192,0.04504072926199054,0.03334929851118475,0.03164294994584778,0.026317283546611638
2019-11-18,-0.019169799793628883,-0.027924828590745247,0.052106918753789894,-0.017422047084087927,-0.010736252671213965,-0.045271768269299344,-0.03636763652557796
2019-11-19,0.05644127592709381,0.0335030028847457,0.05371860458607322,0.039626390056643084,0.027378109550599317,0.06314391481225624,0.007825606980943842
2019-11-20,0.14452255908161682,0.0706177610321627,0.05296548411810963,0.057439655458293076,0.011189943058290564,0.008019319586382934,0.024203631984747082
2019-11-21,-0.018642384443809928,-0.003595114776105565,-0.00597011373266383,0.011890724881154722,-0.01570118868518346,-0.01610346889993343,-0.0010875726154907655
2019-11-22,-0.002691745852640975,0.00040027321174151775,0.037222628125829924,0.0039324933346768665,0.02235556851752623,-0.01307206934493735,0.02684004499903354
2019-11-25,0.018692253006330765,0.009157704639508425,-0.015504172207925167,0.0054794814551898845,-0.009626147484251347,0.0065573943950087855,0.008438961181205244
2019-11-26,-0.05436117028299734,-0.005165771453410156,0.0,0.0070011036282860125,-0.044113611760997616,-0.0781382125686382,-0.011621959505907773
2019-11-27,0.11093115412890954,0.06142120926498611,0.049533978745564616,0.0659910247535174,0.07704748937098813,0.07813821256863811,0.028288995433124447
2019-11-29,-0.022756684763725138,-0.031978322367362165,-0.016870156786178845,-0.030953093502962124,-0.018162503897907422,-0.014815032291556814,-0.007257745558281078
2019-12-02,-0.049813806235876654,-0.043081154549645034,-0.005687168395785429,-0.03892126043891035,-0.018498492242289204,-0.04061476053670099,-0.028497918678843336
2019-12-03,0.0,0.0016141267661928978,-0.030890549232491016,0.001555200579944901,-0.018847146158788755,-0.040534187025438796,-0.027131343602050415
2019-12-04,0.0026846963770073124,0.06327757989730537,0.009756212162808971,0.04184708985092389,0.029987225482247408,0.031861072485548474,0.03883979634633387
2019-12-05,0.010666673428566295,0.01874838920730542,0.007736975009341366,-0.014259016650276585,0.0,0.0017406843526691497,-0.01277971464008706
2019-12-06,0.07656803705533932,0.05387147198454935,0.0378116519472101,0.042181580665296085,0.04194395929344022,0.060726940226029306,0.03475862574659801
2019-12-09,0.03855897065004783,0.005966059795894114,0.014733217927556833,0.017953646499743896,0.047034969697344955,0.022654668713021835,0.050464794703264024
2019-12-10,-0.033657003017257915,-0.0542812031396043,-0.0858486481735623,-0.05862466243022341,-0.0685103974002204,-0.04583457148757717,-0.03098693321995482
2019-12-11,0.012150770717657503,0.0022140137455545893,-0.008000035037559684,-0.003780937765185979,-0.016046975466089207,0.008340363891643427,-0.00815498100318812
2019-12-12,0.07892758386570262,0.052417099163848804,0.004008017567521568,0.05597929621895582,0.04808964277623773,0.039092965522223556,0.04209029314666896
2019-12-13,0.05218549901181471,0.0494726811737185,0.05826894411168526,0.05504695567878621,0.061819328503801875,0.05137314999427543,0.0175102051502989
2019-12-16,-0.01709449350505966,0.016180070802224125,0.0849652206685924,-0.01916542382068488,0.011136706813363683,-0.004562777435508799,-0.009689942692302722
2019-12-17,0.01497335855882908,0.01946217890901468,-0.04610741251020261,0.004825771321168436,-0.022398837990660038,-0.034111801716741816,0.001945477625404611
2019-12-18,0.07759047610255591,0.05863828582693056,0.040894505752414566,0.017047915187984965,0.03598688482390553,0.038674579152250546,0.039071177503402686
2019-12-19,-0.02385816658194037,0.01622656850815324,0.018982474485050013,0.0006757720223256833,-0.005154707127615426,0.010566089972327435,-0.00374531921853488
2019-12-20,0.006017705512576599,0.005350841261333599,-0.010309359945159682,0.013423107836330503,0.008362873943286286,0.013423043243235585,0.032305567099492075
2019-12-23,0.09712700286641741,0.0726031182890792,0.1294210866723953,0.08556592528200906,0.04263976628218341,0.051959757709108184,0.02776707429291588
2019-12-24,0.03740384034923778,0.012330741748827697,0.03723438227375444,0.008531382584448905,0.017645666289830584,0.027741003340444385,0.025295720322457835
2019-12-26,0.0659580804853389,0.02766377973922023,0.028820410808716872,0.034002511527601864,0.022660431276606496,0.01897074085548191,0.020461133634174747
2019-12-27,-0.0624673898936731,-0.03696601008251167,-0.08907961574992036,-0.03764998643159867,-0.0059135876073214905,-0.03413300725841672,-0.002534913613320014
2019-12-30,-0.017575192020418916,-0.0030285114055361825,-0.014073751115319624,-0.00794843938909406,-0.00416046315728861,0.005540175253055282,-0.022242086616104596
2019-12-31,-0.012489033793973812,-0.0005515452346804237,-0.014274576211506875,-0.003690173200099309,-0.02167457499410193,-0.009715509531864713,0.0017285660131724798
2020-01-02,-0.007206996143369973,0.00303017969840388,-0.06944939870640124,0.01102953266908591,-0.03657055460412488,-0.021142449931547593,-0.02802282251789783
2020-01-03,-0.04059625705770034,-0.02788830419840369,-0.05273632909474155,-0.03788092575874332,-0.021698372094152665,-0.007148020649895214,-0.00892069975811308
2020-01-06,0.01865730873128187,0.013204398376520833,0.05102249340250373,0.010701916411280479,-0.009724525040547116,-0.0014357148435886163,-0.0017936779623585635
2020-01-07,0.012855910575239519,-0.014902890803433438,-0.008613268292652982,-0.006281468600637656,-0.005880458029533267,0.008583735493483863,-0.02086247945913465
2020-01-08,0.014493000385377182,0.014344496463047493,-0.010434950271383463,0.010655200060895223,-0.02052375377661003,-0.0172417898961184,0.006395608531781642
2020-01-09,0.03707426891289729,0.028356894675717913,0.019048218564036358,0.03732442425445148,0.025100400828438164,0.03698853423681566,0.0009103531984539236
2020-01-10,-0.0034723948447397913,-0.017801384335203313,0.027074386640739162,-0.016959644965927872,-0.017769437672207032,-0.018323223994107567,-0.03048734316551972
2020-01-13,-0.03901183670235574,-0.04666460397235868,-0.0443758398613458,-0.046898312534129794,-0.04550870547703931,-0.046587778998605334,-0.0009385480869574854
2020-01-14,-0.03309147379161225,-0.026105073099933467,-0.007005275860795201,-0.009649461085935175,-0.0013908526306463328,-0.0256617970324463,-0.0009393401560058858
2020-01-15,-0.04785589565722158,-0.04934012501409635,-0.04861442866663078,-0.04225049793335256,-0.02751498806557506,-0.007674664187085683,-0.024739627417794816
2020-01-16,0.032789643691651604,0.02679986459133899,0.027299255230182444,0.02858290259295017,0.015614247113701242,0.028855466401591905,-0.002894332194523305
2020-01-17,0.031748711983760614,0.004548767881910479,0.050754541614838264,0.022035753278403115,0.05146933590332816,0.01633297410175079,-0.0029028260862361786
2020-01-21,-0.050906375743090426,-0.018321125997015575,-0.040040163894366536,-0.03390134255367489,-0.04655182351102232,-0.040576562939313686,-0.04966263919270905
2020-01-22,0.026719132458811756,0.015594236101836707,0.01060079571597663,-0.007321244444413031,0.021491257780242985,-0.015456243427518439,0.013151440711757756
2020-01-23,-0.08855338241143497,-0.039293431049774584,-0.023112160223517666,-0.028457112732326612,-0.047761908654950766,-0.010963331699554855,-0.019280108125159654
2020-01-24,-0.05498210377837656,-0.045183493988501806,-0.025502268443113117,-0.039248314007020176,-0.05167199755006629,-0.03526002926899564,-0.010298791447429973
2020-01-27,-0.03765688330121014,-0.01832467707491819,-0.01299928644570159,-0.01730413197870639,0.006042308797982336,0.011354492670246309,-0.03048054839179301
2020-01-28,0.041995282420530605,0.05272111379700657,0.0018674569098872174,0.049655910424554854,0.026014130163996806,0.003220611732483714,0.0053220126506309095
2020-01-29,-0.01746761045696189,-0.012841156482711032,-0.0018674569098872766,-0.002772162054987987,-0.011066182579262361,-0.0032206117324838006,0.01684248733147511
2020-01-30,0.040998129416692376,0.02268088878468232,0.009302428148637255,0.02940386140991344,0.013264771446796346,0.017586406197545427,0.0031266032377358865
2020-01-31,-0.010627262165324378,-0.03176881270475783,-0.039665263027930164,-0.03357621550770112,-0.03653032142402739,-0.01920057154438258,-0.02315885747386328
2020-02-03,0.04593714343759146,0.07715415177853434,0.045205394129396594,0.0568871929226082,0.08580844724068602,0.04424098014441327,0.030416603032144277
2020-02-04,-0.08293804742955042,-0.03314197035455933,-0.022347277854463853,-0.02601018807618472,-0.05957986431580879,-0.03299585441033379,0.002063933031040177
2020-02-05,0.0497401328492867,0.013019346086109806,-0.011363747874334036,-0.00474096435610074,0.00883657311252829,-0.0015987579262899214,0.01534562806593886
2020-02-06,0.016736645334374516,-0.0003080090521551504,0.02259981060608287,0.004740964356100795,0.013110118671734112,0.0031948878544958014,0.0
2020-02-07,0.026613536167011592,0.02614911664185501,-0.007476663345923112,0.012088808812151063,0.01508107882432779,0.01267844628330104,0.0010146398829037496
2020-02-10,0.0020183957946147925,-0.006926599248589374,0.0,0.0006673720563090169,-0.016529269097141638,-0.0063191304012038185,0.004048584813456464
2020-02-11,-0.030708809143999965,-0.039135997139767675,-0.0189399421399224,-0.02226069343544032,-0.02717757272594125,-0.00955420373659305,-0.03494694765197881
2020-02-12,-0.02100923655829353,0.028196848596909095,-0.021256865024095243,0.010179998577480653,0.002231293792096105,0.019017987870154376,-0.013691641948678532
2020-02-13,-0.08181341331538912,-0.05044144328560902,0.0,-0.08670437255549666,-0.044823314334713676,-0.019017987870154487,-0.02360627459846714
2020-02-14,0.009174221055485442,0.0022470634411804993,-0.013766135643126768,0.01534561211096433,-0.005453826889234464,0.011137771572065903,0.028894413570498705
2020-02-18,-0.002285526028107829,0.0022416004296462217,0.023484422220839393,-0.0065480479947638,0.0,-0.01594936230053437,0.0
2020-02-19,0.011376792345504374,0.048089345897749824,-0.011673272933710873,0.028069638213487968,0.008557007212462133,0.0,0.017773607840730007
2020-02-20,0.031182545764267225,0.032986567824061,0.027028646259856202,0.015493172000513006,0.02297192838277382,0.03164825656582022,0.005167990025596911
2020-02-21,0.00437673284721321,0.009979519167608678,0.013245259017196195,0.01250008665972125,0.0030234310102628206,0.0015563819669177138,-0.011404961039456185
2020-02-24,-0.0243107577539585,-0.04022599440151867,-0.02089347253357733,-0.037979194709048356,-0.027545708846321425,-0.03965626785990229,-0.05025111326859906
2020-02-25,-0.052825229906795175,-0.039378811044517584,-0.023302002546745793,-0.051481728579227955,-0.03312606248026731,-0.037927056191418805,-0.07040362804162288
2020-02-26,0.009389967545350196,0.0059909179940611955,-0.0198419966450827,0.0037663167291799617,-0.023530493768408864,-0.04292504612301115,0.008201533503640843
2020-02-27,-0.016490468996282884,-0.06527251063704188,-0.059873395761196525,-0.020509855178718058,-0.024938963769660785,-0.033901476674071764,-0.044133565990053664
2020-02-28,-0.04369624902639797,-0.02790246197283466,-0.05241369354902076,-0.030387868616059358,-0.0025284237948949646,0.01798607862978823,-0.025943399877712103
2020-03-02,0.04843566983742471,0.039247332606885295,0.011148429679332961,0.034218041847185104,0.12367278614224475,0.028121333880414177,0.0062383473140808976
2020-03-03,-0.014286027817522522,-0.005322707640705209,0.04126526386968787,-0.009216695287899408,0.001490347343661946,0.018884704158898508,0.00743503032719337
2020-03-04,0.06947233836422372,0.04500277239426862,0.09337408178804801,0.04599364671508332,0.06973714683241668,0.035091325404011685,0.017136207371038194
2020-03-05,-0.015783672975000412,-0.020619227181309967,-0.06816258624527244,-0.028402334382780597,-0.04038803993088874,0.0,-0.061307472779202496
2020-03-06,-0.07550782253067255,-0.08275900729959158,-0.02096520853036036,-0.07638509109019677,-0.029349106901527932,-0.0626793380653637,-0.05981846908284703
2020-03-09,-0.18822100048429238,-0.21101821539906437,-0.22473375874590232,-0.20449676669115013,-0.19325231410586066,-0.1879316812922476,-0.32774330401913404
2020-03-10,0.12498905655758835,0.118849947893213,0.14539709158287312,0.10475787754823765,0.06555426700663396,0.11166976912610865,0.14487361316645478
2020-03-11,-0.15502142326309207,-0.08072133381153432,-0.006904563588962809,-0.08487669123379649,-0.07189771336098723,-0.05427692664164695,-0.1167556187761252
2020-03-12,-0.23233194647649066,-0.18156525919390495,-0.08932348949508644,-0.15169295290720175,-0.08635042331016822,-0.07871559244063113,-0.1513818245452143
2020-03-13,0.11264162527471805,0.07288328015135992,-0.015267457310675045,0.053524434290899106,0.02447503434913008,0.029726252932816433,-0.03278984333211578
2020-03-16,-0.09359338011889358,-0.2058386289160056,-0.16101181476798213,-0.25457698529297357,-0.08683561585771024,-0.13652453628970374,-0.1638269916334978
2020-03-17,0.06571679545721491,0.10639621337364212,-0.027482619681136727,0.06768475236653332,0.12105945566255008,0.11751654055209212,-0.08463437038202268
2020-03-18,-0.13605830166961358,-0.17489589457468943,-0.0738698544715596,-0.22839310326595152,-0.08582263235276165,-0.12715515997610585,-0.3117101618291905
2020-03-19,-0.08443833294882892,-0.06758469008651809,-0.013423007444650008,0.0032841592099746653,-0.07285538414793141,-0.007290484232693686,0.17123570205375185
2020-03-20,0.05568887049965265,0.07617904417443583,0.08108166780225688,0.11010337206013504,0.02594737689530634,-0.00980399092998061,0.1376213935100531
2020-03-23,-0.025318003248284662,-0.06764038278063941,-0.07099755843357532,-0.05431194670749933,-0.03806869921240185,-0.05571061527203856,-0.02898750882400805
2020-03-24,0.08985642147645802,0.09536956062214123,0.04255957454946757,0.11967617096009305,0.200267460439737,0.13157640626852452,0.14486398319637528
2020-03-25,0.019343079158349964,0.05606789126957053,0.037740367606068345,0.047020130297470014,0.0538761311066,0.06624932273335533,0.0735625546995498
2020-03-26,-0.007692340751633128,0.018931492110629212,0.01834912127514641,0.029737223672871776,-0.0069025228890773095,-0.034786083625431376,-0.023924562884678667
2020-03-27,-0.1100907579909691,-0.14390725070346994,-0.059299761562927315,-0.15245380451521537,-0.13414999186515048,-0.07581124203386161,-0.07020431115367533
2020-03-30,0.029726370315722346,0.028878273496981712,-0.029365867388841945,-0.001484491219206651,0.023484422220839393,-0.004784693483860293,0.04817155900180759
2020-03-31,0.09188063392110493,0.04949705438368844,0.07031650767662294,0.04645236708845712,0.0887828587601538,0.09814022865637874,0.03167137157588127
2020-04-01,-0.02708068824408141,-0.03049566961796411,-0.050643760532955946,-0.0375766246590624,-0.06018222641681224,-0.02866792107451329,-0.02427301247487488
2020-04-02,0.019418008869083486,0.03284896643567505,0.05679762023851363,0.058630255649790804,0.008422997799893995,0.008908842575952997,0.06882904635176715
2020-04-03,0.0,0.026667875247304434,-0.04710449999333862,0.019257608706268907,0.02029592486323298,0.04973988315523844,0.0
2020-04-06,-0.015504305277577226,-0.04325630779963622,0.028528132246945757,-0.046001030277965246,-0.015646898133711385,0.014659984801847672,-0.023202873974104168
2020-04-07,0.0,-0.02418492880377258,0.09246521005391163,-0.011478179186408081,-0.007448817067917137,-0.010449355893777613,-0.030991779326801746
2020-04-08,0.02697682442893048,-0.013555185489196639,-0.05866786265892993,0.03822160075810455,0.025831670748531054,0.024897526988316567,0.023924562884678587
2020-04-09,-0.019194432696503963,0.027533056655216017,-0.0030257180790000562,-0.01539594209696692,-0.05234835074360667,-0.05475056299317755,-0.00711751769102607
2020-04-13,-0.04357134751142351,-0.03438018157328461,-0.07224491416873507,-0.03736080267760191,-0.0067404870787408176,-0.03524590573778018,-0.04879011875636827
2020-04-14,0.03187525218749081,0.027719466514214905,-0.0032626425892956865,0.041583073111518924,-0.009708850983938668,0.013363215039236298,0.0
2020-04-15,0.02325678274985621,0.052659426293054284,0.006514674949928488,0.0626056911305513,0.04203098019933672,-0.00665933884609034,-0.010050326220427584
2020-04-16,0.01897570389951754,-0.0028860947488715924,0.01290339292688759,-0.013280661517173975,-0.0009358236771941729,0.004444553486186912,-0.015267457310675045
2020-04-17,0.04052118019866946,-0.05403517003909354,0.02531785956523302,-0.020257239622102137,-0.05881218568152931,-0.0066741535800700245,-0.005141394458524434
2020-04-20,0.02142938263407954,0.017539196875380463,-0.041473284852753374,-0.001364921208448966,-0.011988144423862177,-0.03174866741355544,-0.028760186729624344
2020-04-21,-0.09248695415819008,-0.06758080526862945,-0.03987235333838877,-0.06636188865336663,-0.03372827921969854,-0.011587659222955689,-0.08870075153600404
2020-04-22,-0.051701669771292924,-0.023362589244856794,0.036609710749093,-0.026628912029977986,0.02362724113041815,-0.02597551857850827,0.01724178989611847
2020-04-23,-0.050219732750202375,-0.0026298975088312865,-0.006557394395008837,-0.057069776546830826,-0.009179070035879174,0.05356344938897636,0.0
2020-04-24,-0.012959066601115685,-0.04579926797711116,-0.07158081817362931,-0.03226127251743479,-0.01652928566578902,-0.03226083208465073,-0.06169358073792998
2020-04-27,0.021505982837634642,-0.025123243296983573,0.044912596527305074,-0.028264386250781065,-0.027456869632435245,-0.00941182520638949,0.0
2020-04-28,0.12391087761041743,0.15000285995123167,0.0429817819092722,0.16302467938424026,0.057217911770966634,0.02336552682726442,0.13049650084261177
2020-04-29,0.10008369731563177,0.06248357636907095,0.006451629327164354,0.06918371744470218,0.03282243055487043,0.06048875836844929,0.07676400465449687
2020-04-30,-0.11905940121514938,-0.0704228126325735,-0.03601040379178664,-0.04932502961337731,0.009737119578498144,-0.004357301294971973,-0.05571061527203856
2020-05-01,-0.06326235719721646,-0.06851121490480289,-0.023609842855105975,-0.07130295168909911,-0.09550395526346213,-0.0677459228536801,-0.08134562787819137
2020-05-04,0.10086062595854232,0.05555220733275876,0.010186835410455923,0.06284041829887341,0.05294440513009342,0.02080992430529861,0.04690517053184461
2020-05-05,-0.03377436326710085,-0.01691257623399123,-0.020478511345710583,-0.022923496964389185,0.010060389400616154,-0.023149160145970772,-0.013568716037264155
2020-05-06,0.055672978603961976,0.03415420068890691,0.017094416637950666,0.04948010076074003,0.017857647812964148,0.004672901274182882,-0.013755427578821484
2020-05-07,0.07976499145320291,0.09264255208898194,0.0,0.07823737026712813,0.02428482608476523,0.05001048021658104,0.06436538024347006
2020-05-08,0.051959820910862965,0.029607809619481743,0.06241764681343457,0.03262486758460362,0.03117871092657533,0.04126526386968787,0.0506438046845435
2020-05-11,0.10504409865218033,0.05415212677772196,0.06473748403995037,0.08402368257335724,0.059584395927140585,0.08167805289665728,0.014706132779924615
2020-05-12,0.0056818300122838845,0.025266749377306597,-0.015037863346261034,-0.00912222910447995,-0.01857638922966212,0.01363218224660355,0.03819076178027522
2020-05-13,-0.0583255305337366,-0.09246986478356241,-0.06252037329541112,-0.09611227143320264,-0.07314689330209125,-0.05772745996132376,-0.1113634176308983
2020-05-14,0.035401809240550995,0.04651996274490288,0.06252037329541107,0.06469619663543126,0.07403937251795092,0.08256161322972222,0.06339263648896895
2020-05-15,-0.020498364532309812,-0.02218775055234339,0.01503786334626105,-0.007117798461334924,-0.02529491037763159,-0.02290183341365635,0.017052713955621072
2020-05-18,0.06583179134406772,0.03361644479828173,0.03807198189818521,0.05669544241006529,0.06722240947924311,0.05081055054580022,0.04717862768344666
2020-05-19,-0.07474719804528261,-0.046520224790790335,-0.038071981898185246,-0.04603798794979977,-0.029515962051542853,-0.014787686468314241,0.011454813402962482
2020-05-20,0.03230836568337187,0.03195203254714613,0.014815142302275281,0.03130693286496912,-0.028598968480988713,-0.011236062731748753,0.0
2020-05-21,0.04520522117529256,0.07227155699935385,0.0,0.06838378975513204,0.08761562765623175,0.06383204077823353,0.051065483649110094
2020-05-22,0.01915246648245009,0.01404037961620654,0.026126279275566988,0.01376422977754818,-0.018441450552963964,0.0,0.02141407482365579
2020-05-26,0.008097161292403317,0.007186011523535373,0.017045851108364745,0.0021009605282200808,-0.03442677525076291,-0.008873121922136214,0.043530198088304765
2020-05-27,-0.002691745852640975,-0.01636222260184845,-0.005649727214967185,0.013548780655998656,-0.031127491755871022,-0.014362889859693913,0.07047928542421374
2020-05-28,-0.06113019839332892,-0.05638813795604925,-0.0704103096578685,-0.08983877099345665,-0.031195205172156033,-0.03122385348215567,-0.07454432792959473
2020-05-29,-0.09617009593700372,-0.12680721067314202,-0.06921001332836743,-0.09746403300848545,-0.03509131028849337,0.001863887217500987,0.02613216378496816
2020-06-01,0.049240787542429255,0.061035633851777,0.13962032298623592,0.06289851697493157,0.03509131028849325,0.0419386935015898,0.009871786025972133
2020-06-02,0.11611328099240165,0.11583190999384434,0.08156692043213983,0.09605590699102484,0.0491008546890108,0.06398031154952803,0.0646612417919249
2020-06-03,0.08701116420013207,0.06977393854108883,0.005208340256466745,0.07881305816015997,0.007073408867499864,-0.0375470374514739,0.05202966637959409
2020-06-04,-0.027330758110560648,-0.0183828319858909,0.04320877435735024,0.001966681053850632,-0.015986157625714575,0.020654759534848455,0.010434950271383305
2020-06-05,0.029778940052274546,0.0046275777573136275,0.04855318044401938,0.018492263662880974,0.021258530589448363,0.057915258675734146,-0.006944548526717969
2020-06-08,0.10217683809087372,0.10050086340029016,0.11409012820599042,0.10342987921619468,0.057061035690132586,0.05016728661639538,0.13505468816799227
2020-06-09,-0.07088665968249315,-0.0767772465641168,-0.023530526213405432,-0.06558264747359203,-0.031962360689359696,-0.05177625754801978,-0.01998530962315559
2020-06-10,-0.0023725962021493197,-0.0054252458911648715,0.044451771545747615,0.00832148199579873,-0.03301777968553998,-0.03606952817151694,-0.02675219739862067
2020-06-11,-0.10509657225612451,-0.09404152157624646,-0.12089339325428664,-0.08450296487437194,-0.07329279499282536,-0.09081279583899925,-0.09531021022455884
2020-06-12,0.07127702241710307,0.07018760539168402,0.041195715970758856,0.07432275772395254,0.031808032069055844,0.03060546375949964,0.06124364926065592
2020-06-15,-0.029927485475564754,-0.03016248271260166,-0.027274391314292535,-0.030219357025079125,-0.029908743398316763,-0.025135949598775322,-0.04557750564242284
2020-06-16,-0.005075982686273232,0.0019117629765123788,0.025029670045567956,-0.0038425003936332237,0.006619380773520139,0.021583551304021602,0.0017256654412142014
2020-06-17,-0.02577469007378996,-0.05698999190693049,-0.025029670045567852,-0.032276686118207554,-0.01903005229842005,-0.01253368141746224,-0.010398779981104425
2020-06-18,-0.0901017268515298,-0.05775319752676095,-0.1198012597418819,-0.07533213738085145,-0.0685812220246119,-0.06706425392205075,-0.0703626273743631
2020-06-19,0.06096047822624464,0.07180970737590767,0.0677800120555817,0.09111158374065831,0.042302386076849254,0.058014384035491466,0.04029854167588401
2020-06-22,-0.02173988449308461,-0.04017803891633734,-0.04976146231940071,-0.036875087551200315,-0.028001898226504788,-0.04842663758521511,-0.03470668931287192
2020-06-23,0.01904813864044358,0.028141902314144877,0.02269962513112856,0.03883004862008763,0.03586047710883008,0.053866398821059626,0.032909702525802505
2020-06-24,0.016043115658214684,-0.004551189500475373,-0.04854089325346447,-0.019724508292462226,-0.003921569803270666,-0.03122385348215567,-0.01814930122760286
2020-06-25,0.07656803705533932,0.050887697325823045,0.09483407473348257,0.06085888310800941,0.07200071753729527,0.08061656102308963,0.055223280470939246
2020-06-26,-0.050388631237829516,-0.05495081945281823,-0.051293246584325665,-0.044068158830685156,-0.04009855197125706,-0.02969651917800326,-0.01220593583613077
2020-06-29,0.02046114576226469,0.005076647915496867,0.04651997217741577,0.011684454928864474,0.013232649670290614,0.014084726874723943,0.025975503563392698
2020-06-30,-0.051959710029236,-0.06268404809314093,-0.0565956144844918,-0.06292645225819249,-0.015137455747524375,-0.015859306233342047,-0.017241790132380867
2020-07-01,0.023716556118009616,0.011257177509101324,-0.01273901339606918,0.007190343085772398,0.027270140120933862,-0.005342881767377523,0.010380706205944773
2020-07-02,-0.05623972895401197,-0.0380273516672382,-0.03125257552613559,-0.05794128327019949,-0.036848702555377956,-0.04754089916459048,-0.0017226105775094821
2020-07-06,0.1900966267529483,0.20278259281187663,0.10058720340669652,0.20519636708895417,0.11446230911281514,0.14770941439390622,0.07312219526385991
2020-07-07,-0.051413315579619874,-0.0596078441330522,0.014252009792950849,-0.03872640627824987,-0.03760822337361749,-0.07199758149629175,-0.03589288954917774
2020-07-08,0.014286027817522466,0.017598391055479872,0.030199767657345503,0.012773819133380281,0.021164790721390686,0.030771628563398438,0.029462005134981352
2020-07-09,-0.0634359430695324,-0.042375196184385976,-0.03967850304338648,-0.04734051474542261,-0.04278732022459642,-0.04299888481306825,-0.0016141653468370355
2020-07-10,0.05869652225850581,0.05455894665697702,0.016529342897415655,0.07770014253114113,0.03402298868022816,0.005258510517365191,0.017614567732341067
2020-07-13,0.007100501450932681,0.008810879391975817,0.0,-0.0026420487919033226,0.012248652298272997,0.02247287622971556,-0.01600040238550386
2020-07-14,-0.016647108457428672,-0.00974267684392326,-0.0504308632537425,-0.006192100139213805,-0.001740684352669165,-0.006861083926436123,0.020750962815971108
2020-07-15,0.035339462965714497,0.048234785688231877,0.0,0.03573381714396946,0.01812738857208623,0.015371806060441228,0.028039267275648615
2020-07-16,-0.018692354508285824,-0.023826385143414213,0.029128245949416886,-0.01466160894791002,-0.019871024973321834,-0.030983598363720624,0.0015348816342027902
2020-07-17,-0.031140028142267902,-0.025341315053553814,-0.024214235752775266,-0.02462774616835567,-0.036432269390464414,-0.03740410400774909,-0.017015125885264937
2020-07-20,-0.019656722335062826,-0.03659214424860832,-0.0248151456278942,-0.030743760015685344,-0.0027185999607145755,-0.005459560263688106,0.0
2020-07-21,0.0389344162873473,0.04031822102916713,0.049029381380669375,0.04225350234943672,0.04956762029230478,0.06362571852771153,0.012403248321235951
2020-07-22,0.05569866951579219,0.07692650221978523,0.016607777466976493,0.07950089512669221,0.06031981232884565,0.011914982631213706,0.022849447931600073
2020-07-23,0.031113968619603666,0.008572859773516434,-0.016607777466976375,0.013726464005881095,-0.000813357411231083,0.021758200031587148,0.02528016837825276
2020-07-24,-0.006586296656034851,0.004258969788922004,-0.0023951513627290238,0.0,-0.0008140195000608612,0.021294844651603997,-0.022272650117801246
2020-07-27,0.017467610456961873,0.015602282706850393,0.009546602648708645,0.02377306291928633,-0.019737464261657473,-0.03630766278134523,-0.0030075182604515716
2020-07-28,-0.037490476127896424,-0.04624114393203256,-0.03381961512358342,-0.044024898502886864,-0.0441497417081475,-0.06062460679005343,-0.024391430073128693
2020-07-29,-0.002249903572963964,0.010028632188736645,-0.022361217543065633,0.00815015970392241,-0.008718484095579345,0.026433274098054106,-0.0015444372226886642
2020-07-30,-0.022780016369087837,-0.048443333945100114,-0.04103141894590327,-0.016367082555831552,-0.023030267628180126,0.015530968158939682,-0.02187585198160518
2020-07-31,-0.047178534615897674,-0.031454960583822564,-0.002621231022660009,-0.009950479684556231,-0.019910184642768555,-0.038399179425751995,-0.015923888242412206
2020-08-03,0.07892758386570262,0.09838130602215135,0.06355378539981575,0.10059933805421954,0.10408005527399843,0.11738759177792918,0.0667431257802862
2020-08-04,0.008888721042636617,-0.01070461201922154,0.029128245949416886,-0.01671751455231942,0.007386098357863176,0.03727135891299075,0.022272650117801288
2020-08-05,-0.05222534089319709,-0.03996110325022193,0.08261579818149063,-0.031131316700301618,-0.05116417069435866,-0.04521424263056072,-0.013303988445427035
2020-08-06,-0.014084731715541823,-0.006743443664590608,0.006586238817937468,0.0031571472538663237,-0.0025850710580108517,-0.03241771825110671,-0.033285946411985706
2020-08-07,0.0,0.004949629727850484,-0.019890191784408717,0.012529749229797459,-0.005190359395651242,-0.023334449290021195,-0.009273627900164807
2020-08-10,-0.021506232299600383,-0.014922210686799262,-0.048009227910693814,-0.032426873487636086,-0.02636358313370705,-0.032565013605088136,-0.031548403299872435
2020-08-11,-0.06744136958827705,-0.055739235584194975,-0.08043308494087305,-0.04774560892742553,-0.01887688272365935,-0.03186107248554842,-0.05602777862590911
2020-08-12,-0.044921443381469583,-0.05342493486478303,-0.010204160244013445,-0.03430868710907244,-0.04358596726291143,-0.047891241425255957,-0.057557282317534264
2020-08-13,-0.005420153086079767,0.026079510376734484,0.015267457310675036,0.006089421466360508,0.041769394797161304,0.009389686536441375,0.016028780497989132
2020-08-14,-0.013680140635424397,0.0019783410149989376,-0.0025284439146058255,-0.013973831670334188,0.013544190895225126,-0.028437954174627276,0.010544903455824498
2020-08-17,-0.0713568464524131,-0.057972597283373686,-0.020461113514463884,-0.052358782047467974,-0.03374692298350631,-0.035228659003461005,-0.05018969732560656
2020-08-18,-0.017911211810523752,-0.010526391271402525,-0.034168863494021484,-0.012121347701111689,0.009233711236174016,-0.024194705324816716,0.0
2020-08-19,0.017911211810523704,-0.014388817940056326,0.0026702260059476303,-0.02758092693208656,0.0009187165250290663,-0.012320472324358366,0.005499506691382986
2020-08-20,-0.023953523861885224,-0.010250899111552554,-0.010723953080772902,-0.01163973415490381,0.0018348173876291925,-0.008298794604689195,0.0
2020-08-21,0.0060423120513613615,-0.012002614984367024,0.0,-0.01375271466950411,0.007305961730235519,-0.010471339603724423,-0.022182034995474043
2020-08-24,-0.009077064391867281,0.00765484892124362,-0.05826891840617861,-0.0049575881245297205,0.003633061466932995,-0.014846544796776563,0.009302428148637255
2020-08-25,0.018072869501176,0.011911201433516408,-0.02898750882400805,0.010875102289078089,0.014401675768484981,-0.030371069598933625,0.027398990894120515
2020-08-26,-0.03338694352020816,-0.013546517667808245,0.01459878519327518,-0.012865203152846214,0.02209546444729485,-0.011074352872588102,0.0018001358460570161
2020-08-27,-0.006192068099037592,-0.02485647988794902,0.014388723630732752,-0.014042461188363454,0.0061002933473979296,-0.017977995919926257,-0.032909702525802616
2020-08-28,0.08338174802651915,0.07070662546547608,0.04196422522709526,0.0683193798083448,0.040856707330760744,0.059423418391447935,0.05953063490341061
2020-08-31,-0.037850439390145096,-0.012585464937247728,-0.11300000126922831,-0.02580173941379269,-0.042595878009454614,0.004264394884352982,-0.023030267628180126
2020-09-01,0.02055885967906441,-0.007415280797787077,0.0537442955659263,0.006753360218434232,0.0249260836148861,0.014783832767489204,0.010695279116731049
2020-09-02,-0.035506961805501475,0.002654787224111813,0.011560811248108576,-0.028280850436324945,-0.0016991936222382096,-0.012658384774144153,-0.017889547963743268
2020-09-03,0.01494810212643716,0.02668215504204542,-0.017391725884585128,0.01667568116688312,0.012674408622241251,0.021009156094053176,-0.003616637039795033
2020-09-04,0.005917465282104378,-0.022977436211797205,0.017391725884585187,-0.00977549600535635,0.004189381156568817,-0.014659984801847572,-0.018282027305733767
2020-09-08,0.01173013813878837,-0.0031746624153571536,0.0,0.007828026686165111,-0.0025114900216725595,0.014659984801847672,0.00368324185838948
2020-09-09,-0.014684493736806022,-0.006913029141707032,0.002869439679657085,0.001947469319191346,0.0025114900216726414,-0.035982734758017026,-0.0055300067327138285
2020-09-10,0.0,-0.0005338053243682246,0.008559245244474677,-0.0029229664973791382,-0.00502938365082826,0.004301077929864145,-0.047312514731429806
2020-09-11,-0.026988276202391068,-0.03975478086578813,-0.02008673932676646,-0.05103672868488432,-0.005899696520100617,0.008547052740754738,0.0019361533552127088
2020-09-14,-0.03086663072289839,-0.031031948928383242,-0.020498501511448584,-0.05595100049324627,-0.03177595692580334,-0.050174106445640874,-0.021506231286403995
2020-09-15,-0.015798055397664507,-0.010948273336593518,0.014684537287402901,-0.004352537412895086,0.0017436364012355591,-0.0067339723568613785,0.011787944708691447
2020-09-16,-0.07263902345295516,-0.06709095565929524,-0.09793758818069322,-0.0924789450644127,-0.06756283703596742,-0.07966743888171145,-0.05417573141367065
2020-09-17,-0.04554227874356876,-0.04823272167290945,-0.006451629327164376,-0.05913031566003194,-0.007483657643888016,0.016929103656707325,-0.06385141040339531
2020-09-18,-0.0071943906835567565,-0.003908609957404794,0.028710154652184308,-0.002541361786203108,0.00655132421537954,0.021353159902788153,-0.0199785002975028
2020-09-21,-0.04052118019866941,-0.03995223412891119,-0.0319516455701948,-0.03363839673645933,-0.009372175514247709,-0.016568466418927695,-0.07687133990249917
2020-09-22,-0.03831878305786762,-0.04303225766214614,-0.03300626529690951,-0.047146568951506054,-0.01805270676570811,-0.01927768659708111,-0.06244225155234273
2020-09-23,-0.0603805472847557,-0.05390962645432386,-0.016920861104808123,-0.05529421773098344,-0.08814512380722792,-0.00978001936165398,-0.05837201226598117
2020-09-24,0.08735737171368627,0.09149236270599087,0.07240003729991268,0.10638044320264912,0.05994685755642052,0.02187199596164464,0.04800917338361099
2020-09-25,0.0,-0.008230555390012653,-0.003179649783782088,-0.03060799331953524,0.018564243724583412,0.009569442282869125,-0.04255957392650997
2020-09-28,-0.0038098397763553435,-0.01317186627799721,-0.012820752601721806,-0.023240908986832665,0.0009676080914527337,-0.00716842576963888,0.010810905654593712
2020-09-29,-0.042891610949659584,-0.016180314583657054,-0.003231017594680599,-0.00972908358617868,-0.020518554279512602,-0.029199125893145387,-0.03001593269051611
2020-09-30,0.003976408174955942,0.014084804459892165,0.006451629327164354,0.011111419608591222,0.01955094618805979,0.02679810937991525,-0.011142166193409814
2020-10-01,0.0503007685555302,0.022131034881727785,0.019108919496783342,0.024557783625697892,0.023913143473125616,0.028438021020956845,0.02216161663041206
2020-10-02,-0.019048245155824328,-0.025633774647005565,-0.015898646815070732,-0.01767574657473259,0.018727121491083992,-0.0023392358406721064,-0.005494513919280685
2020-10-05,0.026567134118743004,-0.01413457729752957,-0.0194180678768161,-0.02359576664480054,0.019293206879067673,0.020858265209837763,0.027175558966076836
2020-10-06,-0.06179606569340482,-0.022311176985511993,-0.0537041273870438,-0.029938087131523523,-0.05806873638348955,-0.03027009041622721,-0.04384266167720827
2020-10-07,0.003976408174955942,0.010137946402431453,-0.0069204359934654305,0.02147555374129761,0.00864145107804745,0.0,0.024897593772231278
2020-10-08,0.01964698467187132,0.027710357810407666,0.013793308523969955,0.02655660379635096,0.018001394052964866,0.02336552682726442,0.0401660032558339
2020-10-09,-0.015686716200437028,-0.01198461462441204,0.010221544107446212,-0.015181803381585758,0.016760197631533837,0.0023068588762634903,0.01562530335027708
2020-10-12,-0.003960268471434374,-0.0200578610849064,0.010118120402112027,-0.008535004402765943,0.039824314701365195,0.04063760635352897,-0.020888468441222687
2020-10-13,-0.03636775548967911,-0.030116318058811587,0.0033500836743294788,-0.03045911932045249,0.0008868537275672272,0.013186991843684803,-0.010610169046851185
2020-10-14,-0.004123578865349624,-0.011248665461667149,0.013289219486816427,-0.02686732897148198,0.021921088724341235,0.01731643392534468,0.0
2020-10-15,0.0,-0.0015093609902643366,0.022839470648454707,-0.007592920185308459,0.0017331423601563303,0.008547052740754738,-0.049190262890268274
2020-10-16,0.07940653712973252,0.0224057202363412,0.028618854006788503,0.03003232928423315,0.018018508451578517,0.010582149912423598,-0.0028050483012747895
2020-10-19,0.015151798405292476,0.021191820365430724,0.1347062589882623,0.019048085320597517,0.022699545856457008,0.043261130381208227,0.00839164980114123
2020-10-20,-0.026668044651150743,-0.04813944173551683,-0.03342933088213881,-0.04148749441952237,-0.0024968580016784796,0.008032164006342388,-0.03688357849714803
2020-10-21,-0.0393752719563947,-0.041043584610838374,-0.11389537972740811,-0.01832115192887777,-0.06988616496342531,-0.0725706723257106,-0.03529781880397165
2020-10-22,0.06227708398307951,0.01957018779231497,0.07342746922462634,0.016806814053607767,0.01771532277698722,0.014941515038151743,0.0324034635738374
2020-10-23,0.014981543452439702,0.011560977488654811,0.026202346929727175,0.007547454271174261,0.04966773427649062,0.0042283322731352085,0.045333498420825714
2020-10-26,-0.030191014727491437,-0.0076923802160622,0.011428684924131866,0.010471363358210781,0.03448618147266338,0.0021075306268730012,0.0
2020-10-27,-0.06326235719721646,-0.05802175615115336,-0.02008673932676646,-0.05505957233500716,-0.04879017571512569,-0.03208833528355105,-0.08374298046465498
2020-10-28,-0.05452074154538589,-0.0400722980834273,-0.05358426578834366,-0.03846653844126763,-0.06205573251426252,-0.0021762254469963062,-0.06856268209339346
2020-10-29,0.0380594722994965,0.025232739970678254,0.021180802214506245,0.030573678529776417,0.019643512108088592,0.03215703010367434,0.05032511172582238
2020-10-30,0.008264573672947969,-0.009178311904846716,-0.0060060184699918355,-0.007955553482280194,0.04241222040617403,0.016736876257225072,-0.012345824011753648
2020-11-02,0.11274062569571379,0.09660475457062072,0.05849622137059574,0.10312165571979534,0.02840626627605417,0.06427908981460656,0.030583394379324603
2020-11-03,0.014598851182912674,0.003039671144059153,-0.04058524083821508,0.01572591036417666,0.0163402169309044,0.007751969640620806,0.05849622137059574
2020-11-04,-0.048246678837888114,-0.02613549366964577,-0.005934800599554761,-0.004264449437790612,0.0016193934100736764,-0.019493776560231886,-0.005698015696033632
2020-11-05,0.07682003447698067,0.08649209964918911,0.02061933788695762,0.0688029374062989,0.022400991627698687,0.021422461631036536,0.0663226454810038
2020-11-06,0.0035147667520551815,0.0021408396070540362,0.042802498460861316,0.011896928651277346,0.03192173250407944,0.02849197334368052,-0.0026773752071124826
2020-11-09,0.0743588601389831,0.06818454522753745,0.0138699007017317,0.06116588524277313,-0.001533777741032313,-0.030420658414485192,0.104287516818107
2020-11-10,0.08429304113234933,0.08606804176749301,0.029852934173189384,0.08412291587376772,0.008406668541159288,0.0115164315210809,0.1374488624591835
2020-11-11,-0.03969990117620354,-0.042427247479663525,-0.0326116197522059,-0.058496438047626935,0.04537778492805278,0.017029769210481903,-0.03644563657852305
2020-11-12,-0.08786114537959583,-0.06926594212090297,-0.008321815632248448,-0.048127613726920405,-0.05839980519603915,0.005612776128422075,-0.05844353947557884
2020-11-13,0.07216229524710359,0.042787241468818855,-0.01685431575159294,0.04329690529817512,0.031122044336674235,0.007434971238750044,0.056257800476329195
2020-11-16,0.021910251273788196,0.003918909034541573,0.02517613138384144,0.013228979570025109,0.016308757538035262,-0.01304774736717194,0.02591935218993499
2020-11-17,0.0061728550289379324,0.024470342036974735,-0.01671346543338964,0.02827048066400527,0.003669672893217726,0.03683662961057766,0.0478759513524039
2020-11-18,-0.06679738126390254,-0.04555134470726145,-0.011299544599374644,-0.05001042800285738,-0.03125255015803323,-0.05769049177289367,-0.037271458591439245
2020-11-19,0.013071857881871552,0.005974192414804344,-0.03174866772568666,0.016949436107457087,-0.016000271587512296,0.00382409295183407,0.00840350297664704
2020-11-20,0.003241652053343805,-0.010645489270240196,-0.029764144363891302,-0.02553323230851136,0.019019210901324853,0.03192761000039393,-0.004192874068577021
2020-11-23,-0.006493524797692476,0.013949020463961733,-0.02446602896215433,0.023129455802728814,0.04638292985253298,0.03808257888884271,0.049190196106353674
2020-11-24,0.0661657659571186,0.0840936272052797,0.03647817422941538,0.059562676931524665,0.0071685169224781475,-0.0053523290788579135,0.06391331142959165
2020-11-25,0.00910481127785377,-0.0012136142499063827,0.02359996327150499,-0.006826187341120148,0.004276586611975298,-0.016231222225163745,-0.026617515660758227
2020-11-27,0.05866781124086147,0.029317019534441414,0.053913713583576515,0.03477616964050513,0.0014214290840583216,0.0018165724657501462,0.03966526302793032
2020-11-30,-0.092465528777401,-0.06014541722010956,-0.06859825087097934,-0.0520478908297267,0.0007099914288132655,-0.007286086626474558,-0.07097894540781553
2020-12-01,0.03982182825594847,0.020452814021122524,0.02915655591408321,0.02862252734883231,0.004249260390149494,0.018116506680409875,0.046610333110965116
2020-12-02,0.04692930839457442,0.0373316768621648,0.0394416949568962,0.028922878487419448,0.002117945495290565,0.0352769924562671,0.013195322612600941
2020-12-03,-0.017341369949527174,-0.013686582440266055,-0.013908417132114808,-0.016584052322990865,0.01678359452209981,0.0034602077821022123,-0.04012000005576531
2020-12-04,0.04000503340969412,0.009540693055958846,0.024897593772231278,0.012188708023846626,-0.025993727792455446,0.008598537971718516,0.030712557168210943
2020-12-07,-0.022663663460166978,-0.016756727567721737,-0.005479460395805272,-0.014420785784893895,0.00567779544039109,0.0017108219734410053,-0.0075901620555276885
2020-12-08,-0.040941270387548176,-0.024436188346467116,-0.0027510306652944994,-0.026034228447650493,-0.023631598811055143,-0.03301777968553998,-0.017291526681358086
2020-12-09,-0.018072869501176113,0.0018538067854060416,-0.01386990070173185,0.007995308380914789,-0.021238437070757798,-0.035975068512661246,-0.003883496430665945
2020-12-10,0.0445840261973689,0.04702457493343497,0.0027893994904665915,0.0649651229435327,0.06240819133747186,0.037740334451944114,0.07494144038194882
2020-12-11,-0.044584026197368884,-0.031102908431443754,-0.002789399490466699,-0.04246674097780757,-0.010485980318395188,0.022668819242311372,-0.01637892019552785
2020-12-14,-0.024616716504085475,-0.019013366150202864,-0.014064916261126256,-0.02022536680708337,-0.00563778280258969,-0.027973908600493886,-0.011070213527785451
2020-12-15,0.018519039296601158,0.028687132843550903,0.01963595613078631,0.027981408468092987,0.006340292780411917,0.05182510117042682,0.02201930455403133
2020-12-16,-0.0030626366173806606,-0.00664077045446668,-0.002781640379193324,-0.0022100872652220595,0.010478654847035435,-0.01869215573166656,-0.005459560263688106
2020-12-17,-0.006153760194166897,-0.010962305118125454,0.038256060177341934,-0.015607715682996789,0.01722398722647047,-0.024306729081401746,0.0
2020-12-18,-0.012422922742766507,-0.02479956629594918,-0.027175558966076818,-0.01928597398204608,-0.016529351893171625,-0.005286392938459261,-0.01655974429034332
2020-12-21,-0.031748369668408084,-0.03059524123392542,-0.00275868557901671,-0.030234618226477626,-0.04837353833052122,-0.02323601178183012,-0.03781165194721024
2020-12-22,0.019169799793628813,-0.009102870066523324,-0.0027662509387050317,-0.0023642182853415646,-0.00804985032287749,-0.014572279796340258,-0.03529774742116425
2020-12-23,0.0031596105882981933,0.03844180744806274,-0.0027739243143501727,0.028006326452895886,-0.0170437281843874,0.0,0.005970113732663784
2020-12-24,-0.00950873007228345,-0.021601902684328884,-0.011173290180334456,-0.0011511611875375327,-0.007501939312518694,-0.035484503414654936,-0.02004073173151355
2020-12-28,0.0063491194839851535,-0.004506170853290234,0.06786864532933998,-0.001152775581744057,-0.006800189024718662,0.015094611283339934,-0.006091432053454704
2020-12-29,0.04335031897708364,0.04786818615851301,0.1069340411421836,0.05169691342525977,0.006800189024718674,0.022223115196824295,0.004065042505381054
2020-12-30,-0.009132429547990189,-0.026169688947924354,-0.023867459674933467,-0.027763935087353395,0.03040648470833117,-0.0018332230655092423,-0.006103728655524326
2020-12-31,-0.018519039296601078,-0.01719232635729853,0.023867459674933457,-0.01589160275170639,0.006552637558486977,-0.046956984770329856,-0.041672756445195636
2021-01-04,-0.061013804103301345,-0.06295546078163167,-0.08872803213203621,-0.05406715785014632,-0.05213390601133245,0.017159649751460445,-0.03905047850978429
2021-01-05,-0.009983381257080006,-0.004799500303980034,-0.07490136415915284,-0.010929201292653887,-0.00613498273464541,-0.0018921012044608723,0.021882690698543702
2021-01-06,-0.0033501393667296204,0.01568388365815203,0.04614117742952852,0.014545659601674435,-0.0015396814524402365,0.01317040562762772,0.006472559785504116
2021-01-07,-0.006734026954675277,0.004051215119390242,-0.002656041535203881,0.00120276041907962,0.03333646121953198,0.018519030595702535,0.027573350287934038
2021-01-08,0.0033725155383080114,-0.01084022870241855,-0.016086122327765805,-0.012092064912668506,-0.031027827111452574,-0.018519030595702632,-0.019007995737611617
2021-01-11,-0.04828544371900049,-0.03606493619916239,-0.04420611616796738,-0.03465698998831801,-0.030435462072327408,-0.007504718604360423,-0.05929288130803198
2021-01-12,0.05833560881912353,0.014025632438324205,0.005633812421074211,0.021184665884792335,0.004743125031721654,0.007504718604360348,-0.055828507881331174
2021-01-13,0.0,-0.01543889765510267,-0.005633812421074309,-0.0012338468874091913,0.0007882755830037755,0.0,-0.02176619810708669
2021-01-14,0.0230655310872093,0.02445083712045264,0.04959695960627495,0.020770593693852202,0.021824770256967187,0.0018674569098872174,0.014563349860448363
2021-01-15,-0.036488211725640415,-0.034401345567126394,-0.021739965507499924,-0.03319297800636221,-0.01085284623552333,-0.011257143446328595,-0.046864322323247595
2021-01-19,-0.010187005921953159,-0.0035777427710642355,0.010929059852906247,-0.027885165217212494,0.013163184780518917,0.014981538899453396,-0.005063297066661577
2021-01-20,0.023609686560384063,0.02267985814532722,-0.005449599457101125,0.01277150485388481,0.019802644557253196,-0.0018605082356237125,-0.06826796751141803
2021-01-21,-0.04082197622524885,-0.02699009547633151,-0.06490289022369282,-0.034864826312654536,-0.05105515778598292,-0.028330525508239113,-0.12425777397973736
2021-01-22,-0.02460550642803538,-0.038904145602404266,0.020202687854778384,-0.017230199242407578,-0.016807120882090968,-0.01156081177920181,0.07124674260528088
2021-01-25,-0.014337508799918732,0.001496111953892364,0.03646971130781469,-0.01345934156901529,0.014423274973334538,0.009643313164976972,-0.011527494082291789
2021-01-26,0.02142938263407954,0.03812768199090219,0.005494513919280717,0.052782862270192465,0.0397713418721316,-0.0019212741795517096,0.08071136911173675
2021-01-27,0.024434185839340976,-0.010123285084523195,-0.005494513919280685,-0.009038285032501231,0.009132474946532125,0.003838772793776592,0.07963131423710272
2021-01-28,-0.024434185839340903,-0.00145457199437451,-0.039330940856255624,0.005174663930115115,0.003780737289517065,-0.0038387727937765547,-0.017435104124795073
2021-01-29,-0.0507352520047751,-0.031044493619340145,-0.029071786609384254,-0.03813753193783934,-0.04950742968163289,-0.035228659003461005,-0.08655463036621629
2021-02-01,0.02930586937069559,0.02300684274035121,0.01754429252709252,0.05223127730392772,0.07484411664040769,0.02750662001803569,0.0940641046737775
2021-02-02,0.0036036652349886685,-0.01627283867630205,0.022923617975689394,-0.010230124263702314,-0.03519646459769398,-0.013658689381768762,-0.025253902447383837
2021-02-03,0.024867997166440503,0.00816947049583446,0.06842613922232794,0.0,0.0007619222373803881,-0.011857834717357081,0.09507767110760391
2021-02-04,0.006993262157124064,0.019773826859955844,-0.01600032608667548,0.030382204614882887,0.02333560684282995,0.01185783471735692,0.0
2021-02-05,0.03424990179452674,0.036315686247820125,-0.027249681751811177,0.030695938608691846,-0.0022346179585997525,-0.007889579483857942,-0.02115241030113205
2021-02-08,0.010050165100123059,0.01801864155452457,0.0,0.0048248817906716675,0.015538606404026779,-0.00795232027477797,0.06883454750910974
2021-02-09,0.009950380847441789,0.010249175587567669,0.01643877609721746,-0.004824881790671723,0.0014673852666561198,-0.0019980483476691635,0.03700086898533476
2021-02-10,-0.006622537510829655,-0.012312005932639581,0.010810905654593712,-0.017073840898283593,-0.0036724381945996733,0.009950368622447272,-0.034786083625431376
2021-02-11,0.02298956049494604,0.0251456911207652,0.005361938000394903,0.020694739284853037,0.013158106593106208,0.005922965515349645,0.01754429313865675
2021-02-12,-0.01967253689150429,-0.004709007435283453,-0.00536193800039486,-0.002412474904918341,0.04681704795036992,0.001966613968508252,0.008658054700508674
2021-02-16,0.04214543313513082,0.04418782991513495,0.03174866827191641,0.03675549528555622,0.041403922050843756,0.042313963937460904,0.021322749956169458
2021-02-17,-0.03226084336622701,0.0025773673495295716,0.018065051700963397,0.004645849599777692,-0.003997368454575463,-0.00946075421459186,0.012578870230597415
2021-02-18,0.013029599175944349,-0.012953609864463868,-0.0025608183600688106,0.010374929129432843,-0.02500974526730434,0.0037950671913245643,-0.036059064834871035
2021-02-19,0.012861694367943603,-0.005884268520104582,0.005115095676324177,-0.010374929129432909,0.007500929177828033,-0.021053434177212164,-0.05095233021677172
2021-02-22,-0.07287977441029014,-0.06922688663858183,0.020202687854778384,-0.07206010401397207,-0.0171295723439212,-0.013632182246603512,-0.06818150160523226
2021-02-23,-0.010362952067804103,-0.010597109317095295,-0.025317783531102575,-0.01001230390619525,-0.014619128060583438,-0.019802608596683105,-0.002436110543486594
2021-02-24,0.01721228966486483,0.03214795458134108,0.007662865278947024,0.026072012206471113,0.00629153775211652,0.0039920174700382215,0.08416182413519278
2021-02-25,-0.031198409243444893,-0.05368513874759444,-0.02838903772495889,-0.06453818998888096,-0.06700383156025744,-0.038583478035505284,-0.041195715970758905
2021-02-26,-0.04685551098623513,-0.016094078070788796,0.028389037724958942,-0.02649182114551994,-0.006729008761488019,-0.02728398373450705,0.011614465780202853
2021-03-01,0.0,0.03905063995779671,-0.04688360288541576,0.01861775343804153,0.0037439347860746767,0.0,-0.040052486801159644
2021-03-02,-0.007407254033834477,0.002833007696822684,-0.00803216400634236,0.01048479506494552,-0.008255180412967631,-0.02804922566534915,-0.04927100269392679
2021-03-03,-0.0037245194555169496,-0.04188364765461936,0.029141107296487296,-0.052185713971885005,0.0,-0.024364467883671605,0.007547198392470162
2021-03-04,0.014815077653581308,-0.0066591659547059635,-0.06193096430135348,0.014997023548468224,0.017924286073520493,0.0,0.04890951429854715
2021-03-05,-0.011090558198064468,-0.027852809459195528,-0.022472834779709076,-0.03722028448682187,0.011773487403212594,0.00447427609926283,0.014218235345845053
2021-03-08,-0.05737707282087298,-0.02943658187411884,-0.0376310318538589,0.0014037301050506593,-0.028944532376284148,-0.013483337333688223,-0.07320339195146822
2021-03-09,0.00784297893503159,0.012500075178070365,0.01754429252709252,0.008379863350267528,0.0015049256279785258,-0.015963890173635278,0.03238137873171655
2021-03-10,0.07522350326681866,0.07693232486076705,0.0057803573391555264,0.0750017071070851,0.04268491375500609,0.03167682760120659,0.05484092112287391
2021-03-11,0.03908138454827163,0.02133803377596837,0.008608366291577263,0.014093745366088387,0.006463229059634911,0.043579943880460555,0.02066667175918367
2021-03-12,0.0034780906694008855,0.014670126656681175,0.0056980156960335475,0.010126606268637038,0.022647796888972695,-0.008565354550322434,0.0022700922596937223
2021-03-15,0.06388750731245821,0.02871007458951215,0.016901794910049242,0.03465698998831796,0.027606972348711192,0.012820676019081434,0.022422549406113202
2021-03-16,-0.019737687750597203,-0.014252052694170415,-0.01974674434069715,-0.02712855530344495,-0.007516240273268874,0.008456701919078527,-0.02696800759066291
2021-03-17,-0.030356165362689515,0.011553306427000493,-0.0028530662653855803,0.008711682999206624,0.00751624027326892,0.0,0.03799341430417278
2021-03-18,-0.031307286793045966,-0.042089837387534905,-0.02898750882400805,-0.03402952895782198,-0.014398606276943478,-0.038631375577772714,-0.047146787800903346
2021-03-19,0.007042279767349645,0.007721950299415021,-0.0029455073338171475,0.015267495145531359,0.007568017649026272,0.0,0.01142873942158647
2021-03-22,0.01393761619446393,0.01319904035738321,-0.005917241932002314,-0.0025284501405947696,0.01900937978288668,0.006543040294221657,-0.0022753659248559086
2021-03-23,0.003454289877527191,0.005505780423749421,0.017647570235049002,-0.00253485940964876,-0.019695031428238436,-0.0131292791121591,-0.0442447167975167
2021-03-24,-0.03152605967350169,-0.03634213784393986,-0.02359996327150492,-0.02962217896590233,0.0020554809157148184,0.006586238817937468,-0.024097529426346284
2021-03-25,-0.014337508799918732,-0.03181767340519486,0.014815142302275281,-0.006557450955831174,-0.03482246073059859,-0.006586238817937466,0.0
2021-03-26,-0.02189861533686117,0.005130528130929147,0.028987508824008093,0.006557450955831218,-0.0007089170941347092,0.015300882319626907,0.0048661851346001326
2021-03-29,0.007353031057534967,0.0,0.02538921009654936,-0.00787406770747852,0.029352216484360396,0.03621270442585728,-0.007308128222250434
2021-03-30,0.007299178784710393,-0.019934521266537338,0.0,0.01438855553104819,0.017747856530080437,0.006256481825200696,0.0073081282222503385
2021-03-31,-0.0072991787847103765,-0.004484393269887709,-0.002789399490466699,-0.011757135170321724,0.0040513505682834485,0.004149379647108779,-0.002430074591113589
2021-04-01,0.003656249128937438,-0.012815534315788529,-0.011236062731748753,-0.0026314203607263166,0.010057048824100624,0.008247461726702956,0.03114015426890062
2021-04-05,-0.018416534220307,-0.0007590772337521155,0.0084388607223491,0.01048479506494552,-0.008710280659744298,-0.004115228309332698,-0.02145485803958923
2021-04-06,0.03650026005425233,0.030656410176009567,0.019418133376426054,0.016807266013147425,0.009377184916416492,-0.012448281827057189,0.0539403932937071
2021-04-07,-0.029093006020417967,-0.024600667094946703,-0.033522726277075525,-0.0038536153080627024,-0.02088323948121003,-0.03613572313606076,-0.020762026468560547
2021-04-08,0.02189861533686109,0.002261682529332681,0.04173069866361808,-0.009049890238982231,-0.005460759357553966,0.023530526213405435,-0.02597551857850827
2021-04-09,-0.025595536401294302,-0.015174870226508548,0.005434790704315446,-0.024984779511336642,-0.01309006511580081,-0.025697320565824536,-0.03902930758306772
2021-04-12,-0.022472534303509168,-0.031847045433574965,-0.010899279836871851,-0.025625135080427117,0.01923134366188454,-0.017505900160216043,-0.02519022462116916
2021-04-13,-0.022989500819307118,0.009426476379158784,0.005464489132556301,-0.0041067454934602425,-0.035310019208875575,-0.03595900289060523,0.0025477696026231208
2021-04-14,0.011560687425923477,-0.001564869566155569,-0.01925786388390892,0.006835349281021569,-0.0021163841110615244,-0.01614791586318466,0.002541294965066292
2021-04-15,-0.023256782749856285,-0.01897260668659038,-0.011173290180334456,-0.0192579312952648,0.0007059815971845731,0.004640374935987388,-0.02570839358490798
2021-04-16,0.03846625402490786,0.03682335429006463,0.011173290180334477,0.023336673833457656,0.027151012501590698,0.01834912060618362,0.030771690651569587
2021-04-19,0.0,-0.000769693894517047,-0.011173290180334456,0.006761403545941864,0.0027434832539862254,0.04009441886939522,-0.010152361634350938
2021-04-20,-0.015209471275051624,-0.030482992371862007,0.00839164980114123,-0.03148797720095549,-0.02076200423839005,-0.04236978479425116,-0.031090619081118393
2021-04-21,0.007633745270580479,0.009478808616918768,0.02203950426310212,0.005548045811985831,-0.004907170671119178,0.015819577911329947,0.01566610211549801
2021-04-22,-0.03089052802043667,-0.012658307054275892,-0.008207972386542544,-0.005548045811985842,-0.003519837307299169,-0.0022447212687246683,-0.02624820143405644
2021-04-23,0.0,-0.001593654179644848,-0.011049891497366387,0.0013898998215559415,-0.02354728244925778,-0.004504508009083828,-0.0026631148831158277
2021-04-26,0.0078124701412490075,0.023641558080697688,0.0,0.028749583697082352,-0.03228457426136509,-0.013636562387651669,0.007968162080333152
2021-04-27,0.04563532733609864,0.07788385721304451,0.0,0.04098385932431873,0.0029784059518946763,0.015891406411978653,0.02611118106761112
2021-04-28,0.01109055819806449,-0.002886248351494372,-0.019635956130786295,0.009026468886608302,0.012560200452132183,0.035401893431374606,0.030459177989626992
2021-04-29,-0.007380225228663131,-0.010166719894691392,0.00846266595045183,-0.020753127367708422,0.0,0.0,-0.0025031278279573394
2021-04-30,-0.030077442202667694,-0.024382529563152247,0.03857230374689308,-0.018519077555652897,-0.014793155090320883,-0.0131292791121591,-0.054067231229280824
2021-05-03,-0.031009963587606684,-0.011282506701431204,-0.04420611616796738,-0.02295837947694457,-0.004480994817940142,-0.011074352872588102,-0.005305047197217205
2021-05-04,0.003929275343525195,-0.022954438284414395,0.0084388607223491,-0.010989310778376159,-0.0007487289899189135,-0.02252345410447606,-0.021506184544051773
2021-05-05,-0.003929275343525285,0.0015466128584202907,-0.014104592900649505,0.005509750932152522,0.021490264164836112,-0.004566213754130247,0.02945323870778714
2021-05-06,0.034819803363961954,0.00616345811489233,0.002836878648922792,0.024424507686210063,-0.0066201161835220766,-0.01150754092719737,-0.005291012628531447
2021-05-07,0.0590575295111634,0.08886584660420743,0.0,0.056040851270738316,0.05457206148959494,0.045256547631893976,0.05671623689129408
2021-05-10,0.035214887912336276,-0.0120188825328067,-0.0028368786489228145,0.00631703230182652,0.004184069235377789,0.0,0.01985180833981184
2021-05-11,-0.013937616194463872,-0.02520803224901396,0.011299544599374666,-0.011399643218354351,-0.006282753915114448,-0.013363215039236369,-0.04266646404295717
2021-05-12,-0.028471662401429166,-0.015436035549839825,-0.01414449403002276,-0.0205926994164545,-0.01694954233129753,0.02873128273089676,0.06213177963392271
2021-05-13,0.03197423396688743,0.05687051187654277,0.0028449494306480257,0.03450791469790835,0.059450791468773856,0.027928697830539084,0.01197612265354822
2021-05-14,0.05443562442636943,0.06829283949512618,0.014104592900649415,0.05350715075601548,0.05038687388730178,-0.006376160487829276,0.06230388181222659
2021-05-17,0.03577588331279145,0.030256639758314142,-0.005617987036759381,0.02723692118009631,-0.040370057368422356,0.03560587072578951,0.048044232970226836
2021-05-18,-0.019355219165636022,-0.015335866783641136,-0.025678989960522283,-0.01649033409304307,-0.0053297875991648825,-0.014508061925555182,0.0
2021-05-19,-0.009819985137522804,-0.005164640184980924,-0.005797112075608216,-0.009546341283335666,-0.020243618913564337,-0.016842487331475132,-0.03030531977610392
2021-05-20,0.03871427496117635,0.019865884099130413,0.0,0.02486787347987234,0.01756803463597133,-0.004255321468759045,0.006571706585418501
2021-05-21,-0.01594913419928505,-0.04013452213835101,0.01443025092776569,-0.03814522061456582,-0.0175680346359714,-0.01720470868824572,-0.01762158469175275
2021-05-24,-0.019481230002620212,-0.01866754274503485,0.002861229548440964,-0.012225351276298967,-0.006839998093944494,-0.015300882319626839,0.028479496039129252
2021-05-25,-0.0333365117680306,-0.01902220391833458,0.030944774790092965,-0.003696757899541641,-0.01243105450392135,-0.038164020731194286,-0.026259688550964857
2021-05-26,0.023451921999126702,0.040328054752020386,0.024625089252208427,0.025595505008452413,0.0151726575057437,0.009111671938679943,0.0022147853599034494
2021-05-27,0.03896583448682386,0.0072203336115911915,0.018742163862969754,0.030808280605532125,0.0027341071607406907,0.017977995919926253,0.00881062135360639
2021-05-28,0.07068985263886735,0.0694722742531863,0.01839734784725418,0.035533881535235824,0.04275870802188734,0.02637523519221504,0.030239857156177847
2021-06-01,0.040703365497298034,0.005476189474878146,-0.013106335218722858,0.025571049589348412,0.05162027823811475,0.07115965207783594,0.03758277518193711
2021-06-02,0.05810755211909155,0.013859945211708191,0.0413495819556865,-0.004400663569924679,0.026357657688096187,0.01603248777474598,0.014242294732239372
2021-06-03,0.005362028351857345,0.032963510324251356,0.05179944660853265,0.032541255000626435,0.01262409801629389,0.054171798654817964,0.03960919514528983
2021-06-04,0.021164712077244064,0.020063742801994196,0.033100029463070925,0.05804727224638798,0.011876669361752495,0.014953535672277633,0.04740223803727163
2021-06-07,0.03093020135658052,0.027429435910393388,0.11000089059381367,0.02780728559878949,0.03137962328920445,0.02020273208828114,0.04702489402523598
2021-06-08,-0.02570817431155987,-0.022899261339384656,0.06062456338050912,-0.04405171981317876,-0.0034383682355038697,-0.03327475661769662,-0.026859200551924454
2021-06-09,0.07038067603475189,0.033882544869006985,0.07003805704691729,0.04405171981317879,0.0,0.07074569472792087,0.007233297420809092
2021-06-10,0.0,0.0021821822405564757,-0.08784261729593135,0.017475917769541573,-0.0005742307883164552,-0.010563468311108748,0.030170806586939925
2021-06-11,-0.05744385039226168,-0.04059490168057228,-0.0019980483476691635,-0.047299400718983586,-0.037453141884017035,-0.04711020188739684,-0.061280373266685575
2021-06-14,0.020356841324816483,0.0022676149756687227,0.04114195065305085,0.018991033542957645,0.015971971997600167,0.0,0.014760401298199752
2021-06-15,-0.012674392015689574,0.003391660159845074,-0.013526809595642958,-0.0029749401374958547,0.0017589437991486375,-0.0018569647049051453,-0.005509694411108406
2021-06-16,0.0025478962733361346,0.014566120231050741,0.007751969640620806,0.014786072181667364,-0.004697596716168735,-0.01309657096737251,0.012808989906094961
2021-06-17,-0.031010473608808237,-0.032790034660189,-0.0393751282655503,-0.03080216558712908,-0.005903227529430456,-0.03839239413419026,-0.0676950387469169
2021-06-18,0.0,-0.019733556017690727,-0.032655931189676975,-0.02451616868339561,-0.01731897634024691,0.011673272933710918,-0.017664772434960785
2021-06-21,-0.045645349583351605,-0.03458900302663829,-0.03375854828353042,-0.023013370912889772,-0.0006026049426658625,-0.021506231286403995,-0.001982206542114215
2021-06-22,0.02173988449308458,0.025757661409740156,0.046129827922691984,0.030226167346313917,0.01732932605025612,0.005911388549422451,0.03317378857271774
2021-06-23,-0.010810820844465614,-0.029405228185756072,0.038195608145287566,-0.01656350777285037,-0.02458893695132389,0.01752716259172367,-0.03119158203060371
2021-06-24,-0.01920519574376971,-0.0024389885492937195,0.007858578882325102,-0.00418392364661342,-0.00425919092906433,0.009606258591640368,0.03310908064482851
2021-06-25,-0.039553066922120655,-0.03668412363040164,-0.07095171401592941,-0.03629003001896232,-0.05967232057134746,-0.05099148383019287,-0.06530508551815505
2021-06-28,-0.00868297442696931,-0.00635337548684595,0.04115803210001128,-0.004357316819507995,-0.016313575694571453,-0.020325884298240456,-0.041759681524508936
2021-06-29,-0.035506961805501475,-0.027788220805744293,-0.07970676695973125,-0.040094354066838984,-0.013245214201674278,-0.031285158448794884,-0.03030531977610392
2021-06-30,-0.0213095247257189,-0.01518713676547475,0.05727970381797687,-0.02066690492720754,0.011269597287495518,-0.019251862331138243,0.028170798367164983
2021-07-01,-0.018634170389046745,-0.016096679950558048,-0.04642179247060035,-0.01401881514447913,-0.01862992863651794,-0.015234281837454955,-0.019418015933770943
2021-07-02,0.009360488604828842,0.014098862752563007,-0.015234281837454955,0.0035230987025245113,0.015328493429355612,0.004376370490078383,-0.013158071505751809
2021-07-06,-0.02197894535418648,-0.0318348879340108,-0.035718048379316844,-0.026129752112646853,0.0006611721815625741,0.006528904502439876,-0.0428476025394375
2021-07-07,-0.0063695498223391425,-0.015256788864845492,-0.0068415796789861386,-0.0012039856390715755,0.017687949284716013,-0.017505900160216043,-0.0023068588762635168
2021-07-08,-0.025891293543887774,-0.021901327554350453,-0.030199767657345538,-0.02069476146983922,0.014824667106439295,-0.006644589033976515,-0.0257324460642487
2021-07-09,0.022691450652834236,0.021202305209743307,0.02790887272121241,0.008573368218818305,0.01586831127033559,0.028479496039129252,0.02342036366214711
2021-07-12,0.0621315445775161,0.04177256390470606,0.02267668660159317,0.04529987950320619,0.02794343928476584,0.03814017940612118,0.04746654381780253
2021-07-13,-0.003016343617126259,-0.0006710615744882467,0.0,-0.00936784720299159,0.004277409259440909,-0.016771865685233322,0.004405289072357788
2021-07-14,-0.01215839798222542,-0.0033614530877966505,-0.006749229277808501,0.004694856915804519,-0.03917188156735693,-0.025697320565824536,-0.011049878106334215
2021-07-15,-0.009216396811547583,-0.027305124689361877,-0.011350794790879137,-0.022499566958747563,-0.014048779111295711,-0.01310061108785824,-0.03620301350546102
2021-07-16,-0.031350612101530895,-0.024519729012951522,-0.002285767596772526,-0.02056918131423828,0.01087315309647502,-0.026727729575311294,-0.028039304940512183
2021-07-19,-0.0323651554771912,-0.012130085018110836,-0.032560985352360294,-0.02977910887977239,-0.016677758360887203,-0.013636562387651669,-0.028848127880388107
2021-07-20,-0.00660067900963272,-0.011552490982682267,-0.004739340811956353,0.011271245617363366,0.04922127501308409,0.027089667858606222,0.012121406772797938
2021-07-21,0.045314953970809146,0.055098915038433144,0.04867705659535155,0.04266361468894892,0.004301063248916752,0.015469960199696778,0.05622083945106496
2021-07-22,-0.038714274961176444,-0.03354625625407362,-0.020572188956130673,-0.03151807157723588,0.014003361059122539,-0.024418557661567416,-0.016073754681327553
2021-07-23,-0.009917702613074389,-0.02957292186004401,0.004608298782495414,-0.018645599435072362,-0.026962449263673093,-0.006764339965700711,-0.01869222673014813
2021-07-26,0.01647499058550085,0.015256505992576106,-0.020906609167636897,0.022333421118585356,0.017241731505483048,0.020157490913758336,0.02790887272121241
2021-07-27,0.019418073439678874,-0.0007212053852376269,0.013986227983039808,-0.007388911449417729,0.013943933181561154,0.0022147853599034494,-0.03263700965321147
2021-07-28,0.0031998428910534177,0.015748160748384466,0.009216645991064322,0.02079579684928876,0.0024052331441248584,-0.008888938939973515,0.02573244606424871
2021-07-29,0.0,-0.0014217732157114952,0.013667625367167828,-0.022032620279248117,-0.001803353592665969,-0.0022346889958830126,0.011481226121868266
2021-07-30,-0.022617916330732492,-0.040644067798853774,0.009009061234425433,-0.03398695641802965,-0.06912184797719514,-0.01578379908985382,-0.004576662532905611
2021-08-02,-0.01647499058550077,-0.007434914588317039,0.0022395871033799087,-0.0025641899825132567,-0.0006449680202957434,-0.0022753659248559086,-0.020858265209837672
2021-08-03,0.029462177780621823,0.025784235779863076,0.004464289089766226,0.02909775397360141,0.0,0.033597806977064194,0.004672901274182882
2021-08-04,-0.022839640269792308,-0.017608497119311638,-0.0067038761931460635,-0.007509751462350349,-0.01626052087178029,-0.02002295033445876,-0.023585976457376968
2021-08-05,0.01636702298411636,0.02051351287515738,0.02655020688292125,0.017435110174458337,0.014969335536863408,0.041810284147126474,0.04662844908329521
2021-08-06,0.006472617285676041,0.0050633433187888335,-0.00657170658541842,0.013488936291645746,0.0012911853349168536,0.025533378864239318,0.0090703486335215
2021-08-09,0.006430886244557887,0.007905175732976333,-0.004405289072357769,-0.0012188101732857773,-0.003231032926745124,-0.02553337886423942,0.011223505377071315
2021-08-10,0.05608923252615464,0.0488923550266953,0.02614525429813922,0.04179720367204634,0.02240096110629195,0.029726252932816433,0.05641403673530837
2021-08-11,-0.006078842843618608,0.012868092351252866,-0.004310347292986505,0.018540556423780438,-0.00634925189920296,-0.008403502976647062,0.07320343361110664
2021-08-12,0.0,0.0,0.0,0.0,0.03381662043427777,0.022941597866326904,-0.011834446516350077
2021-08-13,-0.01536122485967678,-0.02383490442558507,-0.004329006844936764,-0.02676152078244482,0.021925397702778536,-0.02716993013946221,-0.0343121609190971
2021-08-16,-0.0031008267552800595,-0.019485448619859992,0.04038807167980778,-0.014251914512814804,-0.02624504003534556,-0.017094417683034165,-0.014477955945062007
2021-08-17,0.0031008267552799108,-0.002110625424573241,-0.008368241322527534,-0.004796185069627005,-0.02188273525825259,-0.0021574446481041364,-0.006269656748658918
2021-08-18,-0.0062114011412959125,-0.004234098474944846,-0.004210628908069958,-0.01574836168856601,-0.02690745840018147,-0.017429617932794926,-0.036290018138616674
2021-08-19,-0.02204796961647737,0.011251796763069574,0.012578870230597415,0.013341615208646733,-0.012414375869600935,0.023888140510763038,-0.044451720164367166
2021-08-20,0.040567008913078566,0.020762176002549728,-0.08701139505164282,0.02967581042102555,0.02017643547093352,-0.008620735070485731,0.0022700922596937223
2021-08-23,0.04192257749627475,0.054643485790768644,0.08701139505164275,0.046839030353652784,0.026702102787152956,0.044451771545747615,0.03563858761045194
2021-08-24,0.08701118384590377,0.08809181792079195,0.09909089889551119,0.0834706506709754,0.07374943813044088,0.040573573954415236,0.05740150978618633
2021-08-25,0.044685593116612146,0.03271300768545358,0.06924434596520053,0.03827271225359933,-0.008191935126887399,0.025516524099125883,0.032523160179136756
2021-08-26,0.010230345582462984,-0.017976608381883873,0.0762435661061252,-0.006940955337636284,-0.0100384706033372,0.011560811779201754,-0.018164001704635137
2021-08-27,0.04963802633641832,0.032242102042311066,0.003257328708214496,0.01775162760708091,0.03727859650654723,-0.005763653498442287,0.032066940731885624
2021-08-30,0.07237673116085248,0.07947652372319082,0.19176190946414692,0.07075096779779501,0.05451848109081805,0.07066137655517704,0.025317737446248555
2021-08-31,-0.020478558453566952,-0.021688441671536364,-0.028592832005361463,-0.018382807053153098,-0.014176913571449347,-0.04216940321149645,0.0019212741795516252
2021-09-01,-0.030340584840695486,-0.016173004437737275,0.008253199498297299,-0.02156679366954181,-0.046075550195095516,-0.003752345925885807,-0.03317378857271779
2021-09-02,-0.004750756600137986,-0.024760295437386233,0.029691761142972103,-0.018173465192546603,-0.00866304130900553,-0.01897597391935255,0.0019822065421142097
2021-09-03,-0.004773197719415789,-0.010078801130805972,-0.0434851358943245,-0.00775211759208162,-0.014607329747059694,-0.027186115129478886,-0.022022938273627644
2021-09-07,0.0670770894751323,0.06640098841444314,0.021978951350272665,0.08213569347544053,0.0737295902466641,0.03671911236211633,0.0741079928378086
2021-09-08,-0.03182069902195605,-0.02290381789814809,-0.05731831874849355,-0.007194295643757602,-0.04930976744322715,-0.007619077210243947,-0.022814746713128983
2021-09-09,-0.025732436133622458,-0.0016177518873923017,-0.06080447249659826,-0.023745303469986677,-0.023831400959499545,-0.03107043026241867,0.01147248135567501
2021-09-10,-0.01191920320864529,-0.013036305076892208,-0.01696264808365739,-0.024323002719396518,-0.02080315054085823,-0.013902939027250559,-0.021134337069682055
2021-09-13,0.07170737938362472,0.07578566712941996,0.12278177736926027,0.0887459436156746,0.10319598596414961,0.09893994439956176,0.05109909633433593
2021-09-14,-0.048009368609806244,0.008579397516825963,-0.06096853497920974,-0.02634043454525975,-0.025790144239791504,-0.03502663296997015,-0.01299928644570159
2021-09-15,0.004672748759245821,-0.023901388310087746,-0.05561167785769611,-0.019766927280043537,-0.011741766534975755,-0.0037593993858256055,0.0
2021-09-16,-0.0070173753472382175,0.0005143055923245957,0.06579353961246039,0.004526591707320538,0.0288267494519536,-0.005665687023267306,0.0
2021-09-17,-0.009434180977180795,0.011761807934055776,-0.016046975466089207,-0.008163081632668634,-0.036165256390404056,-0.021053434177212164,-0.03229151995009763
2021-09-20,-0.13150222066046963,-0.12781034722796003,-0.04512046332971382,-0.11063654169535185,-0.06073080139505682,-0.07843211288106326,-0.06376655774762746
2021-09-21,-0.021858960016467643,-0.024562224453535824,0.0015373144773859566,-0.022634582181391298,0.005403804736472599,-0.002094289494708448,-0.033475997250375436
2021-09-22,0.027249627774853628,0.003546087412856885,0.02127737762975239,0.009321719196441503,0.011312929575142572,0.024845975281605825,-0.008547052740754846
2021-09-23,-0.005390667758385899,-0.011869787551731462,-0.03988262151355954,-0.011405123355160115,-0.010714406864736166,-0.037504360055749884,-0.00645852257796816
2021-09-24,-0.019100293721504114,-0.040822123420374314,-0.04153947887805883,-0.02214115427691638,-0.021779367143368235,-0.00852882810963219,-0.021834907005152743
2021-09-27,0.03784233128546372,0.035434524456525,0.11832665680746912,0.032514464232643515,0.013365892346359941,0.0,0.004405289072357788
2021-09-28,-0.01335136980557373,-0.006020515906564886,-0.04748669168217926,-0.009331258606358481,0.0036144297187043475,0.01487799940183781,0.006571706585418501
2021-09-29,0.018642384443810035,0.01736054117257883,0.026988190170730723,0.016529539616988425,0.04813144963008584,0.03727145859143936,-0.010976995657776281
2021-09-30,0.026043208672802246,0.008274270299424626,-0.002963032947646201,0.031268050403699024,0.0011453924718057714,0.002030407223730238,0.028293429583120994
2021-10-01,-0.007741926562289719,0.01923688748690313,-0.004460934296802563,0.016741112337044336,-0.0017186357382965825,0.020081072588202194,0.0021436726244676144
2021-10-04,-0.01830128211051258,-0.031078170198485706,-0.0256617970324463,-0.008828090582604893,0.03493306931413938,0.0428080507804838,0.010649667128702422
2021-10-05,0.023468994129679163,0.01653889011045889,0.0076162120326385635,0.015640937447532182,0.011013369283882156,-0.019231343409939896,0.03742646943278032
2021-10-06,0.0,-0.004697607398876481,0.028423761228612586,-0.007790040334360973,-0.02720121977438809,-0.01171887265318695,-0.018538152357797474
2021-10-07,-0.020833904647664686,-0.02141671141770369,-0.010378176228804773,0.0,0.015079897457292775,0.011718872653187043,-0.0020811145712500865
2021-10-08,0.0,-0.004821957343390813,0.02064968168319776,0.0019532519206003035,0.0060789743089146335,-0.0058423164939181696,0.0041580060266276225
2021-10-11,-0.010582190459558329,-0.001814486664008949,0.09065438219038363,0.005836788413760681,0.09355560984384195,0.04767347050994079,-0.010427662775286468
2021-10-12,0.0,-0.009732287468570798,-0.09945208458977081,0.003872052242901563,-0.016696563837873123,0.0018605082356237372,-0.038466243585613034
2021-10-13,0.0,0.010337562627134188,0.005873726459788172,-0.0058139256081711855,0.0005100856335478295,-0.003724395453124868,0.004347828654464118
2021-10-14,0.002656086339307711,0.015010698145215929,-0.007347529514793999,0.0029110681376109822,0.009137134543832401,0.00928506466148997,-0.015300882319626839
2021-10-15,0.026179405817509892,0.02994062700387637,-0.010378176228804773,0.03989120881553991,-0.011179040062669319,0.0036900376787263184,0.008771977817187141
2021-10-18,0.005154817493528484,-0.00988083476480127,0.04088156683285269,0.002789783590885265,0.007128308900813813,0.02005539154112707,-0.010976995657776281
2021-10-19,0.012771348669069598,-0.001168927991428946,-0.05287570204269127,0.01383108941736982,0.03783429141446889,0.026715764321101832,-0.0022099961859086466
2021-10-20,0.08510616744082099,0.07055105594595483,0.06284022194142515,0.06984753806945547,0.020310180221864288,0.04299888481306816,0.04752509779533494
2021-10-21,-0.03317845862736946,-0.018147169912782007,0.015460621851976646,-0.02682981192246957,-0.013979452037587171,-0.006756775931982341,-0.0321570301036744
2021-10-22,-0.004830685563639713,-0.021880383453787598,0.009715509531864602,0.0008766752248934212,-0.024073860178273333,-0.018820082079164892,-0.026491695627516992
2021-10-25,0.05419442160394778,0.0351108024440453,0.04984201463408291,0.042048322983516205,0.016276557328357102,0.040614760536701065,0.04162705370488596
2021-10-26,-0.00921657398028848,-0.030583491616166053,-0.014560168875929314,-0.01780453997110238,-0.019264675762832386,-0.016722861471503224,-0.004301077929863997
2021-10-27,-0.06701074952966768,-0.058720426753202076,-0.017485329868959704,-0.05992998325110272,-0.0490644699699985,-0.03780515371302838,-0.032861686685255714
2021-10-28,-0.002478355455948804,-0.004802015013252568,-0.047230955006016505,0.01263552590800525,-0.008416664388227075,-0.03384117351498737,-0.02252345410447606
2021-10-29,-0.05876523374771198,-0.05503735853791275,-0.04957285297401866,-0.0477592071242575,-0.032208923653139786,-0.038786032355795794,-0.0442447167975167
2021-11-01,0.005249266503277068,0.008860809111932313,-0.036533781456885864,0.018639917554082428,-0.011522710759227782,0.007504718604360348,0.03509134330078612
2021-11-02,0.007822849953384328,0.0087833162184177,0.006182394212767231,0.02822205146133942,-0.011657139377224334,-0.007504718604360423,-0.04225976907042494
2021-11-03,0.038220900617116034,0.04697399731910699,0.10381850408190489,0.053311015731368434,0.016062428449582028,0.01309657096737245,0.026037004507726617
2021-11-04,-0.03562682444527931,-0.03579388791440422,-0.0764611281651511,-0.035516903945072176,-0.032386967864875334,-0.055410534904833456,-0.04052999762094743
2021-11-05,-0.023592296748748767,-0.0037130243208873385,-0.030443795280970985,0.006153800653223038,0.02687729120983171,0.023302002546745873,0.019277686597081116
2021-11-08,0.036462436430303016,0.04069796073486417,0.027440792923795854,0.04120765735109801,0.04800055342398317,0.039515966440777116,0.03517363568033267
2021-11-09,0.027744470390219576,0.014184888961668397,-0.06684699598888828,0.015853343906062373,-0.011652637784972759,0.011009274912558846,0.04944822770713528
2021-11-10,0.012361130234816664,0.009345796050393772,-0.004834777079320875,0.004954657743399272,0.004253059144674547,0.0036429877979378892,-0.035718048379316844
2021-11-11,-0.012361130234816714,0.01786288869537274,-0.06507714550282633,-0.021649478730716067,0.012651711599595626,0.03747093811022432,-0.022989495542170862
2021-11-12,-0.007490708684614597,-0.020191142622059368,0.03390151879036072,-0.03077163588711767,-0.029234036211833618,-0.05767367019850552,0.0
2021-11-15,-0.033123901387159205,-0.00584465638323503,-0.03217890821285115,-0.011348881297170077,-0.010301014229782244,-0.0018569647049051453,-0.011696084120135277
2021-11-16,-0.0697335631474964,-0.08498859081360244,-0.017361530666554194,-0.08136060087790377,-0.03380763130970669,-0.01309657096737251,-0.055637085050044124
2021-11-17,-0.054221287252729886,-0.027168526793240392,-0.010563468311108748,-0.042807721692724454,0.0011267864721015081,-0.0247868013457372,-0.012515795980575372
2021-11-18,0.005847869650406689,0.020123989883957985,-0.0017715202003402964,0.012839015070111603,0.03268084483760537,-0.005808289938536708,0.03222084854420678
2021-11-19,-0.06940976670099559,-0.05278259590703763,-0.049056154627585336,-0.061728966183310335,-0.0332440793676952,-0.06208198093862892,-0.05773247297951925
2021-11-22,-0.05129284483595564,-0.045746012211843025,0.038360875510854174,-0.04592374176873886,-0.0210654443714871,-0.031482157596251274,-0.028835522604958076
2021-11-23,0.009819985137522816,0.004952297881358034,-0.0017936779623585635,0.011950369696600608,0.021065444371487246,0.004255321468759127,0.005305047197217218
2021-11-24,-0.04326800542344998,-0.027183179669286017,-0.003597122633126276,-0.013043832749123147,-0.017619066818021875,-0.03456064124486294,-0.034996808340189256
2021-11-26,-0.020619501889008164,-0.01608230876997724,0.008968618586220238,0.0010934630525226675,-0.037387608107253376,-0.049559750488058774,-0.062166913081873804
2021-11-29,-0.021053282689819756,-0.023864250324178358,0.04196424225699396,-0.04013928249188848,-0.0035777896075703734,-0.028104867639220824,-0.011730328303046742
2021-11-30,0.051825093814945676,0.0015082230659966916,0.01360563881520608,-0.012592970613385084,-0.013229255586082069,-0.03874572854185398,0.054532826763908145
2021-12-01,0.033115696187332413,0.07475402227597913,-0.06453849965842039,0.08287475055203074,0.07293987212453944,0.07375515977003773,0.02482890375356875
2021-12-02,0.09026320518445326,0.022131034881727785,0.0423343228714957,0.010548517706260462,0.05314859666969462,0.051407969332490075,0.07605235204444338
2021-12-03,-0.08376968038676069,-0.03409044903230566,-0.06973331376561619,-0.03850739968739674,-0.013971223153954533,-0.015368067691660416,-0.035993629756686726
2021-12-06,0.025560375614259306,0.011259902831908636,0.039932672311582824,0.02370780429866457,0.01823107649895323,0.0,0.04354082814915702
2021-12-07,0.006289325325381074,0.01458850301221934,0.03324891747275694,0.025238066596940372,0.011621959505907737,0.03905047850978422,0.04890951429854715
2021-12-08,0.012461315360108713,0.008242043188177632,-0.04939270754093404,0.00827314215937582,-0.0021030982811969913,0.0,-0.004784693483860293
2021-12-09,-0.025079772109466457,-0.007552659125419363,0.047670096963424696,0.0051360362727217385,-0.004748104565238292,-0.006403380116287184,-0.02427301247487488
2021-12-10,-0.012779613363606739,-0.020891943647211975,-0.05492973660693651,-0.01965908621833683,-0.01652927337292173,-0.0064447505543316925,-0.019851808339811983
2021-12-13,-0.04943336735000892,-0.04093910865367556,-0.03333638935289141,-0.05035902576743883,-0.028908513512675853,-0.035091286779138975,-0.027956050161669715
2021-12-14,0.006734026954675254,0.028903491419650176,-0.01327036982465624,0.02496070318839071,-0.006662930277726861,-0.03174866741355544,-0.018206009010147232
2021-12-15,0.02321811039271331,0.02531770152093703,-0.005741591566058866,0.01805673412806964,0.01602681465996134,0.00459770471269931,0.002621231022659948
2021-12-16,0.02908124471792012,0.02536993587680927,-0.0038461548842174623,0.02597533447506001,0.037131009244669805,0.0316053087927617,0.023286990806080623
2021-12-17,-0.0323651554771912,-0.02954510460602124,0.0038461548842174467,-0.03655740709346697,-0.010087716745777853,0.015435845692503117,-0.025908221828740603
2021-12-20,0.013071857881871552,-0.011925854245330455,-0.03914390230538174,0.00530516468967395,0.014304903943682244,-0.03563858761045186,-0.015873334137796888
2021-12-21,-0.006514569909445196,0.009831528923141243,-0.022200736202447693,0.0042238820141193515,0.032603103308942526,0.022422549406113202,0.023716504265574045
2021-12-22,0.019418073439678874,0.0006985340536752716,-0.012320472324358366,0.005254853912730645,0.0,-0.008908842575952999,0.01293684035011537
2021-12-23,0.025317483423850266,0.015933978179465277,0.08131332434856894,0.015600565660568019,0.004572024983765303,0.008908842575952997,0.007682488667103406
2021-12-27,0.030771749102304454,0.04040954014613417,-0.0095694876959328,0.046379353168768456,0.013591976720869911,0.019759078498560335,0.03755136836663316
2021-12-28,-0.033901383063404185,-0.04523191151345364,0.005752692816170061,-0.054669258965776964,0.03101401284892643,0.010810957345391062,0.0
2021-12-29,0.027822540219785537,-0.008322062318395142,-0.03107043026241867,0.02466729728738849,-0.00827457062661997,-0.02614525429813932,-0.019851808339811983
2021-12-30,-0.018462051614956836,-0.0027895444937506026,0.06305811976951307,-0.011230525731484229,0.02032000704496935,-0.020067596478626496,-0.020253837343076373
2021-12-31,-0.02197894535418648,-0.021172189260103346,-0.018692114685078528,-0.026002285332194567,0.010955167951873717,0.0,-0.023286990806080547
2022-01-03,0.012618456749357658,0.01767444302634061,0.06217718529141493,0.0218872329727317,-0.05151777507240594,0.013423007444649979,0.05599427738796235
2022-01-04,-0.025398070112964372,-0.016248995289448624,-0.03243524509376189,-0.007242710820900696,-0.0034973653914219544,-0.02020274191794871,0.029270355062651254
2022-01-05,-0.04606085181170092,-0.04516420231933905,-0.018484796751324625,-0.04785625292060115,-0.05240030176974508,-0.022936764018877554,-0.04172380430145661
2022-01-06,0.023295711049809535,0.01111539242647041,-0.04776456964843794,0.009756236439427362,-0.011137696123147607,-0.01637467557714792,-0.01007564230707611
2022-01-07,0.025975361412105342,0.030481373479677325,-0.005888183771778966,0.011796449669998125,0.021631012162417196,0.03931143959602537,0.020050837035358288
2022-01-10,-0.009661851476889954,-0.014399064709700071,-0.03607602199257535,-0.01179644966999807,-0.02590680293875997,0.037824326609701545,-0.030229032071358606
2022-01-11,0.02240076502596119,0.020100964571494323,0.04976150861427052,0.02556050350494697,0.011714687562511279,0.025863486666099427,0.04500761141340545
2022-01-12,0.015698850132492222,0.012010015228343968,-0.009756212162808945,0.006289605189987748,0.04097025792841824,0.03553144546121001,0.014563349860448363
2022-01-13,0.0,0.014639631001041185,-0.035931975019667446,-0.005238662459605612,-0.01124187741977485,-0.02705682617565956,0.01197612265354822
2022-01-14,0.024616716504085482,0.015791480099812082,0.03200270056078125,-0.0031559519059864262,0.0010272450039951028,-0.008474619285550513,0.03738760810725329
2022-01-18,-0.0627163316625388,-0.05028980318610225,-0.015873334137796888,-0.06306446931249599,-0.054866027624869834,-0.02368241081812387,-0.044556033876892165
2022-01-19,0.0,0.011396148211945034,-0.026343998838764027,0.010050396946312589,0.014535844263125597,-0.006557446338053988,-0.01937104674435767
2022-01-20,-0.00975622196278895,-0.012112797659521638,0.0020513297207268607,-0.01680719752994206,-0.012910334318594008,-0.028923065670651355,-0.02726318327358288
2022-01-21,-0.040005308258353627,-0.05374850417584963,0.02629071746570635,-0.04862060094403101,0.005937972244563476,-0.020525162036484038,-0.03841704081621533
2022-01-24,-0.03460562146758835,-0.06322837264072848,-0.046995370385445746,-0.020372200648601714,0.002687410286625888,0.013730179327818448,-0.01578978687182507
2022-01-25,0.03460562146758825,0.03172345099954613,0.004175367253950492,0.035675477692831054,0.02648460001606691,0.013544211986473934,0.0415644464670959
2022-01-26,0.0,0.010869763062622065,-0.01680720250373277,0.015072612249477873,-0.002617077560638917,0.011148429679332961,0.005076148117122006
2022-01-27,-0.0034072122241434587,-0.011650670122801528,-0.021414074823655743,-0.0011512357682189024,-0.012127727890365708,0.008830070618169936,0.005050510920848728
2022-01-28,0.10057100008879281,0.08675098232478785,0.019293235804585588,0.09342326825829125,0.03081989237325201,0.034560641244862945,0.06815288103061952
2022-01-31,0.04525670581944082,0.03311325665372051,0.19077822525077587,0.015617064603658906,0.02238133250907513,0.04362062988364472,0.016336459056122608
2022-02-01,-0.01785780030625885,-0.009049858120489552,0.04962523253845297,0.0,0.019921053567774218,0.010111251882460776,0.011507540927197257
2022-02-02,-0.027398905513181866,-0.004907072863551512,-0.030510812901496306,-0.009341005929710258,-0.012903415828849005,-0.026505045638613296,-0.013825092080197587
2022-02-03,-0.006192068099037592,-0.021307816614451608,0.03716648451797744,-0.030706274911813138,-0.029398970248000297,-0.031482157596251274,-0.03542285324605794
2022-02-04,-0.0031105743860158465,-0.007927776066795508,0.00661158781851797,0.0,-0.01086129070836735,0.004255321468759127,-0.014528087143477158
2022-02-07,-0.0031202802577130636,0.007927776066795553,0.0016460500780299903,0.007498747980672076,-0.015195419840753253,0.010559800200275546,0.007290484232693631
2022-02-08,-0.006269300401996641,-0.004316248065790593,-0.02329554042210188,-0.0032070175298178857,0.0,-0.012685248193620501,-0.019560506469131714
2022-02-09,-0.01584834013080009,-0.010145194762325498,0.026579612537632934,-0.006444855881812734,0.012070445082142882,-0.010695228025736492,0.004926113418270598
2022-02-10,-0.012861694367943516,-0.0029175355931590377,-0.03333638846961517,-0.0054024799403958115,-0.008381392497001428,0.0,0.009780019361654006
2022-02-11,0.02871003449874367,0.005099945845333451,-0.03624210888108594,-0.021906674183807262,0.06614818075657601,0.04417122527611185,0.019277686597081116
2022-02-14,-0.012658388956767729,-0.015379025715152919,0.044680929306699244,-0.0033276275167803807,-0.020896287117462005,0.0020554482108347005,-0.02415574022821801
2022-02-15,0.015798055397664552,0.017557261521277734,0.03306090982406745,0.01871272362240961,0.0005026503815861607,0.012245039639509929,0.012150748225103956
2022-02-16,0.07253940066209537,0.04675061080087941,0.00809716396203186,0.05824819278255862,0.024815169589560666,0.0628891233686861,0.05863344108640919
2022-02-17,-0.014684493736806022,-0.028072241615866685,-0.011354492670246371,-0.03028931080142243,0.00878484454804054,-0.013423053471403153,-0.016073754681327553
2022-02-18,0.037740255813211505,0.026687175183296972,-0.006546661839823115,0.02616558230991945,-0.013698878234198146,0.015326047131145309,-0.006968717944590637
2022-02-22,0.022536059702982843,0.05723531514010395,0.08947135486391464,0.051344628195372555,0.037703871589387504,0.029964759264653803,0.03886205053724811
2022-02-23,0.00278159582293463,0.0026145140705716484,0.10940637398464553,-0.0068927461568606555,0.0,0.07805379684502063,-0.004494385253481444
2022-02-24,-0.057158386935528306,-0.02110898818770155,-0.08566633860018798,-0.014933274535047183,-0.004278597125690209,-0.018949771563689904,-0.02971649849217636
2022-02-25,0.017493434578555907,-0.006689196813245692,-0.00440856107316634,-0.00805633608487996,0.02864720942254071,0.0,0.016110859676970162
2022-02-28,-0.06878655054733752,-0.03205164420972819,-0.03293707732791166,-0.04339509782717551,-0.030554649565450964,-0.026433274098054155,-0.04196427064015899
2022-03-01,-0.028259370757773242,-0.005559437317447106,-0.024654611496667048,0.018828799878761363,0.10158249151178778,0.0035650628312420235,0.03509134330078612
2022-03-02,0.046664686120562814,0.03693974779041238,0.0736621782966653,0.02456629794841414,0.015829161818313828,0.045225137830829765,0.07312225007272836
2022-03-03,-0.0030440905031127404,0.014667103446197831,-0.008733671481950558,0.010060474259917553,0.022661520209823278,0.0546041207149407,-0.028170798367165
2022-03-04,-0.0792809161968862,-0.04120828034610253,0.0058309146364764605,-0.04086375160821241,-0.0070789416520932735,0.027007213205929238,-0.04725289161179527
2022-03-07,-0.030152855183682378,-0.0166902571877112,-0.01759574466597464,-0.051348118361842825,-0.02196963968838037,0.010911985942237648,-0.06177741355423928
2022-03-08,0.0400053082583536,0.031069082636253395,-0.013403052547226962,0.02920696408492646,-0.009010963427169864,-0.023530437563522362,0.07095178079984422
2022-03-09,0.057158479606295706,0.05166716943811138,0.01488121274092485,0.05899266706527567,-0.0025896161685268703,-0.05547917619510448,0.05981848959197196
2022-03-10,0.03636742274325402,0.03675951245698591,0.014663005469361423,0.03457153237773937,0.041064022119307944,0.09439459128922936,0.035906723568512065
2022-03-11,-0.021053348724221935,-0.03418039788605965,0.018746059479122123,-0.015655939715036735,-0.053675583473634915,-0.026296963472840232,-0.03375854828353042
2022-03-14,-0.018405315362789564,-0.023454091947923698,-0.03636764417087483,-0.021934825969140898,-0.05440770826123651,-0.07145897228651887,-0.03493801861709739
2022-03-15,0.0030912413437576415,-0.0019791862762778964,-0.025507771142037197,0.001007465833325922,-0.017245775039784816,-0.0084531680121127,-0.03620301350546102
2022-03-16,0.042302350221422945,0.024144338255231552,-0.024616604156739403,0.021912917809248634,-0.016114099695018903,-0.015398024557820383,-0.00693649243136523
2022-03-17,0.005899524403600847,0.01852525334609731,-0.02364177798285586,0.03008498678072177,0.02733440288166523,-0.012142416382340008,0.03868515984492067
2022-03-18,0.011696225591376964,0.01818813584734514,-0.0031948878544958066,-0.01930561047905967,-0.0027932729780580077,0.015584757183073656,-0.02257430016795056
2022-03-21,0.005797208987178947,0.01664129703220746,0.03768103170084107,0.01739178844831975,0.02668051104060989,0.023770196239329067,0.0424644919523593
2022-03-22,0.014347296831054627,0.00973228746857088,-0.036082273774551095,-0.00191772922272661,0.00903751540103909,-0.006734025694352127,-0.008791256658526673
2022-03-23,-0.011461531391264447,-0.0018177044377269249,0.009539013645775776,-0.014499902559903775,0.006278105634111925,0.001687722278273032,0.02614525429813922
2022-03-24,0.05330866132130375,0.028103405284535154,0.03115513769280437,0.05493808530069726,0.023852676787026898,0.06211148342322529,0.02966316335055656
2022-03-25,-0.016529474404121627,0.001178650083522718,0.006116221220186421,-0.013921404586937873,0.0,0.053983794156299565,0.0
2022-03-28,0.0,0.015776205777451657,0.018127367617376385,-0.000935105768397919,0.006526001876346441,-0.006024108979433908,-0.0062826871311996635
2022-03-29,-0.011173202956243694,-0.005231103819054856,-0.0029985002095402344,0.0,-0.027254387227578017,0.0030165907189823042,0.010449355893777615
2022-03-30,0.0028048187636146517,-0.0011662016701279117,0.03104462793498846,0.013011543601976153,0.020728385351231542,0.03259551781978357,0.014448171094538843
2022-03-31,-0.005617804958503265,0.00929152282447005,-0.019104198610705437,-0.002774077287815529,0.03094356587813966,0.021630272496724633,-0.010298791447429973
2022-04-01,0.038678924451902796,0.02905377251413252,0.036420632536050136,0.02739910421673808,0.01844918343307695,0.008522770491473146,0.04454182918791421
2022-04-04,-0.016393800187486617,-0.007891725770807214,0.0014296255537774027,-0.008141263266752796,-0.0049978834038691645,0.0,0.050203543421318775
2022-04-05,-0.02228512426441614,-0.024056264078612537,-0.02898750882400805,-0.0360649476173125,0.000834664087822318,-0.004252339437385502,-0.02285811627493258
2022-04-06,-0.025678763205840106,-0.015187401282679043,-0.005899716318173342,-0.010411653584449062,-0.026206019348316123,-0.028820410808716907,-0.023392856741582885
2022-04-07,-0.011628221668703483,0.0017644923229383858,0.005899716318173401,-0.019212876527565394,0.004273526975079826,0.027398981724658465,0.01176483002949803
2022-04-08,0.0029197564233526025,0.011101334441413214,-0.0103474937405698,-0.000970555405929104,0.029413836875714337,0.019718929584957908,0.0019473720006593052
2022-04-11,-0.03863801759869119,-0.0247071094759342,-0.028637986854498594,-0.03156082958404174,-0.025583223578193266,0.0027855144390478933,-0.0216330276684599
2022-04-12,-0.03704104950430102,-0.018636079234666612,0.03898548059506835,-0.005022470266809984,0.008460238815792066,-0.011188917097747905,0.007920825638302497
2022-04-13,0.0,0.010262675191094344,-0.035932045997938575,0.004019868117928122,0.017536987210557724,0.009797096558316192,0.013712202030157375
2022-04-14,0.027908619956310773,0.025497995107612425,0.0,0.003004672130307832,0.029767725106650995,0.0395956119060689,0.007751969640620806
2022-04-18,-0.006134783126367164,-0.004695006657673149,-0.021572464647704858,0.012916167806583691,-0.03433112702882568,-0.025764080029509324,0.009606258591640368
2022-04-19,0.02130952472571893,0.002350453645132454,0.0396998322650813,-0.0009875654018443336,0.04193574789398114,0.004112374905568538,-0.017358228232261224
2022-04-20,0.020865567408541365,-0.006476401525196478,-0.016604103226160793,-0.007936508928246903,-0.017293827709442915,-0.040480050613292004,-0.013712202030157416
2022-04-21,-0.06709858784868813,-0.059001482125698834,-0.051533712923028066,-0.05423347948194287,-0.06711114866992228,-0.04665571739166893,-0.060994550559735614
2022-04-22,-0.032053900411951865,-0.02860100080834567,-0.009661902008876995,-0.026639603688398426,-0.02015839910875421,-0.02264241916204337,-0.02763196343810804
2022-04-25,0.003251872744348787,-0.009717950645637895,-0.04467243809326472,0.004310429218552734,-0.00532628159566247,-0.01849056721440715,-0.03732597577502203
2022-04-26,-0.04992709039194217,-0.0680167897334796,0.013445568317287734,-0.04733983096947118,-0.04412812050529772,-0.009375059934114848,-0.07428000446577472
2022-04-27,0.01355952146026106,0.02137272330542396,0.001668095311354922,0.02998556900179535,0.03203938811125819,0.02939114261490219,0.009592390367769765
2022-04-28,0.023295711049809535,0.013550136073427208,-0.04255961441879589,0.01520113653671727,0.008075342139644982,0.02855191065107173,0.032866776804069166
2022-04-29,-0.023295711049809563,-0.012868092351252905,-0.04445176257083381,-0.020686458953685958,-0.03686421913161396,-0.051683257756523174,-0.0210043091322497
2022-05-02,-0.03424990179452669,-0.03045226069419206,0.00904986988655931,-0.033560497022397266,-0.04504192696412242,-0.03654100343523814,-0.023867459674933467
2022-05-03,0.05425044774209145,0.050027584660987154,0.04750232911344336,0.0412317537755436,0.03103613144492592,0.04276185754370678,0.028573458422041637
2022-05-04,0.026060305864136137,0.017887029444815378,-0.010362776794199027,0.014092244533644464,0.014469305560878132,0.02450357282606152,0.03233534858922351
2022-05-05,-0.04606085181170092,-0.05049837803182271,-0.012227256249669772,-0.040642547487687905,-0.048419541683188946,-0.06888482377984202,-0.060908807011265165
2022-05-06,0.0,-0.005540646814420015,-0.026715764321101853,0.0,-0.004387048482192981,-0.029607476365903343,-0.00484262000285356
2022-05-09,-0.06252043566952321,-0.047644848702127277,-0.04996413493944374,-0.027274421434885357,-0.045985118722867924,-0.07809688004324292,-0.060017952454249165
2022-05-10,-0.01081085067327523,0.016612933772888316,0.0018957785205855223,0.020525221145145416,0.038630360285449805,0.026715764321101832,0.010256490134848532
2022-05-11,0.028573355639092416,0.03103191492923908,0.037178966985888275,0.023425323855327126,0.029100035151872476,0.05471452843605656,0.03509128625481997
2022-05-12,0.0,0.02129930074608408,0.01449299353055419,0.0011022382357221598,-0.011538578446382576,0.011579896799113575,-0.004938276989193394
2022-05-13,0.03460562146758825,0.05295734404006768,0.007168482740163504,0.03935284113756291,0.03655761654502067,0.0016434233475588623,0.05067430040558674
2022-05-16,0.0529924954534748,0.027974101947619054,-0.01077208683774765,0.022889319159151954,0.009280755886351574,0.049649898489499016,0.03922073041435473
2022-05-17,0.006430886244557887,0.01740261496441145,0.005400590884653493,0.022377288486240075,0.028235064995797726,0.018576367746392982,0.01571293742757147
2022-05-18,-0.03922090736179182,-0.031291892563487606,0.016028780497989132,-0.025614986117142753,-0.04359491684086495,-0.03115513769280424,-0.05258343676884355
2022-05-19,0.019802833922112857,0.0025399824040681163,-0.0035398234188993853,0.0010803763214557345,0.009337171581546781,0.009448879973770242,0.025493768910237344
2022-05-20,-0.029852999022235937,-0.014692275775172329,-0.016086079712215914,-0.020731997849705096,-0.0018605082356237125,-0.023791779433229788,-0.006888599648832362
2022-05-23,0.04606085181170091,0.037263503785269644,-0.007233297420809207,0.03040429688331049,0.029811867810568788,0.030041793724745264,0.03620301350546104
2022-05-24,0.01277961336360671,0.03232979879117699,-0.001816572465750154,0.0,0.03594801884177824,0.004661971650722139,-0.01567785146897707
2022-05-25,-0.009569392713392653,-0.00843885985966486,0.0,0.00213689479870542,0.03343641019971585,0.052842538994921216,0.01567785146897705
2022-05-26,0.01904818302185363,0.017996890372931208,0.04096744181692908,0.0021318953731909486,0.022098072201923516,-0.019302768865400326,0.008849606874565697
2022-05-27,-0.012658388956767729,-0.020421096894076757,0.012142416382340095,-0.001065664551750882,-0.012030882346901441,0.002994011327364962,0.026088411742531663
2022-05-31,-0.025807867504764798,-0.03457113906460036,0.05043080510756591,-0.018289596854776293,-0.012177308287464345,0.010409041219862063,-0.03493801861709739
2022-06-01,-0.03322551456054393,-0.008199539891110972,-0.028264571483582274,-0.023065304965729984,-0.01747326981846035,-0.02092757125136299,-0.02247283417764251
2022-06-02,0.010084166321404736,0.01757724963766587,0.05255727968663212,0.02089124648623655,0.0017181708968057575,-0.006060618919367702,-0.0068415796789861386
2022-06-03,0.016584060266712736,-0.010673577486675759,-0.052557279686632104,-0.008743288103611193,0.011097008287933448,0.003034900840367581,0.015891406411978653
2022-06-06,-0.03685523251007065,-0.026009940754068078,-0.005071816986032927,-0.021076719063952167,-0.024491007296027933,0.010550236783135988,-0.018182301348111753
2022-06-07,-0.006849337597060624,-0.005420167688549314,-0.029236833020290776,-0.006749230682024823,0.016393855642102974,0.01488121274092485,0.004576662532905499
2022-06-08,-0.031416234757623784,-0.031047554846312674,-0.01583149221815387,-0.028622518442172725,-0.015958968532330788,0.007358412918830662,0.002280446157357698
2022-06-09,-0.069752871365741,-0.07794255586919299,-0.0754727601134309,-0.08479635776357859,-0.03360175683821762,-0.055779395789276244,-0.05863344108640919
2022-06-10,-0.019194432696503963,-0.019121298011186203,-0.07543259643776594,-0.0088889353476212,-0.05025257163503905,-0.049255380822350134,-0.021978827373891775
2022-06-13,-0.0640219442095839,-0.0703726385285465,-0.06385141040339531,-0.08238383486192138,-0.036105005305218985,-0.07787351790304775,-0.04288174508321109
2022-06-14,0.0325229064849265,0.019688853485260015,0.04301734316394145,0.01101922866680863,-0.015810591126645002,-0.04317213112466823,-0.04211150715428651
2022-06-15,0.043059725150580964,0.01211159285962101,0.0021030982811968487,0.028361241039191555,0.030892340176444617,0.023616013371792942,0.008032164006342388
2022-06-16,-0.023256782749856285,-0.03345874689617978,-0.023380476219356947,-0.020175678123366562,-0.025924601152326112,-0.057264014494836264,-0.06329485579091777
2022-06-17,0.0039137035915061775,-0.00415819274291958,0.0,0.012154107667712404,-0.022551733215026463,-0.030890549232491016,-0.028820410808716907
2022-06-21,-0.007842978935031605,0.0008330018056344213,0.03174871754188452,-0.009440382110266828,0.016088818867613243,0.07368769279997435,0.03448614298701744
2022-06-22,0.023347284212608774,-0.0008330018056343596,-0.03174871754188445,0.009440382110266881,0.021707835379657404,-0.018382853680613865,-0.019972114165911346
2022-06-23,-0.03522893157466169,-0.033039604794040923,0.03174871754188452,-0.020339670583537424,-0.03223684153274316,-0.0436088102279697,-0.07167245906412147
2022-06-24,-0.01606432948191248,-0.016500452467384394,-0.029600542256902927,-0.020761894139428125,-0.005559812714527457,-0.0058308684313251825,-0.003100774698187948
2022-06-27,0.00404034045586747,0.0017497026333035048,-0.06883959221632643,-0.0013996735604646228,0.07984781176950181,0.028820455963750068,0.04849437491170521
2022-06-28,0.004024081773451849,0.030983243483386526,0.0,-0.005617865748150865,-0.021282465758962782,0.00942508640909297,0.014684537287402901
2022-06-29,0.0,-0.01193524740304983,0.04054616263320555,0.009810857144766325,-0.008641451078047391,-0.0362981703721837,-0.026589499349791757
2022-06-30,-0.040989115718852075,-0.04025025604059537,-0.03824989782673825,-0.03693585508709244,-0.01261541394604789,0.0,-0.02424358883756287
2022-07-01,0.024794371229663492,0.03767399390864966,-0.013857020927051574,0.035540171496766595,0.04207126484693997,0.015444308209867733,0.018237570367570944
2022-07-05,-0.03319791458026379,-0.035890065657790036,-0.018779988726159873,-0.045722148904972275,-0.07836655131937419,-0.0632621371220542,-0.05893172170615122
2022-07-06,-0.021322826965122076,-0.0062584048265616685,-0.04359039579956212,-0.022174104017938987,-0.0015201769923940394,0.016194670287257,-0.012861977981922956
2022-07-07,-0.008658057805932038,0.016014647872955493,0.0098522871858351,0.0,0.05572065218598357,0.03162315862492944,0.009661902008877073
2022-07-08,0.03419141468020325,0.008787342386313861,0.03846624554572604,-0.0014958974915982271,0.00526184923238028,-0.019646978977074896,0.015898646815070604
2022-07-11,-0.038548645646468795,-0.041077171224981404,-0.0023612176950148535,-0.018127155765204746,-0.012965298203294857,-0.0019860486913849196,-0.03859003697136464
2022-07-12,-0.026550288519268002,0.0036397437107353265,-0.03610502785071122,-0.010728239954924185,0.009620028781264424,0.003968255233499011,-0.016529286317205204
2022-07-13,-0.0044944610960065265,-0.02669282047370465,0.040822013219751804,-0.02654314108713444,0.013314542399574369,-0.013958386189968747,0.0033277869243214537
2022-07-14,-0.03203941342474136,-0.058586169928395784,-0.02381062571361482,-0.028894672663368388,-0.03362472262143856,-0.03473282264505441,-0.026937629779427427
2022-07-15,0.027524884428535682,0.025391963903933192,0.014354299532618037,0.024136312710421493,0.027465065253959146,0.004149379647108779,0.013559516634678477
2022-07-18,0.03991650957774566,0.03132663868816869,0.05093688855196848,0.018898336358146823,0.00189928867073894,0.0041322334173704315,0.00671142814445918
2022-07-19,0.01295906660111566,0.0028001038538993943,-0.011350794790879137,-0.012559218806802445,0.008502663625741229,0.032457275495765846,0.02314150667265149
2022-07-20,-0.03050329325930195,-0.05458539359665109,0.038078524366190365,-0.055208842829104536,-0.03737860586008047,-0.04490555732282313,-0.02314150667265153
2022-07-21,-0.04525663746054692,-0.01587320272766652,-0.08242652729212793,-0.010066972845056756,-0.017237579858546265,-0.025371315441107333,-0.027120279913658556
2022-07-22,0.07257064785961805,0.03574766988007468,0.09985614522492282,0.03805273366307388,0.014793225806141884,0.008528828109632165,0.0
2022-07-25,0.05310956740955799,0.05304300150956286,0.0,0.04755212704116119,0.04076327297345866,0.04969962192083134,0.07606972265065166
2022-07-26,-0.013015169956049255,0.004602296752119957,-0.032933842131034875,0.0046333384586632765,0.008422997799893995,-0.014242294732239232,0.018927991377707627
2022-07-27,0.0634461745665234,0.05450205167374302,0.039392364709002974,0.04959711682100307,0.0401881059307962,0.06351334559153633,0.045809492662242664
2022-07-28,0.04016623851854598,0.07696091948403937,0.18375116531783348,0.08026808383120504,0.056984298336834424,0.12459738608791507,0.03807198189818521
2022-07-29,0.05365271990761136,0.04255970734747632,0.07894320992769827,0.05399599822015147,0.012605256904289618,0.015164596156571826,0.06399958763427684
2022-08-01,-0.0188330098481056,-0.0023176383468307975,-0.00995032141084811,-0.002567337749709764,-0.0012534234404560196,-0.030562620714392197,-0.016304693179083365
2022-08-02,0.015094628887754489,0.007704212253473001,0.058268929116806346,0.006406141777582946,-0.04357803836985005,-0.02620238840015348,0.002735977141819197
2022-08-03,-0.003752174377100613,0.012962518834819131,0.07422024000701971,-0.0012778886978825658,0.03896874416667275,0.0017683032185590052,0.01626050511169458
2022-08-04,-0.026668487954586748,-0.029210566491478303,0.002915451224310057,-0.02328696410577877,-0.0054748151655042415,-0.019625903131115313,-0.016260505111694693
2022-08-05,0.04159390711215917,0.005445434413868397,0.018746059479122123,0.022007364257214133,0.017995894605070388,0.05775881924829186,0.02429266911803713
2022-08-08,0.03278977437510753,0.05361805314509963,-0.034887225142181386,0.03274830711694563,0.031035574051755666,0.046519971401390095,0.06453852113757116
2022-08-09,-0.05148173518282899,-0.06062473175616798,-0.010409041219862,-0.03531235318542893,-0.019899201930023844,-0.03805256871298857,-0.022756965171033726
2022-08-10,0.02238876599003447,-0.022916708606962884,0.03812774943956523,-0.01813518652561364,-0.007410424941034,-0.006768209066163289,0.0
2022-08-11,0.03623585869454856,0.04455586596224508,-0.013034170932300389,0.025807836968812302,0.011503774255564767,0.04967912094500606,0.04500761141340545
2022-08-12,0.028072134395029997,0.0204322278789399,0.0,0.027639702742230265,-0.0036832517414644877,0.05805549829284597,0.07532964749606295
2022-08-15,0.013745923114891524,0.02660913493791298,0.014472018626680403,0.029306196210281125,-0.008233840503609058,-0.0325357963472597,0.05083968260518215
2022-08-16,-0.013745923114891503,-0.0036536455496307455,-0.018854817414933115,-0.010889407365197246,-0.0053886583499310236,-0.009493733238459383,-0.006486451493040867
2022-08-17,0.0034539665213284376,-0.008085301851093457,0.020290532258521662,-0.013472220197632993,0.005388658349931108,0.00791772786897719,0.0064864514930408875
2022-08-18,0.013446409780616102,0.030852483845212785,-0.012996526091697252,0.006146272034278282,0.04249068190523854,0.02952818290162996,0.04426434782249619
2022-08-19,-0.06362563700773549,-0.05095229338668008,0.002902756845473983,-0.042559547950110035,-0.041251318830199314,-0.02167272792308464,-0.042111445177613796
2022-08-22,0.025226404368204107,0.03352274934082208,-0.033901554058675606,0.032707474228886986,0.006584379855503273,0.023202912141066706,0.025479060793225507
2022-08-23,0.04181815384435971,0.03950245911770441,0.03679590928880988,0.045957263716904485,0.024712646057825992,0.05068150894286956,0.08052640237577174
2022-08-24,0.049926889975480275,0.01190054229167746,-0.029327657341137677,0.010581974808580344,0.04728370419895315,0.010122963553728718,0.02483415326839842
2022-08-25,0.016103549966862727,0.00485953867755711,0.011834516917728159,0.01968802636284361,0.010630273894782315,0.01994372993276506,0.05148190617468379
2022-08-26,-0.006410494198550611,0.021240882454916957,-0.05439409122987858,0.0022908320231457956,-0.013305666366758468,0.008427007978418265,-0.012624098016294036
2022-08-29,0.019109012260982768,0.00540921444993529,0.024541085581342322,-0.00688857392100062,-0.006912408402639557,0.03706669741747337,0.06499211666910108
2022-08-30,0.0,-0.009485030506080065,-0.0152674576811775,-0.022132757603569135,-0.039698677346673775,-0.08139131351886189,-0.06499211666910105
2022-08-31,-0.07192661437475677,-0.04028335672885597,-0.05535007957626561,-0.0457909636999597,-0.02229977446242342,-0.04332267517564338,-0.0036364508734175716
2022-09-01,0.030052530970473654,0.024502279855996404,0.058422275687854346,0.021952113566560048,0.000819690950664302,0.00911859529545901,0.02340342971168893
2022-09-02,0.03554502997103921,0.030645883835308703,0.012195261569588601,0.02971117886353911,0.010189613394701742,0.04293775136213486,0.03496864769598119
2022-09-06,-0.025724756010743286,-0.008080810852286334,0.006042308797982336,0.01626042887342984,0.020867549187439723,0.008658054402634561,0.033786964913948586
2022-09-07,0.06311219241341977,0.06795573518669021,0.0340521461954398,0.039530719918897124,0.034735175503426384,0.07605601642576994,0.0919823784303925
2022-09-08,-0.006134814197334494,-0.0069731695199830345,-0.044650230951608874,-0.012256376881856502,-0.00886153141989128,-0.03799645744420857,0.025431449524060772
2022-09-09,0.036257652390110695,0.06465787528069741,0.0195936393044476,0.06509885632137816,0.03273990916120964,0.055158546893945046,0.02911411056397409
2022-09-12,-0.0149478135334147,-0.001193385997284225,0.02941392749555068,-0.01588142464098507,0.0022446498324457105,0.03977431897171193,0.00714802064989529
2022-09-13,-0.024391513045613128,-0.024782153429779814,-0.03240346357383746,-0.03917843260136887,-0.02958125019055605,-0.02935756781499643,0.012739047272847753
2022-09-14,0.01531417857514058,0.033105582936439455,0.005970161462833876,0.024124086970346608,0.02958125019055597,0.0700285992878746,0.026372111688861957
2022-09-15,-0.0466646889649264,-0.03371787715189773,-0.04879011804678987,-0.03978427686328748,-0.05452406289854598,-0.05460408232225431,-0.09025450291650364
2022-09-16,0.012658330458001736,0.0018355295913125122,0.010878070818146667,-0.003387809819950338,-0.013108426873474128,-0.025841268122335868,0.04399532330489886
2022-09-19,0.043083692977397114,0.047741520379401506,0.007698296928246313,0.04857455979139584,0.036510445435345894,0.049786909002049295,0.03385376191689625
2022-09-20,0.0119760354813952,-0.024182602325476008,-0.012345824011753648,-0.01739180447875273,-0.020643408149446783,-0.027779538179739452,-0.006958996926303872
2022-09-21,-0.027151060140756675,-0.02050747437070964,-0.010929097382962067,-0.031182755312643196,-0.02268752811893191,-0.022007370822309767,-0.04865046263573576
2022-09-22,-0.0030627026128901697,-0.006725647897557785,-0.0416726565831762,-0.010233317436564363,-0.007678378194854009,0.0026143781296879987,0.01455628362905448
2022-09-23,-0.07062488663724553,-0.027193373472553174,-0.023179902774555488,-0.04559511475392869,-0.038458339831685104,-0.06471260468054685,-0.10503944479379818
2022-09-26,-0.03367342332541761,-0.05805328618914609,0.0016736788913535203,-0.06040050515696321,-0.05681126417765277,-0.05143986212620241,0.0032051278873936047
2022-09-27,0.006826049762983898,-0.02654138709298289,0.008326474381094675,-0.046822469409995154,0.0017833671682867824,0.011661928398920107,-0.006420561660093021
2022-09-28,0.016863755234534962,-0.003454394702236104,0.09032258904958769,0.013227487403505723,0.02289833863566024,0.04809974935953085,0.028573345406953148
2022-09-29,0.013289192672248748,-0.004160844683783239,0.009049827058433975,-0.011897042735171413,0.004777451526405677,0.012354330705997842,-0.02696437447532866
2022-09-30,-0.006622725872700119,-0.008373815738835836,0.005988036287827164,0.004029684673057968,-0.013522538154814088,0.006798148629171385,-0.00160897093162446
2022-10-03,0.06433107010030356,0.07750573630505926,0.022141140422850994,0.07362904594162269,0.057182817328911575,0.035932006185494865,0.09369859493744326
2022-10-04,0.024616555289386974,0.013526855794768684,-0.014706133467442603,0.004968870815073493,-0.013781797370814456,0.023256839954137402,0.016000291405389718
2022-10-05,-0.012232532707855208,-0.016774654770652368,0.010316992141221778,-0.016240117346966385,0.007958099662703916,0.03142936283177118,0.06562022466656468
2022-10-06,-0.015504140620188431,-0.019048076587658624,-0.020741535174917187,-0.021642930977161592,0.011201131958538104,0.025658101454954726,-0.026011056509914764
2022-10-07,-0.025317731457999718,-0.024162378722430822,-0.03503786061435906,-0.009049947453565934,-0.021264100601626156,-0.010915833535780753,-0.0027777768964054772
2022-10-10,-0.003210463909856464,-0.008870531240382675,-0.023530437563522362,-0.010444012578435078,-0.0029541990561190883,-0.03348111701018568,-0.04407251111218797
2022-10-11,-0.026060030821090693,-0.015193881675135442,0.06602548281787372,-0.01854334045865189,-0.03746396867112882,-0.020382852074876355,-0.022043522088371084
2022-10-12,-0.023373489616616044,-0.021808788136742783,-0.05184089899556515,-0.029853010705226897,-0.023530527300317947,-0.009049857835919543,-0.01950551190796651
2022-10-13,0.020067915272265938,0.017624905377353287,-0.001566132201023956,0.012320315439666912,0.03096217544687904,0.0167421961700365,0.04009445499342231
2022-10-14,-0.02006791527226603,-0.009831625391084236,-0.00944887997377034,-0.026190252955326013,-0.025585866191960294,-0.041727004005927645,-0.031044627934988328
2022-10-17,0.026668274471927895,0.025776255556591188,0.017255276232203548,0.039703902986261384,0.02732655054462942,0.010596115258359575,0.05974104254752964
2022-10-18,0.0,0.009582636003741872,0.012364979826397931,0.0,0.004338418112439112,0.016982725348092222,-0.018558721424996403
2022-10-19,-0.013244880835594,-0.004779711863069146,-0.023311093034115948,0.002681000291250439,0.00776201831672989,0.017972286568243456,0.014306381987610884
2022-10-20,0.0033273701075820818,-0.0068683048610423845,0.0,0.022502728370342572,-0.0034423408007336364,0.005076148117122006,0.0014194791274205261
2022-10-21,0.044756939150698026,0.031311193131089335,0.05207909958416857,0.025841247254083644,0.014973476508261491,0.025001337228617453,0.016878021373478994
2022-10-24,-0.0324702232024591,-0.025162680839933994,0.0,-0.011545982979411203,-0.008100603977757082,-0.032625254948362534,0.030222051640961856
2022-10-25,0.022839367711804087,0.028514930582544958,0.08439604285875596,0.016635040706316353,0.051721274357126944,0.005089064567689317,0.03196014340196675
2022-10-26,-0.012987110916761435,-0.015514627738523228,-0.040593391732472534,-0.014057687917304214,0.0032467529572776147,0.03368996205392206,0.019468504862778863
2022-10-27,0.01620758167731736,0.024178526115567003,0.040593391732472575,0.01024334335805985,0.02639096951212031,0.030213779989535332,0.011501682729944961
2022-10-28,-0.029365680840555176,-0.026901502197064078,0.012270113331494574,-0.031050594738180556,0.001577248304904676,0.0059347583607047855,-0.029660462185177403
2022-10-31,-0.003316807220049201,0.0121955063498626,-0.020534615310503875,0.0195193296934223,-0.008308617041148741,0.025702380795304423,0.0
2022-11-01,0.0767149097520843,0.04927095761079102,-0.0013841149633703523,0.05393149828540862,0.04581547728603016,0.04620538461857146,0.07802702953983005
2022-11-02,-0.03762203696138092,-0.041222609890978416,-0.004163744154111746,-0.04367494640831123,-0.03908410854978611,-0.0033094054232750123,-0.0407716012428794
2022-11-03,0.0,-0.0053584999922660255,-0.023927964370595654,0.0025477288369747386,0.005902028494129958,0.009895644241212432,0.023677126080205127
2022-11-04,0.006369456053117043,0.013342424540874418,0.011331555294538047,0.016404061187271887,0.016342779276123657,0.024852661008063073,-0.009901061633650766
2022-11-07,-0.02572482313118875,-0.04888958416592443,-0.01418462155992368,-0.027920420214645657,-0.028181877119173717,-0.03474830524927558,-0.013776064446554324
2022-11-08,0.0032518899205229448,-0.0069833546453336144,0.004276586611975298,-0.006455956115630073,0.04312179860891945,-0.030288401553789104,-0.02296017063441668
2022-11-09,-0.06713928626078369,-0.060668456746092746,-0.06615200192488727,-0.03963525726547299,-0.04113888156981994,-0.06712344912298059,-0.08478513401453402
2022-11-10,-0.02817069462142061,-0.013493346216768303,0.003034900840367581,-0.0013485554230081695,-0.006359315882097279,-0.020923849664513737,0.009783470340572878
2022-11-11,0.02469237242829406,0.031206113547755675,0.03717900376911208,0.03448621231885557,0.03410092628956488,0.05445989491803756,0.062014480613480846
2022-11-14,-0.01050804562555543,0.001461916050686806,0.031611865836851404,0.0013029478223240923,0.03446657480626853,0.03926603261129337,0.049723418141451224
2022-11-15,-0.024956601521921678,-0.027398991774405555,0.02651935617439554,-0.018397360071861265,0.007418389188058111,0.010140949169493159,0.004962784644457254
2022-11-16,-0.025595409972861336,-0.016654264461961565,-0.02935221648436049,-0.01874201792025979,-0.029628981883799945,-0.03769720138545388,-0.05599427738796244
2022-11-17,0.0036968095477099743,-0.020046985976147035,0.009880065471954072,-0.02601145010827598,-0.015343592484441013,-0.016432334962687874,-0.03326986880951317
2022-11-18,0.0,0.0069848361263210555,0.0028050483012747717,0.011034732297186734,0.016104644927609164,0.028006472193083394,-0.004067766011879717
2022-11-21,-0.003696809547710012,-0.006206168982298482,-0.03854866807580533,-0.0013727008433031304,-0.011092135544473988,-0.012738986382189699,-0.012303661959489023
2022-11-22,0.014706052150151923,0.013910461772314715,0.03152127248940903,0.006844498164730005,0.0053701468252605675,0.046678918416122324,0.028476505614477447
2022-11-23,0.10388994166967451,0.022824506728077076,0.0,0.028246938409922144,0.021196909133972038,-0.0033425917796112625,0.023779169296092365
2022-11-25,0.06101399525265205,0.03193739072238126,0.0056258884112239905,0.027470615945780735,0.032064619985865385,0.019890191784408782,0.0705582777209349
2022-11-28,0.027651633893491893,0.0029194709063668166,-0.007037353547176704,0.012820696147072107,0.015119081383510253,0.01735399763961275,0.007272694593967098
2022-11-29,-0.027651633893491748,0.015908081087092758,0.02785699409877504,0.008877634854220579,0.035103639688274194,0.057457073243552675,0.03791931146909439
2022-11-30,0.006211328066221836,0.041452787531810156,0.0027434832539862254,0.02247269610942708,-0.011797505192440676,0.004052686436863196,-0.024721686216820762
2022-12-01,-0.012461191788124869,-0.019458345005014577,-0.023563123805584462,0.0036968359452507335,0.01592834887868304,0.008056430408226152,-0.0011926332491595127
2022-12-02,-0.03509155831255667,-0.0007019431152765823,-0.0014035411261024474,0.011009351641554588,-0.016277457943320216,-0.019241154013810696,-0.01442331290787401
2022-12-05,-0.06021867873207176,-0.060054358078227496,-0.011299544599374644,-0.07317247897219734,-0.04353164386469884,-0.03221052134784003,-0.05986825008459764
2022-12-06,-0.006920374341710856,0.014804000153272842,-0.022989496172240394,-0.0013100048647231087,-0.013955391883565378,-0.036563228253847134,-0.01685070485317875
2022-12-07,0.044149658933148976,0.024674990812888858,0.002902756845473983,0.04108422202673412,0.02194669178426249,0.03339022856500764,0.016850704853178685
2022-12-08,-0.06875543889946678,-0.04696390243901391,0.03838423982766596,-0.056936412360947694,-0.05426820467870234,-0.054420393458056056,-0.05007635206033928
2022-12-09,-0.014337458727806781,-0.0015040991264051976,-0.0069979559015249625,-0.009364654957204462,-0.007668778515978165,-0.04811914767907728,-0.002706358978334304
2022-12-12,0.03894323869412445,0.031113719123752562,-0.007047205161989191,0.04211154553312745,0.017929193526295205,0.08544512345409926,0.01479511285152464
2022-12-13,-0.010471622436808554,-0.021379243638145324,-0.0014154607884626575,-0.018206038345302645,-0.01677509888857664,-0.030636940687233324,0.002666729282180114
2022-12-14,0.006993392669942166,0.002976040468841336,0.0347982225337211,0.006540403546745282,-0.011990066672789396,-0.01680707521245828,-0.016107779359776708
2022-12-15,0.0034782297668662465,-0.000743340326715499,0.0,0.002604047532730809,-0.00859720884917851,0.001129223743481185,0.010767254164723353
2022-12-16,0.003466173606538186,-0.0014878821955054257,-0.020733306272594804,-0.0013010997104066805,0.02442459334884302,0.031113697161480148,0.0
2022-12-19,0.04400030624905186,0.022092122280848156,0.026190340588188244,0.03580929562579516,0.0616379117156177,0.021645845549061918,0.06101831140771956
2022-12-20,0.08563075544367192,0.04764485409463027,-0.00682592596717586,0.07383886637120236,0.009675777014334237,0.016985530028710668,0.0646172577247349
2022-12-21,0.041672647318512765,0.05077258599354292,0.05464381824055622,0.0389064523004424,0.028824479677277384,0.07109590298423371,0.024491023640372145
2022-12-22,0.040005374627049076,0.02025569857396314,0.02939508994268644,0.004479214994609943,0.02497989707442926,0.03278983790323006,0.020525162036484038
2022-12-23,0.012860083715058823,0.029015152038688586,-0.011399762820051626,0.036208014864679526,0.012092878466372812,0.030829151111015887,0.025628199108491526
2022-12-27,0.019257834031935372,0.008799705508599931,-0.0363204295197065,0.008583787477663272,0.030903137136388457,0.06327277495145077,-0.02788803106510836
2022-12-28,0.026883294285770794,0.03444381144814952,0.013123535200331049,0.02843791773933764,-0.0025931918969466887,-0.01918108248549412,0.027888031065108426
2022-12-29,0.007926243548545523,-0.014616715262195034,0.020645874932688716,-0.002078784403908312,0.010653851530937971,0.03290341183312129,-0.0044101461882239245
2022-12-30,0.025975361701617187,0.0073349515458234985,0.020228230873233093,0.012409522254430195,0.025366012701908875,0.005097752731537606,0.015351111919943173
2023-01-03,-0.05535006350471184,-0.03785736074994755,0.08052397382234894,-0.018672667487420348,-0.02568720201299282,-0.020548648092337213,-0.05364409546336651
2023-01-04,0.05020854788022033,0.043929012807365046,0.01603703820408208,0.03498282025074537,0.023493197267741118,-0.0017316417689299127,0.0
2023-01-05,0.055152000619196194,0.06389525491584841,0.018018488085736917,0.06554914523201254,0.0333261293407095,0.07187718407297984,0.07090458885540915
2023-01-06,0.02171359197920652,0.027997292161134918,0.04260615285518227,0.04987169544509162,0.014163184275081508,-0.022839470648454752,0.010638337222571657
2023-01-09,0.01421835465464883,0.02669746645538958,0.06420422665748102,0.026668475286593312,0.00537155317803739,0.01879912276337424,0.03125256368768811
2023-01-10,-0.011834437279696566,0.008032023660761877,0.01394438831667284,0.015666106073903858,0.008593946053081388,-0.03041753948557723,-0.0030816390653088514
2023-01-11,0.07784243719152482,0.05549801323345442,0.014727862977144198,0.06761017931569882,0.058452642009871436,-0.007540814899039243,0.015314195906118547
2023-01-12,0.01962990187815682,0.04585428583670717,-0.017699606976415597,0.03645410323986211,-0.023371522619562025,-0.0008414160100335995,0.047486714717790146
2023-01-13,0.006458529910083658,-0.00919856279497721,-0.024097528503317416,0.0146778361580738,-0.003138732649990323,0.003361344470129735,0.06815511786504676
2023-01-17,0.054293104566451054,0.07539242143427377,-0.05107934247156538,0.053744153537574516,0.003708384004116079,-0.011814512482242464,0.0979323011618311
2023-01-18,-0.09592015411419512,-0.05803432876053213,-0.0709045888554092,-0.1040692112902437,-0.059237502069656015,-0.08778337982081734,-0.08626773510822384
2023-01-19,0.02212502497275148,0.022217989555091345,-0.04821625746143079,0.03875535682517652,-0.008190448996630432,-0.053295240518290515,0.0008916834068990372
2023-01-20,0.04492718224197093,0.058560172698351426,0.06076629763561471,0.06458666627063153,0.04088287908940531,0.019361763055751508,0.060519744143793484
2023-01-23,-0.019008202029981873,-0.034084317360834275,0.01909098760565444,-0.012440600830973716,0.00029230585080235546,0.029288769497456957,0.0050208864389429874
2023-01-24,-0.0064169556369965556,-0.0031984556846936683,-0.00557728077549435,-0.0036884659869811215,0.003501688578934916,0.038360875510854174,0.001668095311354922
2023-01-25,0.027515069560216005,0.0403644648411445,0.0979505915463609,0.03771307536963472,0.028995810402793365,0.05151729730975321,0.0066445364029446095
2023-01-26,0.0020854901516449836,-0.006173018126383822,-0.008146677051625072,-0.010733771728046956,-0.013675413608735497,-0.024990525974868352,-0.004979219000384009
2023-01-27,-0.036059089621944616,-0.04246344504244275,-0.010277523928257605,-0.04316370201761649,-0.03206343759038861,-0.034623995462575836,-0.040752709416237654
2023-01-30,-0.03965279735873821,-0.03905482914964139,-0.053034694938961104,-0.047167483454103695,-0.03834421866810127,-0.031195205172156033,-0.0343797940807276
2023-01-31,0.04396311536843858,0.052803535697380555,0.0021762254469964042,0.05917958331188558,0.04041563557575562,0.04108298104296647,0.06929179872284752
2023-02-01,-0.026145074719858958,-0.01976591681004373,0.002171603207467767,-0.01731294875340403,-0.0014791616749976178,-0.018051100632831045,-0.016878021826275187
2023-02-02,-0.002210196152611605,0.013373369736257187,-0.014200141554677938,-0.003041923578498325,0.0002960525780287195,0.00816332476202076,-0.024118286168260464
2023-02-03,-0.05222534199327074,-0.058479720264608834,-0.04961564813249334,-0.06286443654408823,-0.03800222486102003,-0.05572466876609452,-0.025608459398373345
2023-02-06,0.018476413854107917,0.013986344426247249,0.003462286987517763,0.031140387226600192,0.00826578916994642,0.017045805950050494,0.026479855993001025
2023-02-07,-0.004587128306932732,-0.007209881051201592,0.016000271587512268,0.0047057652167970445,-0.004277409259440924,0.013059919397962883,0.0052129067577880986
2023-02-08,0.018223598090635194,0.0072098810512016805,0.02020274191794866,0.01475765368751216,0.022404862797343206,0.0390781481592664,0.0008661957073201369
2023-02-09,-0.020525007298246876,-0.03162492590345012,-0.045462329719813406,-0.021037216921283373,-0.0365894694235167,-0.035377869925695395,-0.023654231084497542
2023-02-10,0.0068885375145443985,0.008858150172733177,0.0161479158631846,0.004713708486911103,0.021506227906489015,0.039824314701365195,0.026248243159279688
2023-02-13,0.057793881001932994,0.04455826100892733,0.04475025954913189,0.060070945100629915,0.026988075766176577,0.018461982346956597,0.038124042233253254
2023-02-14,0.019251654648573792,0.017650349188065018,-0.0010947158872432535,0.026940195533679198,0.0005915545301045433,0.025796804538924686,0.0049751694580224505
2023-02-15,-0.017094238584252797,-0.013441782629991073,0.03656322825384706,-0.006486461746842077,0.011465637780628413,-0.003401360651407225,-0.0175223536801286
2023-02-16,0.042200474285791954,-0.0004666177189581979,0.029138349614429487,0.008639215728835204,-0.010579017946913105,-0.0008521712637054111,0.0008414160100335373
2023-02-17,-0.042200474285791996,-0.0576532690150446,-0.036557636315684205,-0.04771535537354551,-0.022405717996664066,-0.03911840124320148,-0.041207589076793914
2023-02-21,0.004301113845762598,0.001976717097584977,-0.055782560549276695,-0.01058226807738637,-0.021374766390644985,-0.024227250874016504,-0.0008768285626198891
2023-02-22,-0.015135306077339582,0.0019723346922282526,0.023347367297758832,0.006060640156300956,-0.0018536110261095585,0.012635492170466318,-0.0026350242409121302
2023-02-23,0.042650375637555527,0.029128270902140707,-0.012161632418628629,0.022405644298888576,0.015342430363429846,0.031776778925672024,0.029464883169986363
2023-02-24,0.05087552207502341,-0.008167368845437168,0.024177031385198472,-0.00666894033668701,0.005163205787247484,-0.002609891602732419,0.014413142700306057
2023-02-27,0.017699619283151943,0.022890820567028992,-0.003262616533175819,0.019146475781242255,0.013540173178953775,-0.005240140107940315,0.019175205647076563
2023-02-28,-0.0039062246872229815,-0.023373316848036056,0.0054317610436144135,-0.02885878684458304,-0.014146132078295667,-0.005267827837663525,-0.028477569050054122
2023-03-01,0.011673428569312944,-0.007751889857356549,-0.02190666106196522,0.007479265929955567,0.015937753151779865,-0.006181008288189147,0.0276515239645234
2023-03-02,-0.06802622849937612,-0.07104487932585389,-0.024664850279918694,-0.07261881502628222,-0.03676546693031966,-0.04159732081452861,-0.046520030647475175
2023-03-03,0.026559127008175486,0.028315990896708852,-0.005691556501315152,0.028438006135057946,0.005555579002038892,-0.013011368184459682,0.03237080820871598
2023-03-06,0.025872010743794457,0.03197082475512597,0.012478852343104843,0.015456206360748948,0.04572214832491226,0.04838923811015506,0.06333282651233867
2023-03-07,-0.04008539890390073,-0.024385530106411816,-0.011337924838835818,-0.02878456626381333,-0.0277256241591404,-0.05026185142992419,-0.07428954056710768
2023-03-08,0.06146608976646936,0.045786975449629355,-0.01377758173739154,0.039463609755495115,0.0,0.009328461207902148,0.020965128129692836
2023-03-09,-0.053319407083715034,-0.04427663637093446,-0.04250931229760184,-0.04818334885206003,-0.03569615053603807,-0.044620619918349196,-0.04151377622203001
2023-03-10,-0.07582563240692108,-0.048438088942590746,-0.06735712118038309,-0.07007398438293845,-0.07613432026835634,-0.04365777995874624,-0.08199104320657338
2023-03-13,-0.051638923851568264,-0.024587089014371257,-0.011680879532846026,-0.038298840357933524,-0.031247172147027148,-0.04353019808830472,-0.07201552339214864
2023-03-14,-0.018605253050055896,-0.010881478142493416,-0.04813758955000099,-0.02515851476977958,0.00556522644758637,-0.03558326212098208,-0.01320487620136475
2023-03-15,-0.08062969422645232,-0.08383370279063311,-0.027779603667171558,-0.06387151304261195,-0.05160371979499908,-0.0787628362702307,-0.05355602778420952
2023-03-16,0.05205603627872939,0.07393806822481859,0.03460552963434749,0.05381188168221387,0.043593941954936107,0.05206494610419404,0.026611467928735078
2023-03-17,-0.05971900390428897,-0.05508076838996475,-0.050219776748048686,-0.041281651162065905,-0.007017599428781488,-0.025115506576227454,-0.05063011810018205
2023-03-20,-0.033901605250162684,-0.02004774465917031,-0.04237302557250583,-0.015444474281919503,-0.00955253906746847,-0.009291579843328858,0.0088009283539691
2023-03-21,0.07656817372413771,0.06680684315102157,0.13651202687880876,0.07223048201193082,0.04245596660371115,0.06000675844264196,0.07285538414793127
2023-03-22,-0.022361306216897477,-0.02481820756405304,0.02061932901721869,-0.028455486735333525,-0.03643078158117001,0.0,-0.005104578380710906
2023-03-23,-0.03841718663193116,-0.02720847062479816,0.0012746658205422222,-0.01500980998182478,-0.009943220444306273,-0.00993935841921798,-0.011322880480121011
2023-03-24,0.012970408750362289,-0.000587011109381307,-0.0442780233926145,0.006594674602433266,0.03437727274058005,0.013230610118143506,-0.004149379647108837
2023-03-27,0.042881929921774566,0.058168975608875344,0.054417517746687114,0.04946048440150263,0.06021883522229299,0.05746261021348012,0.06927008594736893
2023-03-28,0.017136222325685267,0.008276162843460949,0.05519491415075335,0.018593110097892735,0.056183994166931914,0.022495862993791582,0.0492057152393751
2023-03-29,0.019231357725894856,0.02066418755019069,-0.04390944919423959,0.019974530208134698,0.010685446279983201,0.030863521241977936,0.03626867401956639
2023-03-30,-0.009569594590980593,0.0,0.05695049440807828,-0.019974530208134788,-0.006397556613583575,0.011696028891390677,0.017652776518482325
2023-03-31,-0.05942326143864052,-0.04232571970063057,-0.051975364784103535,-0.037538377633613985,0.007914754209315825,-0.0077821332224999465,-0.040166110115559144
2023-04-03,0.030152881301729845,0.03421970945729039,0.07064566826307983,0.034023119289626216,0.04881908600655546,0.04113447520436517,0.0592307528768233
2023-04-04,-0.017478462403469616,-0.028620739292442906,-0.03889705868990544,-0.024054542893699352,-0.03916301518266642,-0.04406843655117444,-0.021692825329334028
2023-04-05,0.0,0.0066781205318776835,0.0024010165132301556,0.0,0.016381580205316305,-0.00885398336188212,0.006121632483714955
2023-04-06,-0.01267441889826016,-0.013400656398833284,0.009546602648708645,-0.013618011970196303,-0.004144452193575005,-0.022989472202177324,-0.027399011141492832
2023-04-10,0.05460386558504669,0.012290604065628772,0.03156305367471846,0.017218175097542716,0.02084323549894217,0.05220286329834565,0.09726333460485652
2023-04-11,0.06995869343180994,0.03919925058745138,0.018244611133768737,0.04566223549173907,0.003480361638837897,0.04043807149787154,0.008903309035685264
2023-04-12,0.03540205640087114,0.04284866152926306,0.0056337317525650445,0.05915901306167057,0.05272535877169369,0.03620301350546104,0.01042094524179471
2023-04-13,0.015102781442709375,0.02475513941358578,0.02441855766156739,0.006451840588408045,0.01472221004558005,-0.001779400662649114,-0.015267438200528642
2023-04-14,0.04807607716711821,0.03529792410696815,0.05337446124357616,0.023044405908254607,0.016374022860556815,0.008865340318335668,0.00806451362842452
2023-04-17,0.024194724892077215,0.016718825586533842,-0.007303078316594056,0.015588818160146253,0.0018619420873632008,0.0008822434492125708,-0.01374870661666799
2023-04-18,-0.02623754876107215,-0.05451481104881002,-0.042787336868127135,-0.04346791495221601,-0.02666110984215547,-0.022292496634000326,-0.004897925378745505
2023-04-19,-0.07868040792202795,-0.08887749133420815,-0.060829559031994246,-0.061634927679376506,-0.04123145467070133,-0.07487126898255848,-0.05552307605198053
2023-04-20,0.019716041274001245,0.016807001121204267,0.0069445210274590745,0.01956679031491897,0.0008528438312957701,-0.005848010922417352,-0.006944548526717969
2023-04-21,-0.033079233318201416,-0.028908439489786972,0.0023040913977787885,-0.017850197580663994,-0.025616580379695816,0.0019531703680649953,-0.01580360841904906
2023-04-24,0.004474448701329803,0.004417203419855139,0.029480619985613497,0.0034248695153240418,0.013609627256486855,0.0410951565221426,0.011438761908776079
2023-04-25,-0.013483448563019591,-0.0016542162976508007,-0.021457579899242647,-0.006000764509729754,-0.010407743810264443,0.00839167156532729,-0.027496225975275523
2023-04-26,-0.004535326213384987,-0.008869138076638456,-0.028953961595447848,-0.012111055514806337,0.0005810708391077842,0.01748775132854577,-0.009033433266866115
2023-04-27,-0.01834899713212434,-0.01911248525176776,-0.0011758059846444973,-0.0008707285831842368,-0.0049498423101443315,-0.0027409548910544202,0.005429829169281821
2023-04-28,-0.009302319910134657,0.003964990305608156,0.0369556719219999,0.0034783745444359267,-0.0035087444155543334,0.0403461086451262,0.003603604097584179
2023-05-01,-0.02843814563635813,-0.02692834853704441,0.004524890448971647,-0.028170842221371464,-0.02131523111033536,-0.013268710766724435,-0.013580979902115485
2023-05-02,-0.014527914763178058,0.00867313604436352,0.0033803622775525777,0.016821911028765173,0.012489070869063618,0.00177940066264903,-0.014692628160299181
2023-05-03,-0.024692719736063438,-0.009834935771589049,0.041856340814162,-0.007933097365652437,-0.017588772145257798,-0.028856798541050808,-0.017732665430760373
2023-05-04,-0.03303982941836464,-0.022935620001228,-0.017410755373452234,-0.03329121548493702,-0.021892064142061005,-0.012891554374735596,-0.007561465543852873
2023-05-05,0.06744106806401243,0.057224552654885366,-0.013259850561579661,0.06465254859115588,0.04801409125430776,0.08523346485552537,0.07755826810760322
2023-05-08,0.023867589450178375,0.007277048115566605,0.053071444955697024,0.022892384345377156,-0.009420136876421497,0.012685127471035723,0.011348887402612081
2023-05-09,0.014051999056969378,0.02533154910539067,-0.01916984731128699,0.017449613765855652,0.019332758604578698,0.026535607534030003,0.01891709989987845
2023-05-10,0.02071397359783275,-0.004359564108505958,0.0,0.017150055912780057,0.019535245724901208,-0.004100062326780244,-0.007695647636526231
2023-05-11,0.03359786553111872,0.01409990774330409,0.0074986633684504,0.031875103250198836,0.030538865822918346,0.03947349139482067,0.008547093322641504
2023-05-12,0.0065864072132479695,-0.00485831257751415,-0.027043292498891924,-0.028641462672134358,0.030437102207588464,0.03569037013003788,-0.03375485751923658
2023-05-15,-0.0021907632522188266,-0.009788214116444332,-0.021053362475267002,-0.01136383456843659,-0.020552430981035742,-0.03648058977549281,-0.02045420750127512
2023-05-16,-0.05406721019704179,-0.06665337855634486,-0.03765418144622075,-0.0763080352071487,-0.04099270203425736,-0.04693417519220549,-0.03009802377884693
2023-05-17,0.03636777190852901,0.040073968140478866,0.022989495542170824,0.04226581194646184,0.016095213474064316,0.035805332949115955,0.023788882243405772
2023-05-18,-0.04100804480146765,-0.029037120279150837,0.01690176781702908,-0.02653123488510211,-0.015241641679284846,-0.015304409440117753,-0.016408782087951868
2023-05-19,0.002322722520824183,0.020583932520894282,-0.026034242432148323,0.006052853823992566,0.026937630500326198,0.01690181426220683,-0.006454581477691041
2023-05-22,-0.018735836443649623,-0.02521627047111694,0.0011460488723506628,-0.02002711953742782,-0.00973713290914247,-0.02178379841976207,-0.0009255186777628452
2023-05-23,0.03027017896464678,0.023516940878866414,0.011389688559749395,0.00788455162702503,0.014432680384722443,0.01618156724380512,0.033685468120554694
2023-05-24,0.011402267487571723,0.005652984701350959,0.04213484843356572,0.025840947400019146,0.011506926116221526,0.026140096187327187,0.01862581884314053
2023-05-25,-0.01600001003876192,-0.008491192627032762,0.021483082972660817,-0.008539635201460625,0.0005446747993499526,-0.005488033703382221,-0.028522404720289423
2023-05-26,0.013729947534431968,-0.0011376261922214452,-0.029112514353061822,0.0017139509495025839,-0.0010896464310214853,-0.03357630101953563,0.005410244496771706
2023-05-30,0.01801877477640457,0.02306685861618194,0.006543040294221657,0.03615383759780459,0.020769471638192625,0.017728124349274184,0.01428594386615902
2023-05-31,-0.022574556412958042,-0.023636366661223106,0.02256947405884036,0.0181929112197722,-0.012355759931585707,-0.027532114897311843,-0.02604547480798881
2023-06-01,0.03587835074044171,0.04291562981760038,0.03344091176950211,0.018364457101330528,0.03687908046976953,0.04338029156757327,0.027816995008329105
2023-06-02,-0.0066299413989188765,0.0043548175337585005,0.09502987449088562,-0.02258557621880474,0.0033806056997228973,0.0031397169492848147,0.015803608419049087
2023-06-05,0.03486204503821024,0.042016276026662844,0.08934510185941313,0.04224216364069967,0.015967347560151834,0.00780639625843324,0.021543272623812178
2023-06-06,0.11516227362766836,0.13111939282663956,0.026150829647911652,0.12200955088882368,0.042272203803431295,0.006974081304460956,0.06037389278051451
2023-06-07,0.03745783886852503,0.025260810476133242,-0.028718202313419226,0.04010388449942253,-0.01729293928209721,-0.003093580377791064,0.005602231175956931
2023-06-08,-0.037457838868525065,-0.02663197904308785,0.009381702719382294,0.012337408812023814,-0.016583290293081598,0.000774311220365268,0.007157100448029693
2023-06-09,0.026367015118588088,-0.002748439854861115,-0.017987640726347145,0.008816625663750001,-0.008395974228252286,-0.017174525813507632,-0.005562167269058643
2023-06-12,-0.007462776459993652,0.009586782942279078,-0.015679707227550747,-0.014281204020408137,-0.009240328037009773,-0.0031545737827781825,-0.012830957425073742
2023-06-13,0.011173214865572363,0.020684411525345,-0.034840534803191596,0.038957165173663474,-0.005948538118427285,-0.029661484189234043,0.0008067184965870901
2023-06-14,0.018349330443196494,-0.007594753373517498,-0.02485175881780279,0.022794888262880668,-0.009382414940447462,-0.008170011403887468,0.008032202460952435
2023-06-15,0.01264691779155525,0.04386670709353178,0.046435310121824246,0.027311913424576627,0.003920076319375849,0.0275098385266662,0.07325044755856186
2023-06-16,0.05586072689487751,0.048994656651546724,0.06375973037425339,0.05545157388936032,0.0648807866141038,0.061140894604329345,0.07861191485960947
2023-06-20,0.0383062602316092,0.05756702210844711,0.1700033966985368,0.016460935858304188,0.04446240473026818,-0.0015025926324729517,-0.0006875372446416661
2023-06-21,0.024214314967144903,0.030771495421178057,-0.014899178858181207,0.037200378469916855,0.023796867021959257,0.03979891164598501,0.06070552151667077
2023-06-22,-0.0473557640577431,-0.05973633611207933,0.000714557298257394,-0.07583793291909252,-0.03982361355593547,-0.05877481283025938,-0.047722791600880866
2023-06-23,0.019868347730337403,0.005149506310631285,0.04538297980892808,0.01682717402665031,-0.0011886186214760941,0.010670786531577348,0.004065074745892618
2023-06-26,0.03384668892064055,0.08371335617465556,0.14700672935963102,0.04600554494251697,0.00829090317978599,0.05242987777680248,0.04041621050535408
2023-06-27,-0.03384668892064057,-0.039656711426900595,-0.11609028522072873,-0.04660171287321154,-0.01401614968749529,-0.055467083078112045,-0.026984187803283915
2023-06-28,0.0065358205252561445,-0.0003780406156608335,0.00593866174079516,0.00594561249491552,-0.0014363794170873167,-0.00840017604154289,-0.014785169309448822
2023-06-29,0.008110330507888473,0.007535538404161447,-0.013245214201674278,0.0216951413066162,0.014744593280399669,0.020494110360317806,0.028039161447056298
2023-06-30,-0.00974035942393256,-0.009428630798026609,0.027615171980699998,-0.0023228520100614727,0.022409879946221557,0.0347025822740712,-0.019947419229957724
2023-07-03,0.00974035942393248,-0.005319113702439934,-0.003247822978138723,0.006374985972569589,-0.01160913905351241,-0.002906976071378157,0.0
2023-07-05,-0.0016169497042601575,-0.0034344649101217487,0.03641409693253582,0.007482067568626425,0.019198041208152945,0.018031502180864648,0.017310637022670286
2023-07-06,-0.0896624915202507,-0.07829217041705337,-0.04032540995970076,-0.07932613246441804,-0.06336319588891731,-0.07185610037807841,-0.07537809742066813
2023-07-07,0.0466805954116793,0.035333681259603546,-0.019123560264675883,0.02935987585921791,0.01622110773512207,0.053824598197213754,0.022520282771866403
2023-07-10,-0.017035952902278682,-0.029974191339571986,-0.0013324757107203106,-0.01775829531431492,-0.007956594436727752,-0.019104198610705437,0.009695390543115634
2023-07-11,0.00171667325934539,0.01469415548939674,-0.006689013752792,0.012322880880389795,0.004588792584430929,-0.016455069506641187,-0.00622194552252662
2023-07-12,0.010238815551272231,0.0326854640236074,-0.004034939327980863,0.022404896037705055,0.039915527939452466,0.010502676470185306,0.03542601447023184
2023-07-13,0.018503686399610052,0.04148053758188912,0.0876850413119281,0.03933597545976813,0.008300730603705085,0.015550112948627372,0.015277646771828505
2023-07-14,-0.06720869514918802,-0.06408697730005822,-0.05781227188729116,-0.06480733348999451,-0.017839010659985815,-0.0590186187565849,-0.04655144304564898
2023-07-17,0.06887391111976796,0.06506408157057142,0.098337928858891,0.05322603814918005,0.047698721063404295,0.05386209198575733,0.05115517989595028
2023-07-18,-0.0066777694660919845,0.0011474099946497777,-0.008931379715725406,0.015029555886429445,-0.0035722264143546296,0.012477231689867673,0.01562530335027708
2023-07-19,-0.03928766986177497,-0.022021730091477783,-0.03778627090505079,-0.019114421432747948,-0.018282814929687266,-0.03186637241594603,-0.008433339705630108
2023-07-20,0.02579653695767693,0.017734004507525006,0.016631146965401876,0.017391457904624687,-0.00022786504543654916,0.0037580045264439723,-0.006535995831233261
2023-07-21,0.033558874748062864,0.02773687484752065,0.01875997257691999,0.025533609219327805,0.016495675272598456,0.02737869044468588,0.013676542573317846
2023-07-24,-0.01841088380531412,-0.025006187517096528,-0.021819084390046293,-0.026683561744724454,-0.00832679361241007,-0.02214114042285105,0.010936106128522386
2023-07-25,-0.0033840746274284204,0.015462350012575241,-0.0036832126404262324,0.017114288649159145,-0.004302998911085239,-0.012767734962540234,0.0
2023-07-26,0.021794958432742626,0.004974107251308543,-0.00988882251184919,0.004514404665845595,-0.008433161012125833,-0.0022701283837208023,-0.014824667106439276
2023-07-27,-0.08655919394562422,-0.06179398585695324,-0.0754466636926492,-0.07237704118611449,-0.05771051168199834,-0.06980484085888727,-0.07061751585993568
2023-07-28,0.026763279506385195,0.025257018349184344,0.034883413635198916,0.021827426758825954,-0.001455990838309161,0.0113086333068201,0.0165864042041969
2023-07-31,-0.0035274214971310397,-0.003967042848919111,-0.03689485827732048,0.01366245240204017,0.019716909272948332,-0.00402416574334406,0.020353496760104655
2023-08-01,-0.030495693255969597,0.01733686576237994,-0.013513706539888254,-0.03359673714582456,0.020502637411302895,-0.03529289996925046,-0.014203825778277362
2023-08-02,-0.046606712356997766,-0.04473576163493605,-0.03319803765603785,-0.036028565291581834,-0.03416699223930284,-0.03918729925878496,-0.029027612938140893
2023-08-03,-0.021215747881338745,-0.01481500217062602,0.04671174419592627,-0.008256700357420575,-0.03437612094559367,0.0026030151550556764,-0.018401101421510718
2023-08-04,0.026924743087309966,0.029228940803321144,-0.026523104679246193,0.0418419166999237,0.0072184736844945925,0.0,0.00498751982121776
2023-08-07,-0.009533064889287022,-0.007827143841292714,-0.023711023583394754,-0.015408582680686067,0.009871786025972133,-0.00347222240511895,-0.008565354841851947
2023-08-08,0.039441847601473616,0.031748803265424265,-0.008504649731587358,0.03838421954020354,0.010747505038418521,0.016386704219417052,0.026875741921384387
2023-08-09,-0.01858787462729131,-0.008045215672252418,-0.0021374950979851375,-0.007198555468879303,0.014232544038204403,0.01528045939176586,0.0
2023-08-10,0.018587874627291258,0.03726166747216341,-0.02968012281960208,0.035485576071308,0.027172410205379086,0.025781088356846314,0.004178308241693612
2023-08-11,0.008196629228092146,-0.0070284654316612235,0.0014684626670907876,-0.025899037288262268,0.04221958321862088,0.005730649653502394,0.008304537912469363
2023-08-14,-0.013071871079073953,-0.08076142716859404,-0.03054239948230259,-0.05958150970265353,-0.02511729774205219,-0.04593711148915073,-0.019485702737327165
2023-08-15,-0.026668607117674534,-0.01024777476372689,0.006033194946284244,-0.009539221234452252,0.026233975412228622,0.01273907427109244,-0.011307530496368214
2023-08-16,0.0019288054428824863,0.005990524779741149,0.04196417650709766,0.01898782158276135,0.004676527622824551,0.05019561664818418,0.03902937341790213
2023-08-17,-0.051394711777565834,-0.025105937908086833,0.0050341491549763286,-0.04029950636903451,-0.012969726197360905,0.03470376537546741,0.0074906483788717325
2023-08-18,0.0,0.006668151149343443,-0.020290532258521708,-0.009839286321836086,0.007176520904359913,-0.00232826908036237,-0.010228498240167505
2023-08-21,-0.010193854842909869,-0.019235668102988813,-0.011782157527843616,-0.009271689817228687,-0.01599311207784442,-0.04124291875374433,-0.013108192902081551
2023-08-22,0.026290669385099174,0.04417681625014025,-0.011173272023614301,0.033369158431376195,0.05928801427338766,0.050523719100436605,0.015162266402934815
2023-08-23,0.03336909179249415,0.023912472188334866,0.040372399272010924,0.061759640460171815,0.012335371754148325,0.022079310878037377,0.027657739504558892
2023-08-24,-0.007075198985196694,0.01382795413722609,0.010021583187863769,-0.032688210019599574,-0.021363768523587647,-0.03213743182817177,-0.022881224377495107
2023-08-25,0.07043819324173488,0.02790509131992866,-0.007865586181120958,0.04198151434046662,-0.01172908548002659,0.0023301514733850923,0.004076121164828739
2023-08-28,0.06923790443596421,0.07295075637799617,0.029008036112668608,0.07397860742688077,0.0410928388469858,0.019209195598617845,0.010118104563589152
2023-08-29,0.02372988807111157,0.015307436742842687,-0.009106901018666524,0.024404765175585583,0.010429798640886128,-0.020762026468560547,-0.004034939327980863
2023-08-30,-0.03754706835563753,-0.011552053723265178,-0.018466450198900846,-0.006045596988958181,-0.022878533529021996,-0.016451608052692912,-0.015620045757991224
2023-08-31,-0.005231164465270609,-0.0011250665309178213,0.008565354841852068,-0.003313227798821902,-0.03324279990433902,-0.01351909885099501,-0.01170409785809447
2023-09-01,-0.04104044865342168,-0.022387704051525285,-0.02446166299699584,-0.028044263078280916,0.005908769752769002,-0.00240478939141718,-0.016056159611826267
2023-09-05,-0.029576984518069678,-0.05076806199451617,-0.06546149432695586,-0.044788040222441775,-0.040976564957949664,-0.04430584838315942,-0.04020645110905703
2023-09-06,0.0018744194985728037,-0.019157041774413738,-0.009375059934114848,-0.014380126133413239,-0.024857478068837143,-0.021196215201624728,-0.013274483438230851
2023-09-07,-0.007518631661446145,-0.0165978968947038,-0.016620884581591135,-0.014590001760022125,-0.04968774527013504,-0.01990550356420801,-0.02861641866760002
2023-09-08,-0.07439834988430515,-0.034912157315499556,-0.03989131088449706,-0.02920363096099493,-0.04996650282554824,-0.04927098080057746,-0.03340118691536333
2023-09-11,-0.006116598677385825,-0.005648354121030382,-0.024381196122153753,-0.007594874731291686,-0.02555548544929758,-0.03742256788213686,-0.047724394837660444
2023-09-12,0.026237817087978312,0.014706064155823833,0.053843201257135216,0.014506645708097144,0.052982243672704626,0.05922177498050085,0.03099759776503348
2023-09-13,-0.005993922616586666,0.010251987581135507,0.023117806812270873,0.0049968001619264115,0.02033304642297963,0.02747177370221359,0.030844702554960086
2023-09-14,0.023763551983930927,0.019777785089230983,0.031798010667357865,0.011152658435875054,0.01631194187452958,0.01990550356420803,0.006984906240307248
2023-09-15,-0.009833059603881405,-0.015536846206458498,0.0007630122608231664,-0.022430827660308194,-0.023703033679127336,-0.03221871023859151,-0.017161128183216384
2023-09-18,0.02729209848137802,0.03533931361216481,0.03153415085888758,0.027347910648966616,0.0402283442506399,0.0650914834956404,0.028695251993484217
2023-09-19,-0.029270228229940583,-0.03788158289749829,-0.01940353960639506,-0.03240159714040825,-0.014836332118622344,-0.032016222564982516,-0.010761083551302966
2023-09-20,-0.028114251942889655,-0.02334323826375884,-0.03216204181265917,-0.03087056688935225,-0.02811571803848011,-0.038399179425751995,-0.011659644036690337
2023-09-21,-0.014359195234228152,-0.014702801855423137,-0.00155766834657068,-0.023795033179393042,-0.0042241827031036265,-0.021583551304021554,0.025474162185122964
2023-09-22,-0.025106042427511927,-0.019488796644617837,-0.02846039157537529,-0.013231713261039273,-0.0012457765850706142,-0.008215486939448973,-0.019238762077344998
2023-09-25,-0.03448619879078196,-0.02174492128370322,-0.012101847771030457,-0.024197387081954493,-0.02806404886925743,-0.03925738526976607,-0.02279076750837413
2023-09-26,-0.02666818325086997,-0.029909697149847196,0.005665790016104042,-0.03199706689457348,-0.012643741888049162,-0.014402516751823101,-0.029852953960739413
2023-09-27,-0.00904979141830085,-0.0004819111089002774,0.009638619424013622,-0.005797327025350507,0.013924952506595619,0.02199988717293249,0.038558957412720564
2023-09-28,0.019187215235699315,0.0038497677562372963,0.0,0.007962503541035174,-0.007196093258193098,0.0018904030117271463,-0.005531400614725515
2023-09-29,-0.06303134495859947,-0.05377370474787254,-0.04162169298672944,-0.06094010768035062,-0.03704613379232471,-0.039485132921641235,-0.029756911054112517
2023-10-02,-0.0024126843061769176,-0.021517250104328978,-0.02960050252047381,-0.03113103310835295,-0.008872267737401936,-0.017839948106305077,-0.010668965791887619
2023-10-03,-0.029413738364948767,-0.04935990358454202,-0.11350037779998164,-0.04280015433431179,-0.02294556233132112,-0.018164001704635137,-0.04040949940047514
2023-10-04,0.014815151891111853,0.01672547839089865,0.008616631121610418,0.012300554537389357,0.006609819768566234,0.03992551961421103,-0.015584757183073618
2023-10-05,0.0361049921770146,0.011173432110835642,0.0556214145321724,0.032868472761746315,0.013902318197315766,0.03461880831538383,0.002614357325274253
2023-10-06,0.011750945556663625,0.0036969050718435904,0.08219062159099393,0.007072879998823849,0.016112117951577052,0.01687015678617889,-0.007863750002381431
2023-10-09,-0.009389737820858548,-0.029965143422590518,0.0,-0.031016583283025936,0.0247315583549493,0.01932872262368706,0.04879021993986025
2023-10-10,-0.021454929132805906,-0.011472110094740874,-0.0066666850002898535,-0.028678673694887136,0.028437951070881682,0.0189621963946628,0.00914764431289222
2023-10-11,0.026160886232411654,0.008752762889873653,0.0025051982379967544,0.030292828098050475,0.03353098171690913,0.06576757779714397,0.034177458117310516
2023-10-12,-0.004705957099605742,-0.008203430499623778,0.025526327935242645,-0.024490775240844583,-0.0007330184776875146,-0.007566173048000446,0.028393047804269295
2023-10-13,-0.03357635625381146,-0.007718065212386368,-0.014742306686422792,-0.014149353829465501,-0.031031408967214152,-0.008474659182509808,-0.009375059934114848
2023-10-16,0.021713961088131072,0.04965967225939553,-0.011618416722202882,0.05464074360688324,0.018734156070139132,0.0008507213430538839,0.01866304383068648
2023-10-17,0.028237025642559886,0.02803949498514455,0.05441863054117377,-0.008768686696522877,0.07849961261534442,0.08082730967121338,0.05544496575138357
2023-10-18,-0.01873583821268471,-0.02069438422677198,-0.012728879205540061,-0.01614232680937795,-0.007117411664874735,0.04298439232900827,-0.016164956316096404
2023-10-19,-0.031215148518006285,-0.01953088669656493,-0.08345123387170518,-0.051764557495812095,-0.03326617277669936,-0.02973915967388352,-0.06819956269378541
2023-10-20,-0.02719559324437721,-0.005881030345335865,-0.03093480662251779,-0.02956737887834365,-0.022889826785542564,-0.01875053118298971,-0.025704202276558223
2023-10-23,0.0025030576102677816,0.0026777772556781246,0.03614318816358722,0.013152138861711299,-0.041299398877152116,-0.08214796954842604,-0.06730884853346615
2023-10-24,-0.03822120164473159,-0.03815172613335303,0.013757727385623253,-0.03636750786328114,-0.0010164448255642698,-0.030423935222028457,-0.021998247838181845
2023-10-25,0.06535007072611006,0.0545932144511543,0.020288081549176346,0.06724516342688049,0.01963806199900358,0.00878743620014663,0.002665544567186565
2023-10-26,0.028778815070737315,0.027498796247268458,-0.0025135943787406964,0.00757241184786262,0.0004985158962988345,0.01648623706888677,0.0026583739279075606
2023-10-27,-0.019093721397000735,-0.005645547373234105,-0.02033966450955827,-0.015202971716561786,-0.031129921045123927,-0.04128827788155345,-0.023277705203878712
2023-10-30,-0.06213168983667435,-0.07422694605878344,-0.05273632909474155,-0.054209160459865034,-0.03985845924815095,-0.05626192419963676,-0.05492307723492768
2023-10-31,0.005115098790547693,0.015401844205835798,-0.07884007717378287,0.007162232949548808,-0.01346640295162526,-0.03180990358114839,-0.051041451368892
2023-11-01,0.07374338026545546,0.06036772008167866,0.005842316493918091,0.06392479787470748,0.02965358373103641,0.04687608772936175,0.041426047778567975
2023-11-02,0.021102770390356743,0.040287578489488864,0.04462061991834927,0.02968070858254052,0.009431476643688038,0.02035225366121172,0.033257167073816304
2023-11-03,0.016111077969803312,0.009334337070480243,0.036467086239477114,0.010505209297646872,0.0,-0.0354184378094251,0.0018674569098872174
2023-11-06,-0.018433892060589197,-0.03685662250843656,-0.036467086239477045,-0.03268267694070753,-0.03881399296161934,-0.03278983790323002,-0.04580958329243974
2023-11-07,-0.0023283558438914175,0.00303947077316353,0.0018552420627557227,0.002488471854287931,0.0018957269393139792,0.01363218224660355,-0.009813565238323423
2023-11-08,-0.04286348334874494,-0.030819314313081214,-0.05721296967927401,-0.029426189618460514,-0.018845256086910702,-0.032435267644885066,-0.01090745667046432
2023-11-09,0.014492862701689247,-0.0015659729845537579,0.03377073343859014,0.004257417410668218,-0.011926373551606617,0.0019959591583846486,-0.007003499924307758
2023-11-10,0.009546676748134066,0.020171692065366956,-0.022063200765120375,0.0008491839742392793,0.0,0.019743959865520078,0.03550665505559544
2023-11-13,-0.007151535466258415,-0.007710770541010516,-0.01072663713810976,-0.010239042415287204,-0.002514323224187626,-0.012789073599859174,-0.01562530335027711
2023-11-14,0.02597547936518028,0.016884895000115027,0.05158736617883163,0.025403406949723997,0.022130896181914286,0.023484422220839393,0.030055623254786886
2023-11-15,-0.01408466827800758,-0.003558201236933209,0.0499423070131818,0.00250527717633722,-0.03196930207827908,-0.03844735183616408,-0.021236344802212148
2023-11-16,0.004716920791556259,-0.017981000092602305,-0.0333213974793583,-0.010058806241282948,0.012352729120552635,0.006012084191279024,-0.003910069671606701
2023-11-17,0.03695576177020476,0.048073883806862026,0.05175105806582034,0.05171436311172857,0.03347366554889141,0.0439738460912678,0.04967587806775737
2023-11-20,0.17053664731790236,0.18363810736175512,0.22000820114680447,0.15871176983495597,0.16480986164701714,0.21969590835965339,0.33567314691342603
2023-11-21,-0.044973405350178054,0.0012328201266862163,-0.018310387079532458,-0.006162209351246601,-0.02478986372751158,0.004594220935268996,-0.012064509888721224
2023-11-22,-0.13467485370446702,-0.06928635842857458,0.009197101738705856,-0.07558852255745015,-0.0058816777891634335,-0.02710195940022752,0.011398050096937432
2023-11-24,0.18155842383823306,0.13176941847858348,0.14403936039462092,0.1264695603719169,0.07301181952887169,0.07629219193417035,0.11570681677300913
2023-11-27,0.07710236951032269,0.08784689685403704,-0.010419958248089525,0.09340957599664114,0.035129159936457294,0.056552182613846466,0.02463468104088732
2023-11-28,-0.06383198290087629,-0.010300235081519503,-0.05314338316275502,0.0035609789289125487,-0.029006272185390376,-0.06165607222385148,-0.0276081732985262
2023-11-29,0.05495896631917505,0.025032113909012936,0.05683350865679469,0.02573223239954157,0.02263269943686151,0.018827440728173758,0.011252628306629155
2023-11-30,-0.0035715333462263106,-0.010500466013293228,-0.014219803551037429,-0.008115792235344095,0.0008521712637052989,0.0014337248360684835,-0.0220311935529765
2023-12-01,-0.019874021969602695,-0.02529979900645808,0.026422447426752795,-0.01465885900382852,-0.028292515557360592,-0.04318271751249589,-0.028084934322984298
2023-12-04,-0.02587964912418761,-0.025956695454914833,0.007250837679764201,-0.0029575811603689862,0.010676599050772418,-0.031917609137335844,-0.006834366532117415
2023-12-05,0.024052903364071843,0.0011105193600415395,0.03548559665480825,0.02573223239954157,0.023137317991411804,0.0015432454995552931,0.06340784653985787
2023-12-06,-0.029686665243230232,-0.026998118469513888,-0.026495448315670436,-0.022774651239172595,-0.012787946812250811,0.0030792912006348512,-0.040602610252459655
2023-12-07,-0.013270386609446343,0.003035897638464322,0.007726585972477238,0.0041261769319818,0.008756059304600786,0.03697137532720789,0.005469485103005318
2023-12-08,0.01890414848860466,0.029864142415644824,0.041177229035673904,0.02898749863805311,0.007203424386195365,0.024150454715728867,0.03805449665332206
2023-12-11,0.005602200333469691,0.011336810578144988,0.028565381879259978,-0.001715733467399915,-0.011251552400155086,0.009355959906704974,-0.003506693666291839
2023-12-12,-0.024506348822074357,-0.014652251300892028,0.08364661417654348,-0.010935232118952642,0.04508275612346942,0.05640202746927144,0.010483515022541332
2023-12-13,0.053866248108281486,0.039788201521285996,-0.002033600872273217,0.03301375036256922,0.010354337361133194,0.008091742217098486,0.01950722480241546
2023-12-14,-0.01824857116325369,-0.029144007513847672,-0.033112150361639156,-0.030124595484531783,-0.022674790222750617,0.015989665610918188,-0.009706046677942079
2023-12-15,-0.039441882024265046,-0.02177603560694867,0.048264013038037644,-0.052113516616853255,0.008230451976087025,0.023515104288568303,-0.022629301911281315
2023-12-18,0.015209631826536733,0.03771276975084044,0.0565177091946895,0.033475967951132016,0.03146692407081912,-0.011688402575067744,0.02777953650700982
2023-12-19,-0.03846637633399053,-0.006489074041685582,-0.03961869181332123,-0.01659807234653722,0.003963555704296674,-0.03929910563633221,-0.011481226121868367
2023-12-20,0.047855951794312956,0.05420062860425281,-0.05002314257952166,0.04556870995767088,-0.009539013645775878,0.014835020176602888,0.021702797169266215
2023-12-21,0.038501691997696,0.004784754394634959,0.040117130041761595,0.014739520553830971,-0.0005992728367520283,-0.00873949500483448,-0.002828920917416616
2023-12-22,0.031860989183514314,0.01623301015867329,-0.054205469031736356,0.023910066742918176,0.0061747307782312804,0.0193921124707315,-0.008534880836821458
2023-12-26,-0.014035313878509635,-0.0026873559761310113,0.04520539302190023,-0.021100466919374738,0.002379987868823783,0.002645501602064255,-0.0017157960877688242
2023-12-27,0.005286303909265506,-0.014569120320031756,-0.03579118129065224,-0.005063172655760471,-0.018594963786107664,-0.007292084687343274,-0.01325283288236115
2023-12-28,-0.03396209504033326,-0.02069039591471109,0.014470572654346424,-0.02108951697212435,-0.018330405382200553,-0.008016067455777827,-0.013430832095845825
2023-12-29,-0.010969027919327126,0.0,-0.006175981030560235,-0.0051977469370427225,0.017724797623925592,0.012000164348895108,0.010526430599189113
2024-01-02,-0.035550918179335866,-0.02290856018890674,0.010272245068566676,-0.018113355185668492,-0.026602739552045288,0.005946509179677705,-0.03975605466018466
2024-01-03,-0.01729176838224083,-0.017623235308534695,-0.011822267899018652,-0.010669978887320476,0.005583727663648795,-0.015267504992779546,0.015019807329201725
2024-01-04,-0.041548824355666765,-0.030204787389694836,-0.023542848712316187,-0.03271012134011086,-0.015587969662776613,-0.04655182351102232,-0.03273024980998487
2024-01-05,-0.004048470986734108,-0.0005357097833296419,-0.026825643775677584,0.015276748480025202,0.008966726560599532,0.005590505221397705,0.02854741178599181
2024-01-08,0.022067028227680367,0.008004673157128684,0.010816804514504596,0.006648642850486767,0.012993914595313141,-0.003490418184922163,0.0005985227104064446
2024-01-09,-0.06984367072327534,-0.05823078663158109,-0.08004272477366763,-0.06920811103966248,-0.04935381554028749,-0.04213405424732121,-0.04092162830198072
2024-01-10,0.027284011764579494,0.02228476602502754,0.05222526557648467,0.03800327106347368,0.008787964419842044,0.012323466967038645,-0.008766574281752534
2024-01-11,-0.006230308864033593,0.001180133577800579,-0.009447143191315701,-0.019454745428703582,-0.005563937717233752,-0.005055965517491905,0.005644427297422843
2024-01-12,0.01036254492447949,0.024845809972780658,0.029705204285350353,0.012594705086164509,0.0066303607001698935,0.04252940161621353,-0.006273510376962533
2024-01-16,-0.029290605432752845,-0.015845539979205136,-0.054007067798731226,-0.018951873706479973,-0.004058504439552376,-0.02458848319516899,-0.06365788361212185
2024-01-17,0.047677168231631026,0.06631433374025573,0.007409613127951313,0.03632209310655213,0.009161676793656124,0.007793142859543378,0.006018082559492735
2024-01-18,0.014070637904728229,0.017705781158656637,0.06804597696365298,0.024902691602085563,0.001695232774112315,0.0,0.013245214201674292
2024-01-19,0.04488562541101327,0.024413298540726127,0.04512038022359655,0.030717044602484114,0.011577842133447922,0.016795340335625707,0.0278967364513767
2024-01-22,0.0628672580478406,0.05474743525142358,0.02849488460508224,0.055994123969534376,0.007298589158063247,0.025352498030750913,0.0006396053134865216
2024-01-23,-0.005391002014721186,-0.005308495800882808,-0.05054132458094134,0.011485031716919579,-0.01655009819824261,-0.012253342610799838,0.009545068782908702
2024-01-24,0.01608628785033254,0.030146355323194603,-0.0010373681973529093,0.0326319236837243,0.014886512229197388,0.006825925967175893,0.040340596261633554
2024-01-25,0.07347475421910167,0.06134591202580621,0.02965452016929271,0.06716661750439508,0.035572059503597736,0.03541965604083155,0.05502720645482903
2024-01-26,0.04352000551374344,0.020433322821371114,0.010025089349916782,0.04616224700015311,0.0030080783109410663,0.015635544995686913,0.01825490979337771
2024-01-29,-0.03859007707453472,-0.027134497322929937,-0.021679618789135144,0.0,-0.017166906174517334,-0.020902175070190297,-0.008515499220919093
2024-01-30,-0.016529297248965236,0.012150808105693179,-0.0020408637057592275,0.010285197541517275,-0.006334983415180893,-0.00795232077736277,-0.014355686494116358
2024-01-31,0.004987682788937541,0.0,0.004077473751843094,0.005103299646103699,-0.0016413220084577,-0.006675554006955514,-0.000578549534122515
2024-02-01,0.0033111650662717056,0.03033233220327059,0.0,0.010128928118989277,0.009604598429929992,0.016606160079750448,0.012079472831731865
2024-02-02,0.008230449393755869,0.013961885284011547,-0.0076589405911494934,0.0032013897145457453,-0.011865892626455444,-0.015267504992779546,-0.017883341624528308
2024-02-05,-0.06606967800705692,-0.06257631490092787,-0.047228062915407494,-0.052976817880377614,-0.035400043571161714,-0.04375266418683216,-0.04585503851601263
2024-02-06,0.0034963055961317754,-0.0033881470527843587,0.01599177115007593,-0.005310345768981377,-0.0010667318719876976,-0.0027991593241902145,0.007286057568755427
2024-02-07,-0.07800842738353769,-0.0699631606858223,-0.026253839632133298,-0.06705862871900459,-0.05777377308045039,-0.07039541399881305,-0.030091293856153768
2024-02-08,-0.048318612636466786,-0.047434405204465506,-0.09027403129956535,-0.062470467712005685,-0.019409269815226008,-0.03753790090306953,-0.014442981753530341
2024-02-09,0.06515711655338573,0.049417983650690084,0.05040167901420311,0.045768580554664866,0.01623827316471077,0.05542211600116933,0.051166720950679374
2024-02-12,-0.0037175818421440045,0.009858727716504782,-0.019395938293002804,0.013072205968957737,-0.016468835176247053,0.00221318669099888,0.005991652675298541
2024-02-13,-0.0037313466144524576,0.001960178413987714,-0.005777045474596997,0.006214443937431178,-0.0004613715788339992,0.0022083694334768737,-0.004790423808819532
2024-02-14,0.029468158587653354,0.009420286777819127,0.06178271951978642,0.024478307973480856,0.013521465305622914,-0.017056438236928904,0.021378522461101057
2024-02-15,0.026859208715047298,0.007087546972983624,0.028458230766695413,0.015000295885280707,-0.01259893491352838,0.017056438236928838,-0.0011758059846444973
2024-02-16,0.015775808180772607,0.014659304069282243,-0.013859509636510451,0.020143234722001364,-0.024266260710434875,-0.00886274926581949,-0.008862664618692668
2024-02-20,0.012100750127026407,0.027150916865755523,0.030657789555492743,0.010162373158174766,-0.006635066385275539,-0.020232950103462575,-0.008343391619411288
2024-02-21,-0.017331648320702837,0.03449655510693164,-0.007314525512168155,0.00048130641776379115,0.0035599351792718306,-0.0007573062792541979,0.014850288564078419
2024-02-22,0.05443528559358764,0.04564102572435035,0.019730705680730914,0.03452696294065024,0.03239997725317921,0.07302513603246802,0.062288066128584736
2024-02-23,0.024531019204640556,0.029125467876761145,-0.02498836153960064,0.020704688636031504,0.021330567026627646,0.013291593582519991,-0.0005540771264462428
2024-02-26,0.022365051657695412,0.01967800866565376,-0.04694678840307742,0.03226052237556193,-0.024776813113971247,-0.018941320797487372,-0.007232357831412279
2024-02-27,-0.03373799125105345,-0.014447308471351698,-0.048099815870086576,-0.04832698032316487,-0.025642484202557367,-0.06284022194142516,-0.028314462537201216
2024-02-28,0.0016327931891804012,0.0073860530211940474,-0.021090448794520537,0.005997396691084291,-0.018589639144568616,-0.009852304988097412,-0.019722226087268258
2024-02-29,0.03368386572482759,0.08111145954922534,-0.014912295969567781,0.012343144932441387,0.010766960387506137,0.009852304988097532,0.013383938474738372
2024-03-01,0.003149607764722194,-0.009342411327398648,0.04695705039012237,0.012641341245804648,0.015818962290152633,0.0067644114019796125,0.030175970192898135
2024-03-04,0.027908778186768634,0.0005071999056433864,-0.009795530438523504,-0.02636536548089326,-0.025143581736726518,0.02002287889817993,0.04817566375739864
2024-03-05,-0.02007793216893691,-0.026983314558404085,-0.032963630846767296,-0.0266058469497465,-0.005298692991559795,-0.05353709927975464,-0.02763645535098372
2024-03-06,0.1231422407689812,0.06284370340211863,-0.03594649867800597,0.07822176319929694,0.010569366602148807,-0.013255560860784811,0.02549632563757812
2024-03-07,0.04054608024573584,-0.019763474184897642,-0.016260594580488553,0.0026211977514460677,-0.06286726101281909,-0.03840468300135327,-0.018924619052159697
2024-03-08,-0.009049709111348338,-0.004500883041588759,0.020593606116807408,-0.014502650248807944,0.007857127580854517,-0.011484977978208267,-0.037257580821627556
2024-03-11,-0.05150775047407969,-0.025639472437440664,-0.02691870172373296,-0.03651510794704601,-0.01500728011637327,-0.003305785007903514,-0.01771978161413111
2024-03-12,0.04333325667430534,0.02789239156805854,0.024444927095556714,0.04532972387580879,0.00892973089898551,0.0349771565837849,0.017153035826057216
2024-03-13,0.06871915943127169,0.05402771899695898,-0.029533991663245992,0.06415443306678315,-0.005348264059679271,-0.008025755853773289,0.02629528961956613
2024-03-14,-0.03376933081921908,-0.015037825606282721,-0.05438614344809736,-0.039450987113073106,0.0,-0.009716666446916437,-0.006092547701617369
2024-03-15,0.035045700929180135,0.045141617399356404,0.020660479212155823,0.02033949811282405,0.012182880298636449,0.04144022819156547,0.0033277605213776237
2024-03-18,0.026433349202026408,0.04780450194993631,0.10569030928846213,0.038672102074738576,0.07037098649895379,0.062047105439087806,0.06433089983622935
2024-03-19,-0.015019097654196248,-0.0021941116178242005,0.014142826618465845,-0.016684075441391517,-0.014685222267242282,0.0,-0.015171670503238832
2024-03-20,0.03226075589453546,0.056987725139529176,0.07113608923313068,0.03903152871615317,0.040907889330751866,0.05077959170749839,0.020350365624321392
2024-03-21,0.016949618613923453,0.05036962144863818,-0.0332440793676952,0.02417249877039585,-0.005972871362026385,0.012474195110881384,0.0419783454014823
2024-03-22,0.01666697735919766,0.020502538667907442,0.04138521616285428,0.0046117827544217265,0.006430862158415849,0.01910015273448682,0.003461051341428459
2024-03-25,0.0,0.006741819668354973,-0.02906706949946933,0.002680555369358718,-0.019651504044310444,0.0,0.00541476132042798
2024-03-26,-0.017868221755659695,-0.025273549190663276,-0.009505248148538287,-0.01891579648296339,-0.006558997290003071,-0.008141149682649845,-0.028381372269999906
2024-03-27,0.021403870308777963,0.01717784338358132,0.006718997367987594,0.01891579648296334,0.02208110100567745,0.024891959893387227,0.01603248777474598
2024-03-28,-0.002355731723840527,-0.06993336550747008,-0.01291787344276248,-0.028313101965712288,-0.008310311281786763,0.0033167652154766606,-0.016032487774745887
2024-04-01,-0.005913622693385761,0.019729354403785627,0.01959202702283248,0.01445058536367283,-0.010017563395378001,0.01576903680239528,-0.008622933632417281
2024-04-02,-0.04240491433088215,-0.04112737457241353,-0.002219807488164339,-0.03431609044096632,-0.02297312155599049,-0.02374785835541906,0.014163144876447013
2024-04-03,0.08194511479310704,0.0682294241755753,0.042420752446545015,0.04626464625961476,0.04771712235056709,0.1317775585252388,0.03600880062984211
2024-04-04,-0.016092356539380022,-0.01476488578198083,-0.030272656197259842,-0.011560833019126316,-0.005956451145896514,-0.021887939466749603,-0.02006428249037305
2024-04-05,0.06069285293623598,0.027165270388498173,0.05758520223484757,0.0590730207848752,0.0683798953212632,0.10386418133539216,0.03925880283147341
2024-04-08,0.0021785432806432723,-0.0009784724041548424,0.011846723666789613,0.013067551850936155,-0.01208990464825878,-0.025663397180399283,0.03134751033626768
2024-04-09,-0.0010887707186842657,0.011486463106602401,-0.027512800880646608,0.03298726858317834,0.009941708854152418,-0.023504164208729566,0.0018408158152601283
2024-04-10,-0.03097597561780872,-0.02449410266036089,-0.03208833528355105,0.006607757467842892,-0.018448672126727895,-0.016557557967384225,-0.01342306299418
2024-04-11,0.012284044696464647,0.026041574990645546,0.0016291443574848231,0.031391149379327084,0.010243031774794912,0.004021820535284097,0.006965504222221928
2024-04-12,-0.036162208629194094,-0.00542640764904109,-0.05120762887112122,-0.0053889351121924655,-0.02059215444685513,-0.03145284974654851,-0.02057111001209047
2024-04-15,-0.06538281110898592,-0.08091748607222836,-0.07160709836263886,-0.0702964719125419,-0.06232758706450559,-0.08004266064817567,-0.046407602635825676
2024-04-16,0.006123591129471436,0.01193849715819671,0.023045354219896518,0.006140471464529119,-0.008992040381587572,0.0019212130465823167,0.0019773074377292896
2024-04-17,-0.019729381076479223,0.0012482795730250009,-0.030434484734868435,-0.003246048322162278,-0.0011891840376277436,-0.002562458898026791,-0.03928000943528732
2024-04-18,0.00496899216889019,0.004564433282359283,-0.005577960003951399,0.012565167098712056,-0.003098585922198839,-0.005144700911737434,-0.020758380507858405
2024-04-19,0.06011436390115543,0.030777962438992872,0.003102654538029317,0.015224301469403966,0.02801177440317473,0.027973825327058097,0.014059094305502269
2024-04-22,0.09031192362842269,0.06695678931283897,0.07516955927121562,0.08613260248906904,0.07100256916665651,0.06316610493972387,0.07229664799192512
2024-04-23,0.0021298221768692063,-0.02278425164516433,-0.04526194155712757,-0.0159223914960707,-0.02517925128303727,-0.025031109191174968,0.0038406153947080557
2024-04-24,-0.060291974169946035,-0.061177115877354374,-0.009060746035404613,-0.049003251348046055,-0.03451337955031016,-0.03750821860927989,-0.03461232566721378
2024-04-25,0.01235251241757444,0.002039633680096504,-0.001821973113725583,0.01434446306677008,0.006633923780559553,0.010595245695943393,0.003960397476549579
2024-04-26,0.03185347412757982,0.045797529307879836,0.011483875122602563,0.04021151349354485,0.004095575737373558,0.04129307554252349,0.044924255639771066
2024-04-29,0.01395616544792249,0.03386911349022618,0.02022675521092914,0.018076728422729404,0.01800226896388065,0.037365776719603117,0.014537159578861238
2024-04-30,0.01900798874769596,0.01882441599964965,0.004114005058133249,0.036744572884782147,-0.010537060288997558,0.007422195547322233,0.022100326621142714
2024-05-01,0.012474034511568262,0.00937248676730293,0.0011723599461047212,-0.001851894176275387,0.022728261703642352,0.02915007143023918,0.005449643002904319
2024-05-02,-0.008298513849361273,0.02599899396065403,0.015693461223711257,-0.014939587231023281,0.025450029896718573,0.021858772736823823,0.012601457629926786
2024-05-03,0.0886590643522777,0.07069049579126102,0.07443746898557091,0.07343578326400207,0.04575824971594776,0.03713958668588574,0.04460724456508727
2024-05-06,0.08055608187964648,0.06399864955512241,0.07773400963860685,0.06976956286959089,0.017490720332982008,0.02112935256259551,0.021160333232056874
2024-05-07,-0.03217429365034525,-0.012066187225967244,0.0004951834001015935,-0.03174842482298561,0.0050276628312468435,-0.005625205763059252,0.006261824942264919
2024-05-08,0.01532220013650587,0.016262912986834386,-0.009950368622447227,0.011157483882287406,-0.0072478029193746955,-0.005141419163806868,0.017736014506564556
2024-05-09,-0.0026869146071593487,-0.01720943954856164,0.002496842146743338,-0.015092249814021425,-0.009746338205045401,-0.010362727635729357,-0.0032760031993551778
2024-05-10,-0.022676651481083568,-0.015425302026513894,0.006462914347413297,-0.015323954376981672,-0.03996365717821124,-0.027992357130087787,-0.06788010146859039
2024-05-13,-0.011998363821143658,-0.01827496117497939,-0.05972686150773442,-0.009192907799323103,-0.024724500128000988,-0.020016943483383304,0.0
2024-05-14,0.04271449875315419,0.03022260328844835,0.004199477190322709,0.0233896977731841,0.03360401250231571,0.034902953632397746,0.0104804350177056
2024-05-15,0.03410920489077394,0.05768611213218266,0.02585459401478399,0.037896745917988875,0.026585212722273287,0.03830694798523397,0.03793335190925985
2024-05-16,-0.0103718215557453,-0.028042696511368946,-0.01026180196860623,-0.006262659818065684,-0.009886785599441438,-0.017418480584337294,-0.011356608369169865
2024-05-17,-0.004353716910928799,-0.0010765812910166533,-0.0218986900263809,0.0016374144437364005,-0.00873190538330226,-0.025649129622452513,-0.008496179226463499
2024-05-20,0.020726385915457498,0.01860056790514721,0.004208313772861319,0.016498174117855927,0.020256987816153833,0.027198253590986553,0.01398031313730526
2024-05-21,-0.03301787057414525,-0.02369201321025992,-0.050602755925611975,-0.02995059306039024,-0.03328783493664127,0.0005158746183912556,-0.010148068709169688
2024-05-22,-0.056327295663781585,-0.0633740941961829,-0.07330130192827874,-0.07457576511507805,-0.04854694728434974,-0.062237583631463575,-0.07774333564724921
2024-05-23,-0.10639950226294861,-0.06326494836073128,-0.04248216356173617,-0.08026617360392996,-0.014990730963597702,-0.016044549508008123,-0.019481138731658163
2024-05-24,0.022611443521135543,0.02325282735798981,-0.003726679348749424,0.04665210785070455,0.030197689384934466,0.0027846989464283866,-0.016053231791211497
2024-05-28,0.01212133839157561,0.01717588387440295,0.07317419188744345,0.01830969309513289,0.04155660284285066,0.060428351440950684,0.057343482861392694
2024-05-29,0.026747515687766524,0.04354964729764164,0.05129328335603796,0.0327216358661477,0.018089669794543087,-0.014237016407483021,0.009393899935476043
2024-05-30,0.10389331600302022,0.0640846222610503,0.024424489633184627,0.07632137801985074,0.034032053549102846,0.08399743920222698,0.06256086654074772
2024-05-31,-0.005300455374457435,0.0036269558084345175,-0.026624760864953155,-0.028325905648420836,-0.01727645685269172,-0.041880505970209154,-0.029713594247511275
2024-06-03,-0.009791110911489894,-0.016272946257610048,-0.05082966585462376,-0.006997631671951623,-0.03926119382521302,-0.041055337718215526,-0.049005555056181066
2024-06-04,-0.08198224566949495,-0.0664005741099279,-0.056613315027367196,-0.06859162414730524,-0.07117805306906043,-0.05731451969486883,-0.08594241320353896
2024-06-05,-0.002917030488306221,-0.017021159980276073,0.006721724781946138,0.00030038026124711286,0.004065053252218358,0.0,0.025798402160792423
2024-06-06,-0.06226930188335655,-0.043951759687902305,-0.039756810174935334,-0.05374969012706212,-0.014757850088634002,-0.03080671552016492,-0.034713780698410704
2024-06-07,0.013381642941562936,-0.006114094464452365,0.03548462217899347,0.005064882070887041,-0.006194821958847249,-0.01812382007847116,-0.003988037291230684
2024-06-10,0.054822636693677915,0.04102517122780871,0.02177936714336834,0.05215352400653093,0.0607193275895041,0.06619642676014668,0.03966245485779265
2024-06-11,-0.022564911105803276,-0.04190166196627701,-0.009017171110855135,-0.02822275935952624,-0.033699892459620455,-0.026295289619566207,-0.027252268562967842
2024-06-12,0.0336592544858707,0.04559474246899319,0.0,0.05449277546961352,0.012687976655658685,0.007342651948820376,0.019541394337506717
2024-06-13,0.07066328549990435,0.05413783594733251,0.05920276812260916,0.0364521765499116,0.04116702461186687,0.06587410113653261,0.023901711365920578
2024-06-14,-0.020775027369438342,0.007432732889625217,-0.028284700936300988,-0.011716273322491293,0.0036020416114176165,-0.003166201407387345,-0.013793365929377877
2024-06-17,-0.025122069746077533,0.0053656871341862325,-0.04920006569752712,-0.020912782630598557,-0.04609703362048702,-0.048182492357456384,-0.02129793135769993
2024-06-18,0.02416751570978869,0.018050147361889896,0.02729916962207394,0.02206155732800928,0.009698083913548223,0.02085691165794541,0.027504734287289546
2024-06-20,-0.08675109414063001,-0.0716877594689702,-0.03223135732646993,-0.0539712705353677,-0.04394338595558084,0.021494627964050037,-0.011970456428032019
2024-06-21,-0.02211764838334099,-0.02218287158146623,-0.025032631995891896,-0.007458151511400713,0.0077625993381711745,-0.019866367830363576,-0.02240722085830783
2024-06-24,-0.006410413915712142,0.004164546039847273,0.02811805482596334,0.004357242106487982,0.009957054913220537,0.0016255099445315689,0.022888811463160935
2024-06-25,0.007474583774005393,0.012048387409824344,0.01952470240229642,0.01357221333815751,-0.00045046077193042076,0.013444677334775341,0.002404388601326762
2024-06-26,-0.030239869084665923,-0.026349365445426577,-0.024466029675761475,-0.05575371372921058,-0.014979850139316048,-0.043117129732222044,-0.02627883594776266
2024-06-27,0.04187420827804481,0.016894966141410752,0.03528346158863809,0.0246372479124074,0.04231183848605676,0.07207420154408313,0.0214641716707783
2024-06-28,-0.027720414298527854,-0.009893364956500882,-0.020532132120414916,-0.03473012627108417,-0.030264896742911045,-0.015163737117955862,-0.02938499730908068
2024-07-01,-0.067064332360903,-0.07872086624186263,-0.09129138042020957,-0.09934313764812068,-0.03611662809906558,-0.058585077528017865,-0.03953888902803433
2024-07-02,0.022858396982455283,0.033769628282285295,0.007989382424267296,0.0157765970630358,0.01372593773248563,0.011663614062230963,0.034056662119109814
2024-07-03,0.0033839870160304584,0.014310303336280654,0.030691293370620955,0.013778560012348288,0.030715696240412177,0.013165289691337925,0.006972109427177181
2024-07-05,-0.0033839870160306046,-0.025871242898349082,0.0,-0.0014044215054280981,0.010254193243214499,-0.01316528969133788,-0.0034799784371625083
2024-07-08,0.04204154215593488,0.018469742466459646,0.015316174960505675,0.0024567209539899135,0.02648144879694762,0.01098302392109903,0.023136612792206305
2024-07-09,0.029884807521040686,0.005421179622624661,0.019442469832532495,0.010460203719973872,-0.0006481318017914443,-0.008225964748150802,0.008721000549268587
2024-07-10,0.022869758876706444,0.009862997813176662,0.05262774309962885,0.023312758587307608,0.004958499781087781,0.026088411742531663,0.015318619518731227
2024-07-11,-0.010330370050215983,-0.024202105557230742,0.030753842145650655,-0.017433437687593208,0.004291868418574105,0.0032137881461793733,0.003793268026105108
2024-07-12,-0.010438767419230721,-0.018450661489239822,-0.027811730888607746,-0.011793412743962848,0.003846987040900276,0.004801297490111466,0.007543729997740169
2024-07-15,-0.026736817043050913,-0.027756083613814677,-0.03710783847105734,-0.04422969152626437,-0.032079029395815625,-0.05412644771328138,-0.014191398979866609
2024-07-16,0.032350874558652376,0.03647026346698945,0.021116946701272107,0.04248350197371474,0.013129257832125775,-0.0061988760747749925,-0.01681521188614907
2024-07-17,-0.06110486302636722,-0.033029776568928464,-0.059021432419419186,-0.04102592825308539,-0.026433274098054155,-0.03919811849800396,-0.03801981224213512
2024-07-18,-0.011737355593606684,0.004948590441134447,-0.012747132994422058,0.0014556051118295092,0.0,-0.015403161592417143,0.0020110116122931533
2024-07-19,0.026792603125730678,0.039826792980897405,0.040847627782588394,0.02549053380324128,0.029472117126314378,0.022433005072926362,0.013965348364113601
2024-07-22,-0.005763828701492561,0.0008475618076977735,0.0055265816705397375,0.0024784659106532724,0.008846747816043948,0.0338626430831858,-0.0014870231420124956
2024-07-23,0.058378025820025076,0.03424032633066285,0.027183839649168137,0.042235295221862534,0.0325472711291372,0.045775841497444125,0.01525993049488203
2024-07-24,-0.03891545618294171,-0.05228967910548877,-0.024737299309939866,-0.02819011533731023,-0.025696469316810956,-0.047470209563135274,-0.038849446354880315
2024-07-25,-0.024097577097393668,-0.025632571179575497,-0.004285381642976549,-0.01086784498065175,-0.026593277525022385,-0.01998355820933779,-0.0005080126433189761
2024-07-26,0.017271604860886674,0.020249994649292224,0.012195319899920686,0.02201974421192629,0.009160412587098803,0.005750468951244188,0.01512884317830575
2024-07-29,-0.02543480422338642,-0.02084008108510471,-0.014652262710496819,-0.02646809250156849,-0.015314251332582894,-0.015602769750574097,-0.03462669392901507
2024-07-30,0.0023390648161723273,-0.0029564783969815954,-0.017996139248465427,-0.02087607447543353,-0.030441038956957656,-0.02655811276358914,-0.018301084591205823
2024-07-31,0.0699270872868959,0.041753095466070485,0.03385981685492431,0.06968355534704197,0.0319830525705454,0.05526272406007586,0.05092381952783069
2024-08-01,-0.01758277471629375,-0.02278694766633208,-0.027617635043479315,-0.020928546302350935,-0.003307279552870677,-0.03513177989044984,-0.02900227057156574
2024-08-02,-0.08292691830646921,-0.08886191924844111,-0.04064047460586804,-0.06254308737649716,-0.05796416799293642,-0.060404835494149586,-0.06560610970509018
2024-08-05,0.001276308606930955,-0.014928840152213218,-0.03227153453527265,-0.0015019666898298983,-0.0179461325123652,0.006826003042539624,-0.004419892622724333
2024-08-06,0.05339561799794256,0.030888754166365013,-0.009414957960316982,0.052701456146973066,0.027263728994135313,0.07331250598967987,0.021364893420724826
2024-08-07,-0.01707361193978415,-0.01617158794079395,0.004045822528233536,0.021862656375005705,0.024732151704778892,-0.02679246354660407,0.03095230555205562
2024-08-08,0.08936627514749089,0.08596966048221763,0.06827481657321105,0.13366215183548816,0.09877931009554759,0.05064368416686678,0.038654643518373596
2024-08-09,0.039696437556499084,0.027026145149625633,0.06626551129721141,0.043881290981173764,0.04389927075953574,0.06884324081353747,0.03964836579001854
2024-08-12,0.021391133561880122,0.03365563771421672,0.002350231073082586,0.0,0.016339599545068532,0.028403626118619903,0.040938634413290036
2024-08-13,0.01574846729199017,0.03838360456441115,0.005851302430558309,0.004952431931892835,-0.002511371258267664,-0.018499947052563404,0.006971890482237486
2024-08-14,0.03480388753692505,0.026737546280957928,0.0034945506164943806,0.02949381897445212,0.0030899956083018827,-0.010951921187390003,0.0004630807565125727
2024-08-15,0.04619967570580467,0.015470062696685724,0.026958862472964282,0.0014100086541842464,0.01777400429860768,0.02537023369370924,0.008298816680483045
2024-08-16,-0.02627856043886836,-0.01563953884490904,-0.0217399380028544,-0.009057621407111588,-0.005127738027759266,0.0005111285108116095,-0.005063329962252564
2024-08-19,0.025317588642206117,0.0204640578330153,0.05458453505496332,0.00564511446947989,0.006641991894104252,-0.015967347560151807,0.005522371903483094
2024-08-20,-0.008691494770899751,-0.0013860367536975941,0.03444901418058863,0.003458543805305376,-0.005119959310128248,0.0046620209362168265,-0.006907765198973445
2024-08-21,-0.025541634312426956,-0.029201549585076203,-0.03828987999202563,-0.025937730691634835,-0.019388232520297644,-0.025119035335052643,-0.02432292719900494
2024-08-22,-0.06261678043278032,-0.06470526980049791,-0.027872483528490883,-0.022392444353465525,-0.019969349157089568,-0.0455363285562104,-0.021053434177212164
2024-08-23,0.02510601848929573,0.019612288792616984,0.021806812382736008,0.046026079257831906,0.011208448870953555,0.029510283632082687,0.01868314893491944
2024-08-26,-0.03789931675190268,-0.015431257220989423,-0.015607936307961036,-0.025998347152199175,-0.006473745294517875,-0.0026961049955141585,0.011795371651385443
2024-08-27,0.014909879839521452,0.00037922837726991524,-0.003940320168749328,0.03346730079293608,0.013488595036082995,0.0,0.012584666610659545
2024-08-28,0.0,-0.004179367067908033,0.019548256476710296,0.007129356838400244,0.009084844839271,-0.003786842097026679,0.006463521608119332
2024-08-29,0.05551262222446968,0.05931364564281109,0.027817459197183095,0.06836781821449858,0.01962526104316032,0.015062080177597715,0.03215133125149283
2024-08-30,0.02371661651926379,0.052933338051363604,0.03748124643888179,0.03878159042086462,0.02643978615625438,0.0351465543900294,0.05462997587876866
2024-09-03,0.01838460947250427,0.030663512638877555,-0.024122779132935576,0.02819222125500869,0.008052796926701675,-0.011404961039456185,-0.019169948299257777
2024-09-04,0.0950486400614084,0.06221522338174322,0.056243872289723634,0.04726458960357913,0.032636923571589836,0.06655680077792447,0.03341401571714088
2024-09-05,-0.014932191396523724,-0.017046337017868618,0.0475229911815394,-0.005936379162149827,-0.00017648233596954398,0.009225631425443493,-0.005004215478529079
2024-09-06,-0.026907380569028243,-0.021201140972868543,0.019896444264957562,-0.02191005933578371,-0.008684110762493412,-0.024958487521658274,-0.024117931820037693
2024-09-09,0.0054397434849655585,0.028117282017270987,0.04494105926995827,0.02902917389731404,0.027735638417037467,0.02447503434913008,-0.0034320034659011804
2024-09-10,-0.030291508224852957,-0.03718020580557955,-0.034674930021708655,-0.017652992665343502,-0.009218237102897556,-0.04197112571297326,-0.02391943335516146
2024-09-11,0.018467696568108063,0.039683274489947726,0.05553218594762225,0.03801640901092028,0.02519110274883513,0.036637750144597185,0.0043917674298809125
2024-09-12,0.014532583339085466,0.023166968901522044,0.022580223026684724,0.007387125486616936,0.005098635297216186,0.01878212694419919,0.012628119636243709
2024-09-13,0.0222923945156891,0.033922224828402694,0.05309495832778547,0.03569389885459743,0.0025395376354827104,0.009496784005849792,0.008616979439569442
2024-09-16,-0.000882127071889839,-0.007703935705179363,-0.0016299517969224507,-0.016333352609602746,-0.006446181362987891,0.007063821270213225,0.023740045372667447
2024-09-17,0.0008821270718897218,0.033777846940429276,0.0069091952506089805,0.018106970411901502,-0.0032387078496450426,-0.022782169438978622,-0.009259376701094621
2024-09-18,0.03551700760718204,0.018659940273548316,0.0008096579620230113,0.02169481855199203,0.014744762414438525,-0.010132732321401322,-0.003812762692738301
2024-09-19,0.02438122321461669,0.0545129694867798,0.019636041843118273,0.020809537594295005,0.04875813919534042,0.023011539272370672,0.029278576835034358
2024-09-20,-0.015906618795083677,-0.010343370843468038,-0.03513387113311825,-0.010028930568057095,-0.008851739377441518,-0.03031269243194859,-0.025465814142296036
2024-09-23,-0.023912362487457532,-0.031687835690867555,-0.023285853029489177,-0.02167870329598626,-0.030862611434658658,-0.010311856011440915,-0.03309996897632864
2024-09-24,-0.0130492602779744,-0.03618708727965184,0.007961434406445955,-0.02822722834545018,0.0033289105840246026,0.03920170321443218,-0.005697984434855674
2024-09-25,-0.04568644691547236,-0.03619636788483514,-0.02836161183045164,-0.028119228697766452,-0.01304582421615302,-0.029378497555899726,-0.017738807269385065
2024-09-26,-0.01570478586504774,-0.019670735864500025,-0.019072989171408008,0.0018530039725527876,-0.019721819348537614,-0.05940339097950497,-0.013060348511539125
2024-09-27,0.016620945054478406,0.015165733013027417,-0.0004377425661909217,0.013105202574858765,0.0065034843534842735,-0.02096520853036036,-0.01737579896821622
2024-09-30,-0.051678947989928364,-0.045259475625592537,-0.030224536475192364,-0.039366939051739186,0.02393510495214182,-0.029018641118162974,-0.021917465236120145
2024-10-01,0.011505351541143547,0.027645760077698454,0.0027038983159974714,0.007574018858355709,0.016354504540829266,0.027958834419266654,0.021456093657286242
2024-10-02,-0.0038203970672316553,-0.004298427000240449,0.0004499540746017172,-0.011144202747125418,-0.0173543608657892,-0.017652232214385395,0.0009225303920944462
2024-10-03,0.05944189746508601,0.03373240356110564,0.0022467384940544283,0.03444974149508525,0.035056815397176054,0.04123199143022317,0.030422326122400076
2024-10-04,0.0036003194258224834,0.010652478788559391,0.004031367140057382,0.001841340561282031,0.015018694808343443,0.01337469703054962,-0.0053812164925474675
2024-10-07,-0.029172526242002467,-0.03580642577208641,-0.023519874017891212,-0.02255650905443967,-0.03288498910405769,-0.016486705080130164,-0.01175953094182972
2024-10-08,0.046099482927708484,0.050706112820125306,-0.007810748352348746,0.0382976318476802,0.011568342199839403,0.003112008049580401,0.0054446976356782644
2024-10-09,0.033872105199342056,0.025339196931338175,0.07292115774803253,0.05289910381977936,0.03282642361584588,0.06757638752245124,0.06524527410313252
2024-10-10,0.019450853722745874,0.03418449236695142,0.015319474507444055,0.028778821913812157,-0.0018829873356537863,0.0033824480596792105,0.027593717495579238
2024-10-11,0.03376201622859909,0.02202354840243669,-0.014033822451356167,0.037462473097741124,0.020212178410741202,0.004332144163500026,0.025647616756239965
2024-10-14,-0.027084116118034234,-0.008724548637777562,-0.008602236397870439,-0.006652985748415111,-0.0013862762072645112,0.006701767244096551,0.014761921581636533
2024-10-15,0.0016624901933066172,0.01059348890512446,0.003449763022537314,0.004238998305612243,0.011036305215799217,-0.009106155845423252,0.019220037554543427
2024-10-16,-0.05989823082179879,-0.06445824739199846,-0.02661001928724456,-0.016449008957398634,-0.019083341082112477,-0.0258488268168039,-0.03398195913618011
2024-10-17,-0.0017651184041604844,0.012863009253130607,0.024886666507729766,-0.0004096367534462686,0.05280703218429274,0.011299533018332373,0.005611289194942782
2024-10-18,0.02097986791342825,0.0215360514464761,-0.009967642720610863,0.036206719534774855,-0.003247732816915084,0.024132446040439494,-0.0007996984664743047
2024-10-21,0.008613210781991405,0.0013736066483153253,0.013411465409557745,0.00019759587514600358,0.00044358650277732725,0.014674884570973754,-0.00521353330807913
2024-10-22,-0.006021448937084225,-0.005920041290608704,0.011960791079808188,-0.0017792131687302728,0.0,-0.006600745170408978,-0.0020125240792198446
2024-10-23,-0.022688638426064833,-0.020507036510797997,0.022255829206420507,-0.01535246908754283,-0.01639145764456542,-0.012375228748943467,-0.021173448531084865
2024-10-24,0.08782016532041617,0.07975003284560306,0.06782942515543951,0.061557701288381526,0.024047511352616863,0.04997545145797472,0.03278987852678755
2024-10-25,0.0837048562324162,0.03289890447097365,0.030195262072935207,0.017974539400281198,0.006287034412967853,0.013574834333007924,0.021277359268059747
2024-10-28,0.02641388912209678,-0.0037849605285698476,-0.003016590718982364,0.004074154868586886,-0.02374568620778963,-0.004053153618901271,-0.005473015618704645
2024-10-29,0.0036139118591118464,-0.001897815569437089,0.029764144363891295,-0.010776802853873065,-0.00899553992847417,0.012556249460506517,-0.026615277917851992
2024-10-30,-0.02114554253753857,-0.011848147898040598,0.01888213510717493,-0.0240109045322597,0.005107361852487614,-0.015720080114273484,-0.01174344004454205
2024-10-31,0.014631012000708064,0.0025600041422798934,0.045702194033646296,0.00876367942647802,0.002842860357197638,0.013935917491514726,-0.0016306162852402454
2024-11-01,0.0007258034744758297,-0.033535830964536564,0.06711253899147258,-0.015098282240506066,-0.013689626094353284,0.000892479215859691,0.0344861998126202
2024-11-04,-0.005092709309269623,-0.007430021409791921,0.012136819553742595,-0.0034725156122281066,-0.004554363834454635,0.043636940380256735,0.04696780430252713
2024-11-05,0.028049305310609653,0.004517528749173044,0.023840474836125197,0.0007729026567070943,0.02953518284460486,-0.0356404382697805,0.033287082857678195
2024-11-06,0.0810242104461477,0.08558518623813574,0.011710490728697155,0.059044514374321844,0.022495848591538567,0.018847820490424865,0.027271163741299165
2024-11-07,0.030910373574542134,-0.00598098138355942,-0.019802608596683105,-0.0032815874998704956,0.0027406408776553216,0.03330789442094344,0.03717640901754972
2024-11-08,-0.025691837240602523,-0.03045415774533955,0.0,-0.017314925133418042,0.010603416203300292,-0.027247296331725013,-0.0027322395561181997
2024-11-11,0.012928394110055171,-0.0013894382979819766,-0.02307671669090824,-0.00018580824754435124,0.01288690228431881,0.013290633726923138,0.020312153395213722
2024-11-12,0.012129073047271111,0.008307018571383476,0.04257295723055793,0.017318188423252532,0.008685999375039452,0.031442540472002255,-0.0016769829911977428
2024-11-13,0.026300927012729132,-0.002886839391061319,0.02541740835541862,0.005101042840636859,0.031308320182628316,0.06471909977548713,0.036906953749605606
2024-11-14,-0.008690321786041585,-0.006431838666402923,0.03781770041508801,-0.005831997018114516,0.024966187557003482,0.058597289036337485,0.04274826946020939
2024-11-15,0.013007146621697793,0.012572573429406857,-0.015364812940960884,0.028470414443213465,0.0070950361784715,0.00036477216876286135,0.0040216936716979635
2024-11-18,0.08434109155065103,0.05327776873602317,0.07293872834769406,0.04972859512667914,0.04655571563997649,0.062210876636440315,0.07578255106223436
2024-11-19,-0.025201594258745977,-0.0432087111389089,-0.0013588597540564581,-0.0366681506315479,-0.007652210454311289,-0.03132868824440513,0.017307869386579328
2024-11-20,0.018960570305257846,0.011681633705719804,-0.0035417846146969735,0.01098635704676213,0.030752524805191958,0.019261643695349117,0.044561800259308094
2024-11-21,-0.06891169415695582,-0.022125658378001956,-0.020124719159046657,-0.030462897415327074,0.004751174120005518,0.025005569009127048,0.008038710336208994
2024-11-22,0.00910483219199151,0.011185833888362154,0.010526442464251558,-0.008078301906783436,0.03169934143638821,0.007414972300033889,0.0660884971260333
2024-11-25,-0.003025742517845329,-0.0018555558385340953,0.05050757233302742,0.000540839576586309,-0.02745461391161391,-0.025162828830114347,-0.019422996414053467
2024-11-26,0.023361469208772245,0.03695117585735548,0.023049141820937657,0.021739689126319173,0.01561034425724476,-0.0010336154599493612,0.0194229964140534
2024-11-27,-0.031882532840125384,-0.021226032052823723,-0.019910171207478407,-0.010989104738403149,0.0032117632733144885,0.006185597138864216,-0.0080261204219496
2024-11-29,0.013358006909218166,0.034267115864089696,0.04319052822288321,0.00586407855480764,0.01637352610274152,0.01799399358380561,0.014748427933312071
2024-12-02,0.04712284609922912,0.03221975643414907,0.013416373055273276,0.04825014037562916,0.01553478949469781,-0.011506054564793573,-0.0019870353259819986
2024-12-03,-0.008087755199542305,-0.03611418933649235,0.03920170321443218,-0.019090312349954223,0.001953665738190196,0.00034031748255955457,-0.0017419362979292075
2024-12-04,-0.05545403431236375,-0.019582731958227653,-0.032070210823583016,-0.0348456424513244,-0.012012167297954941,-0.0370862016139668,-0.0450859599876768
2024-12-05,0.0254252556443776,0.03541976968207429,0.09773530670176021,0.03690841164279684,0.011093239674157311,-0.0007064803593376572,0.002082197946421111
2024-12-06,0.031767440148670244,0.008113986041866817,0.03278982282299097,0.011780007206737464,0.004586129773721015,-0.00424926039014947,0.010604001028993849
2024-12-09,0.008647917198813247,-0.007997672166748246,-0.020861231853910863,-0.010921774283491375,0.005020577004819738,0.015143811095472293,0.041326098396240095
2024-12-10,-0.04701217598496435,-0.02081324788729843,0.005037783927542125,-0.005678274208274433,-0.012944762092570507,-0.0020994190164273074,0.003450057749611177
2024-12-11,0.0452886096024396,0.07450682133001142,0.034360229720370596,0.06383728244682688,0.042660482039299855,0.053532521415591304,0.05898802829916457
2024-12-12,-0.0023026821696141646,-0.012094522422712166,0.010081991622854078,-0.003080703043772551,-0.009435585869529901,0.0016586249050842363,0.019293206879067673
2024-12-13,-0.00752119434379714,0.037252400698136796,0.028432098461472967,0.011945231009478925,-0.0030159672998990527,-0.017385943121795016,0.01355651772889897
2024-12-16,0.10987993878567315,0.13885429270341781,-0.0010161414783105614,0.08368966500543056,0.026494556933352034,0.02234543813103035,0.0004487425932315104
2024-12-17,-0.0005203700320679619,-0.005349869045481827,-0.04917658744862859,0.014068260903041658,-0.012056244825327977,-0.020997243945543854,0.006706915982621257
2024-12-18,-0.09781212585766909,-0.08654950727815837,-0.08860484611068817,-0.081681197877359,-0.057177881794412,-0.05184298269251024,-0.0737310260616323
2024-12-19,-0.031489320720336084,-0.022939425433345595,-0.008672243276309749,-0.03257931870929917,-0.007970975203677219,-0.024781319398426864,-0.006497447191748263
2024-12-20,0.08077145597939848,0.015213474012646529,-0.00495574074948711,0.036676411341194294,0.011118342067662854,0.009049835519917856,0.014381894550382595
2024-12-23,0.009787991611517083,0.010697512691825416,0.05141156376397933,-0.0075770718153675065,0.008691172570115506,0.016795081900349194,0.009945575076567818
2024-12-24,0.05167199021564265,0.023259194997421708,0.030758025934230264,0.027506161559073365,0.01761254287221187,0.01860684515056666,0.008213170437180483
2024-12-26,0.005125624228877832,0.013700114626849972,-0.02649748289033367,-0.002314949503144551,-0.0011342840859310456,0.0076230208359488,0.006290072004165662
2024-12-27,0.006116250530760591,-0.01180264773387327,-0.004260543043896477,-0.0065106645395964224,0.0031727933618533777,0.027576262233824728,-0.009801758285187725
2024-12-30,-0.03253584065845265,-0.029463185446783502,-0.0326624971917519,-0.023286336564986878,-0.007152993858938743,-0.007076726769199683,-0.00635222611429421
2024-12-31,0.0005248409700636536,-0.005770731443927361,-0.003721796533007664,-0.007990959798986355,0.002048951206138051,-0.010197207200792452,0.0032987634574181924
2025-01-02,0.13294118098653615,0.12067257773953376,0.09104270626262366,0.09892130826828782,0.05658962866690229,0.1015953535501698,0.047994521926834226
2025-01-03,0.02225832616773312,0.014459310560738157,-0.05129326021333145,0.019004432992185502,0.0051447419035416065,0.00921663134137858,-0.012181452270632958
2025-01-06,0.04437371932098865,0.027428450847870232,-0.024485508371640353,0.014019858027318227,0.006393867404261397,-0.003369603703172665,0.021332277471012098
2025-01-07,-0.01341153292051975,0.017502199924178338,-0.02204523151597764,0.01548920050607112,0.006775374170559118,0.020049269570346574,0.02240868129555543
2025-01-08,-0.02246297940046623,-0.02473150671508496,-0.12931687127366584,-0.017037467412580266,-0.02240570080314427,-0.014541290422153977,-0.015544901883414475
2025-01-10,0.04229985488504548,0.007229306790906645,-0.013441062293345003,0.014819496127908666,0.023460203444493854,-0.025341271976996513,0.011626735996665237
2025-01-13,-0.07766156864907507,-0.06196523637515301,-0.08526608025168371,-0.057109748327517154,-0.057480805081864615,-0.08249748693615316,-0.029661320104790247
2025-01-14,0.06347080147910208,0.06853169183385674,0.061161898664379176,0.03422998785799271,0.03983020281986307,0.026498247326580685,0.010948644452438379
2025-01-15,0.012053542674743295,0.004527836003076856,-0.0201631372771043,0.016894569379203143,-0.00861891840965847,-0.022089247059627257,0.0
2025-01-16,-0.02820758380108883,-0.030698501342167454,-0.05884040192090841,-0.024448307135726006,-0.03759463865906662,-0.018787888047038803,-0.02657216256730286
2025-01-17,-0.03721570024523343,-0.06648143625813935,-0.01055664400536692,-0.04132889397917115,-0.03428515357034376,-0.025140964677851006,-0.025657263785543276
2025-01-21,0.06371024274129444,0.04529651186333666,0.08983744269286023,0.045041551319751336,0.0354079750736565,0.038499594354881796,0.01487360461002466
2025-01-22,0.013623024768435094,-0.004861274549257261,0.004700635356409388,0.00992771103410999,-0.01310313198926028,0.02287352718808733,-0.007641533547196646
2025-01-23,-0.0322262631214571,-0.03214035181746969,-0.0035926823231961684,-0.028049829743892307,-0.012701133645461757,-0.03038720035646874,-0.024948372771255462
2025-01-24,-0.015845290815360815,-0.009156801325472787,0.0022124409299131074,-0.009771875822335229,-0.013914846244786443,-0.022535174898408835,-0.024120803329535718
2025-01-27,-0.06129027035151408,-0.06614964051282193,0.017253640265963214,-0.05204189021590268,-0.033241464274172704,-0.03532926750048063,-0.033261944068097085
2025-01-28,0.008454437776622208,0.0017388467401643478,0.028902145329875954,0.01729593885203224,-0.01876493822960367,-0.003274521775808575,-0.019368554655697208
2025-01-29,0.06605763000963367,0.040654404562226014,0.02010775297161026,0.03694188338707891,0.07074613808591354,0.04837353833052128,0.02891399445822031
2025-01-30,-0.010563518375250163,-0.0029482290587662034,0.01615629589382078,0.013364598379834636,0.028135835191713938,0.018917198620423584,0.011928559556882547
2025-01-31,-0.03374887154873031,-0.02148693904457064,-0.005868100340080491,-0.026613705813417796,-0.0035718275978442503,-0.0385531547512099,-0.02526709306869799
2025-02-03,-0.015683051426724708,-0.03645324614572332,-0.025659089532094673,-0.03467866328486975,-0.05056971632394669,-0.01786399788444231,-0.025402306700760612
2025-02-04,-0.014045182206381563,0.0036433587893911394,0.042658056603845314,0.0036755731120531186,0.016448357848850566,0.016446598362939924,0.021594673616268215
2025-02-05,-0.008998337450594593,-0.03790817838651496,-0.03143224228662404,-0.02664356930838735,-0.04049423349885,-0.020781826632523405,-0.019517782160890756
2025-02-06,0.06224630887234294,0.06789861856951317,0.04194280397483199,0.045270512077990724,0.038177576097630936,0.01687346818212471,0.01977212764316259
2025-02-07,-0.05987061366675102,-0.06080100092946661,-0.045323409674554886,-0.04699884961501049,-0.06665144764343316,-0.059779522461879155,-0.03994309141179379
2025-02-10,-0.0167508367835659,0.02204409578611516,0.029009891348761814,-0.008686844712054333,-0.00012390140377226743,-0.001891403554995372,0.00554161813827926
2025-02-11,-0.07879665872541519,-0.06439873153220858,-0.06588897181853144,-0.07286402438243866,-0.043066449958998984,-0.01911373184651701,-0.05129333665566516
2025-02-12,0.012970441544992025,0.014538840367875845,0.04025968616949249,-0.008911837241597189,0.011581669700511228,0.0198707514778973,0.0044223359662205934
2025-02-13,0.03892324546646255,0.015633028425878364,0.03394476813194421,0.016221632144980326,0.030368313412859223,0.04873610002967816,0.023979380453812288
2025-02-14,0.004945643124681868,-0.00021718861965092052,-0.002261027372248335,-0.0040731644496232264,0.003098087872939617,-0.017448626548599876,0.002151744520318204
2025-02-18,-0.0244706703990031,0.00519438642530832,-0.00782727294212652,0.007454930931368018,0.0035818097329044485,0.025345269020667645,-0.0016133741716740427
2025-02-19,0.004036380178499678,-0.020059614264759232,-0.02593551825476778,0.005219332045267353,-0.003210698457084096,-0.02534526902066768,-0.001346418319799923
2025-02-20,0.02339001606210522,0.03186241040811578,-0.006524883098534233,0.024876891318433233,0.007639302155863674,0.036721204031856636,0.03391050159439656
2025-02-21,-0.04940517910877448,-0.044495390350973094,-0.03816341345064023,-0.035512498238111354,-0.01185344246040076,-0.031235740759112365,-0.035258735200898186
2025-02-24,-0.024589512391179905,-0.01879963404912648,-0.010666022196476187,-0.013326754209426682,-0.014891127041422337,-0.015806258366920484,-0.018519055463163053
2025-02-25,0.003173092650116862,-0.017423349356926885,-0.013285541477525307,-0.008463516501207335,-0.02968487795051125,-0.034681202310270894,-0.02674262179074882
2025-02-26,0.004215019073755281,0.016627762166841312,0.0008355043047452661,0.024840585238940817,0.0011681011131483285,-0.01624165949473206,0.007313735605757468
2025-02-27,-0.050131921786819245,-0.09077140767355144,-0.03859720878580366,-0.06284794999409711,-0.04850474341104859,-0.032893789263762574,-0.03508129665899106
2025-02-28,0.036367773991719865,0.042543787567462826,0.0,0.03052038199341607,0.04486602866980123,0.023493023846137738,0.01726657210747423
2025-03-03,-0.002668821916046258,-0.01624272450199401,-0.004931176976046474,-0.011601255534077728,-0.006268738426542619,0.02025781999274969,-0.021921798539052736
2025-03-04,-0.018883782962618424,-0.007182317520018477,0.0017432129097130337,-0.013528093599826799,-0.008155829776382153,-0.0317362363108191,-0.023308354343351302
2025-03-05,0.035316752673763926,0.04689735450409277,0.025789329571739027,0.04468532504728836,0.02735968622966797,0.012658384455781869,0.01892426065737204
2025-03-06,-0.026100054080239223,-0.036807984891190616,-0.019135188465585436,-0.026570998714242986,0.0011560462120367232,-0.0487312435287517,-0.0216144476868599
2025-03-07,0.01606020803178164,0.030610228172369927,0.04151383010232025,0.014154910129146462,0.015413324284166642,0.034877850523952356,-0.0005988161254416805
2025-03-10,-0.08937987540095418,-0.0610645305353502,-0.11137213194722333,-0.06302426204568642,-0.0570914864909111,-0.05068513313106474,-0.0563659566203956
2025-03-11,0.012121379476661039,0.017550912561608824,-0.014639704104934793,0.005161295755538,0.015668894247770227,0.017456805270918647,0.010401982826992826
2025-03-12,0.06389299974329382,0.04081207348128819,0.05405066219885539,0.06046227601686448,0.058343450637587266,0.09579695424548647,0.06082750572648777
2025-03-13,-0.021763691242904164,-0.028634606539500458,-0.055620803642171666,-0.011138256221476243,-0.022625341583131956,-0.04400938423023212,-0.005325465522131807
2025-03-14,0.042536640071851824,0.031101747421270642,0.04395975378291322,0.03912645032969038,0.046935972076753,0.06695638853333351,0.05959454187661556
2025-03-17,-0.029421753783942958,-0.025308874230953942,0.0006013366875743797,-0.01902875597249174,-0.027048668605930658,-0.003298524269499593,0.011117444438419253
2025-03-18,-0.04383508730246139,-0.06397710820464766,-0.08496415696682537,-0.06172934077329369,-0.055605412525277474,-0.07269701187731024,-0.06834156058125726
2025-03-19,0.06425488375433915,0.06204981255611171,0.05382609641916925,0.05173101723840817,0.051984696603742636,0.06495792468986085,0.048804216718536506
2025-03-20,-0.019877009793328338,-0.03746685648667198,-0.008720101647839209,-0.023844141794916146,-0.005644379448846908,-0.00444942662293534,0.0014082311366070595
2025-03-21,0.03151136052590299,0.030084945480720007,0.0344331849508776,0.038292329927965614,0.03558563400724943,0.023867467698949863,0.027756431714769197
2025-03-24,-0.0005259449597950432,-0.013820395561543394,0.01737605224578304,-0.0141017034327327,0.001213224741138784,-0.00363505976803399,-0.009903812050304108
2025-03-25,0.04575455692762945,0.0411373180273247,0.025221297259338825,0.020739387143457667,0.019093901108510978,0.03260191140305362,0.040633977755747945
2025-03-26,-0.016211090458662657,-0.021382828429379105,-0.04896387337670677,-0.02004698644461142,-0.026395054268088827,-0.007784937368102769,-0.011212028270610259
2025-03-27,-0.022728270378523624,-0.032520358965216274,-0.023385746848573738,-0.023818872321845503,-0.013277723952767759,-0.006772456412950451,0.0032162700896657907
2025-03-28,-0.021653857861905212,-0.022580428322126565,-0.023945640879713334,-0.011408423151862088,-0.016849148724653165,-0.024987670977582848,-0.03734927645912435
2025-03-31,-0.03311017401363784,-0.03730399205463169,-0.026495885176487537,-0.02376516211332682,-0.028728437071487554,-0.03015308955746327,-0.02702864625985619
2025-04-01,0.012613276794036702,0.015506564066504842,0.02138078950016352,0.013493900323600762,0.020132753598139135,0.026847295864571047,0.013042404285116388
2025-04-02,0.009221593255155659,0.0007820323840981434,-0.02927043193282078,-0.00036229242784842716,-0.007006786164936195,-0.009611912340325195,0.0
2025-04-03,-0.036287523262673066,-0.028278867201439826,-0.019327490590064375,-0.02885960897921987,-0.04550998945821128,-0.05497569487227085,-0.0564958558040507
2025-04-04,-0.12255372547272562,-0.09659775297301681,-0.10940637398464549,-0.10573361150765864,-0.08601442174086231,-0.07961758081738005,-0.11183945901516396
2025-04-07,-0.05596776065597856,-0.043137505966530855,-0.05358766703972461,-0.06266060333703202,-0.05885814480063581,-0.06451024230493996,-0.051644241186099
2025-04-08,0.004674408286330346,0.007064991549061639,-0.0478599166050664,0.007913644298431728,-0.028391918175530526,-0.014612118451115312,-0.04780784340367188
2025-04-09,0.09827322748435413,0.12527135154897587,0.12335305075836042,0.13306607881863494,0.10158252479079866,0.09723186387167083,0.08569117449647225
2025-04-10,-0.030658186353393697,-0.03517835685128616,-0.0664254771363077,-0.06432138884399609,-0.06702355202920227,-0.02836161183045164,-0.07034560196997891
2025-04-11,0.10230484887006436,0.0978500798184112,0.12039605994864619,0.09638751904581641,0.06731094271293502,0.08633124847139448,0.08510603526167919
2025-04-14,0.13493569982943435,0.14331211245966818,0.10180514063194847,0.13132456209346838,0.10001512845179548,0.10105827487072591,0.09824234369136893
2025-04-15,-0.023857984146617474,-0.02627641570688418,0.019605453342379984,-0.03141803023755386,-0.022218785413849387,-0.0194111386422385,-0.03971588278341024
2025-04-16,0.017452379596355327,0.017668043948857123,0.03452794150552964,0.00853080416317312,0.01386246289170384,-0.023133000295394904,0.02020903557351995
2025-04-17,0.0019753804550327954,0.012009152379899484,0.0020817760625891292,0.031316490522072714,0.02562919725793031,0.017673491861145488,0.01799652416577181
2025-04-21,-0.023460169015441217,-0.02708556883730505,-0.033840054303113445,-0.024014831584454527,-0.047500224819666,-0.05283115962490743,-0.038833912188857365
2025-04-22,0.048309123649922195,0.04725107323654106,0.008872657360989997,0.03955126340037753,0.035285390472181405,0.02844872326740274,0.03641254814753026
2025-04-23,0.029399941923616186,0.01829258162185228,0.031186848006622907,0.02309434720762775,0.00025865532043307764,-0.0007482401436332188,-0.010662659009618438
2025-04-24,-0.020298055651529326,-0.021732990440868495,-0.06086448053168185,-0.01802133694984266,-0.016561591559602136,-0.0029985002095402344,-0.012636932756810482
2025-04-25,0.010908522482110506,0.010072907118055578,-0.008191609225927626,0.0026844331030385867,0.0044607307297188144,-0.018564646837914096,-0.0074720669003248376
2025-04-28,-0.023384724185926496,-0.023408661140289718,-0.01755274501018337,-0.01830229399178224,-0.03138138959762423,-0.003063959683782885,-0.01733689539447117
2025-04-29,0.005297276451664767,-0.01274188307646888,0.021341790642107544,-0.012607236091285001,-0.006776930359002448,-0.006156227554528377,-0.010227049910730169
2025-04-30,-0.02973649941283754,-0.021679397026464858,-0.04842779751959134,-0.017722706928763217,-0.03515447764739843,-0.01869939725021925,-0.04366358958516174
2025-05-01,-0.028609120562715955,-0.03752281247227942,-0.022074470104738213,-0.02871981300130872,-0.010478683745447576,-0.00039332267200535944,-0.018970740855481828
2025-05-02,-0.008180002892086726,-0.02445815816417997,0.0053962980687075075,-0.009071616294533987,0.013713386775668574,0.0043179893863815825,-0.005143149301398651
2025-05-05,-0.019699920745782327,-0.005665173762723788,-0.029353598868403816,-0.014024941059816186,-0.032682193664634394,-0.0090498925712605,-0.03462488783734785
2025-05-06,0.028897722908470893,0.041667871787767166,0.05885039489331461,0.016257704164308807,0.0359063603391904,0.028061125099356845,0.07140987353642257
2025-05-07,0.011630981806813592,0.0017375482919008158,-0.015468507116752838,0.001028800539959779,0.002795313906387213,0.011083584076424765,0.0029776747047543756
2025-05-08,0.007014163951118548,0.006345518592399922,0.0033112739560517703,0.0013699979254401741,0.009860493391557833,0.016959169059614646,0.01865541548654344
2025-05-09,0.018303668342185,0.012798853154355484,0.06153809985600127,0.006482527982356133,0.04168400172540171,0.041718431341409255,0.05856254759183388
2025-05-12,0.04457959296431975,0.050912716541946894,0.052675667304905104,0.04732353302356124,0.07431624616098563,0.03694355521812862,0.08300227444127656
2025-05-13,0.028196889302166364,0.0035547230985449488,0.054517270721955856,0.013051102728956487,0.029943459460291134,0.02557684112415233,0.010638428312850407
2025-05-14,0.009977547213797008,0.014941701742845079,0.000837370004491719,0.0038343958222310766,0.004409172526573426,0.01801847224563768,0.00914772350127056
2025-05-15,-0.03489804197176783,-0.02434061590124128,-0.007280858663484341,-0.014779275172869321,-0.02163540407135642,0.03572969805417675,-0.01305396142174134
2025-05-16,0.0009342218062261947,0.0036838670466237734,-0.042193119376540376,0.0037151684390751526,-0.0003646643869425607,-0.02030693715596138,0.0030705008913477906
2025-05-19,0.0425012172574276,0.04307312704598397,0.05281656981963613,0.026727746931034867,0.03346796302346628,0.03739052295654875,0.028302445948161448
2025-05-20,-0.01669338448540905,-0.013032572999425234,0.026887753451018313,-0.0012567740989227797,-0.003650684797060501,-0.014852518904637076,-0.011170252319408502
2025-05-21,-0.007305966876879839,-0.024970764032406147,-0.030509355174018468,-0.027569247625075177,-0.039834461023197536,-0.022863629248016187,-0.0157396509693981
2025-05-22,-0.02505927594557321,0.0006452570976199445,0.002508610037272007,0.007084365580940544,0.0004909895373089409,0.003251985764167784,0.005274089358439855
2025-05-23,0.017237802065020385,0.01409377889790206,0.013549265538430763,0.008467140538138133,0.010619602452870485,0.006472539276379328,0.011013369283882156
2025-05-27,-0.02953104021165619,-0.02544837136934101,-0.024184609509536627,-0.024151924950026216,-0.013199920758686787,-0.00549896506175301,0.0013681555549437526
2025-05-28,-0.011002265703184789,-0.02399396767873415,0.00673019547667843,-0.012628296297445553,0.0014753229422571686,-0.0035743534956638374,0.010607998186408082
2025-05-29,-0.05741324641451281,-0.058253318217217256,-0.06078186517305711,-0.04076011231224694,-0.04023349839349175,-0.06072633517750618,-0.019121062965780405
2025-05-30,0.0015271368999095266,-0.0021277612792349005,-0.018888202428160743,-0.0020649683012538365,-0.01963131967192462,-0.03126899350432908,-0.024568440115499312
2025-06-02,-0.04207323673006391,-0.026255846997079516,-0.02234215402244556,-0.024589287079241674,-0.019758282857991017,-0.0010712618958037086,-0.021715200025927844
2025-06-03,0.005291157052389536,-0.004382685022447655,0.0037071073895222086,0.004054054963539679,0.019758282857991118,0.0032102810904990828,0.020017848199934317
2025-06-04,-0.07561115613398604,-0.07615612745200906,-0.061029423499077834,-0.04943505167191133,-0.06799653140617828,-0.04070332435521318,-0.049625707198613846
2025-06-05,-0.009148146711822314,0.00039511243394606163,0.0032722666664930814,0.00942258660995375,0.027538571795798116,0.009597719912171674,0.008001241413442392
2025-06-06,0.03110241776873362,0.0068203469153694405,0.037510409817850345,0.017138087917066277,0.0091929852368952,0.020724304701352635,0.011445447933803107
2025-06-09,-0.014017709278914738,-0.008796630586035687,-0.03327245205006782,-0.023780193032460598,-0.01778605816664293,-0.019622755589647486,-0.016475847157035504
2025-06-10,0.03658953244237192,0.03358499965792209,0.045469553668134995,0.05946972611583084,0.04053697825415245,0.03816155914992707,0.07374774436602297
2025-06-11,-0.024243739498212714,-0.021004460842227537,-0.029014908150441228,-0.019907170643692174,-0.002766241538608621,0.005986990211432171,-0.01024805399497996
2025-06-12,0.045251784410460155,0.01486471056602384,0.0022374851963929535,-0.0010683781869284203,0.009060562968555253,0.017403850626075995,0.008041106035635848
2025-06-13,-0.04580960368608911,-0.04930978545013852,-0.07351867409243137,-0.026533431833933953,-0.02676006279206849,-0.03690453021315178,0.0022069479593441747
2025-06-16,-0.03347827554565121,-0.01084174080614642,-0.003787252248007562,-0.0031143486802752258,-0.009443002417068778,-0.0010747157289667552,-0.022573101913708836
2025-06-17,-0.009858056557838656,-0.0062873859797879135,-0.011448517962410268,-0.0027561798293094988,-0.006799971915544868,-0.0028714996289272094,-0.0014102170484927748
2025-06-18,-0.00819198349627538,-0.002059128164644689,0.0038307763986482196,-0.0036864183613743,-0.0010923244312234862,0.03462018512530415,-0.004242730952704579
2025-06-20,-0.0249864668011208,-0.03310597929249374,-0.051714169942429764,-0.0405144180783592,-0.033336335472987456,-0.05056257144197371,-0.01715303582605714
2025-06-23,-0.01823771835274039,-0.019359495697276182,-0.01623653909870491,-0.03184802385980358,-0.002545614410946913,-0.019546954046660774,-0.025998232891281902
2025-06-24,0.06760140673258712,0.06026679340114214,0.03004995630276534,0.04484007481753668,0.022542089145718227,0.02682503443656556,0.01643704642602399
2025-06-25,-0.029088597543446292,-0.03199930083617178,-0.042779377336040134,-0.019358376410139405,-0.03293294978236203,-0.03130435657351503,-0.03827784031461584
2025-06-26,-0.0035481562281379376,0.01036265739425767,0.0063849294450999865,0.005404420773245377,0.006133680281100419,0.014853582711699103,0.009632816300117045
2025-06-27,0.005906618840866874,-0.002650636966709752,0.02987503685370419,-0.005404420773245354,0.0,0.0058802725312735475,-0.001499002975566245
2025-06-30,-0.031103184509832793,-0.019464637000884133,-0.03814573505532977,-0.025084802829288464,-0.013457647083022333,-0.052277414291404256,-0.05805893985152576
2025-07-01,-0.015304672851960365,-0.011315656446593726,-0.011771522505084665,-0.007969597777831058,-0.008831047436265452,0.006542262262465266,0.0
2025-07-02,0.006149946249401218,0.001151886066426551,0.0030511054520550142,0.007771288819687967,0.01829896597132471,0.018244502712601775,0.018586143369414068
2025-07-03,0.003672284634904709,0.007168384549222869,0.001522032583975951,0.012427329718639614,0.02704387587046281,0.020134942777633443,0.007462654810995973
2025-07-07,-0.05590168116718679,-0.05309949350337688,-0.05029315613347338,-0.05355552818440035,-0.04113473974971937,-0.027696372265230973,-0.04369163402726424
2025-07-08,0.05406722455809212,0.06657962840021996,0.10432038984248623,0.04726253607367637,0.08024324195190646,0.05715838569016919,0.067265371654893
2025-07-09,-0.01666188338808842,-0.01076937249994153,-0.06166081493928073,-0.01410576248877108,-0.05776395402786745,-0.037988461336039836,-0.03510210770496232
2025-07-10,-0.03353684967942245,-0.030669460442520426,-0.013500701834600845,-0.025738630777032784,-0.000849823845627931,-0.020309118956238083,-0.003453169714007571
2025-07-11,-0.05829463447348206,-0.034372817355853645,-0.036382030662321777,-0.033611174176692064,-0.029479496224405814,-0.061907737149438966,-0.026447293980524155
2025-07-14,0.004763409748292902,-0.002892835759303011,0.007223157593717077,-0.006603533784311459,0.03583585578360828,0.018025753852841497,0.0035455512308866085
2025-07-15,0.024808662426522778,0.010164737373095933,0.008361549269403124,0.014217883979134345,0.019935146396928744,0.03087988205691007,0.01690902249165202
2025-07-16,-0.01939213469712665,-0.04697308452110336,-0.03141614715536465,-0.02301905192222525,-0.029556051661565358,-0.009280800346692196,-0.025634250261667418
2025-07-17,0.0246761614093583,0.035587504959781295,0.009366777478666221,0.02827254666663653,0.008211880404548606,0.011971545635960054,0.0032404559328319113
2025-07-18,-0.006609455686453696,-0.00865464245477422,0.011285919142417632,-0.010323195989217538,0.005484080416278835,-0.0019212008903903982,-0.005840389961422023
2025-07-21,-0.009996756870015916,0.007717265017915476,-0.01250273888170558,-0.002969359026771031,-0.018827000894250805,-0.016676760653302022,-0.004566198095106442
2025-07-22,-0.013486476582284858,0.014046032008340115,-0.02008674959182363,0.01538656746323237,-0.004439752149237591,-0.007852370677234464,-0.001963333913343027
2025-07-23,0.03796683825136906,0.03045931805884788,0.04967706491678559,0.02967460520742905,0.037883886201821725,0.044331775887789734,0.05604778388582983
2025-07-24,0.03025644677087028,0.025266107651775355,0.00706717939554151,0.036091875618396455,0.022005953140429954,0.017196651234096416,0.003400856769849288
2025-07-25,0.007580608207571966,0.0275772926752407,0.04176052768273161,0.013809530424691172,0.005124030280791826,0.02561430796177382,0.02318585577221872
2025-07-28,-0.008849628259739364,-0.023570221145483065,0.06676400417826392,-0.014985285910809165,0.003490902280736208,0.0050450337510371925,0.002108742925358868
2025-07-29,0.045307023300377273,0.04591596251177444,0.04495522743330696,0.03670337644425921,0.05476530672319338,0.07577549155348544,0.0464516726835074
2025-07-30,-0.0073082220001005355,-0.018169685724542608,-0.03552282709817819,-0.01355123567944355,-0.010459275435851656,-0.02428447498215133,-0.0267847736652194
2025-07-31,-0.031038974986205198,-0.029461562608131785,-0.008379929214470406,-0.03063339719650004,-0.02518952711771563,-0.02034904274814544,-0.010381183917532347
2025-08-01,-0.04053311127227131,-0.03183175788316739,-0.0017547344249812596,-0.031397179754186315,-0.024492159188547583,-0.014035371658630981,-0.012903413698434169
2025-08-04,0.03230252949630446,0.024653103461662128,0.02497532599019993,0.00794201262805834,0.0056436346955805565,0.01124402576142333,0.011112861955314642
2025-08-05,0.04171153071937901,0.04837823033285807,0.026704274243549684,0.032920776700689616,0.03799338993777112,0.01697597527298318,0.04725285505096125
2025-08-06,0.047046770158425795,0.03864495053540438,0.0434070408757369,0.04189692263600219,0.06419992910845543,0.020401879934447913,0.030858052907914952
2025-08-07,-0.025929811867027083,-0.02243977479673177,-0.07079673178609656,-0.029220214231384975,-0.06820688292377054,-0.013213792049055142,-0.011949573839055474
2025-08-08,-0.013826262045610226,-0.03589258614428322,-0.031693401139597246,-0.01130385702503157,-0.032915030729803056,-0.031880734874872155,-0.042255772893973045
2025-08-11,0.01143537554155727,0.013490334946941468,0.011609626315801234,0.005862971971679376,0.011577782414757128,0.018144268193539575,0.0002915387543892477
2025-08-12,0.002390886504053096,0.011263965181170177,0.03031576177846196,0.017001840763469073,0.00672507991172304,0.013054090055465034,-0.010256455451612925
2025-08-13,-0.01685750698910675,-0.014446230034761273,-0.012634586163417394,-0.0011500230576140693,0.0017071094014615444,-0.022085072908177857,-0.00590845915860942
2025-08-14,-0.03396442171239489,-0.033251758893625555,-0.05546184319013803,-0.05317265311621514,-0.025782191410537808,-0.01973282716081913,-0.03191123859193459
2025-08-15,-0.0006283303163059998,-0.01501184616801624,-0.016111682366602334,-0.02415678512443879,0.0005383703486439462,-0.002494200241631265,0.008528915381697227
2025-08-18,0.018680444016341852,0.03036609090739077,0.0333969357138183,0.019900319468223442,0.008974652427083781,0.015575487498229632,0.023086032756608952
2025-08-19,-0.08158608229234161,-0.07588951018737862,-0.07600474087440826,-0.052330907548953844,-0.056366475279348204,-0.05042478481910269,-0.05388618527096808
2025-08-20,-0.0006696246428620951,0.012403790690352384,-0.058700417624413,-0.009678430494800293,0.0011280575522256402,0.006260380526263803,-0.01767163290132693
2025-08-21,-0.05436494741818788,-0.003463508072578258,-0.005324573749922234,-0.003464082271076482,0.0036573698902198385,0.03215011978876448,0.008243554266962055
2025-08-22,-0.023614608960644788,-0.011378572662295618,-0.0334060771288601,-0.01838540776369,-0.010302869509179982,-0.009285721061373695,0.0025228623791233623
2025-08-25,-0.07672942190782693,-0.08831603913610225,-0.09107285293222937,-0.07497493617700035,-0.060677847163570005,-0.06408418675954283,-0.05336754091045782
2025-08-26,0.005458186527435592,-0.008200168556672558,0.011100936031302806,-0.010771885392786689,0.022506385475100272,0.03422029224096166,0.020063120212460886
2025-08-27,-0.042897766319338324,-0.03557752657527797,-0.028933372590430183,-0.04252846235619521,-0.02310942057052879,-0.01040510245556775,-0.012780753931697149
2025-08-28,0.020884267460716886,0.035241499336056,0.05705317700898977,-0.0007536327503255061,0.023698796101908993,0.02654041921901409,0.017005002933848743
2025-08-29,-0.026582296648742596,-0.026572876525257468,-0.04061709567441626,-0.009123184418324748,-0.005316813812960619,-0.012076996778766315,-0.012069983180371164
2025-09-02,0.008130104031242674,0.004134283251544786,-0.02547302887037236,0.005078719084182862,-0.02458524984775474,-0.03293707732791166,-0.0029581009193937052
2025-09-03,-0.012220038489540664,-0.028598291141031143,-0.01250017365396687,-0.0266955874067359,0.0004551821617552195,-0.03130695771209884,-0.027700751509577685
2025-09-04,0.022691364457038253,0.029457538074733336,0.048167972076355384,0.03953082032127186,0.031212926773787533,0.041528456919624236,0.04208010195658204
2025-09-05,-0.012092051797922021,0.01178194919507592,0.007349589539088331,0.0027468603208967777,-0.0005883352800950365,-0.004151683769661965,0.0003244194332984748
2025-09-08,-0.27987283675071273,-0.26757225249996736,-0.22888086745023004,-0.2687435697401167,-0.1827041884988611,-0.21429478215840603,-0.16655291047904724
2025-09-09,-0.007538984521224009,-0.02016654400073615,0.013146885617549795,-0.017443104499912498,0.0376095271678794,0.0404095002854152,0.02758533264958084
2025-09-10,0.057758733877307636,0.07077199654578534,0.06432555317522229,0.06273129858760657,0.056383224024036505,0.048747329453785425,0.06528365918735975
2025-09-11,-0.021661430517840117,-0.02649729510145504,-0.04075543504398446,-0.02526172049885649,-0.0004824731821791541,-0.03134776947849109,-0.015482315782628707
2025-09-12,-0.06238566932333749,-0.05291294009919455,-0.056473500169426635,-0.04312975458074117,-0.044232424933001856,-0.06959331155887412,-0.04052655977193777
2025-09-15,-0.02813936331483144,-0.031306937562726525,-0.02015481002159321,-0.026045899690545778,-0.004211951335564404,0.004258352856171672,-0.014506461800635523
2025-09-16,0.021457691352077292,0.03244774643601046,0.0300817919183358,0.03601260353585895,0.04166581294779082,0.04928465403031176,0.037504342409200656
2025-09-17,-0.0067263996298751,-0.009624200025834697,-0.0403136036537563,-0.023074027234298158,-0.027749890087584318,-0.008576018996213899,-0.017106852956390778
2025-09-18,-0.06746762247423782,-0.07157851750846912,-0.06951158028937507,-0.07953545781906925,-0.06021889634978666,-0.09205160267309616,-0.10969359472506618
2025-09-19,-0.014545650048056188,-0.02911108334129882,-0.015686581011620026,-0.03163050659441034,0.015615711760983057,0.02357670737054402,-0.02237040264459021
2025-09-22,0.1845575495274426,0.1841448726604292,0.18199205139214925,0.19141675286546941,0.10360062092646825,0.09486874077362917,0.12024703210138772
2025-09-23,0.02407347064180905,0.013256234539215829,0.02548260567429025,-0.01636791920425483,0.01680976283438788,-0.006644525876737942,0.01949668813870021
2025-09-24,0.0069134274269284125,0.029250265557019765,0.02380429044441529,0.044382682762513864,0.02077362903536209,0.028911336905996447,0.010148647370474603
2025-09-25,-0.09275425370538626,-0.040390548951248835,-0.08734400147926448,-0.0759777416326815,-0.03397979147402934,-0.02315022355591885,-0.0352329684876641
2025-09-26,-0.04641735227852457,-0.04253217356660309,-0.05451101976027913,-0.03161150454072415,-0.032748079187948816,-0.03278980315670601,-0.027264135720264218
2025-09-29,0.007887595032170501,-0.013545044517395764,-0.026863674691971956,-0.003725658549661216,-0.02420791276227411,-0.015183173150839715,-0.027238993826564983
2025-09-30,-0.06851203908892935,-0.05609382423515594,-0.03783549793272991,-0.06231356756382456,-0.005645044783162496,-0.025353423887537266,-0.04271396437969377
2025-10-01,-0.03174866082184864,-0.04621597044930594,-0.035986884823905586,-0.03432700936952144,-0.03059999297469231,-0.033360624243092316,-0.03009007670521006
2025-10-02,0.02572087258092544,0.03671247164506766,0.039835476190982856,0.04837884394314312,0.039715813587529944,0.021401620592379947,0.010130934068396175
2025-10-03,0.006027788240923184,0.028011739184373826,-0.006422592834822436,0.026131334289579804,0.0031298703904350904,0.01859407003598792,0.014178726233933863
2025-10-06,0.005991671604581358,0.010850684925353826,0.0,0.0034795530102733176,-0.004615879939778586,0.0047125619830651715,0.019274790541038495
2025-10-07,-0.05022491606836942,-0.023699896637288574,-0.009061572731764361,-0.034992223017564106,-0.008795986839885214,-0.02619826648169005,-0.025922087532887533
2025-10-08,0.044233244463788166,0.031248869940462477,0.06543213715229572,0.019943765064528326,0.01751527841564166,0.015801139632215442,0.016946049354266208
2025-10-09,0.15655154556373213,0.16089955278103216,0.09298216891259531,0.19597963231984117,0.07142508156157683,0.09466217150482292,0.08595209432832181
2025-10-10,-0.057097978106711925,-0.010532538388895807,-0.08087543766058918,-0.04052014988207808,-0.03270849789312157,-0.03473635726148369,-0.006413909011558939
2025-10-13,0.08146475958521975,0.04053969488613024,0.18662434403588846,0.033539091615216725,0.06733162817550029,0.07039379238239941,0.0455044121900564
2025-10-14,-0.057807616667673624,-0.04328846917218395,-0.04336309859214235,-0.06170135070079847,-0.05979627774982086,-0.06949931749191494,-0.05960797526009778
2025-10-15,0.012671710260414932,0.04121506244615211,0.015520189348788876,0.03207836094064712,0.03049673567040643,0.014203509310827122,0.01825845511962643
2025-10-16,0.0052330121172197,-0.0032125765517672504,-0.0365957643725172,-0.0015043236958440075,-0.016981983054879222,-0.016441198488526102,-0.005670078555575765
2025-10-17,-0.020032253505879744,0.01204135170348737,-0.011245151411901706,-0.021918614597805988,-0.019003647090540515,-0.003141115228110857,-0.012204564272609532
2025-10-20,0.0021275311282450728,-0.013556832696873806,-0.045725394951394854,-0.012387929012074814,-0.05428566822350495,-0.026874774084090322,-0.0367371761943434
2025-10-21,0.0010622245552384712,0.009434014593938451,-0.02453762564384451,0.0009343873050148157,-0.015561266317447869,-0.007414299394541737,-0.016456392059336265
2025-10-22,0.010559731316255035,0.039581716942374515,0.014908546494297374,0.027634507152803335,0.015727318216710848,0.018433684270128904,0.0016175060650652092
2025-10-23,0.060130130577189064,0.04930581114256886,0.06713197731968663,0.05365285296888579,0.036349849691475436,0.035878338693278,0.08292895856798664
2025-10-24,0.0,-0.012448298076530894,0.03091670100896945,0.01679267866325408,0.002398237795057412,-0.009738953434686509,0.0022288780817616106
2025-10-27,0.34182734035266266,0.31940215718843357,0.31441150024167047,0.3271144505333266,0.21306416936687178,0.31326398959018936,0.21337427012200857
2025-10-28,0.04197390650683234,0.04292836851383956,0.05995945389985786,0.06423334013671243,0.00835321360788703,0.006159868153466659,0.014581358494163496
2025-10-29,0.04415870340183488,0.03369568077373915,0.12806040820977196,0.04933525895036266,0.053811234360145406,0.018889632928505245,0.03255163170181681
2025-10-30,-0.022165289617682663,-0.006578335149167105,-0.04632672750380328,-0.023340232678712998,-0.018111064118195314,-0.03354074184111912,-0.010925958622029448
2025-10-31,0.08827411282555993,0.06402280249774563,0.08551149542715782,0.0948367402942939,0.0578167900043146,0.02077320400114552,0.051827992037111435
2025-11-03,0.03498723371379686,0.004632025561417581,0.05660783582510038,0.029972662578525728,0.03188707710406067,-0.02044527388115917,0.017145638515577474
2025-11-04,-0.017637152315454242,-0.01407285159042456,-0.037576652781129344,-0.025490801775840576,-0.012495884983956762,-0.02691637684990325,-0.022650765641044433
2025-11-05,0.014719125542089626,-0.008067362903246085,-0.018430929220367154,-0.001520005721054301,-0.00045736239307856845,0.003026743549670145,0.021570827238607086
2025-11-06,-0.04116288075795467,-0.01656111189825508,-0.037290420147212906,-0.02776035017173681,-0.003896005449458826,-0.018641486850726766,-0.01359825124928868
2025-11-07,-0.03975683854189999,-0.013936241899126555,0.01790165161703597,-0.03645138320812255,-0.00679682745402152,-0.020740473665460096,-0.007144909224428667
2025-11-10,-0.010191106743636403,-0.01401571341828501,0.014576619030224218,0.00736164948797411,0.008058953855197431,0.031290218299088186,0.02586235871725353
2025-11-11,-0.007712149403651525,-0.007674620960328131,-0.026578591148634385,-0.012782744859609244,0.004690320991340028,0.026721670853616625,0.008296618584353446
2025-11-12,0.01090802185231203,0.02238594853568119,0.02537204194373165,0.003617255717309398,0.016300958748234434,0.0062428502879807125,0.010340789164691635
2025-11-13,-0.02520327404309403,-0.03695162367247911,-0.06387472550723922,-0.03284990711834176,-0.023862040195695173,-0.01617997186475582,-0.017831428022763347
2025-11-14,0.02072612532440642,-0.003614455206929118,0.03943112532904963,-0.01484853001266914,0.03513891012263407,0.015852364042189995,0.037680560787947515
2025-11-17,-0.007076297083533547,-0.03725755537389465,-0.051407343733032504,-0.02589576426595126,-0.02586742405035546,-0.018519093324370187,-0.004925444367063614
2025-11-18,-0.00582713592873064,-0.015402390758917686,0.023810702764551724,-0.011138450910864397,0.012567396072146715,0.021136893333970255,0.004666855931905499
2025-11-19,0.0012979054642312548,0.007604384673262296,0.030993179508694037,-0.02346023307426926,0.004826321930243712,0.005215130653669198,0.0002585884351582745
2025-11-20,-0.045100501880763935,-0.03220477662765748,-0.031947551658277465,-0.026086671790502284,-0.021160564570265578,-0.021689967650092297,-0.04387595722207059
2025-11-21,-0.05508537322663251,-0.026023605026317974,-0.05528801364303107,-0.04843918586484468,-0.02372388101751021,-0.02285046666168333,-0.03603739088990715
2025-11-24,0.002863245130697095,-0.013202462868733403,0.026553207624990697,0.014202941184933449,0.010484736358401336,0.0006795942346598254,-0.011551046526299758
2025-11-25,0.027495633410158454,0.0366146607820149,0.006854901427085136,0.0436897813441355,-0.004995657225007346,-0.008870758448191176,0.001415807579114354
2025-11-26,0.10173778529136099,0.0721169260723296,0.11016353506297664,0.043820115977941575,0.03344331575103751,0.04424313006033779,0.020168784649409688
2025-11-28,0.00875548082498503,0.04250887376067737,0.012451306283107921,0.04759604582347408,0.021065135807115467,0.025891389557678987,0.02085691165794541
2025-12-01,-0.0024936154827153237,-0.019184811745991074,0.02725116395771346,-0.017349952033530004,-0.005086245943548969,-0.002879546222780248,-0.010648548119097883
2025-12-02,-0.009407472371340537,-0.01786502004539553,-0.05585788801570313,-0.027219194904275202,-0.009467113928501981,-0.011601764231560674,-0.00882276720558865
2025-12-03,0.06169895925003291,0.06373654787275088,0.05249185585667074,0.03556374360662413,0.03204586361762733,0.041897521616147834,0.03108209263363893
2025-12-04,-0.011319784445518783,0.002041026816550009,-0.03983903743275201,-0.02234425976813228,-0.012212507343849264,-0.015348707753552704,-0.016511421677705824
2025-12-05,-0.006612564413329178,-0.024771735420555527,-0.03996953519330654,-0.03358186580660155,-0.007598763936078576,-0.011428715200495574,-0.023471972789393763
2025-12-08,-0.006656581649719331,-0.0008131666768331224,-0.012555664522093819,-0.0015990323291438593,0.0022085319776852875,0.011113001580773817,0.0041822927862862755
2025-12-09,-0.0054795748041173474,0.008447623167006127,-0.008355315613693839,-0.017963993511245873,-0.012877660625775092,-0.014310969866061844,-0.005860183921182497
2025-12-10,0.024722495969041476,0.03576649895347817,-0.008112376075866963,0.0217575482864696,0.015191318651844659,0.0293536050513531,0.009470827231221206
2025-12-11,0.012429776885501244,-0.0054629969885612445,-0.033447909271650485,-0.025225839148475402,-0.010843250137329459,-0.006240293442155831,-0.01452135166656953
2025-12-12,-0.00826940416817881,-0.02811650957719874,-0.02858748403796329,-0.01068424366408204,-0.01660156695572188,-0.004391515730645139,-0.014735332426192415
2025-12-15,0.015303344703488696,0.01574283072669911,0.01620137183122434,0.0297130961651653,0.011247446866233354,-0.003779498416678501,0.0022812052022896006
2025-12-16,-0.025437492522686848,-0.022087011840338937,-0.0016412029552949705,0.003003388347858235,-0.011360586801165275,-0.031087304627659594,-0.02801630807592871
2025-12-17,0.016047753238590975,-0.007200037364717637,-0.0023022438467958624,-0.003805791351264861,-0.013323639975839664,-0.008827866716340777,-0.0023459839340916515
2025-12-18,0.08312226995483663,0.07497350497473407,0.0308015546875145,0.07851332092205102,0.020088022803308417,0.037387526324950036,0.04450279887527728
2025-12-19,-0.00871929330865326,-0.026849667783958375,0.011428715200495487,0.004996690495230448,0.0072768473394024,-0.0025340502018398915,-0.0019676659425967914
2025-12-22,0.0027329021241909203,0.008956718662137934,-0.010152361634350938,-0.008341742128269736,-0.012797652955286735,-0.015340711526330283,-0.0008445487994263046
2025-12-23,-0.003828284828551166,-0.006294544801071691,-0.000637973148282928,0.00593903648010251,0.004509099205739324,0.005460109285346869,0.011201504301260629
2025-12-24,0.0016425186360959738,0.008164232412047171,0.005092304034922149,0.0044312258381527195,0.004600760233305526,-0.0016027968665974922,0.003058548467591258
2025-12-26,0.009256847640715998,0.0040573427390807855,0.003169586833105701,0.023847601095139077,-0.001008080022109229,-0.002891573182231496,-0.0016671683125914708
2025-12-29,-0.005979987335478393,-0.011557071761294547,-0.026291981945789102,-0.01303363820995397,-0.017523516852922607,-0.0038685038944572805,0.013808559996241775
2025-12-30,-0.012068123147312078,-0.005995868912091982,-0.022339966290661303,-0.012317353453516021,-0.0010270323149461948,-0.0012927929635454254,-0.010476998195783068
