Date,GGAL,BMA,BBAR,YPF,TGS,EDN,PAM
2011-01-03,-0.16460001176712158,-0.15476309882518502,-0.1652601057298576,0.1920306662418591,0.08893309788438358,0.12934954917590946,0.08846514880458956
2011-01-04,-0.1613342488142664,-0.14932825806144767,-0.17046250616476166,0.23425478939261007,0.08816181628143666,0.09620039575299599,0.06745916885903364
2011-01-05,-0.13525379852177433,-0.18159758112918212,-0.18846049459561331,0.2515068587428377,0.08443646527073823,0.08065918569092945,0.08354067545862454
2011-01-06,-0.1236695913928687,-0.16720521868807814,-0.1829051167050295,0.23957999656984164,0.07547129427646349,0.09049590832869003,0.06278123143855319
2011-01-07,-0.1235772609685033,-0.13691225699285026,-0.17829127775686915,0.20502958798298232,0.07168538461893104,0.08919768536100459,0.06641905797581987
2011-01-10,-0.10301684314331472,-0.15091483328563837,-0.16557031020724677,0.210608106981041,0.055665761704371486,0.09399259465039578,0.04928780856795978
2011-01-11,-0.08917833175727208,-0.15534817131449352,-0.16839822981081598,0.2243237765597293,0.03184656826604915,0.0873985144639774,0.058041585449185584
2011-01-12,-0.1074240217000797,-0.15245851988232295,-0.17355645116579554,0.2061212736990577,0.08593963510730362,0.07554094631628183,0.05848323171752595
2011-01-13,-0.11321632135549065,-0.16975179811672025,-0.16444302217748075,0.19553043809991297,0.0767687916044863,0.09657763866809321,0.07076561317667951
2011-01-14,-0.10835293664574142,-0.18902340541449136,-0.1355765355428904,0.176262855632561,0.0767824716801716,0.10044289418646135,0.07229802575921068
2011-01-18,-0.12854367593788107,-0.18855614075087568,-0.12684416753643313,0.17599260165288852,0.08988166275597986,0.07660847890530309,0.10401717136708899
2011-01-19,-0.1030449623997689,-0.14908038471381024,-0.10796778289695919,0.15334879741312293,0.09379699247575174,0.03414911022824918,0.09888200356288185
2011-01-20,-0.12290767621077081,-0.1543549381314303,-0.13581582765797107,0.13864353067837906,0.11577463329456522,0.046183938104804145,0.12771553930536794
2011-01-21,-0.1267895902258671,-0.16211582994314477,-0.17304599983344826,0.14142426339197042,0.097855240357546,0.06603456151798026,0.16593899287733638
2011-01-24,-0.09508157298223896,-0.14813403604723407,-0.18307305496680848,0.135109883525525,0.10545698094924011,0.05748288275869662,0.1338352805934686
2011-01-25,-0.09942739683978341,-0.15804365672557463,-0.15891125849609622,0.12534824354723403,0.0990344090546218,0.059216067860523136,0.13787632007168987
2011-01-26,-0.10574470059668206,-0.15653751800117688,-0.16343605171612563,0.13322868688839473,0.12690301749333727,0.03981144233317557,0.13486360658945995
2011-01-27,-0.10031055524631372,-0.17903186663734627,-0.16645220347012235,0.11788346878046907,0.17000157494457707,0.06267551522980486,0.1019746803476041
2011-01-28,-0.038796292644701524,-0.16744788507929076,-0.1662458312224494,0.09390794730389077,0.1514501574469322,0.024992903387710208,0.10078651347521861
2011-01-31,-0.07230011511824319,-0.17411926503056663,-0.17900777594123907,0.1225006830966742,0.15477157216622484,0.04358761517120091,0.10196401587490456
2011-02-01,-0.09791988267643736,-0.1870252123170456,-0.14973057095050235,0.1181633857960313,0.15097130821795146,0.07577537830854975,0.08615929718717263
2011-02-02,-0.0697697657330536,-0.1930953552154543,-0.15556637578889,0.11779781986226437,0.1633381750152293,0.06276507663913344,0.07568165217336792
2011-02-03,-0.04893606126474581,-0.21696630341215128,-0.1606435979798525,0.11698081199158744,0.1684112906054535,0.07061468761518441,0.07443599363356551
2011-02-04,-0.020735148407870718,-0.25097221662606006,-0.14237069367328903,0.1260225428482903,0.16580515696522735,0.04933172466365132,0.07341797788152232
2011-02-07,-0.022076145639969624,-0.26187987098170196,-0.11776689508295535,0.1260401186081867,0.15677502139861832,0.05590754314321156,0.06100273771673864
2011-02-08,-0.020420658519712198,-0.22817001020291772,-0.09925683486209125,0.11564655954289724,0.130603968094536,0.039347190305519475,0.06477569299780905
2011-02-09,-0.02067807766677554,-0.22383740318405976,-0.08998106104412418,0.10618223752506184,0.15263615268029262,0.006582660814456354,0.06215153613347335
2011-02-10,-0.010567423758607641,-0.20869062834245677,-0.05834755818592352,0.0946558837792201,0.14621382552300793,-0.037519902945282624,0.051783789637809996
2011-02-11,-0.015110842618121567,-0.19816141830967648,-0.028221753839043906,0.09339585209675796,0.12510464221219575,-0.0390481030809805,0.04428967071260448
2011-02-14,-0.012008516268359637,-0.16122171894381282,-0.0008617331729332545,0.09233325450804244,0.06895222403285395,-0.028907812636493557,0.027597601892375034
2011-02-15,-0.010810820629175266,-0.16984068346951398,-0.014060140917739439,0.09138765648765873,0.09127823539448437,-0.036830895701717825,0.02881041195293771
2011-02-16,-0.003362889050594897,-0.17282702580766096,-0.0037035599041647105,0.07879663952865024,0.08988130526361571,-0.038639370412521634,0.03754971331169932
2011-02-17,-0.0321934431433033,-0.18809554510092508,0.010485907172813391,0.08047940833159806,0.10827129243327471,-0.03753674994535816,0.046780707801450216
2011-02-18,-0.015415739339313062,-0.19035226783754822,-0.010762745445155875,0.09752753855313834,0.10264342246860508,-0.04202534548986003,0.04957207328889268
2011-02-22,0.010843823438076328,-0.18248950624574206,-0.03367668411525504,0.12393785885844347,0.08737554684052695,-0.05831676303223421,0.028353497184955057
2011-02-23,-0.00735390999740948,-0.17195965458871343,-0.056821069321661755,0.12975330803287327,0.07630238006940587,-0.028539845842334155,0.017702056844641934
2011-02-24,-0.004267217584756788,-0.16141151481382615,-0.012419262141076248,0.11841497673535933,0.05876062651007058,-0.061838663294710106,0.0191521315417727
2011-02-25,-0.014529859472228956,-0.15467812179493529,0.009086960518336795,0.12452489751781018,0.035153101631853756,-0.036951369318592775,0.006826889998469365
2011-02-28,-0.03401549638311874,-0.1650686482818125,0.021906886933218295,0.14310949704306763,0.04420328644842364,-0.04274619825201009,0.0023595035531970288
2011-03-01,-0.010953351958037483,-0.16840717818737405,0.019175545789231974,0.14896495089832948,0.036731525912708174,-0.05666893936620221,-0.005094656805477715
2011-03-02,-0.015588272196248365,-0.16007737058559535,-0.015327194533579336,0.15730344159571907,0.057869994376870626,-0.0590197296130337,-0.012107933824729744
2011-03-03,-0.022404761509008164,-0.1554086360559081,0.014122921289365542,0.14559771428834478,0.04369288048099701,-0.046916457122651356,-0.012126760186618124
2011-03-04,0.006563424600656176,-0.17007506398822203,0.014201927242074808,0.15698277272433384,0.053659718092484154,-0.1068784085007437,0.006978387767783478
2011-03-07,0.010066107414564929,-0.1608578122077518,0.018427743348284453,0.16380987582698536,0.0036653091326843135,-0.0916268000463415,0.01245662573361822
2011-03-08,0.022426259579523267,-0.15809598525850693,0.02112753793518729,0.16320319367628713,0.01021599854712002,-0.0957506752603744,-0.0048089663804626315
2011-03-09,0.0061917952450161184,-0.15079144946160705,0.0028607401707390068,0.17019614275061984,0.017315715830199474,-0.07739352872102989,-0.014350001611790175
2011-03-10,0.020941995030137828,-0.14498969307070542,0.009983337508895462,0.154735740711934,-0.026997465265444998,-0.04302203668313587,-0.022314863093813142
2011-03-11,0.024600798693590553,-0.13765219773692922,0.003623901027826615,0.14496160785427548,-0.03861085210902404,-0.015429129779140238,-0.031426883978476094
2011-03-14,0.056315295555232514,-0.130262803666145,0.026065270656554063,0.08447431691553464,-0.05237146256234676,0.008908649071243113,-0.04409000273887481
2011-03-15,0.05513858564360796,-0.11200195578743949,0.0017463362275608185,0.07151390522825943,-0.03327980675403591,-0.004342625718577686,-0.047141901062769054
2011-03-16,0.05190373528566661,-0.13637856982080515,0.052840069473699514,0.052883102499250545,-0.039377145589359674,-0.024078669442976985,-0.030642419288298528
2011-03-17,0.053484011818744404,-0.1206938918554275,0.053876920332671996,0.045451543998204835,-0.037204760639613366,-0.02531246154883149,-0.03711095975833584
2011-03-18,0.04926411507971329,-0.11311928239674285,0.027516926351898452,0.0641577291583961,-0.042801201036470504,-0.01911044746439705,-0.03592122551129878
2011-03-21,0.05065956297363017,-0.12215008794302712,0.06989109432734897,0.006612056528642496,-0.05239512734367563,-0.0014107425399323414,-0.01683734721142799
2011-03-22,0.08752868607727804,-0.11506302364801468,0.08801216570901721,-0.045114611351595946,-0.07681406540882113,0.00726257554719717,-0.01130390489262989
2011-03-23,0.08957592308313356,-0.12282267529173935,0.1065667250235518,-0.0572434829661847,-0.0775603994043767,0.007003644139488785,-0.009562067551299291
2011-03-24,0.11803754309219494,-0.11849650713072579,0.10129914016032482,-0.054129730618748206,-0.10000374605587464,-0.0006514178043416918,-0.007391902569389042
2011-03-25,0.08575938524365279,-0.12304992810213933,0.08406196691365181,-0.036544585617063696,-0.07957768390728737,0.004640893221996789,-0.0021501307154795923
2011-03-28,0.06398506713141394,-0.11170490529002564,0.0895099976446303,-0.03897197735226032,-0.09639338434041339,0.02603710126754194,-0.0007356304480879428
2011-03-29,0.02085701736518486,-0.10139014717939321,0.06954512780535121,-0.02294017996049849,-0.08259046718082319,0.04178200849418989,7.072709868427562e-05
2011-03-30,0.016498820335017483,-0.08718634417105747,0.07717824075383528,-0.013017677575618336,-0.06497090205335349,0.016790756267498097,-0.014105071325618057
2011-03-31,-0.012999171026549572,-0.10202942770122636,0.048382337717219615,0.010952787342787207,-0.01719235111668843,0.016776095000706925,-0.01757272132981169
2011-04-01,-0.010377519749294906,-0.09951557819433388,0.0458109632832745,0.003846105113849002,-0.000369649816013895,-0.0014715351191136872,0.005208879286450918
2011-04-04,-0.004918381736502497,-0.08117951502013304,0.031981346923263376,0.0011838829317787902,-0.007638070912410977,0.007832464896674107,0.010160759096284833
2011-04-05,-0.01380467235437266,-0.0784948267812487,0.026824090498567155,0.012822227943517756,-0.01365019793586758,0.02671078218544054,-0.00018239710557932387
2011-04-06,-0.01598358758420626,-0.07299890995034691,0.03838660508874364,0.027969637605717995,-0.0418568240037695,0.03188166235232226,-0.010794679996195822
2011-04-07,-0.0036345203777924384,-0.0961870203082088,0.05390194517593433,0.013545196889175964,-0.02006209118121388,0.03303351736353255,-0.027040145795644843
2011-04-08,0.0037814446958134296,-0.09184392554386239,0.049342649456401655,0.02690511787969152,-0.02550713338214894,0.019327871670916763,-0.028410941945970825
2011-04-11,-0.011846225456400905,-0.10433696386998875,0.056619984819868185,0.03167671480206766,-0.021901037031715254,0.026408260908828973,-0.027902259534483664
2011-04-12,0.000550814005612188,-0.10193582999629996,0.05896757772772543,0.026074869959894692,-0.04194589696716283,0.03194944646205766,-0.0324027666897721
2011-04-13,0.02552689958724097,-0.09134209426660217,0.07634376709356955,0.021638595460879123,-0.059209491051641194,0.0037448569500524442,-0.030878154012265235
2011-04-14,0.03804145142485138,-0.12179073450304945,0.08072711466635102,0.014047275686693145,-0.0575802622590571,0.013125844243130513,-0.025081293750079225
2011-04-15,0.05209543312626563,-0.134835135557955,0.06640694755019266,0.025045804669217575,-0.0605588848398933,0.01603196448850508,-0.025394276173472674
2011-04-18,0.05716933834112714,-0.14826607676059145,0.09784921379826594,0.004817364235076754,-0.05798888236456945,0.015102985603788033,-0.038632752965719
2011-04-19,0.07673030470233388,-0.15867265719053059,0.12929359813414043,-0.003091924705603183,-0.0645982556830339,-0.0005698053158587069,-0.042734965695076954
2011-04-20,0.02432073124440992,-0.17840088637981805,0.13112709187543342,-0.008347718678139798,-0.027666426411486145,-0.00284334759323146,0.010066273885662058
2011-04-21,0.015997445021745382,-0.17685026393332876,0.14575027188989215,-0.0032901072325635106,-0.018110273103343177,-0.00462725905759126,-0.012530015811618389
2011-04-25,0.02835279226624543,-0.16976422207310332,0.12556697493333252,-0.0029498225006840406,-0.0367337812813579,-0.013190672422402794,0.012408325078680782
2011-04-26,0.030744924786452743,-0.17511401553289802,0.114807102690415,-0.000996311882688089,-0.054911767610912876,-0.009357952394646651,0.029510027264044336
2011-04-27,0.039773901923768507,-0.18761904293217369,0.08703523363638527,0.0020737161919189284,-0.06570943244288502,0.016253198300964278,0.03997754239661555
2011-04-28,0.017581204507926884,-0.20652391498820882,0.08657935867308619,-0.010886587100757461,-0.012150068505051626,0.0132194812641791,0.04276720113348936
2011-04-29,-0.05070716857359259,-0.20309274935433586,0.054302767047098466,-0.013456310808515365,0.11613340854954862,-0.025628261847292055,0.053213881846857436
2011-05-02,-0.049167747618567015,-0.18498168902801565,0.04326413036907939,-0.017522181426664674,0.09587277579521786,-0.026910765938669146,0.07010892804767788
2011-05-03,-0.028080682238414423,-0.16658170688047785,0.02441961673020937,-0.036354614889111236,0.1326619912368342,-0.0542327727765991,0.05642244760973175
2011-05-04,-0.027352994750746484,-0.1691810509087292,0.01984319961126635,-0.03726768821086898,0.13875720243904455,-0.05132483759135664,0.051731181025066075
2011-05-05,-0.011911385925916007,-0.17436264655340433,0.006230561669471779,-0.03116424282877081,0.15116563638484715,-0.05244405158902726,0.027327210585671335
2011-05-06,-0.02637863230340709,-0.16461817570780418,-0.0010362742985504658,-0.030772635827373718,0.15248099613885646,-0.036714197009632965,0.023871161787917594
2011-05-09,-0.005729904715805811,-0.18075327266354796,0.016421587421360073,0.026682269568272243,0.1190123697564926,-0.06522146656496641,0.01038357187234401
2011-05-10,0.011127132342979906,-0.15134174775644338,0.026906038739330507,0.06482901421932327,0.10379022411084993,-0.12110533125268563,-0.006630564572304765
2011-05-11,0.015032694165336702,-0.15761969211700444,0.025866347149618163,0.03676967712336632,0.10654844288202114,-0.12268875102169818,0.0142560030799751
2011-05-12,0.031177659795438073,-0.18688997324675838,0.00812202954702701,0.026822444904588544,0.14395782406910013,-0.11807229983236678,0.015339870622384066
2011-05-13,0.032569416418195996,-0.19000235411516442,-0.01315884960898489,0.006988174741305642,0.11749532445389055,-0.09223282527807675,0.056477024455589
2011-05-16,0.03444948278307025,-0.19840073298323113,-0.021619352448332685,0.008130687527919539,0.10861194323148293,-0.07629519106006843,0.05838100070411956
2011-05-17,0.034749816651751586,-0.19849350003790872,-0.03262736984611725,0.02550669075774986,0.09685366286689179,-0.08620356557893505,0.06837433332819381
2011-05-18,0.025215085572237173,-0.18464784412267032,-0.03365570990605243,0.043712034412776435,0.1154527251836403,-0.11881292412064548,0.06449497081483713
2011-05-19,-0.014581554548900866,-0.20632365938089248,-0.04799644929192992,0.0475130933963524,0.12100984731645326,-0.051737901105671336,0.062458437384138143
2011-05-20,-0.013807825718401001,-0.22088408593321673,-0.06431845164721489,0.052302205161846804,0.13342062939088178,-0.0522894826094803,0.0705761697756917
2011-05-23,-0.01905373443418079,-0.2168351695264253,-0.07997022895643913,0.04597342264042359,0.1669097605439503,-0.06353110336142231,0.06029143776787277
2011-05-24,-0.025203264312196216,-0.2326201354341936,-0.06932044546764721,0.06933535817141429,0.14543073823035935,-0.0743037351104971,0.07092812119132369
2011-05-25,-0.051195887094149795,-0.2315196870888623,-0.0595938819911459,0.0887241745827693,0.1372350504414524,-0.10258964085221944,0.0878717940616508
2011-05-26,-0.012847640292853568,-0.23518151458936964,-0.04961024738888009,0.0961773520551317,0.12261031215631774,-0.10930346709834315,0.06364698112585326
2011-05-27,-0.003457535347399787,-0.21880708925365205,-0.032944639657495556,0.09902412160959695,0.07182623977625618,-0.11344228982344667,0.07201759906518579
2011-05-31,-0.0063000819288085985,-0.21088480202289284,-0.03993178223753008,0.11220607479658432,0.09556103453554243,-0.14163381017356447,0.06339406922230773
2011-06-01,0.0031971882636421256,-0.22092172526120712,-0.06719010550648186,0.08071280825246266,0.11688664891522993,-0.1301780138066031,0.07896982515849449
2011-06-02,0.029397024212410083,-0.22443015780102907,-0.09012941852434914,0.08863532452988093,0.10679215790985347,-0.13455450406027386,0.08636657178600271
2011-06-03,0.03592113416437126,-0.2298266769030731,-0.040476226420527395,0.07407002960845974,0.12009813435459465,-0.14899050930177848,0.06246521038830766
2011-06-06,0.03480765264045704,-0.23359236944610265,-0.04673307464087484,0.06747869166396311,0.1421008953466643,-0.16081759669579765,0.06505729760233148
2011-06-07,0.05196418777644074,-0.2314789518194484,-0.034358877327431314,0.05141842512808048,0.12615202452040014,-0.16333897479949033,0.07265584344255471
2011-06-08,0.05349427343874413,-0.22772223362083527,-0.020874046198913643,0.025991590548868126,0.12678562547025513,-0.14488321634812762,0.06257071784505491
2011-06-09,0.019280704350158717,-0.22392964163016246,-0.016721854479706977,0.02625834701584001,0.12077821164654956,-0.10799431658324898,0.07835788286150092
2011-06-10,3.704047864816484e-05,-0.21462574864796,0.00036769039261586034,-0.0022205757068352594,0.15861167259461134,-0.10987204082628121,0.06825893036973707
2011-06-13,-0.0025532378405886957,-0.191104608163105,-0.007733861511537321,0.008432859962630934,0.14492656652139374,-0.11175667726187355,0.056410388479955886
2011-06-14,-0.016155497758197135,-0.18446168258125906,0.028283234685045178,-0.0032051493911408047,0.1187844519426165,-0.08510667809210748,0.05351260025756632
2011-06-15,-0.0034985603267518872,-0.15493850664514433,0.023628908302202434,-0.013661084851051192,0.11152247565716189,-0.09436156976172627,0.037764916076761745
2011-06-16,0.014775899898381795,-0.18604986235911558,0.023336729575739845,-0.018490778723417284,0.1260062032117863,-0.08997916314201193,0.035307538371917246
2011-06-17,-0.016651273566565705,-0.11584099415037954,0.0402537169011532,-0.016238747150846833,0.0856695379329172,-0.08333207778243013,0.013725346636301206
2011-06-20,-0.010957921914834245,-0.12680944649089937,0.025387248154541242,-0.016584250403039374,0.0928163201505422,-0.09348932681740363,0.03758895267028012
2011-06-21,-0.014810499062556604,-0.12913297303309926,0.041535596584039436,-0.007554692131948981,0.09554887609763651,-0.11025965419442263,0.037709605366496424
2011-06-22,0.0011746661265986669,-0.12907172040126322,0.04009453107047367,-0.024131429008322852,0.10575565262906711,-0.12231515254605718,0.041687447115688725
2011-06-23,-0.003645651718351961,-0.13560523756786988,0.026553792657871278,-0.019119589833779566,0.10490489319521507,-0.1025702781700869,0.042112919929851556
2011-06-24,-0.004950341255315904,-0.14002352408658664,0.009731476018898122,-0.03196401586371206,0.09166340857769545,-0.04917968762102054,0.041344555541927286
2011-06-27,0.009599075478883279,-0.12660313386019692,0.011745045202227744,-0.033139410913200634,0.09115592224908542,-0.06752672125957115,0.03119952697151196
2011-06-28,0.024600401856549214,-0.10997624100678333,0.03172878028925413,-0.024151524661055773,0.06325562179464783,-0.08994333153471923,0.025658741582211153
2011-06-29,0.004061939806567105,-0.09633753653578467,0.01854391885635398,0.006240488392940113,0.08258397506162118,-0.09527708988385974,0.002832880026062745
2011-06-30,-0.023814630114624036,-0.08542454450102602,0.015163813276599658,0.03916673090693365,0.06707770163261811,-0.09570771349833207,0.006404460024535652
2011-07-01,-0.006583100002220621,-0.06791431885343094,0.021451192395736618,0.04120411659462608,0.07340386503773544,-0.12673879086308826,-0.007462525631541594
2011-07-05,-0.02186352110384171,-0.06447842485169214,0.01469756887688961,0.047900705699318674,0.06685680321138138,-0.0837121431017449,-0.023869811361907578
2011-07-06,-0.037763094585173684,-0.048389073775695846,-0.005922033238345892,0.04533460642766532,0.0647633291254246,-0.06096630803986247,-0.013340717145138292
2011-07-07,-0.015963502411227348,-0.0389830032855647,-0.014144431899811849,0.04104513565925699,0.05602818900495843,-0.08982464777280308,0.007185171645596955
2011-07-08,0.010867646085626625,-0.04795672556931049,-0.0125380680784144,0.04064315285107736,0.03876208174864754,-0.10322472486463707,0.014239824023869696
2011-07-11,0.020104665599633642,-0.06718780517525924,-0.03139347995014419,0.034627907439004596,0.06023970453753108,-0.09458166818873082,0.010402659887452259
2011-07-12,0.04020627342976468,-0.08594569525877879,-0.022028148000008352,-0.011166847341453373,0.07335519235407834,-0.07547287739809638,0.013686271785675608
2011-07-13,0.05081360602622487,-0.07566189325578893,-0.030132858151323827,-0.0018484665997149097,0.07100270371206585,-0.08342498692853029,0.00021034305793643515
2011-07-14,0.06463515787329988,-0.09321701139728547,-0.031192785491512498,-0.008668944514142352,0.09076806295408446,-0.08224460737081152,-0.013388378192095152
2011-07-15,0.07489420244887812,-0.08980257317996512,-0.0334899738951121,-0.004332214914363919,0.08285902957879954,-0.08796862220286739,-0.014274896526523917
2011-07-18,0.10060519181989147,-0.10710134673794316,-0.034700081845630115,-0.014470979816775115,0.0690718402458505,-0.09195266873263508,-0.0036678667526302
2011-07-19,0.13887118759313255,-0.12811120589721844,-0.0177488424342368,-0.017555619828564295,0.03817532739993135,-0.09400368329910724,0.0023191548870500345
2011-07-20,0.13126605389174728,-0.1307911711414024,-0.023110407599438387,-0.012856417536955989,0.05537428505843145,-0.09356609540582272,-0.0017544944316195688
2011-07-21,0.12356936933758988,-0.12908085428524288,-0.004142237214901701,0.005093375151989293,0.05673771995872551,-0.10930640458610708,-0.016153345113860018
2011-07-22,0.12031902606506872,-0.12786396058361746,-0.00439876643298337,0.00559493539394848,0.0642751580977306,-0.1121227956933345,-0.02025346336227518
2011-07-25,0.10845146585842924,-0.12063113538702575,-0.02898941092842583,0.00243106484080291,0.08360106162867575,-0.08675822508999931,-0.030732671073289808
2011-07-26,0.10072521756517405,-0.11512170245793547,-0.027347719363387646,-0.011053818645236163,0.07634396741900723,-0.0864277904495021,-0.009040093911291569
2011-07-27,0.0887586714781533,-0.1405293074433866,-0.035498925549785176,-0.00915840038146648,0.08660933550729494,-0.06223550697770175,-0.007388509969022072
2011-07-28,0.10174365677534647,-0.13569791996722094,-0.026188421428586683,-0.015271624618330593,0.08199058731221714,-0.07865679523496516,-0.008734270503003128
2011-07-29,0.10091867556723388,-0.15137446151963077,0.004708234733168504,-0.00523687707945561,0.05166835966808375,-0.0555454149908442,-0.023533404683301895
2011-08-01,0.0891263800112474,-0.14899585888831868,0.003352539432583568,-0.009537207168541895,0.046809518046479925,-0.04504706510043932,-0.012996689840607978
2011-08-02,0.10977029857024845,-0.19071865492434537,-0.014090651156167755,-0.02757883702775507,0.06093889694107735,0.0004823401374909331,-0.004600817932747359
2011-08-03,0.12077541172137263,-0.17229232351928436,-0.013967926555467414,-0.05723799207839045,0.04111015455716721,-0.003967474097625323,0.013175544577635812
2011-08-04,0.1421183299582775,-0.2510537609160675,-0.03434483495885754,-0.08383387972383763,0.09950123104371622,0.020799393593669335,0.005818781571899578
2011-08-05,0.14457304663002402,-0.24686940558571874,-0.03518841382735516,-0.06358730341087851,0.06401961506994452,0.01579800380845653,0.00136789589279801
2011-08-08,0.16643216982136938,-0.2830696123222141,-0.1170950690601128,-0.1324634044100989,0.08779323699827546,0.08054539712086234,0.025761783043881492
2011-08-09,0.1686625358538294,-0.22074424945999116,-0.06981768805704636,-0.10757504969566409,0.07220662041473436,-0.009053993948418104,-0.0009100440350089389
2011-08-10,0.16917943991707213,-0.24541057575797803,-0.08205233558919636,-0.09030063824438556,0.1108314990047718,-0.022214748240240723,-0.013780650600051791
2011-08-11,0.15470320366460277,-0.24238079960607073,-0.08214866942955182,-0.073133927326832,0.11472275528010717,-0.014588148457235106,-0.006362783102015934
2011-08-12,0.16469384864496106,-0.26153190050288244,-0.08036054707947954,-0.0774968410207662,0.19592840050024612,-0.033080430197810595,-0.04969304936431673
2011-08-15,0.15186988737110813,-0.26105817197018716,-0.11094993537795642,-0.03693962959521266,0.2513277514813132,-0.09382470294622303,-0.05051340181063235
2011-08-16,0.1121590804982392,-0.26895359825868603,-0.10056818775831614,-0.02910403475316603,0.2420933204919664,-0.07756425068752348,-0.03805477457557105
2011-08-17,0.15173586719115922,-0.2713477466688885,-0.10143965085162443,-0.018267685986476434,0.19205846567509421,-0.09596421420536749,-0.01753643635263452
2011-08-18,0.15044341981614628,-0.3135294726170671,-0.1274352464248208,-0.04098188995764296,0.1834606316705396,-0.04646049808203395,0.01085633158477678
2011-08-19,0.15611013851502797,-0.35554338249213757,-0.1332214781662106,-0.05672281125079684,0.22862773297052297,-0.06521195764584137,0.03476538439222532
2011-08-22,0.16122752166278148,-0.35390907667716515,-0.1502090876010392,-0.05372006991957859,0.2823950784012433,-0.10451457980335133,0.026291838079822827
2011-08-23,0.14567907027436616,-0.32326726093663316,-0.12692016817783475,-0.03805750090468224,0.2326062506319745,-0.09599066664002909,0.017592986559525903
2011-08-24,0.13883252247741595,-0.3265032727948653,-0.1373444734258428,-0.024670950213768778,0.20736328184706604,-0.067559386751474,0.017609286063297036
2011-08-25,0.1255378832104886,-0.3368760813855807,-0.13852917906028767,-0.04949406094971037,0.23660219420865963,-0.04940061176297822,0.014819945795725431
2011-08-26,0.12179761118922267,-0.3314305179994514,-0.1256475931811738,-0.0219689301888977,0.21849125708367195,-0.07956651402887382,0.010898888773194948
2011-08-29,0.10317229157209673,-0.32603583501673616,-0.10886014716789563,-0.016568746197161338,0.21116361619151255,-0.06517277707617553,0.004594583443045919
2011-08-30,0.10661491294335468,-0.323529543698599,-0.10775112413917434,0.00614084992300451,0.218227027965356,-0.10276417311893049,0.002932994616104967
2011-08-31,0.08872896039763323,-0.3202126633657445,-0.12663338223646597,0.012894989996496076,0.23808647098366614,-0.0899816750326694,0.0007450832434328647
2011-09-01,0.07610617849451967,-0.3292324856925639,-0.13726819916845756,-0.006760002289448452,0.24319463333909747,-0.048964661615133354,0.003938058632022234
2011-09-02,0.0688239868064067,-0.3612011005300499,-0.1613216868637738,-0.0007909801118446691,0.256986628139352,-0.05129881911821321,0.02845416092948283
2011-09-06,0.0840680016085685,-0.37153475002348973,-0.1956283483764234,-0.006987971770375551,0.2460311198580439,-0.018182419804815497,0.03244506991110491
2011-09-07,0.042507541523413656,-0.3657778786829616,-0.15769551439676735,0.029694789678255673,0.2139668257024237,-0.022262661706830722,0.0363417455255724
2011-09-08,0.011226450271815597,-0.38601807712666647,-0.17904982691662163,0.024569529214496483,0.20645537979514172,0.015205170218371478,0.06747565249333565
2011-09-09,0.02044188637783284,-0.4123302083113885,-0.20825591677609406,0.01633153717481678,0.19664198190922072,0.04775360996108763,0.08712106677546055
2011-09-12,0.046239036362755226,-0.44810365201975944,-0.2278019988809875,0.02971523733895412,0.1886861153306098,0.0391747203460433,0.10044120386644753
2011-09-13,0.022651664323674825,-0.4456732407855143,-0.21964697794156338,0.054827744561478,0.19000011553749882,0.03253677667579402,0.09182218064525072
2011-09-14,0.03969168004447235,-0.4019124024569536,-0.18468516242943867,0.07588189620303121,0.1287956140216744,0.01506223848343241,0.05432560335569256
2011-09-15,0.04004706628785787,-0.3894429061979039,-0.18979956210744303,0.07844856530282575,0.12408953387545303,-0.011726419290648216,0.07508087090628604
2011-09-16,0.020379260119515297,-0.3178055837322402,-0.18291196140468274,0.07813792185170498,0.08910496104491698,-0.021781627792362313,0.05975545128395088
2011-09-19,0.005948114982555985,-0.3062745723580519,-0.1938047857337491,0.049951028855251614,0.1404579897317477,-0.03896680132278346,0.0644970092310326
2011-09-20,-0.020460592568434494,-0.31009580459635566,-0.1947377399164743,0.073204740953382,0.11182593142119518,-0.019503750951118892,0.07913597137315637
2011-09-21,-0.04133997685967028,-0.31063659397664234,-0.24831618540656442,0.07573531894693025,0.08922513215270719,0.04022565546857049,0.10468269869455529
2011-09-22,-0.05099168904485832,-0.3235065159327357,-0.2332239485459546,0.025699560437505542,0.1011865647936073,0.05923204053493064,0.1161477163321052
2011-09-23,-0.03819089885233303,-0.246395772257632,-0.21623542410124175,0.024783778442586238,0.07572302071257883,0.00228304163014173,0.09934086023888486
2011-09-26,-0.04162017711928182,-0.22037887134390874,-0.22777234370715943,0.027927822109032316,0.10675484296529025,-0.02681070353380366,0.09435742348575263
2011-09-27,-0.026394565861472458,-0.2120580741939578,-0.19801635405481735,0.05280568015539762,0.039940275972544716,-0.016035719593619713,0.09056020289266126
2011-09-28,-0.046737679149274854,-0.20196453746657086,-0.2051079709125071,0.016676809854670183,0.0743772012656356,-0.021088746298525113,0.11642211644181698
2011-09-29,-0.04744766807324432,-0.18847918831298713,-0.21444398466385864,0.015254197248280588,0.05722556363627025,-0.0018864094029241996,0.1245041246579428
2011-09-30,-0.05984966233062017,-0.18893392915170365,-0.23786274242139313,-0.008092481256173324,0.08589811198400374,0.0397202405553522,0.11869847572414749
2011-10-03,-0.08889713166740854,-0.17428380283593403,-0.22563172043637125,0.0033318971193726614,0.07444723846080617,0.028977879527105177,0.12978938966139367
2011-10-04,-0.023093546371399834,-0.16539476538711095,-0.21973432883000912,0.03257610667801471,0.036118110655151636,0.00377438685673695,0.09798044285086444
2011-10-05,-0.06774600083616168,-0.12921549545800282,-0.19329639669407364,0.055545642655346034,0.02523998621754126,0.01919973244768075,0.07049410449034281
2011-10-06,-0.0612986899424625,-0.0938499683862753,-0.19262082825626983,0.07533838706851015,-0.006138423188548462,0.013374496023475957,0.06202662735362799
2011-10-07,-0.05537238960343029,-0.05848133070617678,-0.17549057693525044,0.06531973430275931,-0.07280665125973974,0.029446549848073572,0.08162889166179432
2011-10-10,-0.03822229388224276,-0.0721238945908945,-0.167333857216364,0.08126866323318936,-0.004148386971504277,-0.04347024034376748,0.05945082724508324
2011-10-11,-0.03522617208366068,-0.034271669614852285,-0.15245093266248835,0.08243556686935458,-0.044250160285636886,-0.04239803433091538,0.056586082241997085
2011-10-12,-0.034072150803737516,-0.05779205691332362,-0.10327333057182743,0.06387193831965111,-0.05136134083539445,-0.03475231648691196,0.05774981175387042
2011-10-13,-0.020148081514039684,-0.06861429319105561,-0.10939071188927149,0.031080077050947827,-0.055963271850302795,-0.022287911152416018,0.09444001447305075
2011-10-14,-0.015205960446466743,-0.08923487794171614,-0.08534501232682093,0.026783653156953316,-0.07438816643589986,0.0134199477018494,0.08048222555731557
2011-10-17,-0.04198087641490769,-0.1415361118909675,-0.10523040623741889,0.019346371966159556,-0.0741866577855774,0.11099858072814678,0.09323381778725759
2011-10-18,-0.05374156943659464,-0.10546297064525562,-0.06998086498370845,-0.010312483048734764,-0.0466170197174343,0.08039198054731533,0.07212835067160842
2011-10-19,-0.07192972290125274,-0.1031045424727941,-0.08418386250377435,-0.01276990993108415,-0.038199076898342225,0.12972552188386632,0.05528410905093728
2011-10-20,-0.07237846187041996,-0.13801798262221077,-0.08848214990751807,-0.030229600015073466,-0.04356986154968519,0.17488490868815076,0.07692238841272869
2011-10-21,-0.06406135653472611,-0.11293304885491712,-0.06443120507935102,-0.024254267135031163,-0.033556943030109074,0.13460430899942316,0.0436980542116093
2011-10-24,-0.1055571025197738,-0.10102445490968015,-0.07990552602679568,-0.02790649885807972,0.042956689719314683,0.09282908753565877,0.04649003932126797
2011-10-25,-0.10307833050879853,-0.11345893852965022,-0.0609568082097435,-0.038531780342963895,0.0167461461117291,0.13584458823110618,0.04155513597647317
2011-10-26,-0.09213770145998385,-0.10952987966818545,-0.06281839182553586,-0.083468724373958,0.030717546333733442,0.12960570277960265,0.06915803872185397
2011-10-27,-0.0414027839125046,-0.07470102455908179,-0.0449061012337888,-0.08455190591060686,-0.07145735270998904,0.146782271823997,0.061140640116116224
2011-10-28,-0.09362007701890052,-0.1082758667256003,-0.06467674407947538,-0.10228637268788485,0.026864015985496564,0.1677626741453046,0.05129087636757271
2011-10-31,-0.1561234444671726,-0.13196038625403905,-0.08275707392579554,-0.09638016149147129,0.019173163924290616,0.24894268555461382,0.08332635878451262
2011-11-01,-0.14100133144796545,-0.06426429860024518,-0.06669347112315148,-0.1191186249719061,0.012829709914900761,0.22328699988263528,0.05636388377948169
2011-11-02,-0.19085197394054812,-0.06870186276388707,-0.06676351672954764,-0.14526432119530042,0.001174926949985805,0.2601307641200834,0.10498944448594147
2011-11-03,-0.14675208022774125,-0.07681261122804306,-0.07302408415019473,-0.17243306182871987,0.030921157818129492,0.23548054560892498,0.09462658867859135
2011-11-04,-0.15543564998201673,-0.07814205448745043,-0.08543312302410297,-0.15006055144391472,0.031634880526502526,0.24863619091436592,0.08389563388749748
2011-11-07,-0.16825858043430042,-0.05468095513618071,-0.07696734240160763,-0.14257342662899905,0.0386821670955739,0.21749495242854636,0.08097529649705228
2011-11-08,-0.1614134526186758,-0.05698181424226184,-0.07329633646194852,-0.02553398500173744,-0.010221872178027953,0.1460645152032909,0.055371551704876815
2011-11-09,-0.13452044158875398,-0.034552979390952254,-0.06419356026598236,-0.007310439892033033,0.02974043852316566,0.048691473337621416,0.035804236215238844
2011-11-10,-0.17544141781521255,-0.010795855393387843,-0.0794045531493037,0.029217750146488947,0.035313809401309564,0.017759410428890787,0.0516027229680798
2011-11-11,-0.1797333042678262,-0.02550036726132071,-0.0980839294608459,0.04496258055157697,0.013755923988879044,0.0967023577145944,0.015162426734083634
2011-11-14,-0.2035540766040989,-0.033488392693946434,-0.08498458614751472,0.05001052679495584,0.016701497776320337,0.1052642550959319,0.021413253654693987
2011-11-15,-0.20112805897771638,-0.03675979601144613,-0.06376385212957458,0.06589567271952648,0.01808075716169147,0.07530769857731881,0.013037650223848729
2011-11-16,-0.1984398312029113,-0.051459005968133575,-0.07054646710748183,0.07755590186599579,0.024612628703052194,0.0910837102691767,0.0032439109150149276
2011-11-17,-0.2078867035440457,0.000546925510634233,-0.0814314467224103,0.08179298498526377,-0.029206377762555316,0.10142632963140635,0.029827385887007757
2011-11-18,-0.20121038980532385,0.015911827425786063,-0.08468705108559792,0.0650047293872616,-0.028809247249962613,0.11453021249814357,0.020172976680050816
2011-11-21,-0.19843541680329252,0.04941358421595243,-0.08922564559197248,0.03593556589019372,0.005447966738546289,0.08352294608867475,0.02308071981705922
2011-11-22,-0.164465845039698,0.08595492168858296,-0.07927718296665492,0.018252220487278065,-0.02948682309562123,0.056678818895109034,0.03140718743424636
2011-11-23,-0.17576837831021988,0.05969731707398257,-0.09309596802936076,0.01175416787479057,0.017921135718613864,0.08222001665045234,0.015283206636532525
2011-11-25,-0.1833617290535192,0.03261264690597293,-0.08760384926981543,-0.0054079261902935695,0.03432952326496277,0.10447162176326091,0.019430114789357376
2011-11-28,-0.19594787876589045,0.03889065851599305,-0.09084714467684515,0.017483647635348855,0.054557942375259724,0.08538027851806877,-0.00274904480342103
2011-11-29,-0.20501484933620326,0.02967567477840316,-0.10787971009858749,0.018908311825851544,0.01236006115640335,0.10882736272803416,0.050790769868798324
2011-11-30,-0.17409394209813087,0.032099152396075664,-0.11893382957616422,0.05164167319723409,0.004944086219437278,0.04810149390831181,0.05288043322029559
2011-12-01,-0.16064864483735145,0.048479055062240456,-0.1107108569921955,0.050987565906788414,0.010237532901802446,0.024259651885916445,0.03762324997253246
2011-12-02,-0.17332638682561355,0.06791810765700565,-0.09832540816494365,0.03540846879484666,0.006757253434406977,0.02840708129804656,0.03605335262312456
2011-12-05,-0.1829546727375528,0.08000625934043895,-0.1186147566861043,0.04879623599282087,-0.02437680486550434,0.059311247194132416,0.041770691413094044
2011-12-06,-0.18148565232090003,0.0825793201164009,-0.09595261104518792,0.06371069753516645,-0.0045820507407259466,0.03479865392566839,0.006323795737896598
2011-12-07,-0.18889092561268905,0.10530389365565307,-0.0948068426810442,0.06576122635225022,0.002450200285598246,0.028811146921566083,-0.009067340333632504
2011-12-08,-0.1698823787177766,0.08901860065691997,-0.10127082568942919,0.03798280454826019,0.01570387874807148,0.03535312396228371,0.010510004321490345
2011-12-09,-0.17597659419816797,0.10508170891127566,-0.08080716839378324,0.050825204084725,0.011672029864811877,0.006481655603674821,-0.0043914086633113775
2011-12-12,-0.17350056564514818,0.10037971670704054,-0.08966417936178502,0.05167162941942648,0.027911544676538048,-0.0012602663614001697,-0.0015935824691609701
2011-12-13,-0.1853541913336399,0.11471541237427817,-0.0975851438812343,0.052651943478124325,0.027303490932949124,0.007780228187817775,0.0011005163182100722
2011-12-14,-0.21409647017917283,0.1171791768860889,-0.07653744880478,0.046110567010872044,0.03700399878096775,0.035091154824483904,-0.017668837856080186
2011-12-15,-0.18729780852115835,0.1156652123261094,-0.057963176278164344,0.037507897418030595,0.011908422369782408,0.026092560971984764,-0.013901024039292902
2011-12-16,-0.19636793799515348,0.11230010250770642,-0.09884895839190903,0.019174939386683604,0.06462828597073886,0.043760040765958394,-0.02435946803796263
2011-12-19,-0.19252627812153622,0.14683052924352635,-0.08031012863066711,0.026562609630030657,-0.0005487665794138633,0.04973896655321741,-0.010380981839481385
2011-12-20,-0.19223633891264894,0.1431910431675881,-0.1276381693478874,0.055516954097045275,0.057597031488629845,-0.009104381343070483,-0.00942132769850854
2011-12-21,-0.19157248821078288,0.15227831094241234,-0.09412525810793819,0.06602748508865078,0.03565305410257448,-0.03979534356480642,-0.0068041325477115975
2011-12-22,-0.1920346972987239,0.14633035385686066,-0.08214136329367439,0.06444167311679726,0.039399516989210494,-0.008836937421374813,-0.0449680748038907
2011-12-23,-0.1962675572643655,0.12255120519776302,-0.05457689616422683,0.09270011369871262,0.040883130772542346,-0.046218528093470684,-0.04116736430951105
2011-12-27,-0.2341976563810221,0.11429770790993343,-0.06457170763326088,0.10314511335602145,0.0358985603822592,-0.005556694990560121,-0.0352234895228483
2011-12-28,-0.22007463320994813,0.09673569880443308,-0.07568365733383897,0.08439453630890786,0.034077453968953286,0.01704109615889176,-0.018910470322710256
2011-12-29,-0.22925351821793127,0.1113480886053924,-0.07068793396998502,0.09488342020203004,0.033225194747102504,-0.004453745705401038,-0.024235082965242048
2011-12-30,-0.1789422924014944,0.10963343442683374,-0.06429841041774047,0.07996004438237649,0.042138208180482695,-0.09475652098205418,0.017574203500796484
2012-01-03,-0.13739334201701528,0.07273320441858869,-0.06703618098247463,0.07210211151887648,0.028370989478046886,-0.035608486106950776,-0.03676015865702799
2012-01-04,-0.11345450413068321,0.08706407230092073,-0.003196307195558995,0.03814139334360886,-0.018514640718519413,-0.03690988236422901,-0.07004091758008975
2012-01-05,-0.11239929302540569,0.06192175631293634,-0.010281897776345278,0.029240198184638272,-0.011468058568532148,-0.020598519795827885,-0.05898569914963339
2012-01-06,-0.1305869246492639,0.04848531240679316,0.0029920066781621013,0.051584498869950854,-0.04023749463049393,0.011386463967318378,-0.07488477190796645
2012-01-09,-0.16638052437263173,0.0570749650371718,-0.013837838985781697,0.04813553900280085,-0.019858623196149866,0.01186629160956626,-0.057842087786405094
2012-01-10,-0.14405910582730816,0.0685732426992981,-0.0032250885568297916,0.041603125022941875,-0.04887540938885004,-0.0169281383374284,-0.034745437146803754
2012-01-11,-0.14913159484065788,0.10619661783095036,0.016405687357046866,0.04068945025119117,-0.037353047881231165,-0.0537908401338594,-0.05414554317791884
2012-01-12,-0.1314361157327512,0.06771895736754707,-0.006675878967434129,0.06262900859477528,-0.04944182363527626,-0.04279765489227183,-0.03447311495353993
2012-01-13,-0.1524108472285924,0.09842178032961707,-0.013132859455352835,0.057424131045858265,-0.044156297681454904,-0.051187876810800365,-0.022698219820534285
2012-01-17,-0.14363779738632448,0.09102390455630521,-0.01660660712992512,0.05416833187741506,-0.0348899863708201,-0.05224489042367059,-0.026425787325130942
2012-01-18,-0.12747945746333292,0.08385855828711891,-0.029974962963343982,0.07776791777236743,-0.055429688966944064,-0.038185015496532554,-0.046839372382577765
2012-01-19,-0.11559441535793646,0.08374827519156536,-0.0013868044253931289,0.0845239238714568,-0.053711490671253935,-0.088333627402986,-0.05346477544117911
2012-01-20,-0.13492540797585584,0.1344774311993958,-0.017526643363199673,0.0959411705249393,-0.04852706855096681,-0.12126826859205159,-0.055558331726835636
2012-01-23,-0.1499791685058834,0.08368285856146929,-0.03610094681019804,0.14090826236178322,-0.034865191587739076,-0.09478981303227418,-0.06944923823027008
2012-01-24,-0.14193703011433334,0.10763057223914607,-0.04265005720355153,0.12041872711885086,-0.044983224338324086,-0.09365123306924344,-0.06090465552585403
2012-01-25,-0.1426502167176424,0.10609665321725137,-0.04138927775512774,0.1200389315314327,-0.042259445313326705,-0.1052276005639392,-0.05389420485903229
2012-01-26,-0.12111186405600638,0.08221054670102024,-0.034381528622423,0.11895987736148471,-0.040663173121478866,-0.11209541446687582,-0.05295728885369805
2012-01-27,-0.1550296349405679,0.09663899813186455,-0.05271543577480886,0.10853808794704163,-0.036674659305982966,-0.08782406481756838,-0.029547608739307424
2012-01-30,-0.11331705561698008,0.13220335630603575,-0.06510502900360801,0.01707229085262557,-0.031605501593978,-0.06131295369311268,-0.010324880088760965
2012-01-31,-0.08247011828720524,0.12062610349685121,-0.0026003191281956106,-0.011427529568885333,-0.037485660011968375,-0.06734342314751438,-0.044178284123306336
2012-02-01,-0.07059991717211328,0.12737992488716537,-0.00018686432103762196,-0.022591398438951887,-0.03573606810585506,-0.060535422295100894,-0.05732435971352344
2012-02-02,-0.09591358408721828,0.12150859673356779,0.020868655452399437,-0.0031384796357122463,-0.04101783114854909,-0.06499487796443376,-0.05967259393420879
2012-02-03,-0.06692641996603638,0.15292466761774148,0.07793271365184645,-0.08966970901853641,-0.04151726299445413,-0.08392766573146543,-0.051424503941458824
2012-02-06,-0.04908970595158768,0.13104884734284403,0.07951132970759545,-0.07495789308745683,-0.0744859369598887,-0.0653728950353141,-0.04434753092526898
2012-02-07,-0.05236976348865782,0.11160995613432578,0.0901477504718969,-0.06005509024313434,-0.07770297464635391,-0.06762653121823864,-0.03329574105726399
2012-02-08,-0.10940832328718436,0.05532367155862267,0.057286346597644755,0.04341099338467697,-0.0444984217637342,-0.07986747692412721,-0.043309591277736995
2012-02-09,-0.0977802880446275,0.06464248442138484,0.07969713703193047,0.01489558570793633,-0.048562020779846615,-0.08836770654220266,-0.03694287432382613
2012-02-10,-0.08993448238904117,0.030699144211804613,0.0916908705584958,0.00037124493726010954,-0.0387138052027889,-0.06702535130748163,-0.037212422691639546
2012-02-13,-0.08803152651750426,0.07686368495068027,0.09812634996866308,-0.019206184394282448,-0.031020986896131045,-0.10238026752232049,-0.0406690314722596
2012-02-14,-0.0890000997059059,0.05756972504020763,0.1240055966105569,-0.04251157501233665,-0.03205565575610191,-0.08402904518760501,-0.03266012327526255
2012-02-15,-0.03751334557781506,0.06215630130196259,0.11018688044503278,-0.06856955028422229,-0.0407914925493581,-0.07710189223189909,-0.03828328062445726
2012-02-16,-0.03787426584176849,0.08299604313381925,0.11797443420388265,-0.06355306812357911,-0.037517721086193105,-0.11174637307851121,-0.0428348837671645
2012-02-17,-0.005557437759617867,0.08844426725639584,0.11108631642312261,-0.0460649011374311,-0.044504094578622325,-0.1419775357229199,-0.06092704201813243
2012-02-21,0.028092107579122658,0.08460033658100688,0.10879957054527443,-0.03911827139568013,-0.04429724846864998,-0.17269564033631074,-0.06916582089914743
2012-02-22,0.005236834970949747,0.0837179668949719,0.10101284084384299,-0.03337461855535886,-0.048537471792512624,-0.14187464321428053,-0.0693089532797409
2012-02-23,-0.0063204062157688895,0.06944461215349679,0.10069323711677713,-0.03081445037658214,-0.05598503079710291,-0.10882847261109357,-0.07158396937444088
2012-02-24,-0.04452742089792289,0.05815687973390024,0.11264430340930462,-0.03475862843793012,-0.05841969227674333,-0.08441539372441215,-0.04434506958638537
2012-02-27,-0.05049254451509558,0.06398443409141485,0.15874684427922234,-0.07976586384460875,-0.03500566834089203,-0.11575153990921593,-0.02417487148776095
2012-02-28,-0.00047313698530672757,0.059480194441382694,0.14542533624580786,-0.10323029986526343,-0.04318470812772356,-0.10657631349456734,-0.03163061918958732
2012-02-29,0.019378794579411995,0.06672417442590052,0.1943365715023754,-0.24901590832465587,-0.008331469773433676,-0.06731319143951464,-0.017041399517882486
2012-03-01,0.022055007976992523,0.027412155558230705,0.17792685468799563,-0.1397404537600718,-0.017852934012659232,-0.12083958573153344,-0.041081906488850475
2012-03-02,0.02510869243353924,0.03272057569908479,0.164975992147089,-0.16224568256801702,-0.025780818129484146,-0.09549970726420598,-0.026329206346971834
2012-03-05,0.01929143269678973,0.038730939092719824,0.1807713890181621,-0.2141518234042093,-0.015835634027934687,-0.0651812049586857,-0.01850555717026366
2012-03-06,0.05846573230556652,0.06406196848289251,0.19599149182388292,-0.1997149974052571,-0.015922394218460242,-0.14673876353325055,-0.020320364154221997
2012-03-07,0.05792263401334287,0.053370885420101724,0.17422472205420636,-0.18655217583715564,-0.0317496599989771,-0.13494837246288977,-0.005460018103896742
2012-03-08,0.01612912017948009,0.02997012561491795,0.15672037737127675,-0.1506333916290572,-0.0011356365829761628,-0.1332990398003533,-0.006191675525886998
2012-03-09,0.03068537087367741,0.0522586992958933,0.17524586951921028,-0.18800566752969533,-0.002075111054760971,-0.1356159331106826,-0.005932568321732766
2012-03-12,0.05436755260538219,0.05960336199568582,0.19455860140603048,-0.2154114796799538,0.01648255738468899,-0.13802669400616494,-0.03128142443424974
2012-03-13,0.07622905115595409,0.06251411980674473,0.20626909168533147,-0.20551818273561642,0.0036451292314213374,-0.1621813896452313,-0.045890069699399835
2012-03-14,0.07084745436986276,0.09763841377923092,0.21930891617300907,-0.19445385128711068,0.011549244279445973,-0.23249241387490555,-0.03862929023499438
2012-03-15,0.05832189352681948,0.10744827253350284,0.20906433253729317,-0.15297592947563776,-0.0029045717448582045,-0.2332857130998894,-0.06087710311116032
2012-03-16,0.07866602921332981,0.12143419271216828,0.20474214194639315,-0.16150256131219448,-0.007868891854933675,-0.23560404074315294,-0.07268874925247246
2012-03-19,0.0676613429756549,0.16775437206632238,0.2006542227043792,-0.16786714167621475,0.006683779186426618,-0.24745763925700204,-0.09508846643845612
2012-03-20,0.049578397245526915,0.15147109967483485,0.2241213703812001,-0.15223609610395972,0.012475994367097495,-0.2473650778273585,-0.10246790967346792
2012-03-21,0.05455700116422346,0.16104585131283097,0.19959187410447693,-0.07244722625862327,-0.005365864528127054,-0.2850900177046858,-0.13164003169627
2012-03-22,0.08528174901679009,0.19278998410217646,0.2555519106571898,-0.1083816166816518,-0.029596605448735533,-0.3007909632557436,-0.15065828383611501
2012-03-23,0.08370742516849758,0.21540565460930894,0.24749961502887427,-0.09215484103839769,-0.022000986344642266,-0.31859749674452364,-0.17338319057552426
2012-03-26,0.09761264140306683,0.1824111622828183,0.2839360640608159,-0.10423563264453464,0.0018742030733040066,-0.34928702747310614,-0.16355881894493682
2012-03-27,0.09571885895976556,0.16387353083872577,0.3078480208151351,-0.11726405772933558,-0.00133212653784065,-0.3449675571203493,-0.1558703580227523
2012-03-28,0.06233401786346229,0.18347932633888558,0.27921125624358656,-0.12224317159156499,0.0151542709321911,-0.33246852241144365,-0.14346048524794852
2012-03-29,0.05515568929962428,0.13100044006639863,0.250426133317302,-0.07408416046840868,0.006945051296405255,-0.28067484615071375,-0.16045359796242223
2012-03-30,0.07434815806965761,0.12727413542810928,0.247842495929432,-0.08017196713617479,0.007231567050687657,-0.3085918717232811,-0.14122460456752192
2012-04-02,0.08235742598926019,0.14766968441528244,0.3136387276250039,-0.23723292164462986,-0.004147093490625087,-0.24780853717781054,-0.10794059722840478
2012-04-03,0.11491602289628222,0.15725528470020345,0.3105281770811691,-0.26228709201547745,-0.014129925900245671,-0.21723986131247594,-0.13068314958168767
2012-04-04,0.12996938723510176,0.14350753744381015,0.32616538189557853,-0.24057556379449305,-0.03837113331772565,-0.20807394474790503,-0.14155804365480154
2012-04-05,0.11912298602478882,0.119487158281124,0.2976267217445296,-0.26147640603420474,0.011270147573696196,-0.20341162996360754,-0.12165771903826823
2012-04-09,0.11390341201956022,0.09939758391041004,0.30032246966794657,-0.24724586641161406,0.07116494678071114,-0.23552260717141238,-0.1525305409144645
2012-04-10,0.14085847928331846,0.10772099784775307,0.2613087914679428,-0.25524829018890294,0.04812442859948349,-0.23539542538658698,-0.11336331469780549
2012-04-11,0.12367423203189404,0.1400203253305455,0.27061642411445463,-0.3181334601893286,0.06827499317734588,-0.21035119488885157,-0.1274674711112206
2012-04-12,0.1418742190234374,0.07157540103240803,0.25872505837107324,-0.24392733737365344,0.04765769872076035,-0.21736054619041914,-0.1319460013559124
2012-04-13,0.13263858616424712,0.07412830895363515,0.28166177902540585,-0.2640562862662874,0.0589499348544498,-0.20435080846289594,-0.14109932144341525
2012-04-16,0.1675063358599358,0.09339082894976755,0.2933183492060028,-0.3606283938066659,0.06455000822310997,-0.15821563332599126,-0.14292688351453628
2012-04-17,0.1944512802429782,0.06926506158106999,0.32748363600662733,-0.3034025617961987,0.035132749427458365,-0.2831672561850839,-0.08284678535697446
2012-04-18,0.3285562495065152,0.19878176114952661,0.40951536221668966,-0.6525495406840417,-0.09545400370591117,-0.1957609070351523,-0.024205613900629364
2012-04-19,0.30492400742306447,0.23348758207112513,0.3109141613430638,-0.5498900605264339,-0.07520352908615724,-0.2284378640222871,-0.057748809063479845
2012-04-20,0.3222862783209277,0.20811025512442322,0.2569145144537627,-0.5224686634307596,-0.02550900644002757,-0.248896009546339,-0.06635285793176882
2012-04-23,0.33343534783585893,0.2293475293936153,0.23488931609115132,-0.5290940414748445,-0.04380863348666214,-0.24013456934084687,-0.0540339425426945
2012-04-24,0.37392238976004255,0.2099648829347081,0.2781999729301316,-0.5535351786686512,-0.02931805421563971,-0.3012044663542635,-0.06323059676782078
2012-04-25,0.36642640089971,0.199087946681076,0.25860099718376,-0.5649774600929367,0.010820242166880323,-0.28390990737993543,-0.07932615423595862
2012-04-26,0.3430591773708874,0.21221021648905553,0.24734132439050566,-0.47494988850927444,0.024752328284937175,-0.3724546326210617,-0.08888488400202332
2012-04-27,0.30987470626658586,0.1623442130572822,0.21079614500880195,-0.4565597139108397,0.07168095149596077,-0.31507653872447416,-0.1034347910831902
2012-04-30,0.22716734041552789,0.11044194919119737,0.16703274954160813,-0.45885396587146554,0.14287143214871595,-0.2057979168575269,-0.13010502168250115
2012-05-01,0.26356915002823555,0.1174558709242759,0.18404630493859292,-0.4501097080806685,0.07062286781076549,-0.20191444320437657,-0.1234456230847985
2012-05-02,0.2778000355598168,0.15533990528163055,0.18448604016624354,-0.39811982630049186,0.08761390084727977,-0.3043150706585256,-0.1470348169686762
2012-05-03,0.2670953833927666,0.14425089975081007,0.15554580092336018,-0.37066726191405586,0.13221597275046576,-0.35132900158100033,-0.12536379376702772
2012-05-04,0.233420448439718,0.13662855414055902,0.10608235079261458,-0.28359704115216905,0.11129411112307636,-0.30120440448351726,-0.1566396832900136
2012-05-07,0.16763262006513124,0.11028025333750463,0.06709663920620418,-0.35128703638894676,0.07871756306933045,-0.0944839547214667,-0.14429719039057115
2012-05-08,0.20381486276261546,0.11802808967140827,0.04220802058367157,-0.41248491091547357,0.04169306700645212,-0.004716311575498178,-0.1712248569637408
2012-05-09,0.18547210332377978,0.13628495795899775,0.05133025271566111,-0.33016797612336946,0.10242338344902166,-0.11203886688147957,-0.2316773039173987
2012-05-10,0.16862205899598826,0.10230170842482567,0.06966254687927603,-0.27391895848175446,0.11050285065778273,-0.17185293622732556,-0.20673330764295827
2012-05-11,0.12806429105954353,0.11894392842924179,0.10174948999643246,-0.2873593653641974,0.08617035131201561,-0.12663626203507683,-0.21438159709146049
2012-05-14,0.15727831353479826,0.11751793835389163,0.07136269618288144,-0.30096690139327914,0.09928180101282616,-0.09333418957411738,-0.22151367646968634
2012-05-15,0.20437879727158792,0.11468406245186213,0.09298157657119344,-0.2807996908781257,0.08849977509255724,-0.13126042356580703,-0.25519105770823897
2012-05-16,0.20797980059081778,0.11238554917910987,0.10341148001481759,-0.3043475559902168,0.05584324106325195,-0.048581694110272244,-0.26806285275855757
2012-05-17,0.2048420243676644,0.13998701749154296,0.08976777428256133,-0.27012823226912336,0.01973156782946217,-0.04210549355125348,-0.2670599428055309
2012-05-18,0.19898063860015813,0.14751028184250264,0.05624155272059983,-0.31624689252655974,0.04617905028207836,0.015736234008687178,-0.2725156849172491
2012-05-21,0.22930647220234046,0.1565210152140053,0.052834988630073076,-0.2842906001361323,0.05839094919232185,-0.10776614806118434,-0.2438345879409175
2012-05-22,0.20210100295230793,0.12899935358154102,0.04661378182574749,-0.3136771233124361,0.11284942172879858,-0.11599484599852572,-0.21493702462992825
2012-05-23,0.2094271194770776,0.10803171481577772,0.025356534994297852,-0.32287949924539067,0.08729983114733852,0.01007015203647288,-0.2635802172705033
2012-05-24,0.19022725435631893,0.08627879578538811,0.03871605861436367,-0.24893736510494335,0.038001345840202705,0.04426693831664408,-0.29620380767019966
2012-05-25,0.18100673348921337,0.04879626620626948,0.02244873996255653,-0.18812356704619454,0.06366593186388042,0.031217391650999904,-0.3119869329729977
2012-05-29,0.15819876546645184,0.05022583393144209,0.03772855229716915,-0.13272378670001644,-0.03084886652325952,0.05581104707301088,-0.2811081709574627
2012-05-30,0.1469278352275769,0.06189470861408963,0.04494289142599012,-0.21554703817986587,-0.004832221954479021,0.07508780124322179,-0.2444692054515778
2012-05-31,0.16164935756937648,0.06560049454972872,0.056070699816406555,-0.1861667619024423,-0.0739047439750814,0.04766826329931173,-0.1912550572500087
2012-06-01,0.16847189429285192,0.04737486449025541,0.024545372456781123,-0.17599857068782676,-0.039657838199925965,0.05281965307370018,-0.1934011185425898
2012-06-04,0.21673178123080472,0.10239696261844289,0.01563213066289426,-0.15845751909670192,-0.07655119442157704,-0.01857073044335955,-0.19300753539276405
2012-06-05,0.17818602147817364,0.11822107240184121,-0.019439484791969996,-0.20571665704884412,-0.036044922206052044,0.024034494679004426,-0.17779336919252087
2012-06-06,0.18305726555616753,0.12948123730408168,0.014639626596776645,-0.19012122123024922,-0.07999202994346766,0.040148543003744264,-0.2157551913963982
2012-06-07,0.16993074672302255,0.09507362348551562,-0.013136700480706365,-0.16238833354922277,-0.06760920804794851,0.056726834039400376,-0.18379674701144022
2012-06-08,0.15936737298085624,0.07534216084944712,-0.02604698164072128,-0.15421063760075904,-0.05044234985330276,0.09276188389693918,-0.19538411659383859
2012-06-11,0.18769682575234192,0.06403121120900979,-0.07652186465842958,-0.15931993619648388,-0.05946405805518806,0.1406726358617807,-0.1666777801746323
2012-06-12,0.22563489455849572,0.09918216753642006,-0.0037800047477988263,-0.21760449075526023,-0.1626532787749887,0.12456783018756934,-0.13037168765113882
2012-06-13,0.22293740127051465,0.09939296567203937,0.00467384635903878,-0.19919446055764511,-0.20282166651133465,0.15233149785052924,-0.13463172239563292
2012-06-14,0.23385192137155564,0.061685660744568827,-0.02278639555219819,-0.20239851874341241,-0.19153048246368803,0.22274093443994225,-0.16537472762965444
2012-06-15,0.24557781086581332,0.05322299362378391,-0.09266737310140827,-0.14080112609553008,-0.1841185640566878,0.20121004390980224,-0.15420139998884264
2012-06-18,0.20178674839361,0.08501624449098266,-0.035666697510088996,-0.09787070711029755,-0.2423327248992715,0.1415054089077592,-0.12518091203554937
2012-06-19,0.2015867883236867,0.08764930576854824,-0.019305032121266552,-0.10428046898899124,-0.18154532450274108,0.0498453738115654,-0.13396507275504155
2012-06-20,0.201188313362322,0.10147971131121303,-0.029722902716720845,-0.07627016553689459,-0.2146002141060318,0.028564396260308378,-0.09948245811258816
2012-06-21,0.16927261532410365,0.06500187279817371,-0.01694917066302848,-0.08822062953232979,-0.16853108472943495,0.0619132733787634,-0.10647445055013627
2012-06-22,0.17045624541751614,0.08429134326241583,0.010688798388741816,-0.10906940874070137,-0.1591453683012068,0.04925324351199856,-0.1507806522720897
2012-06-25,0.20261894299106675,0.09353284279273544,-0.024506457547498472,-0.08661090289779083,-0.19126866333001968,0.056625508729258645,-0.13619708209867165
2012-06-26,0.1888398130447797,0.07890199609467696,-0.0218824547791181,-0.06153829840475744,-0.1808348729482993,0.05575402498690085,-0.1439506887970352
2012-06-27,0.160184057660948,0.08267444914374555,-0.0514688191714312,-0.0407666885941641,-0.1566508020672095,0.05986776584580944,-0.13670331756182508
2012-06-28,0.16266837273631363,0.0894951797212461,-0.05905303713732235,-0.046003304809954515,-0.15395236804484724,0.038385116139919684,-0.11916790135389721
2012-06-29,0.164251701668363,0.09895088515747852,-0.044187689118268425,-0.024795359650712445,-0.1310179060700815,-0.01252024228232329,-0.1551570864538041
2012-07-02,0.14315621407361212,0.08798675610810264,-0.0024591986057189708,-0.031214176742832667,-0.11194938812052369,-0.013186282412834038,-0.1879405763631785
2012-07-03,0.12495749825174851,0.10661257200375279,0.023899546695964946,-0.013305037983722956,-0.16146980932207705,-0.013666062140435975,-0.18644061953555835
2012-07-05,0.06839143124613101,0.02687304353512643,-0.0512615127456183,0.002489581586282208,-0.14659245315871433,0.14639309381584376,-0.14874699814505765
2012-07-06,0.05442721187428223,-0.00728265659997529,-0.06351168953755981,0.026755328685095225,-0.1266230827047669,0.15032087491304968,-0.12983977058063856
2012-07-09,0.056953666677270864,-0.015378054817993925,-0.09889406200243722,0.03015774946415506,-0.1410675872887709,0.19439537994549994,-0.10483029213002903
2012-07-10,0.05740684295659659,-0.005502784661154059,-0.053575783473914784,0.01903553607825692,-0.15514445815520755,0.1968105042139473,-0.13780488593786244
2012-07-11,0.06880814258939294,0.02619570898954715,-0.022913210682805385,0.011274796888808059,-0.19254352075697156,0.12980932733483175,-0.11008556895667254
2012-07-12,0.07309284011988992,-3.447535207823371e-05,-0.03735261155279235,0.0015476410183113964,-0.15946734025277765,0.162893745111386,-0.1260785647031033
2012-07-13,0.09863833875503691,0.004218395957006571,-0.01880458591436729,0.006861519758942114,-0.19156033479868118,0.15207770318761482,-0.13767310280529277
2012-07-16,0.08287198301084253,-0.009582615051470122,-0.05005728647836638,0.02455262613023601,-0.19296161379362486,0.16655792467502362,-0.10064560295660363
2012-07-17,0.06070805119809464,-0.009153800749485297,-0.07099862615813324,-0.01135320540906215,-0.2173418449478327,0.3072613948943609,-0.14429759100895467
2012-07-18,0.09425063388851629,-0.009996365809092023,-0.06252906519252921,0.01716504896823634,-0.22668467951345317,0.18894410971012443,-0.10444455913577555
2012-07-19,0.0657597484046758,0.0032624113217738504,-0.03902129351159678,0.023686217930483533,-0.2024736414876835,0.11428875771861247,-0.07162432425095377
2012-07-20,0.045591373089344356,-0.05421532196448403,-0.074455848037289,-0.01938284868878426,-0.16815357598493985,0.25484966530418385,-0.08835268117987882
2012-07-23,0.04492669912620051,-0.055442793565021575,-0.07617966860156011,-0.008060325298895554,-0.15290092547428452,0.2685128102156269,-0.11986260816352512
2012-07-24,0.03652921997019176,-0.06870721434840743,-0.08000831973355149,-0.027267877797231832,-0.12699029879322887,0.2772786750767017,-0.10627079805686857
2012-07-25,0.016985993856004078,-0.07414450645486986,-0.0789863908774402,-0.016506869014007775,-0.14179964284886104,0.2614230754561626,-0.06172443561045371
2012-07-26,0.059058866095118345,-0.05711860332265345,-0.04065643430671306,-0.026013055692795883,-0.19097421819834265,0.24039388568383901,-0.08718840807538875
2012-07-27,0.058817116453018015,-0.049191170923687855,-0.013727085886197476,-0.050033454146309664,-0.1513418416719407,0.21484104808607585,-0.1253888978928751
2012-07-30,0.06686827937011519,-0.04332704724028086,-0.041511415678072705,-0.0567947663988243,-0.1323576059463356,0.2224837695744476,-0.1278906679292151
2012-07-31,0.07905036821294209,-0.010543216910096964,-0.041715539865296025,-0.0956279362218797,-0.12595541073789723,0.22239071718839698,-0.1371568047992482
2012-08-01,0.06812839546627414,-0.02456864884421156,-0.05353482625750394,-0.06042186884454581,-0.11707340825452178,0.20155469708228968,-0.11598279118592647
2012-08-02,0.10431318408286527,-0.04739716346849682,-0.0537510062040677,-0.0746873917260612,-0.05396922489463429,0.12424961216142516,-0.10997513500167622
2012-08-03,0.08844148967441534,-0.05013515561125259,-0.028155916618071264,-0.09059547689367731,-0.03418080498840581,0.0941922177130089,-0.10127249260824844
2012-08-06,0.08950872092156559,-0.0040727449171891195,-0.02966098363119718,-0.07365705479532292,-0.03907095249705195,0.04468456407113086,-0.11770714689918771
2012-08-07,0.12394465365837859,0.02019653854930409,-0.008138652378440192,-0.07370852511127357,-0.07334692590459535,0.0010488789594028658,-0.12829781666535411
2012-08-08,0.11229070457305446,0.04284725903547726,-0.00574897255195056,-0.12386914387160741,-0.051724598822730616,0.012569601338663805,-0.13883360481427076
2012-08-09,0.11262624824616696,0.07530725761535112,0.01714218969651593,-0.13261133605059483,-0.053202223591792275,-0.01934114172446455,-0.16334575628601
2012-08-10,0.09410492907897605,0.08883626239466247,0.02240557732966264,-0.1398348689146498,-0.030955889537155112,-0.037375719535096996,-0.16789591443870944
2012-08-13,0.09554645018779018,0.06624251079473342,0.025915092227893843,-0.12045333618575615,-0.052331718969897634,-0.03403548872141826,-0.14517837893840269
2012-08-14,0.07664950754349553,0.059142467108182994,0.022202558960620178,-0.037502300565494195,-0.16256971297750472,-0.001045894970019834,-0.09580847146245963
2012-08-15,0.04683931870921326,0.05904612832940698,0.004211647954251663,-0.06476885470904925,-0.06314978788630671,-0.01631930822156913,-0.11768242194520284
2012-08-16,0.10846068706984346,0.05961676481860084,0.04241935470524594,-0.06911487419967255,-0.11330788022518129,-0.06789947813760167,-0.12111382519453673
2012-08-17,0.09359553617548894,0.05126815031010945,0.03418218195375661,-0.07792370339021204,-0.06471143654651951,-0.07607035481523916,-0.1249250824455157
2012-08-20,0.08361516848839168,0.03744943593737493,0.02511926062512254,-0.041439252388387415,-0.07853550066270387,-0.03582091609014382,-0.13613373867348877
2012-08-21,0.09996732363082822,0.023362782301225238,0.011997930392020684,-0.0460682099480193,-0.04147533544753906,-0.060631764740768035,-0.14024374152495733
2012-08-22,0.09775688652741477,0.0064827785156298945,0.00858579484147326,-0.018711890290678768,-0.06984227691525674,-0.026507558940936926,-0.133111134164122
2012-08-23,0.09422888591064305,0.028643346392221714,-0.017109571267721224,-0.01847450531014405,-0.04198356538605669,-0.057316632963536396,-0.1283114408166951
2012-08-24,0.07388001818305429,-0.010662021928184884,-0.0426075685378815,-0.009244769075218873,-0.06105065509138846,0.06480724260921322,-0.15691387949037794
2012-08-27,0.06483031877177675,-0.04643410009190352,-0.04719820167035943,0.008862317964432265,-0.06065931560450866,0.09683161196714918,-0.16078959681300187
2012-08-28,0.04737514781822172,-0.04526155365564405,-0.03844305745628668,-0.00797027542650941,-0.04848096671329799,0.10133749946714843,-0.15704167839623584
2012-08-29,0.05233252282001927,-0.036199955774276316,-0.03918498866246284,0.008273171397079615,-0.052435979686679846,0.06812708467903805,-0.14396560137247583
2012-08-30,0.06265873690606227,-0.03151241868940746,-0.02952204833100125,0.015796731694618704,-0.07960593142351119,0.062220771082343695,-0.13482253796933807
2012-08-31,0.0620294127460122,-0.02652345844666637,-0.030239586947621855,0.020668361674316515,-0.08027992325954497,0.07390801416212411,-0.14924641621780677
2012-09-04,0.06342194758188507,-0.021457953302509547,-0.013194304581573224,0.004489051347334683,-0.10853729406169377,0.061203194891670254,-0.10365480856925768
2012-09-05,0.05365973208710256,-0.01355683624305476,-0.036030109882553285,0.03334074238848583,-0.12176069423897878,0.07309568241170694,-0.09656715699605878
2012-09-06,0.07994010253166145,0.01051678754549712,0.016398522466450793,0.024194142950721198,-0.14912759894127847,0.017049601382097435,-0.1340159438709312
2012-09-07,0.07240526597195823,0.03035563580613032,-0.00916842956830366,0.06756842641754879,-0.14976625663771354,0.028208139755725226,-0.1689077633730498
2012-09-10,0.07773368056774393,0.045174770670839304,-0.0031742567554055023,0.05417888999952891,-0.14850998102614515,0.016338399258999603,-0.1738159844920959
2012-09-11,0.09605624648313527,0.06473125672193353,-0.019689027462722775,0.05557010959622177,-0.1404962430725123,0.00024051456507023783,-0.19671253471787153
2012-09-12,0.1148421678154467,0.04804499545678059,0.043025535302888385,0.04695885934470656,-0.2021838077109639,0.0031676384365803,-0.19928330144336714
2012-09-13,0.18803145625527212,0.07897140261277169,0.08110241081602226,0.019941925555994167,-0.21664635700362822,-0.09901582457657077,-0.2321132963301371
2012-09-14,0.1932704446070483,0.09316911295562957,0.08392715464280642,-0.04247871941404513,-0.17941109678184497,-0.1148464937087641,-0.23125296393409012
2012-09-17,0.1717775941986493,0.08195449206207078,0.07307823234277877,-0.08031725354681207,-0.1515015527151044,-0.05784209120620509,-0.22393703851211932
2012-09-18,0.18901989606084896,0.09393528941269075,0.06908812757025584,-0.05777405938492253,-0.13895382004302054,-0.09973650408289814,-0.2537759131998283
2012-09-19,0.18251766972325034,0.1321677133981607,0.0779152831116427,-0.07505699655333964,-0.13789627695363982,-0.1146356778422909,-0.2734468087758638
2012-09-20,0.1805399827970291,0.12273029946825331,0.0821481755611122,-0.038012421442128796,-0.1259008342069235,-0.13323604725795735,-0.3034408674158815
2012-09-21,0.18895917454961214,0.13133723912254058,0.13571310278468918,-0.015754443496894255,-0.1822352847401013,-0.17537537422515015,-0.31166857550867355
2012-09-24,0.24945966682680465,0.16571309044130683,0.2023796999312784,-0.08900153221708385,-0.20416623515809806,-0.23078587776189885,-0.3639966140985915
2012-09-25,0.20106822623651954,0.10352555969509725,0.12026618228441682,-0.014202345738701161,-0.16540711213983006,-0.16184768959392604,-0.3263216992213791
2012-09-26,0.1723605301635014,0.0870976160024684,0.10341637063458692,-0.006583185909603828,-0.15717476804132335,-0.1253882508099462,-0.28920692892715316
2012-09-27,0.1923900207069491,0.0712967969000225,0.10271577703760215,-0.023209480286359274,-0.16328711640936666,-0.11299073030806539,-0.28736384133136705
2012-09-28,0.19145995777392932,0.0728660222144446,0.09244103341353843,0.012598176992306698,-0.21033008455619623,-0.09578072707049679,-0.2618455533195293
2012-10-01,0.17141154741203268,0.06449966471489721,0.09299857719356286,0.00354434495282685,-0.23799256918045048,-0.017548657302222437,-0.2697398764589275
2012-10-02,0.16915394371932208,0.07623910283865026,0.14346835190516455,0.007552863836329138,-0.2048174612921253,-0.11817091734943475,-0.2807093913039683
2012-10-03,0.1683497874210489,0.07764580620010303,0.13832235974515195,-0.0014041601069155751,-0.19203550395770097,-0.14562985108897275,-0.24547786428326168
2012-10-04,0.21160925311237827,0.09109645037228781,0.1407819117073585,-0.02242788197323231,-0.22991120514027735,-0.14070254315266173,-0.26316127096359154
2012-10-05,0.1903089914772113,0.0857203663690817,0.14249700443115615,-0.07371580419869372,-0.24298818433664876,-0.07923669012598722,-0.24769681835423418
2012-10-08,0.1815832536214353,0.0414523456704447,0.11981487455119161,-0.06692119616736547,-0.2492612694331262,0.019452987430044977,-0.25764781476310994
2012-10-09,0.1601388894788457,0.0459021047624526,0.09674730354093919,-0.050981383951590686,-0.20744394027944008,0.015087830453885287,-0.26284125317584384
2012-10-10,0.1468859576611119,0.03765618356691364,0.08530243800770515,-0.01291052440325613,-0.1721886456944861,-0.028883668276995844,-0.2417328064416595
2012-10-11,0.17117161471575676,0.033837973067073146,0.06738361779084318,-3.533702791991278e-05,-0.1863736044591417,-0.048940184870378545,-0.2280250446231692
2012-10-12,0.17992493635663814,0.05349197487229268,0.07481406795328188,-0.00853004133478108,-0.18404800757034906,-0.08417128233841209,-0.22245844019587369
2012-10-15,0.18886524830413215,0.09283092891636557,0.0810099656056994,-1.827091135730985e-05,-0.25077733220492515,-0.09256655162503358,-0.20800740465189582
2012-10-16,0.20533515838508665,0.09401512272387147,0.1256997273201162,-0.03180998350393771,-0.2604761269463927,-0.11902599852362972,-0.2189353546296583
2012-10-17,0.19539168699338172,0.10789381916133034,0.11761033050205022,-0.008378892737960997,-0.24592520204411228,-0.14058691695802183,-0.23921442123841175
2012-10-18,0.16791083347190477,0.11300383564933669,0.11110563707162929,-0.014735765215687313,-0.1855818837741326,-0.18549217928231287,-0.21990662488238322
2012-10-19,0.15413680852453382,0.10510561497526366,0.0913883198311648,0.023410837855892375,-0.1986561946406737,-0.14557596708984533,-0.22576100364092566
2012-10-22,0.1580332184143307,0.15154208277635384,0.11617823522197862,-0.007717880947703648,-0.21686795153600208,-0.17318438482874854,-0.2413674189298699
2012-10-23,0.1356160653180964,0.12221705353265028,0.0863762222240993,0.001443833900346747,-0.20326914886509617,-0.11161759193166865,-0.21626794321207876
2012-10-24,0.12501204373810543,0.1133190860154516,0.06948503540365975,0.028919215481040483,-0.20220955288827253,-0.09565559817536207,-0.21403823587308268
2012-10-25,0.1301259638575608,0.12061862426804654,0.0606478524360165,0.02489677625664366,-0.20899593318721021,-0.10690523757208681,-0.1903542349474121
2012-10-26,0.10943037301287334,0.10854768059764869,0.04995807518156653,0.01801609583357211,-0.15759274587432914,-0.09563525843256515,-0.20026391702219926
2012-10-31,0.0645500402234861,0.08048435215714628,0.016514677621787655,-0.00638366891128761,-0.09378811024388134,-0.06753737088310086,-0.14828621719357649
2012-11-01,0.05546359752890545,0.10740281334374369,0.046749161077027535,-0.07593668248322583,-0.1829019807565393,0.03768169681475786,-0.14290443589329593
2012-11-02,0.03560143851003994,0.09412491436643161,0.038340312529843434,-0.05130203966357816,-0.11989205951068804,0.00504920230510697,-0.1676799887361219
2012-11-05,0.02891175148140701,0.11368092062018981,0.02615125309161137,-0.020912299145532942,-0.1605328082344174,0.0020438840270645686,-0.13812520787899807
2012-11-06,0.04121460214831668,0.11103710173512482,0.034723129809811515,-0.030159449890977852,-0.15845925760353052,-0.013098337680191086,-0.14069437258899742
2012-11-07,0.011802676378496302,0.0898803722772864,0.013203748431265927,-0.07114514360914559,-0.17976819314981218,0.14424407473990075,-0.1586266695438393
2012-11-08,0.028908344138082465,0.14253029434232534,0.03667028417002188,-0.0713354689458916,-0.16913516120394045,0.0204441293335057,-0.15253237962502053
2012-11-09,0.033067854220985016,0.13402212862465096,0.04875217497956408,-0.06422066691329054,-0.13385355904996898,-0.04318965243457584,-0.1429958709724708
2012-11-12,0.02213388404748623,0.15144795597013916,0.04933705995117116,-0.0401482709186477,-0.15813313947645213,-0.02052735032187769,-0.1667824615033825
2012-11-13,0.01667666685344632,0.15143811340482677,0.04537728086075371,-0.042454414058583745,-0.1483738314149523,-0.027229066279516823,-0.1464540638171855
2012-11-14,-0.0029090694762434754,0.13888656350771905,0.059330517876932665,-0.03048367681448949,-0.12268055790597598,-0.07808096777347184,-0.10958608389481783
2012-11-15,0.013627949257025096,0.16279713329121626,0.053697507089706886,-0.020422759378415867,-0.19124029522035557,-0.06890238700390461,-0.08789101455325965
2012-11-16,0.0072453783582661635,0.1493051969208986,0.0907496105449761,-0.039865435129750715,-0.3172144572604384,0.02636013410007254,-0.04590066999311948
2012-11-19,0.06970113685726653,0.14615518759081825,0.08042945316416539,-0.0023259060638001205,-0.26959272543527135,-0.10748013939302181,-0.0786814090712401
2012-11-20,0.036329566800679614,0.11712246622343331,0.07967671689689859,-0.013087094429591328,-0.1495239666925927,-0.10508181860545185,-0.14887307927645643
2012-11-21,0.022138273422094068,0.1274719835122463,0.07521804939053278,-0.02988588208520715,-0.1482252218068837,-0.08459544205702274,-0.14845904191157455
2012-11-23,-0.01101779549051407,0.10371138573606714,0.028437101524233843,-0.00832739789836423,-0.1338448181416636,0.006883939969677955,-0.16335995052743335
2012-11-26,0.007702588534510557,0.10349369929781005,0.08541911404431146,0.0004947815972067282,-0.1361743703790369,-0.0716906566916955,-0.1772023660487878
2012-11-27,0.04248981475242464,0.09508917070119977,0.05727236326886964,-0.0366962312901743,-0.21345158762149208,0.058386342345597364,-0.19713888484406916
2012-11-28,0.07305580326360789,0.12334426199954607,0.12018691092278144,-0.02684648361952957,-0.20984896834276456,-0.036003259132852405,-0.27433287770337844
2012-11-29,0.08926464792946409,0.1820866424321747,0.15030999777539222,-0.02036969146608003,-0.22930251801608637,-0.11869463476209308,-0.3168731423685708
2012-11-30,0.08971829908141832,0.1531405463207723,0.13706772148005125,-0.048363957293421134,-0.18497186797758802,-0.08804507570350384,-0.33017276327059464
2012-12-03,0.08875021192392624,0.15691226864873536,0.13377235083800665,-0.017443815452283573,-0.2332539852495975,-0.06331172493016635,-0.3228717395134171
2012-12-04,0.17365411277878284,0.16937106408529545,0.18802004912901887,-0.09948401343634983,-0.2679977988636913,-0.09661522721390037,-0.3724851357422331
2012-12-05,0.1818612237227078,0.17894833091923085,0.1946536568962393,-0.09376145563422889,-0.2764004923451723,-0.11495364075538106,-0.3738528329306776
2012-12-06,0.17497559355436398,0.17407776302963007,0.17591273405261743,-0.08887701157556582,-0.21520114006758262,-0.18470527099842105,-0.34631926661818524
2012-12-07,0.19380557778985963,0.175733115057164,0.16719901645848578,-0.05205665841275686,-0.1910763675011219,-0.2118823215539083,-0.4070822278170837
2012-12-10,0.31199895726159094,0.20133080455308583,0.2511403561851309,-0.07290192413704,-0.2748484500328719,-0.30240839514068085,-0.5080038448443605
2012-12-11,0.23073923925389989,0.22472042394999447,0.17147909736702122,-0.0621323578948445,-0.19371462596895478,-0.27624275873762005,-0.4751925181480967
2012-12-12,0.24570188526482806,0.2547439797035762,0.20699278375852675,-0.0859381261376263,-0.2714506930474608,-0.2737745225629383,-0.4738588429340902
2012-12-13,0.22010535184315988,0.23871491040085074,0.1835526961150521,-0.0758254235273037,-0.20088833985367333,-0.28091275850499275,-0.4850061506580996
2012-12-14,0.2242253900062614,0.22921163215665874,0.20911764493305113,-0.022404464796503265,-0.2028801487442614,-0.33827321423443574,-0.516776093170382
2012-12-17,0.21003477758002614,0.20867900355281988,0.20710369479954155,-0.007740694350176214,-0.1658072607548311,-0.34617605281682584,-0.5332087513666259
2012-12-18,0.19780036276286447,0.20141300616112784,0.21481026007833803,0.026599058556057265,-0.16385885394985755,-0.39191430000452626,-0.5280217927041613
2012-12-19,0.20297832375953334,0.1933300480461282,0.18099896342798966,-0.013531397384388466,-0.12237642262585585,-0.3914051359953027,-0.4916261091049713
2012-12-20,0.22009735799491184,0.1768645772717607,0.1653100565529182,0.0035505847837307147,-0.14473093119898722,-0.3912501637012266,-0.46016469510371755
2012-12-21,0.17014537238242222,0.17951534450253714,0.13770791740101618,0.07805585441401774,-0.09179095558746553,-0.37483993525867787,-0.49837940880809917
2012-12-24,0.18995853475637675,0.1782101576064264,0.17107245932058734,0.04731661837695589,-0.07834274578040318,-0.4082738440565322,-0.5185460268167563
2012-12-26,0.20397898445078166,0.16398645327213113,0.16447664082349928,-0.03059616388573161,0.007747557606507471,-0.45071155892087417,-0.5035938116674021
2012-12-27,0.21358876936392945,0.18992057868509293,0.19764720873051606,-0.035032687749622204,-0.06688661711982197,-0.42128791087066575,-0.5267721280362918
2012-12-28,0.18770207607687778,0.1678062162857757,0.16446904640521015,-0.016902658767100287,-0.06149098039756268,-0.40365971752138863,-0.463499031956101
2012-12-31,0.1964668049573879,0.17860611092258505,0.1599249322017532,-0.06117723562668165,-0.018009742159852293,-0.3927579820508246,-0.5086578790735072
2013-01-02,0.24521247965810275,0.2041858707513523,0.17627402104968376,-0.0893042838446329,-0.04823058052252738,-0.4165594034789584,-0.5430324005520359
2013-01-03,0.22829866978467833,0.1783988968608501,0.16622983745222814,-0.0977058080997853,-0.005804458585523586,-0.41857326529333305,-0.519119402112465
2013-01-04,0.2171283320394092,0.15273635066138708,0.14455948218707543,-0.09426308910809222,-0.0040681544184180685,-0.41308857464833865,-0.4608220608877051
2013-01-07,0.1963836568417163,0.17301656034227902,0.15520273932723605,-0.09948280267331,-0.01035687191255924,-0.4221980974427915,-0.451271906782143
2013-01-08,0.17864417737122928,0.1453217457903782,0.1377897639782094,-0.03403391396928812,0.009090875903631612,-0.4236171952930556,-0.4639197716234894
2013-01-09,0.18357027809843243,0.13482925240917962,0.1219864257361708,-0.07602134277977168,0.033501257001250784,-0.38617744152508915,-0.468062033570906
2013-01-10,0.1724809815697885,0.09319983206991214,0.09633924611243766,-0.15513340089021943,-0.026004104507399317,-0.1911590098847165,-0.4665713537535602
2013-01-11,0.15118259798999845,0.10856628597584231,0.12256582794326898,-0.1511707424688296,-0.016176844196889084,-0.2049954783210003,-0.4821942353737143
2013-01-14,0.1472473707307472,0.11374665414406043,0.11647181526972566,-0.11708989720664503,0.0047494021588109225,-0.26324114268136317,-0.4658833271478357
2013-01-15,0.1344090738744786,0.09699830815812666,0.10135850626251713,-0.06829965675031374,0.001528992673197116,-0.2550036179485237,-0.4522698803946279
2013-01-16,0.12434553936693313,0.07562952969716086,0.07824342102764992,-0.1390968749402382,-0.015828504639724406,-0.15396157162908491,-0.42464547051266527
2013-01-17,0.1334812605181816,0.1001011050237064,0.0923208404189933,-0.1552377389685246,-0.05198161414776925,-0.1137220348725213,-0.46442975284913446
2013-01-18,0.12669684444718335,0.10683451190102655,0.0654553962996624,-0.13744190396104483,-0.001080435851405659,-0.16444122337192602,-0.45215355208509533
2013-01-22,0.1688241829874668,0.09635326700913427,0.08139813701188625,-0.16768563344334653,-0.03243636017421314,-0.19657540563808368,-0.41935627994853425
2013-01-23,0.14891735618479549,0.09010877035457188,0.06947974038450372,-0.1621493005116182,-0.043997059214884726,-0.12439013481323824,-0.4372856519151269
2013-01-24,0.10188956500830562,0.06473280596314532,0.036543578121577436,-0.1662855155283956,-0.05751918530590033,-0.01362274588711554,-0.42298931799994166
2013-01-25,0.11020075748463973,0.03362918559418701,0.024724425971058728,-0.15674970422117723,-0.006991850601543004,-0.06655984173007512,-0.39379053542682957
2013-01-28,0.11271722662297248,0.017375750222898667,0.007422169675023349,-0.11774100876353705,-0.009792287640044306,-0.057398655935044895,-0.3971655362540622
2013-01-29,0.08114084600608926,0.013034645348310503,-0.003346449674258456,-0.05009656217607744,-0.02742687403002958,-0.05840958426477594,-0.40385548266660043
2013-01-30,0.08658343096715437,0.010187177300271022,-0.03553020488445319,-0.03671652849719237,-0.012935001000345947,-0.020016929691513474,-0.43299636872938524
2013-01-31,0.12160285838715473,-0.013923099381588894,-0.023246359428336916,-0.04371196935935623,-0.04290272178523724,-0.061840235607396876,-0.3715335965316334
2013-02-01,0.09421722853665002,0.0474648054686779,-0.007976969694854785,-0.06453182542911573,-0.042572711855648815,-0.0792068319828757,-0.39098579583492177
2013-02-04,0.016345414871071134,0.02137073469444567,-0.03003406562351829,-0.010796232925823601,-0.003147849080788856,-0.03825263669435458,-0.37150296451383524
2013-02-05,0.08433380285983932,0.020249944507169326,-0.022917456071546438,-0.023434945553499398,-0.002210892026575151,-0.0698462521546927,-0.4129009808164739
2013-02-06,0.060636545814449216,0.030415515590560077,-0.023744447749497688,0.01313136745915916,-0.004952688437288688,-0.065903808568063,-0.4265151568906635
2013-02-07,0.02642401009211731,0.01662113323337322,-0.01718357943267923,0.030070575899099283,0.029473442036235642,-0.0825214878460252,-0.4081612914212543
2013-02-08,0.018772699869618492,0.024742161300840726,-0.0033039437866068666,0.04049328861858431,-0.007297445940182112,-0.07140465805199742,-0.4014123851305248
2013-02-11,0.023378675108163965,0.03302291763895637,0.032382677761829626,0.015198169146435292,0.003620202173127307,-0.10362357295154628,-0.4045454713826629
2013-02-12,0.032566548417886365,0.035127228935310145,0.04349520282583347,0.01092940165241063,-0.0051358702992948535,-0.10468774976343503,-0.41064448423375
2013-02-13,0.03693437175298947,0.039518865106033335,0.019780564796903488,0.0278571656803438,0.014583128380316779,-0.11763883435014288,-0.4160734007680501
2013-02-14,0.03114945226625135,0.032853755050518324,0.037019157707095185,0.01595516535640734,-0.015511042426686883,-0.08070662134633078,-0.41102702444590955
2013-02-15,0.010153062943190128,0.03323526764280446,0.027657697953754057,0.014102850219444296,-0.07236996671170831,-0.006053533357509022,-0.38719762615427183
2013-02-19,-0.03707039718062333,0.034210229130423375,0.014932227088655547,0.033024169141951054,-0.0273105936267225,-0.020537093449470467,-0.3670764390532289
2013-02-20,0.0024556225545130372,-0.0016089235748219244,-0.01962928919826884,0.04878921321039714,0.0021324054379402435,-0.04016380606260639,-0.3584289669516328
2013-02-21,-0.0171431620603556,-0.031124207573125173,-0.01957197268321892,0.04891700804257881,0.017876708478460568,-0.0246649132222026,-0.3270205583755229
2013-02-22,0.03847401416825874,-0.041119063732234507,-0.0021785327091141116,0.02627423364855841,-0.038994898616226126,0.004425262870048408,-0.34455470620048256
2013-02-25,-0.0010737904305587187,-0.04826171543278651,-0.0197561948101051,0.03486494128001727,-0.04901234590152592,-0.02905550203185525,-0.23597473927085105
2013-02-26,0.014653922890646265,-0.007916421082449165,-0.033117395729039045,0.011917868034215684,-0.012605733156834387,-0.07899066366633278,-0.24793518256312952
2013-02-27,0.03291002954648581,0.017452531255109482,0.012250069832818511,-0.006866423927254228,-0.09130361534943682,-0.09509079760098837,-0.22664138376301018
2013-02-28,-0.012343764188642747,0.006222778303630272,-0.011302714240266076,-0.04226201648807182,-0.0667354290169605,-0.11112722439081929,-0.11293789113145158
2013-03-01,0.03523690332009366,-0.019554401901968388,-0.0017110788185833448,0.001347043392083247,-0.0696956395215036,-0.11700598182979283,-0.18266951143601884
2013-03-04,0.027696119908914962,0.011724673901757021,-0.016076547320952705,-0.011504249676394962,-0.05595757251690714,-0.08937052260199396,-0.22057061582796927
2013-03-05,0.035168430536504536,-0.010422679534864476,-0.010887318303493376,-0.04185524221862158,-0.04833576463094513,-0.023357768613799956,-0.25328905944860397
2013-03-06,0.03581714128670627,-0.0016265434853859895,-0.00745897816806973,-0.021118653798460563,-0.04021158504640593,-0.0645969317898491,-0.24889896291149682
2013-03-07,0.043906596930074926,0.01956827585811094,-0.003159087070355615,-0.011626580141602116,-0.05552665431041942,-0.10664627702104096,-0.23178933486351339
2013-03-08,0.0423549921581205,0.026606447363129337,-0.005878694323151745,-0.018763213565385017,-0.04419417718347701,-0.11697609300229667,-0.22376310518012987
2013-03-11,0.02627517882881969,0.019614248347455454,-0.0025792389996156517,0.010131821889092119,-0.07339844559474246,-0.09072261509048485,-0.22303916822938724
2013-03-12,0.043825999985121544,0.01805290750256755,-0.03359077863330051,0.06270288081098707,-0.07871903692547755,-0.102001676925149,-0.2382818317100564
2013-03-13,0.03040763642824612,0.03044426921627391,-0.03643848463972782,0.03285601769290264,-0.07666545524130225,-0.05635446606458955,-0.24420512615041318
2013-03-14,0.031074006948364014,0.028029589113409026,-0.04491052520439809,0.007425821819990408,-0.07625703487627888,-0.02255169696697179,-0.2338337686758455
2013-03-15,0.050219292334431676,0.0391304134020663,-0.05387913884626233,-0.024473338612379325,-0.07329780614857406,-0.03051163927057743,-0.212205275910553
2013-03-18,0.030690867059173343,0.05968624757461005,-0.04007354824964404,0.017158786398079717,-0.10298923774746416,-0.0996671038359338,-0.16831370245756544
2013-03-19,0.018684191069538836,0.03495331080543024,-0.060639917098292306,0.02195195002817113,-0.04620842267761954,-0.0827690417309439,-0.18518910470595662
2013-03-20,0.009876105381148914,0.030045760141209132,-0.06991062317570595,0.044154367575788944,-0.041688760443280126,-0.08040469236920594,-0.18346465508585075
2013-03-21,0.01299283984382571,0.03406557286544937,-0.04563093463893442,0.020237931870666193,-0.07553211020848905,-0.0745315438246853,-0.15536398652635372
2013-03-22,0.015917980549504662,0.02944156768198436,-0.07346840181113462,0.027271082408592162,-0.0485385872593046,-0.07692397934760026,-0.14976434628749724
2013-03-25,0.00893161979685897,0.038156909343606216,-0.04329380941041566,0.008341242280794636,-0.054214995285296885,-0.0950938945458763,-0.14242875141942138
2013-03-26,-0.010114422832050607,-0.006804968122085753,-0.039137596485842585,0.043663184975656244,-0.0502253697960694,-0.07092626960485532,-0.14873253275970053
2013-03-27,-0.020616690909493474,-0.04018615652099472,-0.0374216419327727,0.014657181657708851,-0.04311226961934672,0.012362653527568157,-0.15805805044291385
2013-03-28,-0.01586187937543615,-0.05064293800439473,-0.07463208798460452,-0.009532314495997729,-0.06439035236723312,0.04033292756465845,-0.09661323792919244
2013-04-01,-0.04755603715265477,-0.07681024566173716,-0.07407567870675069,-0.025598021175848362,-0.00423419277552306,0.05711256432591605,-0.10627664879148846
2013-04-02,-0.043460878754413235,-0.08782727844922705,-0.07722578230656618,-0.018420427141951246,0.030171525550867884,0.022545715560176427,-0.10216843194189434
2013-04-03,-0.007770903699371778,-0.06401608786612062,-0.07149895971026693,-0.022798197842784085,0.11635821429437998,-0.0998858024142722,-0.11783562922308038
2013-04-04,-0.010481650177991908,-0.051645886342138125,-0.043757053515890876,-0.008833033816239233,0.07509804862646047,-0.11402119942603778,-0.11613628548220337
2013-04-05,-0.002544449101459678,-0.06405487952322486,-0.07748639573100108,-0.0014426273320706229,0.10091611966533692,-0.09650146022631625,-0.11549376656052027
2013-04-08,0.05462033964442925,-0.011414119386465027,-0.04554198016704575,-0.057787835549406086,0.05115646661351986,-0.11053984340021628,-0.11654197854756485
2013-04-09,0.04712160174066149,-0.012122943392811059,-0.03850127587584956,-0.021039176232271473,-0.0183726974598572,-0.0917904325006707,-0.08179394955970348
2013-04-10,0.04754032498870253,-0.009486947689374359,-0.05068433774514158,-0.06120620202495364,0.009519610029517012,-0.06915498824742447,-0.08357315265438972
2013-04-11,0.02625897976979863,-0.0007180765304274361,-0.03896529880300553,-0.04825365504542539,-0.0023843379385334873,-0.060818855020237955,-0.09849331013347008
2013-04-12,-0.017541150244191617,-0.017289322377118832,-0.0703554559083781,-0.017439741988217905,0.05472778102391207,-0.06870212785675098,-0.08724429644413033
2013-04-15,-0.01344806838493795,-0.014642126363051344,-0.061371246665520296,-0.03107316043225611,0.07930142201710055,-0.10777633647583171,-0.10413917448454028
2013-04-16,0.00308596330705202,0.011622129694985939,-0.05948861293698926,-0.03770132921734276,0.07329904805523657,-0.0775820815400366,-0.14926352886582592
2013-04-17,-0.008371769663747808,0.008224002463079139,-0.05141344421160665,-0.02445924055998533,0.06882779762393637,-0.12133509460350864,-0.1517800189536556
2013-04-18,-0.02396269107432536,-0.0023906593837714762,-0.06270532422624286,-0.04531233721883543,0.12656201363152614,-0.10070482302338116,-0.16071117475149083
2013-04-19,-0.010844451798161958,0.01744399355618287,-0.06043483340100553,-0.03876527847972927,0.07994342478419575,-0.09878428238882964,-0.1565079517153986
2013-04-22,-0.0040576938658666295,0.021300294202742043,-0.03360029165826439,-0.05002423967156766,0.07875505008108569,-0.10224264379020323,-0.1605237401050517
2013-04-23,0.007172254356839769,0.015066532967463353,-0.02857547652980652,-0.06726752510136258,0.07199364797356106,-0.09675887901694918,-0.11940646340649239
2013-04-24,0.021390033035154243,0.030201350374268576,0.004974780198521045,-0.0807627920220228,0.06501642264014867,-0.10328928689666483,-0.1262688477494952
2013-04-25,0.019893165689898573,0.03858854267248335,-0.006387342723744638,-0.09602417199344254,0.08942609666410317,-0.10373374934675794,-0.1230472630817344
2013-04-26,0.01927834640280468,0.03974344954480841,0.006202685795683172,-0.08285839528352801,0.09311716663097724,-0.09743822341110431,-0.16783381225040753
2013-04-29,0.01930259491496078,0.05051963340170451,0.05237088901013831,-0.08034010269573538,0.0688366300855921,-0.17574036061789094,-0.1283951266405235
2013-04-30,-0.013134951299582254,0.031992103734171495,0.031179498638984338,-0.071650410108627,0.06977337389220084,-0.09853809503268884,-0.1018950424447544
2013-05-01,-0.01790092158884865,0.019471075411648775,-0.00102381983445754,-0.043862764051954994,0.12274520666655053,-0.13123112158112205,-0.1063894819801833
2013-05-02,0.017154539810305625,0.027016717235622212,-0.012188719445300922,-0.0742710371822457,0.11284111190376406,-0.12834916976039384,-0.10206126494010379
2013-05-03,0.005335681717976382,0.02247432087788176,-0.0421777518417179,-0.04422598946339951,0.12034978554165632,-0.12306704367321039,-0.10632304476503938
2013-05-06,-0.010453848853784364,-0.002106844955822862,-0.03183675188624557,-0.042672272753224105,0.1258224058746495,-0.08365579069506177,-0.09507085795842055
2013-05-07,-0.028751664402411004,-0.02681314138448293,-0.06219533109052694,-0.03342736251235573,0.10551189680686218,-0.005343126983994251,-0.03577521864757272
2013-05-08,-0.03546052463665239,-0.02672251215504501,-0.057455623917679166,-0.058946384330351265,0.13110343796749674,-0.030637146156159173,-0.019820139728223034
2013-05-09,-0.024596647138676653,-0.015601099340242564,-0.03056046340606766,-0.05894081277519697,0.1417139413613991,-0.09241193127112199,-0.061785359014119745
2013-05-10,-0.028052654147239287,-0.015166294531518576,-0.031039084875392198,-0.0729922890830399,0.1580609592576404,-0.07779176590344061,-0.11110877083853067
2013-05-13,-0.028067257393683653,-0.036260488563957194,-0.036232847177365635,-0.08815377773530203,0.1297475749663421,-0.0526496743297922,-0.0292332167264148
2013-05-14,-0.05156434417626915,-0.04546039078173347,-0.060534878803728154,-0.16924933382885288,0.16685484905667947,0.023844509785040158,-0.015398374237653101
2013-05-15,-0.06802177423585304,-0.06132724011187435,-0.05643670518659766,-0.08948016064412778,0.13773088280341628,0.07353153040446568,-0.04268165436465915
2013-05-16,-0.0490586263177642,-0.06696653485078208,-0.06475989782505803,-0.08333000034274318,0.14049783606564525,0.07352505693625627,-0.06839032863293064
2013-05-17,-0.04499028284107892,-0.0351912092145058,-0.07199119905210033,-0.02909739958254065,0.15411144134028015,0.024928024943344063,-0.10574479673845345
2013-05-20,-0.030033707668594645,-0.01660834558276042,-0.0344164744725568,-0.025352580169396455,0.17775518207426483,-0.0739887995456575,-0.12262703150014545
2013-05-21,-0.05026863614067273,-0.0468365326522136,-0.07315415546000353,-0.02052289296866394,0.14609801789857457,0.0865173432071408,-0.1176032506292661
2013-05-22,-0.037056878909848046,-0.043166861906550946,-0.06266513973350896,0.007562641953228977,0.1544350520615126,-0.012234511813157808,-0.13384279944538852
2013-05-23,-0.04176721391905924,-0.06711237115052371,-0.08242324532420486,0.0035665782602642415,0.1418769073959959,0.02470612604235227,-0.11177888444618456
2013-05-24,-0.022448820368414113,-0.040947048859563795,-0.07294720450193404,0.0013882396997864643,0.14775934682112368,-0.06511215367093895,-0.10284217156278243
2013-05-28,-0.021484970523123925,-0.05273738178331777,-0.07696556723973308,-0.013559469426678572,0.1368452641490756,-0.04895769342167375,-0.08446440308277127
2013-05-29,-0.03800909234177119,-0.03456214431154769,-0.07378484087247189,0.06290166920724455,0.1305678010281432,-0.06118965835991065,-0.12281154712560495
2013-05-30,-0.057108507122268615,-0.045204367583405514,-0.07023603147301449,0.045624369736969705,0.1329932504682645,-0.007315435348999533,-0.11693440373717424
2013-05-31,-0.06662648864390142,-0.05426845748044401,-0.09779122382002897,0.006640412241946114,0.1351371610704949,0.09887644295115955,-0.14147150744288373
2013-06-03,-0.06155395399725461,-0.05531156532937226,-0.07658816493333215,0.001552943864542966,0.12271799393280536,0.056993345406116655,-0.09781249864844749
2013-06-04,-0.042886724696129364,-0.0483238142854982,-0.07991201327549075,-0.00726824830310463,0.11923151054427117,0.037555048530895654,-0.08206400903400105
2013-06-05,-0.055477036921046496,-0.06999153441921963,-0.08037256657293435,0.018865609290855845,0.1204153663126839,0.05150307627733246,-0.0900127821579027
2013-06-06,-0.05759037982955861,-0.056546283574759826,-0.09847469999699249,0.017822384621291598,0.1409965438971862,0.04034902844181869,-0.08311295965243584
2013-06-07,-0.041214486692323415,-0.039574866535418696,-0.11467530579053042,0.04075430104249361,0.14540771850545514,0.018768142911972027,-0.08732058863303191
2013-06-10,-0.043336288306520476,0.008190423488631249,-0.08259294960693575,0.04068839775625288,0.1303702906108607,0.004085710694849157,-0.12430586397727386
2013-06-11,-0.04939570008501182,-0.00482605409064496,-0.07505044156638446,0.04135240820103969,0.12589724372770722,-0.019206170292510205,-0.12555925697242842
2013-06-12,-0.059948484107419986,-0.005303390927196117,-0.06917290979759533,0.054909270744848304,0.16064905981113747,-0.0652154062519881,-0.16726439255199463
2013-06-13,-0.031330323929458614,-0.015676240407636155,-0.06621722182697193,0.06314132098403619,0.15764556820945158,-0.07112651184758939,-0.17856783020147676
2013-06-14,-0.055813508401889034,-0.017714646512309973,-0.09140584181424621,0.0735509711025979,0.189007441615,-0.06568760366805682,-0.17444553706391028
2013-06-17,-0.07015815422497451,-0.01033945987199586,-0.06381627414948071,0.08855596507665736,0.1765389143790586,-0.10865514489351052,-0.1647579230166631
2013-06-18,-0.07625016937946655,-0.018688764674195002,-0.06641909626256615,0.07834021173361261,0.1824247746473468,-0.09247882353122802,-0.16073479410469563
2013-06-19,-0.08302199767821511,-0.038549233015385265,-0.05983869503315831,0.08671755389916636,0.20041981285455163,-0.11070015750569384,-0.1772418943602961
2013-06-20,-0.07349129190440873,-0.049459965521955085,-0.07006919482358737,0.09223321932056777,0.2101351803492026,-0.12740731226196966,-0.1804125536215023
2013-06-21,-0.03144362736868245,-0.047403341304281255,-0.10362173288579174,0.1141106614447176,0.22431164325770164,-0.10211008937906565,-0.25948894401432315
2013-06-24,-0.08630126018730905,-0.07522522156906575,-0.12162684532358775,0.09583251440740159,0.24274244860257793,-0.10454670242487762,-0.18566385078214367
2013-06-25,-0.09632822019764697,-0.062187519596717256,-0.12844808264111546,0.0910179648400401,0.18115560208643128,-0.0744109517464851,-0.1694305045119181
2013-06-26,-0.09341677398550802,-0.05930961006762964,-0.11784235459340653,0.10536772184535137,0.16869171350980933,-0.08416016527234538,-0.155010822873738
2013-06-27,-0.09152397631046666,-0.04649579810886595,-0.11785773717333387,0.08468381799431413,0.18749209219160018,-0.09444050373805152,-0.13476664857198825
2013-06-28,-0.09165597725678792,-0.053265763605851335,-0.13081379680926836,0.11193194023904485,0.16327461020366446,-0.08811455521036407,-0.12806524696132002
2013-07-01,-0.05196512663522568,-0.07829994656089151,-0.12694426388053215,0.10764752240453701,0.14018756329483612,-0.10726035470374948,-0.08802209293397957
2013-07-02,-0.040898021405120166,-0.0847933115264845,-0.1266464974726647,0.1155520279957365,0.13969590208701316,-0.09375578089732531,-0.09890785133284097
2013-07-03,-0.032931497485555905,-0.06261562820083305,-0.09167442813475574,0.0981703174266998,0.13153972867652047,-0.09638872312459187,-0.11890961221866504
2013-07-05,-0.049998623774883344,-0.028332031197855656,-0.11681796091515556,0.09239300046565779,0.15581864027310538,-0.09438675226606268,-0.13671905297856154
2013-07-08,-0.06193645020014443,-0.059318873180752185,-0.0749038747777463,0.08515519329112992,0.1587535861228601,-0.09742645830843116,-0.11405982959604863
2013-07-09,-0.0565465495450575,-0.08146819562425317,-0.08204256555406642,0.10151228110164456,0.159936858815722,-0.0962376206164444,-0.11037457384003342
2013-07-10,-0.06332683248010257,-0.08550254550297481,-0.09317334915506703,0.0990002622936686,0.1564068394670381,-0.0967826708227731,-0.07986355185014146
2013-07-11,-0.05993330768795646,-0.06594998966250099,-0.09178762791712697,0.09370943976318069,0.17246675226547764,-0.12051008797616546,-0.07332880859847066
2013-07-12,-0.09553873618317954,-0.06456048348990256,-0.0996293105498221,0.1125484464857322,0.1897394187851273,-0.11574762119678081,-0.08782541944549024
2013-07-15,-0.08056069879622868,-0.04582518123156959,-0.08269035433421384,0.14914728852470788,0.16466090660032445,-0.11934349408500428,-0.12026545604225995
2013-07-16,-0.07704109912053053,-0.06228402993950871,-0.055549109172731204,0.15691931198948078,0.1547954241106851,-0.12435182091615393,-0.10125234609009132
2013-07-17,-0.09572881604010652,-0.0397171645533515,-0.07210248170319555,0.22303376577536477,0.160034349654177,-0.15613147151843546,-0.1189297877712598
2013-07-18,-0.07778973207691464,-0.02842937925481792,-0.06338088541123654,0.20228638961257367,0.16736399997481072,-0.17565031557180838,-0.10612942731565077
2013-07-19,-0.08246197878620798,-0.046387613400683425,-0.08219273022569218,0.21692093649394745,0.16791457002467364,-0.17206237665904897,-0.09647076815724435
2013-07-22,-0.07369948238523205,-0.038676991316608844,-0.07838876052267907,0.20419768145696282,0.16426925769376294,-0.17201024908534607,-0.09590380661866052
2013-07-23,-0.0548941791922859,-0.049015013439102806,-0.05001991097511055,0.17533462631702212,0.17686768277094367,-0.17736452961781174,-0.08371418869320485
2013-07-24,-0.04546082532847473,-0.02635953750487552,-0.04367605736126312,0.16415978506220968,0.1562460172026257,-0.17463896822046882,-0.1012559041616028
2013-07-25,-0.04491475995849542,-0.027543461870548458,-0.047359648862988435,0.14339612029508975,0.16519374927134228,-0.17017156277717999,-0.10657719642598446
2013-07-26,-0.04260215235208881,-0.044200435665447124,-0.07672938470061175,0.1197834096765476,0.18964367957976758,-0.14169080614945478,-0.09691355009547827
2013-07-29,-0.060986756043005796,-0.0479084219769651,-0.057790416300793845,0.11578513669695956,0.17945350633231533,-0.13488035195717443,-0.11116177598920657
2013-07-30,-0.0569499618245336,-0.053495732854101474,-0.07817236314483267,0.09751752824496807,0.22194031390807062,-0.13147280088486343,-0.1257776340563658
2013-07-31,-0.07472342179507802,-0.04970285706298955,-0.08173580655882623,0.1505541051809257,0.18680034670482903,-0.1401297129410528,-0.08317809081555362
2013-08-01,-0.0474828816375667,-0.007372315076434821,-0.052829080436182285,0.14426962428493117,0.16795403794414554,-0.17503765918952435,-0.09280284569082149
2013-08-02,-0.05350974018103677,-0.03322691377731596,-0.05043827507867771,0.12364441019597772,0.13776350158747874,-0.07423076900252121,-0.09640858546672916
2013-08-05,-0.07347474193735931,-0.02251440381541131,-0.05871487674677556,0.11950908170653923,0.16000730427776594,-0.07495892612354357,-0.09307191099631952
2013-08-06,-0.07753383112643003,-0.01095612269012941,-0.07149810416445868,0.12437274522392511,0.18380474558921645,-0.08977119982768861,-0.11646961808921985
2013-08-07,-0.04493890587706284,0.02268300516410074,-0.06311406147880105,0.09584661832021452,0.16898835961605752,-0.14648656409678562,-0.10327432331665216
2013-08-08,-0.031623528287952285,0.020490022807547276,-0.0679695724389831,0.11846343977003315,0.16996288891130634,-0.15311606361531144,-0.11551111555445437
2013-08-09,-0.025776094860027576,0.06950018184676052,-0.03602690481016735,0.09590202562403671,0.13913813784119122,-0.15989631697271692,-0.11938782236080323
2013-08-12,-0.00032052366291046575,0.04249692162158397,-0.025724377889114136,0.07318843685610926,0.12214710077521362,-0.1355981911830208,-0.08661743414571432
2013-08-13,0.05001544712262854,0.09181966310121398,0.027231812746907474,0.04105786350214907,0.06757958300769418,-0.17618028882926096,-0.07099577269451804
2013-08-14,0.08578118024474105,0.12478121986228471,0.09198215509580335,-0.032232914978089944,0.04091373857627606,-0.17752370748038376,-0.026861621483906393
2013-08-15,0.09363269228100224,0.1110144268736851,0.06420425846451083,-0.022737796912208397,0.04519607772282047,-0.13738190624186408,-0.031179631874081504
2013-08-16,0.06995518642941409,0.10550552829953794,0.03440971654869926,-0.011212848380545426,0.047482005193215215,-0.11395289298930393,-0.033324664556886596
2013-08-19,0.10360797893690807,0.139858171766766,0.04997219131663344,-0.02718866557130556,0.014985539228963174,-0.10498820260671143,-0.07201688890532844
2013-08-20,0.11514983003164656,0.12998659393250755,0.03234093607522695,-0.04021832282798948,-0.014305221847759897,-0.07287825289904916,-0.04110863579098177
2013-08-21,0.11161687992982819,0.15980156426391012,0.023959182105471294,-0.07757373959945396,0.009865373652997111,-0.09340048089000169,-0.022413396060291507
2013-08-22,0.11582967849016937,0.15458522902028823,0.0908171819416804,-0.05195942605402251,-0.009662801224510409,-0.10048808932012875,-0.03856297169731307
2013-08-23,0.08741602122243355,0.1383011393069777,0.09694735113021272,-0.059462714394352245,-0.00402975082553092,-0.16466949471256573,0.021746281383332837
2013-08-26,0.04709811837392866,0.10170794219007057,0.051019555539153744,-0.06247368729112032,-0.0365935954701177,-0.017309734185897006,0.036135883612425215
2013-08-27,0.03356581597032271,0.06826790277778647,0.02948159100176151,-0.029576406248331022,0.023628699784643714,-0.0552397756963348,0.007149729109398314
2013-08-28,0.0382552136587716,0.07044682555442872,0.025493255672993403,-0.033153483093938896,0.03166531380624943,-0.056206359266197534,0.003016624942391237
2013-08-29,0.04654679713970719,0.06354558860156351,0.023102475825230173,-0.021663329431864442,0.022631826520215448,-0.05912895916403271,0.011843059080685149
2013-08-30,0.057216751222264384,0.04670770947103234,0.010542510774651431,-0.02755675460104251,0.02791485992508208,-0.05692315449390237,0.01720680697202115
2013-09-03,0.07367804377003032,0.0571696215229853,0.007767897158193954,-0.03543628612709465,-0.02131165730670531,0.0014915801353647187,0.019098694112620565
2013-09-04,0.0666799608916139,0.06269968412178573,0.011433993876458631,0.008525358954066531,-0.03320123616263415,-0.028948820547066455,0.007915719168801686
2013-09-05,0.08153380529707935,0.07884205411258202,0.04791105829581968,-0.04422609910095651,-0.0944992816458951,0.044920026201324036,0.008181136848490957
2013-09-06,0.12714529105418632,0.0752872919336795,0.04642019502322142,-0.049702391341116925,-0.11018703836492905,0.01860635857607825,0.029499146219629777
2013-09-09,0.156599569225517,0.08443249021452467,0.0965031667711515,-0.10938067628128123,-0.15769203875976195,0.08497456500676805,0.06334154550478227
2013-09-10,0.16521132563052066,0.10238123537222925,0.13117021921263003,-0.14946146181711623,-0.1735367557909721,0.11022876454527515,0.08343604007962138
2013-09-11,0.1646469061728081,0.07104895751370066,0.13409342842112476,-0.14424488662077517,-0.1765635021227344,0.11074399292348429,0.0917416396156123
2013-09-12,0.1424690452214777,0.05125517338547708,0.13278111067423884,-0.09673300506244134,-0.12440731858294096,0.05071462810307018,0.0403351142566747
2013-09-13,0.16138966401366103,0.04836896751283788,0.13547324612486214,-0.11813918713543896,-0.13382396499351767,0.06376179746385333,0.04072980931498275
2013-09-16,0.1483666994036974,0.04511913063331057,0.15613966377433688,-0.15154659778461407,-0.1684124221356394,0.11101081375072917,0.09183866106538445
2013-09-17,0.13432811369991565,0.017903926683243615,0.12421332524937312,-0.13805166208920416,-0.1570110790210257,0.11711514717309517,0.14051720730646983
2013-09-18,0.14004015170480127,0.008064677748541003,0.12690525186076806,-0.1402147355070949,-0.14156838321250567,0.15721566492505068,0.11949509090255687
2013-09-19,0.1414185325910159,0.005503062885291893,0.10221407054861363,-0.14515926378292304,-0.1457398625064128,0.19280026305460096,0.13412735805612203
2013-09-20,0.13095540546624787,-0.010988827658612487,0.07157684325047982,-0.12815368452580178,-0.1174474591761326,0.20528247740312278,0.14929184763967746
2013-09-23,0.11369651298041858,-0.022047720400701847,0.04851579288362876,-0.1388867011155114,-0.16943801170256562,0.39428588997569564,0.13506991442974586
2013-09-24,0.1091309354001826,-0.02535770888790096,0.04393999451195343,-0.1518154347925813,-0.14855623728303702,0.35019933741476594,0.16541387187657153
2013-09-25,0.12441898205625798,-0.018278052441998538,0.012871980466978586,-0.11235213680185117,-0.1041662108353372,0.28309897862637,0.11994612499709224
2013-09-26,0.12404298716714068,0.02830303536791348,0.062382445717267684,-0.11000564076875329,-0.11456242989013159,0.21519923574708544,0.10236414155083007
2013-09-27,0.11689302070961585,0.03765461716530071,0.038248666635390685,-0.12213734451265607,-0.12086124470637027,0.2336349522774569,0.10686789120200002
2013-09-30,0.06802701692717686,0.052987546483869025,0.03935399808622781,-0.16847105546489716,-0.13683679874737392,0.340737006437466,0.10170935445607353
2013-10-01,0.06714190414113956,0.035646045485343475,0.0303227847300127,-0.17270146761358918,-0.1538458122710541,0.3084292656461345,0.1811293195872505
2013-10-02,0.03911776440715585,0.050956304611907255,0.03943362740179833,-0.1566697012514185,-0.1365561659015837,0.29995053521829407,0.13391298011215524
2013-10-03,0.04709803485434902,0.05499627028157416,0.026629754376388814,-0.13600476021877697,-0.12007997504935332,0.25579588706711825,0.1263270887106703
2013-10-04,0.014905666777075527,0.020328032132401655,-0.0010699075625998523,-0.05726099495656098,-0.12483271257099958,0.28203143038652423,0.11217829203945386
2013-10-07,0.018425341730698878,0.02116743420732134,0.038613301798125235,-0.09091994873996403,-0.1294218242977497,0.2483277381931099,0.15015390565784967
2013-10-08,0.011062084497566523,-0.0071323639170795955,0.04291407693546042,-0.11781325054942149,-0.12347194488843137,0.28555945860864324,0.16629397912395594
2013-10-09,0.023803095590895877,-0.007749641236266411,0.06982368615525614,-0.14394657209197445,-0.12490321073458494,0.29468353788677615,0.16084396906003628
2013-10-10,0.028471175511840807,0.030942627992664562,0.06195436284410297,-0.16443612044892122,-0.14865932145575877,0.33132998106638023,0.1715380569410459
2013-10-11,0.0117416103173002,-0.0030847735069606252,0.06360474319111326,-0.18137503520790643,-0.08784065486151507,0.3445628278854218,0.18990981368460685
2013-10-14,-6.474993901867121e-05,-0.0010147306644344711,0.14401383903659778,-0.22211852851645314,-0.10282813933714108,0.39795994722454947,0.1532642306160915
2013-10-15,-0.03725818589468144,0.003908944805023212,0.06471027052983083,-0.18871478537647202,-0.026700892676052385,0.3639723272704174,0.1513963334995017
2013-10-16,-0.014034305656059093,0.030347976445273317,0.05870032881929915,-0.13828709365367392,-0.03599998162094856,0.29475593687572327,0.09816732567681602
2013-10-17,-0.05084417642207073,0.057401220192498464,0.03947450329749355,-0.17043828462549432,0.0004371989989978009,0.31511679611489285,0.1051088048892706
2013-10-18,-0.04295165281941116,0.06169427335347341,0.0611252805094408,-0.17350396808516838,-0.0050857875635921534,0.29083425310830613,0.11359752823198
2013-10-21,-0.029083143596905198,0.13327878228913448,0.07321638518538867,-0.1867099437409377,-0.050220048852649024,0.26235151557255953,0.10887471630293333
2013-10-22,-0.025735977884821848,0.11406545078027425,0.03494612158551408,-0.20112550015965797,-0.016905873897931217,0.26337387607195334,0.10282293804592829
2013-10-23,0.012139110952360616,0.11243474838945589,0.008325559180847958,-0.1292067186803999,-0.007474756397458968,0.13592243108289614,0.05498550840077837
2013-10-24,0.018537376700077185,0.09625453554418648,0.03394033434767857,-0.1412961721785072,-0.04955545869600869,0.20053680867965495,0.058334716477059234
2013-10-25,-0.004787885212550469,0.01865124478420105,0.02991724880465596,-0.10278576913408316,-0.04387463228209612,0.24998698894617916,0.036863445489647706
2013-10-28,0.0016569062577705546,0.03806300902438525,0.03647960156431687,-0.05429351574923641,-0.1252716967496994,0.20282048373243722,0.038043219179128396
2013-10-29,-0.024281461404512962,0.035404600213023246,0.01929930094791786,-0.004540723440637745,-0.07354547170207205,0.11753865699459481,0.006580740870652302
2013-10-30,-0.02455525670167545,0.037758764385937116,0.04218702420358887,-0.04994698875185358,-0.040530139452687415,0.14532213490913365,-0.029234374813745773
2013-10-31,-0.012206215191074746,0.04122605118749545,0.019071113274323856,-0.05569691970141513,-0.06795724250102936,0.15916476263767246,-0.012034147842836629
2013-11-01,-0.02483718889629856,0.04533875721049967,-0.008677590480191698,-0.07319533390532229,-0.023593049135292032,0.1692108143606939,-0.028350609864731147
2013-11-04,-0.02447706807304694,0.030198230151463876,-0.01800640148551866,-0.08544834877614974,-0.06380591447197131,0.22944024453576115,-0.006993244130099496
2013-11-05,-0.005379510694085918,0.044773993462842165,-0.00799869042957517,-0.06355004383117843,-0.08541466977683063,0.21840114245992587,0.0008651423096850963
2013-11-06,-0.05777798188710778,0.030648606435510567,-0.043224037179702954,-0.0098066456172487,-0.0621774624590104,0.2086446217634484,0.012584443406367218
2013-11-07,-0.05066613645235449,0.020695144094882156,-0.04917655488017128,0.005154914284853179,-0.06472372481884044,0.2237496402077218,-0.01960238941794118
2013-11-08,-0.039014889342286474,0.043914248566582964,-0.05822773599168332,0.007696719938249413,-0.04780022621006842,0.22778541146245895,-0.06265929223393382
2013-11-11,-0.03929533935127587,-0.0018864970276182558,-0.02199330962192779,0.06024872261054387,-0.07839119327999233,0.21072259954434092,-0.059176611921181455
2013-11-12,-0.04391713651288755,-0.017518343049193946,-0.029584208726040104,0.07524814089983484,-0.06387121577635782,0.2171929633678884,-0.07964499431578756
2013-11-13,-0.01751802396390445,-0.0032934494147286997,-0.032231693454764884,0.07279553048185969,-0.06196743820471802,0.19997904274886058,-0.10197946496999788
2013-11-14,0.017718770581147056,-0.0037450453380445115,-0.009589118265326574,0.08104854633787972,-0.10370468645233606,0.17750877603047754,-0.08393360123317983
2013-11-15,-0.015831260936993663,-0.007414488146659903,0.019479369634999938,0.08834804098006144,-0.11877798336012765,0.181123912790421,-0.05236002079759178
2013-11-18,0.0023167163656456075,-0.024519018215248684,0.000498048275669738,0.11060440118496162,-0.12023009586584049,0.18420195372119902,-0.0817290832605635
2013-11-19,-0.01605792600333291,0.023070938892725434,-0.027144576324105815,0.08453897514029726,-0.12787971835535789,0.17431921666643813,-0.07575061188474408
2013-11-20,0.008103202593488623,0.027823581742566966,-0.016897070072792342,0.10171537508949324,-0.1500737916105533,0.17502785210160415,-0.08080664398497539
2013-11-21,-0.028555663299851597,0.0215647717084686,-0.006235707360796983,0.09567380527631747,-0.13094030681359986,0.2076287801825351,-0.073998074417094
2013-11-22,-0.0168761243995125,-0.01156891783930769,0.006517273566154919,0.08194985677535083,-0.0920049737644267,0.17538837640120647,-0.029961390477228733
2013-11-25,-0.024528118649625202,-0.012926386800853618,-0.008861159077474978,0.06639020381167327,-0.12410459696511822,0.28496829274833746,-0.040936481482464204
2013-11-26,-0.0021728886561109273,-0.049628697304848646,-0.04210628861339066,0.1052891418999351,-0.0756372053353025,0.2278473923882528,0.0065986169411881845
2013-11-27,0.013783978747284376,-0.04494903580532267,-0.022052932176031326,0.1207674750406057,-0.09819235298475423,0.1930402413189587,0.00036488602174628015
2013-11-29,-0.02324643778127794,-0.032226385086791653,-0.015992725599707935,0.10235134959779679,-0.05854542234235291,0.18887702426032282,-0.003958738905441961
2013-12-02,0.022908117167830366,-0.02185522716438104,-0.0025334123149627352,0.13995664260437884,-0.0710247475785091,0.04944533834170517,-0.01618877256848944
2013-12-03,0.032026489049566426,-0.030731230812308274,-0.018983303308728383,0.11835962583835424,-0.08169207417403532,0.08527904545154852,-0.03217140878753655
2013-12-04,0.031470193846593,-0.04053428252203545,-0.06608600270352127,0.12378886296211067,-0.05120587246780228,0.10189783594999136,-0.03607111604202412
2013-12-05,-0.0022703547943694335,-0.07089684039330169,-0.07574004811191157,0.14366988286086474,-0.0557100346810164,0.12350641724415501,-0.012673632895313647
2013-12-06,-0.01911847110564588,-0.08137592276399791,-0.0743645695384148,0.14495860643917857,-0.0477573000659926,0.1410838327959385,-0.0021251397861513643
2013-12-09,-0.020904638856597935,-0.05081511752053086,-0.09484048593814126,0.14505491097138762,-0.054046211386099635,0.1418464986971213,-0.0033426341563767004
2013-12-10,-0.026213475645482404,-0.031384381047382615,-0.10386443090714975,0.15728320482407088,-0.03329737885161453,0.09727182630666753,-0.017912788289857984
2013-12-11,-0.03045853518888869,-0.05305314397571326,-0.1370818175013425,0.17605615387030638,-0.04067657930248417,0.1370092068034735,-0.01707169698946387
2013-12-12,-0.027432644506699994,-0.0810408543313787,-0.14412068591687005,0.1777432801372445,-0.04365684093108163,0.19078365213775944,-0.033226499808571675
2013-12-13,-0.03168858687866,-0.07042717124023018,-0.1464363522101894,0.17707079373827664,-0.060603006041329344,0.21714427470922903,-0.04746532885310728
2013-12-16,-0.04394211667598985,-0.09851465995960929,-0.13346004808578255,0.23947920293384256,-0.022847471493131752,0.10722976908343074,-0.018595033719661314
2013-12-17,0.012986727672324505,-0.07481210754688117,-0.131081424529588,0.24508951732108042,-0.022155024294093426,0.0469268436355712,-0.04770027656787229
2013-12-18,0.0059295569943977056,-0.10110716545202408,-0.0984805718727026,0.2708919691586127,0.005313237467873988,-0.0006271190350128908,-0.06391043353303666
2013-12-19,-0.0006359964904646687,-0.10204923553341311,-0.07668457614429205,0.30882887185067315,0.024453982139123337,-0.10836995330390153,-0.07381610182495274
2013-12-20,-0.015126179995739092,-0.11928151191217495,-0.11348327734037955,0.32392498439499234,-0.00783515654423958,-0.02054678278115224,-0.0734599130856819
2013-12-23,-0.0006816544556605963,-0.09725132058058106,-0.06256146272119453,0.34281085571774983,-0.04491017015681019,-0.05221824176999135,-0.11256201751733885
2013-12-24,-0.0029793394516011984,-0.10170933050755415,-0.1126945126934116,0.33283788211022197,-0.033970389848934496,0.002327006538533516,-0.11193066900057208
2013-12-26,-0.037579499691098556,-0.10271291897874668,-0.09821239008388322,0.33888078886742945,-0.060941885372039956,0.005313941148151702,-0.07797008255918225
2013-12-27,0.020442908417309585,-0.07488730167278207,-0.10229514847069668,0.3504749976433341,-0.06471876883170229,-0.12742406602503198,-0.06648357975330577
2013-12-30,-0.008727706840020721,-0.10669435881635009,-0.08935990987790404,0.3490478610959648,-0.05186101287137014,-0.10322771202375342,-0.059796016191554946
2013-12-31,-0.00530763234543663,-0.09460330335488576,-0.07804096837194269,0.33696846930001645,-0.05994397802695009,-0.10297471835493155,-0.06579484645209521
2014-01-02,-0.026140390889425283,-0.1014633781048499,-0.10376920511766327,0.3396852667443741,-0.0764752363344791,-0.05123263252424304,-0.05643218241991979
2014-01-03,-0.0555407078298831,-0.1465251439140067,-0.14002179906035672,0.3081518414859573,-0.08249233691071503,0.07871693576348182,-0.017819957560977817
2014-01-06,-0.07282019330611403,-0.17867517486143014,-0.1540839275711359,0.3315584808640345,-0.11406807122528104,0.19124119795740513,-0.0533720093327697
2014-01-07,-0.060065107494392464,-0.1402963713305034,-0.11036595181778736,0.33305243668974016,-0.09590853081715764,0.046298168121861216,-0.048131827867256866
2014-01-08,-0.05404026761934734,-0.13072974455742278,-0.11893060339078301,0.25072163075516796,-0.08953375685400722,0.11785803001745349,-0.04507880742540307
2014-01-09,-0.0810291179854292,-0.13622638855597327,-0.0995319481916587,0.3162481388737949,-0.10078061054170817,0.09156141451523925,-0.06087082180657649
2014-01-10,-0.09185746144566927,-0.14179172761088518,-0.11779379132417683,0.33270401010148676,-0.09650297212989517,0.13336861063772565,-0.08059619248598654
2014-01-13,-0.11872645366568176,-0.1647247488474785,-0.12899663011726883,0.3139539891771666,-0.044275245933906936,0.1484021519441262,-0.07760382003975158
2014-01-14,-0.1162253547768928,-0.15479729450328508,-0.11861405865902441,0.30188397456145966,-0.0503606059398058,0.15499208571771306,-0.0838914404281112
2014-01-15,-0.11130188724698109,-0.14459463340387876,-0.10631660005194735,0.2860818554364808,-0.07027424739410831,0.16597302669810732,-0.08176878996554804
2014-01-16,-0.11813655914795539,-0.13167883464498414,-0.10119610691566605,0.2900631711800098,-0.061314883771724664,0.14252550466162933,-0.08822075869284562
2014-01-17,-0.09151633833290833,-0.10060994777288065,-0.07761673835984167,0.25887694479772566,-0.06278623130009174,0.0807780179284397,-0.08629445063404598
2014-01-21,-0.08022043685872321,-0.08586815191138383,-0.07354668147362697,0.23802079701442533,-0.04709207738945564,0.11120656992000505,-0.12195595346076149
2014-01-22,-0.07390245914373103,-0.07770747358071539,-0.04245190716255104,0.1691010261437921,-0.05913002351819536,0.11279646480519956,-0.10827274596930644
2014-01-23,-0.052778635341248784,-0.09450396426701471,-0.023070656766867474,0.10308125667161816,-0.14430076652673463,0.2684540757418889,-0.17222356811744302
2014-01-24,-0.0816982964595667,-0.1356413805032161,0.004383213510588652,0.06200672686199049,-0.06582099154427744,0.25541319849403904,-0.1716935014200273
2014-01-27,-0.04052684693389331,-0.14964681236641145,0.054144279135050474,0.14535154253308485,-0.11063135363206794,0.16772890238719107,-0.1891124480450989
2014-01-28,-0.06275998981362678,-0.18583450220035613,0.032056056412542305,0.13646212530591428,-0.08823913481432076,0.2250887358302632,-0.18064524420726483
2014-01-29,-0.05299451804279497,-0.17801410240973153,0.021040925725061815,0.10100060752615314,-0.13463958440539964,0.25427669400032776,-0.15132782299773107
2014-01-30,-0.08120058672493369,-0.19461973478044708,-0.012555448766693737,0.08628850456025218,-0.11448066452257269,0.29820422469917185,-0.122245588949563
2014-01-31,-0.062477737665875555,-0.19259600351838957,-0.04544396401486432,0.05908440974272104,-0.11719377426479692,0.3488994457206796,-0.13295619343958517
2014-02-03,-0.09270705732731753,-0.2300478019680063,-0.062818346967821,0.07652376074399563,-0.1131830902528422,0.3935430407563307,-0.12651939756034258
2014-02-04,-0.09434940461623047,-0.23886366261308095,-0.07805725292445129,0.1339140567536075,-0.11372161715862028,0.39086951379875134,-0.14589988596590686
2014-02-05,-0.10655646761282471,-0.248582737730574,-0.07664099023524648,0.13194958320872513,-0.10706570865196405,0.39160013253018894,-0.13048229641351777
2014-02-06,-0.12193589984130476,-0.24692777616194406,-0.05631932985857458,0.12924321312651355,-0.0557543901828486,0.34484610826620565,-0.12846818309512278
2014-02-07,-0.0990265750014564,-0.22246255468431925,-0.03330281462152219,0.125016670896963,-0.04515512931637218,0.2637824346614475,-0.1211731883078582
2014-02-10,-0.09272078221976772,-0.23323370639816163,-0.05910391728335693,0.11894893495885327,-0.02601164866188258,0.2641480021444306,-0.12183921563557153
2014-02-11,-0.046819974934069225,-0.21708873059222317,-0.08590391201737027,0.11109655803898756,-0.005946042242685707,0.2647649435838457,-0.15662766333491956
2014-02-12,-0.049186095855493314,-0.18202333135641688,-0.019417621952734936,0.11695283311289366,0.0031820013595754,0.15421074818427863,-0.14445480387970228
2014-02-13,-0.03044768635212277,-0.15157698089552052,0.0011753908424874046,0.14741514029921382,-0.03166185082736705,0.1422181211673492,-0.18412969523952466
2014-02-14,-0.0215748278853444,-0.10085694253317742,0.026240906446209522,0.07871196016721396,-0.009489668241406478,0.07973303428416506,-0.12784844826877212
2014-02-18,-0.0473090633090445,-0.13067531179511596,-0.02122545651638394,0.07801825093695414,0.007022982811951628,0.11085377422912512,-0.06466992791064602
2014-02-19,-0.04218081442419443,-0.1526910740706617,-0.003566991205770087,0.0893317225543914,-0.018732471442219158,0.11028921557366272,-0.06877409698853851
2014-02-20,-0.055394866199192816,-0.13136376602545158,-0.02350073754585502,0.07841243071887721,-0.009364235208116578,0.12272547147656115,-0.05497168916959616
2014-02-21,-0.07368254173575076,-0.1358581067491974,-0.03817268704098756,0.09722041425872185,0.010618486897609393,0.11682821864793719,-0.04791576125969654
2014-02-24,-0.06436834310142231,-0.087765266273413,-0.022438582373979915,0.08868541698152674,-0.017278059858721814,0.11487689890143266,-0.07023026139115202
2014-02-25,-0.06225002103100888,-0.08943573974250532,-0.03052500904877295,0.08361867871211359,-0.05558999595564717,0.1626924902417085,-0.07586218408247522
2014-02-26,-0.05155041405222058,-0.08619679454349241,-0.01709431015937203,0.08019764391130305,-0.06390381210795464,0.17149432513474427,-0.1048323629386739
2014-02-27,-0.04000438470089954,-0.07865473828748559,-0.024977126885730908,0.06384761762684163,-0.07622241638684757,0.1990755087797661,-0.10651378887048304
2014-02-28,0.0036664681274383715,-0.06697995716162017,-0.03418360020011954,0.0574505200280751,-0.09726910476767599,0.17601088706720702,-0.09518378108466949
2014-03-03,0.0026606964773619457,-0.06719815889736144,-0.017753266561612496,0.050469072738200255,-0.09150360541090727,0.19312399802139701,-0.1363461977501639
2014-03-04,0.010864217652327895,-0.0759317626629881,0.0020011208460547214,0.0485154425016982,-0.09006369416931859,0.1575095382842564,-0.11123594231873704
2014-03-05,0.0003417378206461291,-0.06349243404068336,0.015917050083313455,0.033625784751905335,-0.08672355974215576,0.16120324434891492,-0.11517925109308402
2014-03-06,-0.008164873112171345,-0.04477267139149607,0.028514291171722245,0.07975741864531,-0.0894210017964495,0.10880277233590424,-0.11754409763976192
2014-03-07,0.0021556587064184007,-0.03956869509055247,0.000945621825462456,0.07476715323666638,-0.09809254277369993,0.13881746384170868,-0.1176981826405546
2014-03-10,-0.003305260150268413,-0.03667857376486708,-0.015517648413607282,0.10212467236873932,-0.10769955275894627,0.1171027486288963,-0.11084304659644695
2014-03-11,-0.025741419694074688,-0.05491630812959572,-0.003947830864074714,0.11301440084576647,-0.1108900234963424,0.13617465339848372,-0.1137401266475862
2014-03-12,-0.02290959236311574,-0.06097174259276292,-0.027389593588788758,0.11668381363807337,-0.1265214600097559,0.17188316775894447,-0.1106184741873707
2014-03-13,-0.014973573534725962,-0.06252553511562778,-0.028245146299908874,0.09003572520335895,-0.1456978434914598,0.23540663957885494,-0.12563140009157056
2014-03-14,-0.015379420488695422,-0.07677483475620434,-0.025523848882938766,0.08819027118835387,-0.11164894014717383,0.22151656456836777,-0.12913307239414984
2014-03-17,-0.001155833246034077,-0.06106035794143416,-0.013556946946668536,0.09727440501993576,-0.10739556460502603,0.16260571614562142,-0.11576421634321704
2014-03-18,0.036929243125741695,-0.027532700773998386,0.010180623113279219,0.08276203289773826,-0.11301759145901275,0.11459624879768626,-0.13977841382601408
2014-03-19,0.02358136807061706,-0.02620823768527178,-0.022395011781075586,0.11525069004813548,-0.13557369736319091,0.11372041354893891,-0.11528082738286216
2014-03-20,0.03945997533579193,-0.004366745494938484,-0.010214128393416733,0.11675461113130525,-0.1298043702220223,0.05986314509187085,-0.1252049251348295
2014-03-21,0.053465577709302964,0.008752902058975665,-0.02107910125157192,0.11338998522348448,-0.11708493380133268,0.04403868652093801,-0.12357471072389198
2014-03-24,0.049997555093154816,0.0058984350900306015,-0.027130797234507203,0.0963045856200822,-0.10888064217834097,0.054169443256942784,-0.10710742284712449
2014-03-25,0.07280488820622852,0.023149667652248324,-0.015923862324411592,0.07930266821446863,-0.10581574438102473,0.011839926682280066,-0.09579698986680696
2014-03-26,0.060242162465886956,-0.0002004850763738797,-0.010826459216574769,0.06381670749590468,-0.0956363357795885,0.03748543058854731,-0.08894189145903297
2014-03-27,0.0388567621945998,-0.017616230457974724,-0.03798743084752815,0.01483593188632032,-0.019079451553840582,0.03347118233243074,-0.02723152396295242
2014-03-28,0.03560199126915081,-0.007460224066916599,-0.0008007928151123611,0.04061461823953272,-0.04152408316499996,-0.007827499160774853,-0.03857469492592408
2014-03-31,0.021802522530137647,-0.007865343146346182,-0.009915549913717125,0.019117155326595303,0.028658330760290493,-0.04038613111492284,-0.019089797544299125
2014-04-01,0.04662249567182347,0.007525864655161918,0.02032605776548424,0.0032412778807323073,0.0251724440037943,-0.0715919125900738,-0.03856606800926282
2014-04-02,0.0718499484523979,0.016082366297619832,0.023526022784045864,-0.02911163073337647,0.003033965879537484,-0.10200804578672484,0.02298459601926306
2014-04-03,0.07474066205890872,0.018683353009777526,0.03219549621884088,-0.027004887677166967,0.016243834050585312,-0.1213690371058278,0.0016956737151900825
2014-04-04,0.03907095853021808,0.031481506116955105,0.04309247124568355,-0.03493752994964461,0.023442580607598767,-0.1264418677790845,0.017832510496582132
2014-04-07,0.05917201432447833,0.05084207017678022,0.039993968534331514,-0.05901816126537218,-0.004954913054015658,-0.07309017879898716,-0.0018556075597588872
2014-04-08,0.046690077344243464,0.05508519817062019,0.0524471082815689,-0.09646281167740778,0.03148821668323787,-0.11687363521083005,0.042796782502751596
2014-04-09,0.018596301276864347,0.04450284887882816,0.04049038150364587,-0.10098734083233696,0.044971369393723676,-0.0428705259564498,0.02120294524692451
2014-04-10,0.013110376660069867,0.05576079346269314,0.04154757674510928,-0.10667999320770899,0.028141494378830983,-0.06928037179165214,0.05187893301082491
2014-04-11,0.01618390440988965,0.058190992989117785,0.006689801116038341,-0.0975754089871329,0.05118503925918705,-0.06945780132266233,0.0355660559497612
2014-04-14,0.006335607186853387,0.06387310713345878,-0.006104885196005383,-0.10722756451378379,0.06291833724589975,-0.04987498512047139,0.03786981551606022
2014-04-15,0.02815673663572399,0.054775388077964504,-0.0065018656587472745,-0.10321320122438543,0.03675050964607039,-0.012179699918475673,0.006421295536399807
2014-04-16,0.025718597010261857,0.05037576351059758,-0.005673552449459274,-0.08995144777974556,0.03611761425413354,-0.022757548629515956,0.009669720918108915
2014-04-17,0.01743798403787289,0.03829985354613347,-0.007679160957271114,-0.0848078888110469,0.02927432661726903,-0.004490264192896221,0.015347524376895072
2014-04-21,0.02522145823937827,0.03249916912997736,-0.0060222218637985825,-0.08866482476631227,0.004946439231070271,0.003955886733318703,0.032011629296320565
2014-04-22,0.037734691403216614,0.03672418755575935,0.019183939781029336,-0.10720166387142993,-0.01568570243343073,0.015336351300884177,0.038538003415944155
2014-04-23,0.015553325122341033,0.02375859455610113,0.0059272212591486295,-0.15252173673613556,-0.007076306266512428,0.06353413594387947,0.09057578107107006
2014-04-24,-0.01799123298750871,0.0023591230732104562,-0.0022584188286598472,-0.17307853759024927,0.045607377623617634,0.10092733689703592,0.0970798623393791
2014-04-25,-0.009451521161999987,-0.01617332310153624,-0.0053026095806163465,-0.1725839628283895,0.052657245825700943,0.07385172749178259,0.09871051020084387
2014-04-28,-0.033269962756911686,-0.03683526234551765,-0.034603287286888995,-0.18989451204190505,0.10055383563493178,0.04964363280676021,0.1588608753631069
2014-04-29,-0.030821556444264153,-0.032658070994159516,-0.0003921070316593167,-0.16557626223891614,0.0751692482616001,0.020835005385256622,0.14674037953061764
2014-04-30,-0.0200215583804082,-0.029360009800720788,0.039719732223176984,-0.1721879325437914,0.08321936324487475,-0.01412357122374941,0.12472573591575226
2014-05-01,-0.0007280437531144157,-0.022759942280803303,0.03131445462105725,-0.1539699840834569,0.06526936013123277,-0.010520066852391263,0.10104051208385062
2014-05-02,0.004009300910802038,-0.011265350076913094,0.03852698077498812,-0.16916752906068255,0.06278608049428525,-0.0006287697886606658,0.0953215705510762
2014-05-05,-0.045767626413301066,-0.0255065650525923,0.03380730617062433,-0.16378976542452406,0.10581138009835991,-0.0005688501634421028,0.12461725328360396
2014-05-06,-0.05401934150721599,-0.028764249098821137,0.01836130305389605,-0.19839159199551037,0.13060764337441141,0.022510108681335628,0.13190993700864295
2014-05-07,-0.04250536732378585,-0.023350727207658573,-0.00043820376943942696,-0.11446139672682931,0.11044245671864081,-0.0024769175191332593,0.10585239947281155
2014-05-08,-0.0543340625301747,-0.04369958790032252,0.002485863151289569,-0.05897202551513142,0.08140000588386523,0.011432267073040903,0.08156697756817877
2014-05-09,-0.04856636288395205,-0.028547343250881374,-0.009925339847666026,-0.09910085621684073,0.11328052683440701,-0.016216087086191266,0.10189110241604216
2014-05-12,-0.06961042963783082,-0.04151970671083183,-0.01486279924856998,-0.09742740774169872,0.07517872752246721,0.06737834372053197,0.10392300858506098
2014-05-13,-0.08892483935330459,-0.0556672294053534,-0.016955010300377105,-0.10424756667363416,0.06974873984917623,0.06937744180382877,0.14392025780836204
2014-05-14,-0.08709891348322318,-0.0490276589183965,-0.032729416809233025,-0.07267413123803784,0.07489389975966754,0.06760531925306423,0.10538919572091854
2014-05-15,-0.06820305470022198,-0.03401505913966235,-0.04559791830959792,-0.05815612625736738,0.04471327876993106,0.047628976124729716,0.0970052185681809
2014-05-16,-0.05407650935975944,-0.020374265897412647,-0.030205423851005497,-0.06958879752076724,0.04815440229604834,0.0008047049088700797,0.1014594882718482
2014-05-19,-0.053177605546431805,-0.02541302190579947,-0.034749665422003584,-0.05599056522663731,0.05902272095970079,0.0011311103085416274,0.08561270267658061
2014-05-20,-0.04384560670718396,-0.010268635883530164,-0.023791178172564487,-0.06169993792989614,0.02240132712634682,0.032949621474648416,0.06644933230036226
2014-05-21,-0.05200214387406327,-0.01736457609588249,-0.047340841179998705,-0.11297731993524784,0.058967329778123356,0.035372205760354936,0.11787469591221561
2014-05-22,-0.052754954299085,-0.021014290754543696,-0.0459958624118717,-0.10355808167054364,0.05334539234948765,-0.014868786088436892,0.16630403355534706
2014-05-23,-0.07436900109740607,-0.039015618114987605,-0.05388351175632261,-0.08736857344184706,0.08112541918482524,0.0017758252915567319,0.1571416612680212
2014-05-27,-0.10043538705733673,-0.06749966362428073,-0.057020915234594294,-0.09481821520129347,0.1137609507229532,0.0012579453801636609,0.18219344748113225
2014-05-28,-0.11333127861169467,-0.07576009075247297,-0.06360798203209755,-0.10251064039597563,0.12185093544954434,-0.0012504366923061783,0.21371425480143302
2014-05-29,-0.0954725519752544,-0.04544268000966473,-0.06314288695265413,-0.12668660383832148,0.13342311235901516,-0.04657226391047864,0.24325899021682706
2014-05-30,-0.06656902880926352,-0.03927537123945657,-0.051316873188937184,-0.13296736040803703,0.16465153097406854,-0.10529518980102037,0.22760010485419413
2014-06-02,-0.07105382041521102,-0.02383534162984663,-0.07516062946283719,-0.1129492453622929,0.15838210653431858,-0.10471890457570443,0.2267074995653574
2014-06-03,-0.07554451009471036,0.015759288015108397,-0.04415504898065248,-0.1262872498272568,0.13034059369477757,-0.08839755094362811,0.19947592157061722
2014-06-04,-0.05814345861036985,0.00580527943718534,-0.04364337284442121,-0.11815528149286214,0.13336874532017848,-0.08198309822832162,0.18255919519278452
2014-06-05,-0.041363399285757496,0.01839272467227382,-0.03560423878532637,-0.14598644899358215,0.1790059552082167,-0.11952548142944175,0.16938486281340437
2014-06-06,-0.07953404692674515,0.0008948305816953717,-0.05924611842674998,-0.15925087822369455,0.1963976820225062,-0.05945208005807778,0.19702297498159982
2014-06-09,-0.08609436423342809,0.024756465725547794,-0.030581090134214395,-0.1598652326869865,0.19490829183110156,-0.06318072822909615,0.17748959169828238
2014-06-10,-0.07451274704326283,0.04587015529660987,0.018151472117595935,-0.10723560277708,0.1462242266182658,-0.1141451862969236,0.12859020403836163
2014-06-11,-0.13681255454248686,-0.01695243043988881,-0.021250813847588756,-0.0662331945858734,0.1555255655940652,-0.03871524071981525,0.15643787203065063
2014-06-12,-0.12778045750477807,-0.047487004068543115,-0.010377983243862188,-0.07428620195102353,0.12260364124423725,0.008458817800403917,0.16166703698622376
2014-06-13,-0.12561048775588013,-0.04087960956435388,0.007333215887560751,-0.07222624473947925,0.1203138567793283,-0.037406931026036316,0.17904927468628096
2014-06-16,-0.10935422387617971,-0.018842555816378892,-8.222197893803518e-05,-0.12585422496528442,0.04262538471672153,-0.004149552493070363,0.20296949398708197
2014-06-17,-0.12068964809311883,-0.028873357878347106,0.01860882005100767,-0.09818656934243308,0.039722583529007816,-0.02613590571813429,0.20730281846308296
2014-06-18,-0.12151905184051282,-0.023907464888530405,-0.010969985665538862,-0.044009197567068614,0.07762656645510557,-0.1375925922400827,0.24679445483055362
2014-06-19,-0.10570851994711944,-0.04167908902506573,-0.010495589552603435,-0.014840261658924991,0.04089580915201646,-0.08910206485856165,0.19439101957413107
2014-06-20,-0.08448667868472781,0.017476442893001987,0.010070491680263083,-0.045325964828950016,0.10657030322886962,-0.16392411893163406,0.1691464687135832
2014-06-23,-0.07237857472120313,0.024424759874367874,0.03503406315674462,-0.013093455995115022,0.09866415281174701,-0.21239936414533656,0.16556494000780542
2014-06-24,-0.09178937125407505,-0.020040754405253325,0.03953503973657657,-0.0321159937835227,0.07368565139615327,-0.0828319397175219,0.14348064654849457
2014-06-25,-0.05785169667272061,0.040232848507184005,0.05860998334848844,-0.04296009659627109,0.029420198500946737,-0.13191572819003472,0.13960980329370798
2014-06-26,-0.06862255856256039,0.04955420526716037,0.0761261111405338,-0.059093577440140654,0.0035838445730887736,-0.11764638572046326,0.14043408517921607
2014-06-27,-0.08319360189039593,0.0405297183399973,0.07435328259968277,-0.07222779955552794,0.017418025572618318,-0.09660030697613853,0.14739767551258764
2014-06-30,-0.07768329082666015,0.04357238213447334,0.049023185644518685,-0.09314168233125142,0.0017968404396358217,-0.0459914017294647,0.16286336412900826
2014-07-01,-0.08139147321693263,0.045645929720462664,0.05979573703176044,-0.09181756910924976,0.010940557836486897,-0.028477469615270756,0.1430453341535508
2014-07-02,-0.08116205980749291,0.07225966956383911,0.05712145616189834,-0.07985375848767429,0.012673690755677536,-0.054410762706783355,0.1369281165301327
2014-07-03,-0.08187861340328928,0.08079957311995556,0.0727818424576353,-0.08942902411070563,0.03732588757827843,-0.08494671073612103,0.13112432975312494
2014-07-07,-0.0850543507200533,0.08195113130511411,0.05931554446928189,-0.08121356435657734,0.07892047877018382,-0.10179724047646754,0.1048979672230772
2014-07-08,-0.07831979806285772,0.05422636288698601,0.050351309951131795,-0.052788529408815066,0.09063506280208866,-0.12205696680915579,0.11810350991617158
2014-07-09,-0.08898987093641841,0.09315638018648997,0.05505867206118742,-0.055766994698840944,0.13181812049978248,-0.14805764400782162,0.099925254080792
2014-07-10,-0.08206496548325681,0.10129959453595327,0.05711761702511986,-0.04831920420875957,0.14226918455784943,-0.19392158609597354,0.11431883064845838
2014-07-11,-0.09013269969681648,0.14446602767338357,0.05543485574965579,-0.054865330845270455,0.093223295793666,-0.14837170062084293,0.10221967416033606
2014-07-14,-0.07638314093935583,0.15581564601916487,0.0676204894496979,-0.060648500624366886,0.04353869694709467,-0.09879654060767384,0.06904019196188926
2014-07-15,-0.0876858647661396,0.09594172484364516,0.05892482551863687,-0.05010593188083723,0.029609025248995946,-0.06236064306285316,0.10005440761955864
2014-07-16,-0.04927805043648692,0.12298844515031027,0.06849237548473264,-0.03847351373384622,0.02539478016174257,-0.13979268333172823,0.07454202853956315
2014-07-17,-0.01744241906163324,0.1310213575710092,0.0710821841162308,-0.03854723298631002,0.004605213708010536,-0.16876337536822827,0.05897762744648671
2014-07-18,-0.052360545467462605,0.13551488017174795,0.08754862387299989,-0.024311284730684557,0.05054002468593993,-0.18816844979673597,0.06023864743370333
2014-07-21,-0.07310771477011568,0.1343946248172132,0.07724449754027318,-0.015865495271949026,0.009694555241977432,-0.1377595943846741,0.062100533069201824
2014-07-22,-0.0877680949147106,0.1366777184437149,0.07207472562256312,-0.0159709433204136,-0.007338650805451041,-0.11319091441719942,0.07074962043302235
2014-07-23,-0.06632889997379698,0.12235268312452496,0.07126840464061135,-0.021889977211864364,-0.005298927927722519,-0.12258734392124504,0.05997018092642059
2014-07-24,-0.08275890792616447,0.13967050938055015,0.06827914524368983,-0.009464886478280365,4.862027380408973e-05,-0.10453499453497073,0.03974443696679941
2014-07-25,-0.09784875216204403,0.13183644047036447,0.05054574394015754,-0.012349598824465735,-0.011369860230151574,-0.06059899572014982,0.03750051539159338
2014-07-28,-0.1032945491563656,0.06667702061320258,0.05222598352196084,-0.017546635168401492,0.01039067316733655,-0.032176503686320634,0.038247158232883494
2014-07-29,-0.06852988350630129,0.07106115082458486,0.04118552559407873,-0.02098569423301666,0.03640654884555056,-0.07517432182359984,0.04777237990183958
2014-07-30,-0.057002877913763794,0.09596965947410441,0.04341989909408195,-0.01501346768905587,0.09923445392065672,-0.1398231012964113,0.05398520206374213
2014-07-31,-0.03479090721564193,0.09905379817631454,0.039238056297093094,-0.05853568129452058,0.04748437719883847,-0.0812715590244899,0.03939726514102693
2014-08-01,-0.06322919313288533,0.09446314343677109,0.06352334920704583,-0.09057505170539792,0.03820065735660866,-0.030524372073802652,0.043526590045730784
2014-08-04,-0.07388085590953819,0.06809939631248274,0.053500385786194316,-0.0835146452071921,0.029662096938507798,-0.019996754504199687,0.08016454249905225
2014-08-05,-0.10479590022120644,0.013335900900943942,0.009776226781910036,-0.05121752943075586,0.008661693161181594,0.04679163825025823,0.10469209365994447
2014-08-06,-0.10333815985737738,0.0034288645887731173,0.008308959823902229,-0.04511396821974001,0.010276682322161168,0.03864024723191384,0.11880613389373051
2014-08-07,-0.07175976730657152,0.014410096719349896,0.00833666922847276,-0.06915848533713675,0.002044603419550539,0.028949665463263052,0.12464861764152357
2014-08-08,-0.07752573149684816,0.002799566787810459,0.016746461629298937,-0.05527853013879214,-0.005544029084095958,0.027322881076580652,0.1282077484097408
2014-08-11,-0.09631631475357172,0.003785047180804635,0.0005608720138248202,-0.06852616027246694,0.013914002995989883,0.052168333237190945,0.11620984207258456
2014-08-12,-0.11357370614200918,0.013082992986108377,0.00792411787461611,-0.08325574951395798,0.009946915147571345,0.08102934814615859,0.10320621628593207
2014-08-13,-0.11945906256857303,0.02002618052877192,0.02603974534812059,-0.07272027142537535,0.014479051498045348,0.0623677712182209,0.07793633430376845
2014-08-14,-0.1391592302695937,0.03494521125732819,0.03224754202317581,-0.07572598512989959,-0.015869270739535923,0.06695644464711514,0.08808198555021796
2014-08-15,-0.1262708295454188,0.02071538891764746,0.006036999975885138,-0.04171051219181171,-0.0034814375536576514,0.038888376642869815,0.09708979980017496
2014-08-18,-0.13334583732687671,0.014486899770815964,-0.0020489541171603287,-0.00902374654880983,0.0052724034397885755,0.029137482660240854,0.09663410701292408
2014-08-19,-0.12453727337501697,0.01564572986766377,-0.008414267940191844,-0.016343248958600454,-0.0050086663921815044,0.04038267261545814,0.09255357082130089
2014-08-20,-0.13720591966665807,0.022577947602398507,-0.04538500852099381,-0.01533383795391785,0.0007095010378629363,0.0350758781162539,0.11109895669256364
2014-08-21,-0.13072500561158218,0.021529913013774604,-0.04162290634518817,-0.01119927795074177,-0.018846418284463817,0.0423983970179429,0.10362941938355408
2014-08-22,-0.10705177405791488,0.02349902898993128,-0.03700628102197512,-0.006436709931246953,-0.012799896775787412,0.0009945413483303245,0.10653547051213175
2014-08-25,-0.11616955331691475,0.025108993700057702,-0.02860931905821773,0.00287800460858062,-0.008066250901662353,0.022496453676243755,0.07725935799865047
2014-08-26,-0.11016282540065964,0.03201364897633374,-0.04388132619682106,0.034365821482951364,-0.010874683501932325,0.0004038511925530397,0.05387161431009846
2014-08-27,-0.11208992984453497,0.050775032813527465,-0.006651477090062419,0.030697503879440258,-0.01635296141565168,-0.05863446262412353,0.061118489919955166
2014-08-28,-0.09974192313197394,0.05845398538591029,-0.008676658985846464,0.028648128502174297,-0.003561521875300011,-0.06962246589573384,0.034729096244043856
2014-08-29,-0.09709921778444408,0.034959882861312686,0.006209583497324034,0.024158767525743974,-0.004646712441070122,-0.08404315786865113,0.06437108424427829
2014-09-02,-0.10072823529889696,0.03157885665089777,0.012891883264872894,0.038257839879724975,-0.00503276451012824,-0.0757018569100083,0.04998041437848055
2014-09-03,-0.09153036377446788,0.03125432065250544,0.029180866275007045,0.05707241335093188,0.007829101173684905,-0.07969761715623269,0.03067828270746653
2014-09-04,-0.09419355989981981,0.0308516803108011,0.011741966531953252,0.049729412049835,0.012297069014455542,-0.07454271834439608,0.038004258832861626
2014-09-05,-0.08419969818534728,0.04648553907453978,0.030291160919266313,0.03135545846097665,0.03409628338009507,-0.10894718184398,0.03628182827550952
2014-09-08,-0.08626409063367546,0.036005223037108625,0.015522542716873144,0.00973857907583997,0.05768816371010954,-0.09813469895750337,0.049045811904879444
2014-09-09,-0.07382033499621932,0.034973575817443536,0.018174386675800847,0.013349380612819484,0.0463690838960496,-0.12476492910166503,0.06634863983124517
2014-09-10,-0.060324014543325644,0.028725041399968454,0.014776408045040546,0.021810443718380423,0.05580815242664455,-0.11487878113595373,0.04279328708833241
2014-09-11,-0.04964028934505299,0.012244538618220946,0.008568696581628399,0.02969035322050345,0.08586070414291858,-0.12684037720311392,0.03286652290518499
2014-09-12,-0.05039382757674393,0.020556652263136632,0.04501601983294323,0.018266913570626375,0.07291782255788565,-0.1290582474291353,0.03416708769835486
2014-09-15,-0.045819043951435434,0.03147053064047722,0.00839824727818328,0.03351928803775195,0.07247503846258768,-0.1493099112446712,0.04304236091182223
2014-09-16,-0.04618515072469043,0.03343202299041825,0.048815788741420896,0.05740488987496856,0.054974829612942255,-0.142672512327348,0.013491101649049098
2014-09-17,-0.04569100866796383,0.03886625817509792,0.03447203852823766,0.053965653149894655,0.042962313894375714,-0.13580688339090852,0.016852975405288406
2014-09-18,-0.059781986457108416,0.0477061425602342,0.05003042415602821,0.04475901056125603,0.03554018403452036,-0.11396128452984322,0.0025382229949328927
2014-09-19,-0.07454473993890565,0.04517915242692505,0.05035564703120354,0.055482290617636265,0.02202552930637025,-0.10661004143183472,0.005153388127987046
2014-09-22,-0.0758664997280527,0.06150643036592507,0.06563946114276564,0.04068862172539889,0.012649950128954923,-0.12826248236065907,0.026603865976029484
2014-09-23,-0.0938308654289135,0.02887320344815336,0.05632582633399008,0.05959078080431829,0.0524386914477164,-0.14912129530150975,0.04004809625628458
2014-09-24,-0.08041296365391992,0.0236119767549392,0.0718974931744435,0.0723619997309406,0.036124429996213625,-0.17967943752902737,0.04492644407962754
2014-09-25,-0.09245585871283435,0.02315479206767246,0.07197155451292259,0.04482104911368462,0.07503936399960243,-0.18217779056170125,0.033014975302184
2014-09-26,-0.08478855578519207,0.014109413959142336,0.061075080668484216,0.06386505145972915,0.11499293620715917,-0.2135380060220302,0.026842225347421644
2014-09-29,-0.0907719388426913,0.013712778945628723,0.05082717839562623,0.06358280209896877,0.1198006685293907,-0.246394090203915,0.06406584822777894
2014-09-30,-0.07957060791112769,0.007189421359503401,0.05735241059900231,0.06413347130294855,0.08935308592746455,-0.21901305084057343,0.06053641224620976
2014-10-01,-0.09464515399847723,0.03369628018409898,0.05695924837530242,0.017062953650707147,0.0465331669755662,-0.17162606963597615,0.0766011498696102
2014-10-02,-0.132019641175681,0.004942186937854198,0.02911055434359955,-0.0016271200968290822,0.11065606532791261,-0.13382530000001147,0.06756882614838178
2014-10-03,-0.1460879627485357,-0.024346468254643594,0.010808756096453376,0.021053895691363178,0.07273004918749959,-0.10746652135350032,0.11288498181553575
2014-10-06,-0.1695612061822172,-0.03571493175440088,0.013422883003425645,0.01939209478220061,0.08153279949679648,-0.09548381101200809,0.12361132293419874
2014-10-07,-0.17921415392873996,-0.047229617518667166,0.01409050981110127,-0.011389957372001214,0.08397648538841168,-0.05247719711646248,0.12247139460165235
2014-10-08,-0.1673125055094722,-0.03688273417760668,0.009124147257483228,-0.0005386341214414503,0.06811091440688649,-0.06622728379845677,0.13445944606483973
2014-10-09,-0.17590210360424985,-0.06796843649313722,-0.004330743217999533,-0.02952523452498035,0.09022458786472731,-0.0514886806589846,0.1665972971690468
2014-10-10,-0.15637020307147392,-0.06521048019115594,-0.04035218759465631,-0.025301213837607694,0.07449184439026513,-0.05657065750549928,0.18681114884353445
2014-10-13,-0.1631411470305919,-0.06006146876321172,-0.02623510153356068,-0.03692229065114527,0.07248379364223084,-0.04067251083049528,0.16462687240440077
2014-10-14,-0.139862992297209,-0.0558711959096565,-0.016516540339832853,-0.0395480504784364,0.10387323263271525,-0.07895762641506254,0.13661040261925805
2014-10-15,-0.13484244127590717,-0.03243603620958879,-0.032822971680092405,-0.056706378184583905,0.11513691136014431,-0.08130016327661849,0.12172975109749562
2014-10-16,-0.11356590275860978,-0.0503416259321533,-0.021909596179617075,-0.05771514612584444,0.0799058631613318,-0.04410250504785995,0.11901869155664546
2014-10-17,-0.10569732001163873,-0.05628763154356253,-0.019530389631317147,-0.05170164477291028,0.07748094509672587,-0.009267799246421404,0.10609252210889109
2014-10-20,-0.07430934410478102,-0.061874424780740234,-0.015490092726325955,-0.06881067366884147,0.07134566181079516,-0.005080700420583839,0.11471680480887225
2014-10-21,-0.05986053127123875,-0.04452932458278003,-0.03880691829094696,-0.025024302872640902,0.06991199338807597,-0.033256819490015466,0.08911056509553017
2014-10-22,-0.07019942532700352,-0.045929869432554726,-0.026769985726053824,-0.030662247492374506,0.08186091510999788,-0.06426885531609439,0.10358106605705086
2014-10-23,-0.0549036657930399,-0.03455605999061806,-0.00432736735907846,-0.052815589722006284,0.08657635606792702,-0.08068129721702177,0.09756757308859809
2014-10-24,-0.058269611851500425,-0.0094631633221951,0.000940187186998287,-0.057631858018611315,0.06729408311410112,-0.06396855054748851,0.08532137652053273
2014-10-27,-0.053918210217545615,-0.017724184292053802,-0.010459186822110222,-0.05944648060930979,0.07113477651809424,-0.07936632193037985,0.10859739233929444
2014-10-28,-0.04160668803172385,0.02043005479423954,0.018491041796223073,-0.07765771193540799,0.06215850257129085,-0.07095949147519165,0.05782996542883012
2014-10-29,-0.04922255673829534,0.0017407100270333542,0.00788526652076127,-0.06680945401651939,0.0682145687237824,-0.0913987194365804,0.08779488497763155
2014-10-30,-0.033076067367784845,0.02740507370925127,0.03290044333848818,-0.05527446533637875,0.06359098927317902,-0.14361707149448977,0.07528449375976742
2014-10-31,-0.0499170051186113,0.040942091454352236,0.03855205346433588,0.0015594587145891237,0.06556303937921476,-0.13099949824807422,0.018463906495095772
2014-11-03,-0.029616969995762354,-0.005710045142009235,0.027205632903365307,-3.201496467042375e-05,0.06119704691691191,-0.08689955749515477,0.028470343120195585
2014-11-04,-0.040351031979676044,0.03598635152870033,0.020333290432137052,-0.055193351919628764,0.08754026928401498,-0.10794514368895092,0.04789707200338178
2014-11-05,-0.0186328280247543,0.03172815524977601,0.03041331325713792,-0.05084219059824502,0.08657527200223453,-0.12919299761677672,0.038143910058529906
2014-11-06,-0.024373494623043168,-0.00390105038410149,0.0358563262371584,-0.04143464176902445,0.10208722815884624,-0.11234340699518075,0.033812415217202796
2014-11-07,-0.04013297981168962,-0.024283467839578354,0.01084338680004271,-0.037353551722791534,0.1371459421104363,-0.09243917201127738,0.03606736433028601
2014-11-10,-0.04244752967113663,-0.04005912275994172,0.030412330734332693,-0.032713281027236585,0.17204134660344272,-0.1334127504505891,0.026664322046832112
2014-11-11,-0.03513376891053588,-0.03609045675635869,0.033419786940098506,-0.03498221079539365,0.1400293844055409,-0.11774673284306036,0.03197048787260015
2014-11-12,-0.02616737389961199,-0.019962539821523073,0.04281233619940805,-0.045915171814268296,0.12481464391627561,-0.11745818687102072,0.019439660276849402
2014-11-13,-0.0035923134253138533,-0.012091867814619017,0.057237357204733774,-0.05288147608542476,0.11270606140672268,-0.12676659092824138,-0.0017470392009009128
2014-11-14,-0.01768477286596426,-0.023515086065994395,0.05690537876829871,-0.05707203206168027,0.11039059777610938,-0.11200125730146326,0.017713292980557904
2014-11-17,0.01472351629100166,0.002943301232022022,0.06882374893679122,-0.05093446959596287,0.0786548803909426,-0.11983025753656817,-0.023026372593973443
2014-11-18,-0.009359229484737108,-0.001500503671656661,0.059197610984017435,-0.07171398091253123,0.06226289952541553,-0.0760251689294984,0.02205235326375954
2014-11-19,-0.00944473482424546,0.015760552804350292,0.05441368917570011,-0.05999995984953427,0.05569082392693836,-0.07875142930658297,0.008345095427288785
2014-11-20,0.004959819670541155,0.005534593874075955,0.044451464636644955,-0.04361399608890287,0.05465463263800441,-0.09480099473829906,0.01138586182477086
2014-11-21,-0.003308150746251015,-0.0026511380145853858,0.06275753189108968,-0.0336372499130696,0.0820863700233454,-0.1005567745559055,-0.0126453136192477
2014-11-24,-0.015789155768611174,0.02640189227629719,0.07217266474316042,-0.02150615955860169,0.07227988151194797,-0.09306626642137505,-0.04959229906084195
2014-11-25,-0.015522911392757965,0.011266562186988405,0.07220593764156558,-0.006458223882540914,0.07853662510486314,-0.12441183612678963,-0.026699235965994328
2014-11-26,-0.002916739481891417,0.00472942070739335,0.07383731438657581,-0.011679119653062398,0.105962162318472,-0.13146216367940222,-0.04510017964928603
2014-11-28,0.02379999487518758,-0.0014369812099801482,0.0893098163947158,-0.05030652192204904,0.10067516840693713,-0.1617078819475679,-0.0256108276797411
2014-12-01,0.025499974309988294,0.012297649718335801,0.09407348706641183,-0.07754609989812694,0.09061492854126296,-0.14121137267228412,-0.03433684781604751
2014-12-02,0.016344825168441046,0.02846451430748531,0.09475532942669862,-0.11526819126159832,0.09561768565267581,-0.15176310750050614,0.0035433414780154937
2014-12-03,0.024814267142592494,0.030919234296212905,0.1104560120781255,-0.10699037289285562,0.1273081237877577,-0.18316140588765784,-0.031006919474692696
2014-12-04,0.030540839320955193,0.026906899089818248,0.12405365980766869,-0.12102004526208632,0.11425767313039015,-0.1448502542110799,-0.047152895335589085
2014-12-05,0.040834792535893616,0.05849118604981729,0.12107714435436057,-0.13855102714634404,0.09728055619698628,-0.14251077319190664,-0.04355385020184621
2014-12-08,0.025560227459133777,0.09212185966615727,0.10100146811881627,-0.18395711517735508,0.08502182659559943,-0.10117106501831596,-0.028468452057518023
2014-12-09,-0.010035017115108569,0.03205438202316124,0.10344423926424207,-0.2100222957025099,0.12103773273225571,-0.07718123923306464,0.02319184987870515
2014-12-10,-0.0005956374252236718,0.015822898969701793,0.08043774781406876,-0.2524912457533244,0.10261004010123093,-0.032824295729029784,0.0619331717745657
2014-12-11,0.015783070852255388,0.029254652462940012,0.08410305709501442,-0.24634279590830643,0.11716723441833454,-0.055352519016388935,0.029836456072779294
2014-12-12,0.037028819715390515,0.06873392938660916,0.12259132800922345,-0.3430807453061043,0.09728710922227934,-0.05686331107115261,0.03972387311431236
2014-12-15,0.018585990862704294,0.08035924458608201,0.1246056173083272,-0.38988013754774004,0.1058245455098647,-0.05134812506964448,0.060626184944999384
2014-12-16,0.02285733442475235,0.08129449464826177,0.12010812681659222,-0.35269412179095744,0.11691957114932888,-0.0926910243747654,0.04220233696444842
2014-12-17,0.030790791238919757,0.056844454396881905,0.11833064238676905,-0.3056223640145135,0.12078902601080665,-0.08963872082516666,0.009596846636297673
2014-12-18,0.0415423130279019,0.09452002118522729,0.12928799050483886,-0.3096693562442161,0.13880358125902947,-0.1464202581995262,-0.0071309287942753485
2014-12-19,0.0752412929601588,0.14143896598538153,0.15513697012982475,-0.3189722097854427,0.13559106816693883,-0.2061768626641376,-0.041049293713015134
2014-12-22,0.08982808664482334,0.14026080839936406,0.13814875276711414,-0.29985127177114557,0.18088294722752835,-0.2836760988817485,-0.02876331860302561
2014-12-23,0.08853667669493759,0.12048130208649399,0.14258388124711197,-0.20022219831997035,0.16910911220484204,-0.3373335293387989,-0.04814099567861474
2014-12-24,0.09781900940501692,0.10959939960247644,0.14495013166765958,-0.2208132459873938,0.16616874703393647,-0.30838053553554334,-0.05264876755260728
2014-12-26,0.08056663513849971,0.09141710817399284,0.12195010819439234,-0.2192046630742025,0.1418744949822781,-0.24327586650862132,-0.03185382767057665
2014-12-29,0.08933019358423322,0.10582616665022082,0.1179655034781334,-0.2134592898746201,0.12407062653489875,-0.23762730428412626,-0.0426588121982594
2014-12-30,0.07528887383155453,0.12446688141933848,0.1337624691629823,-0.20579654654487708,0.12328800355533426,-0.26530826873500923,-0.05626452266255977
2014-12-31,0.07868588318972936,0.13140983255865757,0.12415848263069151,-0.22490846382879792,0.1700494343724384,-0.3198103864872316,-0.027940755378202065
2015-01-02,0.0790176673425983,0.11260510348274,0.1319408499408028,-0.22854252539709363,0.17372120538259822,-0.30374211098087933,-0.04512742137183667
2015-01-05,0.08316982533671347,0.11826078328894118,0.14495901845139714,-0.2694744154644836,0.10796771098777141,-0.27514754119348817,0.0033519363233900368
2015-01-06,0.08757205974682142,0.11487331660969136,0.15852592512327024,-0.26942682895307296,0.09081102640685584,-0.2663621537565729,-0.004380722915296786
2015-01-07,0.09473537158108125,0.11478176160496523,0.1477714715912476,-0.28795753327208395,0.11777502602577572,-0.269988556703884,0.00326689806174274
2015-01-08,0.10313368113090698,0.11370280424542667,0.14087906895929359,-0.26817207645167807,0.09521919837178539,-0.27275882162133336,0.01728836461061123
2015-01-09,0.09596598892048275,0.11240818033491073,0.13509101043478744,-0.27026518063037663,0.09351471122915811,-0.24525090365265323,0.013944677705161945
2015-01-12,0.10019170388349508,0.12403308649080502,0.1382032572337576,-0.33010505726566974,0.07046709304779902,-0.22683317897281885,0.06267728122666671
2015-01-13,0.130621872560233,0.149743396739221,0.15778917306548246,-0.34520939174378645,0.02680355402498341,-0.22851263277976785,0.05009992782345596
2015-01-14,0.12162092516316253,0.1334540841209445,0.14714674142279338,-0.3141489209628269,0.022307923778386918,-0.1738348526756669,0.008250290043966713
2015-01-15,0.13193993555043665,0.14997535617553182,0.17546764207145216,-0.34298869302485235,0.08759754413831061,-0.2544257590484331,-0.018498444096008315
2015-01-16,0.14881304515498683,0.11995983464612392,0.21093733247697255,-0.3126218948305238,0.048916458801147256,-0.26576547221772817,-0.013760912898143296
2015-01-20,0.16091584931234215,0.08448131421524163,0.224218423854885,-0.33093339196419214,0.01209952898674771,-0.24683130524202368,0.03412310539559482
2015-01-21,0.15279294966826074,0.05480224362629449,0.20701415483999097,-0.3070156731735514,0.028014580718251247,-0.2566131185255499,0.060116052227992656
2015-01-22,0.13119659038561,0.035118814391152386,0.2078213053176624,-0.27230559341609806,0.01962640921960912,-0.24002605153538825,0.055725950309951644
2015-01-23,0.10165234578643972,0.050640496296906035,0.2119950032548411,-0.28130271069220253,0.028255831084242178,-0.24438273677241695,0.0672698902444322
2015-01-26,0.1128606227699448,-0.01600211318011624,0.19461927051381278,-0.2916347847706503,0.044309465509457135,-0.18119646273069268,0.08194208010716619
2015-01-27,0.11511357648715964,-0.006655974173171986,0.17529395767766398,-0.2550090432027381,0.04149166726208775,-0.19774879626350117,0.07323044612299379
2015-01-28,0.12014107551637787,-0.006558828140703521,0.17628136490772794,-0.3078193306603015,0.026406712274073207,-0.18801196422497224,0.12334106571603143
2015-01-29,0.1240980998158478,-0.010953157868238472,0.1825753470854119,-0.3305106165756195,0.025858665641315337,-0.16359242202709412,0.11879730544712142
2015-01-30,0.11598237371556619,0.0015973700878828545,0.16092686703019454,-0.3075996318842986,0.055291542996117715,-0.17831592322982104,0.0931038402192279
2015-02-02,0.1396666705364255,0.03155596375452885,0.16402599834793719,-0.29514092804881464,0.022581973336455063,-0.21120355024118476,0.09457474492829676
2015-02-03,0.12726419518884113,0.028847027020629357,0.1454029799204356,-0.2534907853176007,0.06055619193805195,-0.2326446501256585,0.07877806328939485
2015-02-04,0.12489544307218464,0.04331886982070132,0.14143087422275125,-0.2679794037187997,0.07583686995817873,-0.24273690000315884,0.08831268314590379
2015-02-05,0.1186572884895809,0.014638754813867116,0.11258764216145367,-0.24736259040882322,0.09761454385650226,-0.21187108792602982,0.08550097492839304
2015-02-06,0.11008167418726722,0.040552894602471135,0.11981485368431066,-0.24856752086473732,0.09430597594718759,-0.2269342881916535,0.08223247599393635
2015-02-09,0.12406028561539745,0.05827187986903182,0.12763619180134667,-0.24193708930591523,0.05342992963836812,-0.24551194969717383,0.09265300137893173
2015-02-10,0.15090137892060101,0.07086181147368964,0.130580336085232,-0.2398332980719536,0.05448514254397374,-0.2501315675283984,0.06207761914457599
2015-02-11,0.1536070423138327,0.08150803675635698,0.14918650280700074,-0.24003150091503875,0.05045126381342124,-0.25376652820862955,0.043624453739460556
2015-02-12,0.13878078800067511,0.12358995886418067,0.16953367710357625,-0.20994862063563335,0.011160103087917816,-0.25529689152230217,0.018368073257550632
2015-02-13,0.16454608141347393,0.11251561115471553,0.15321238993250785,-0.1690423546390401,0.03131880445449664,-0.26539378783327183,-0.015327253770675897
2015-02-17,0.1899919865797508,0.14456235936475292,0.18686112126879684,-0.15153866553164994,0.0018391465526389483,-0.28513928180429493,-0.06982174960513188
2015-02-18,0.18232030507266117,0.15380289017189985,0.15777083523766222,-0.16158771321140677,0.014905362396963162,-0.2845937862483622,-0.04410125912818086
2015-02-19,0.20128804727790883,0.15327957514642276,0.16398393110918474,-0.1806648759285085,0.00857420235634443,-0.26566162195222265,-0.05700391276377048
2015-02-20,0.22000984694287795,0.15781240787551643,0.14072120585262782,-0.18412358014768304,0.0036563648154387396,-0.22474676091112045,-0.0779894416829332
2015-02-23,0.24278067800150993,0.15582652575355516,0.10686651989167761,-0.20671289358061873,0.011305043667438563,-0.15741722780208312,-0.09115330102762553
2015-02-24,0.23147654859644584,0.1270040862537225,0.10802938532905437,-0.19928254252714006,0.024381564596013594,-0.10770066599695971,-0.10792730113479232
2015-02-25,0.21601617564543762,0.08987551179077213,0.1442541258594945,-0.1899112378719146,0.03515744406269106,-0.13094149580564207,-0.08639280256632276
2015-02-26,0.18725460265481697,0.06350875683082391,0.07409806797489016,-0.2130125225793672,0.06019431971038269,-0.06708277769289095,-0.04345662541216622
2015-02-27,0.19343918049587083,0.043336398185413794,0.059473574073544366,-0.19067602809218331,0.07429083081139931,-0.06467767137020575,-0.05536040664044317
2015-03-02,0.1944557931058668,0.02722828883630357,0.06164849737144418,-0.1822561728683587,0.048009575078863276,-0.006265430078368994,-0.06798041964841861
2015-03-03,0.18079473053732664,0.00866534948732034,0.026090785608091638,-0.16687423029164353,0.052565368963811476,0.03808888467413418,-0.059107805598752616
2015-03-04,0.16767244284087324,0.024678242384512217,0.023746585881907922,-0.1481158532426998,0.053177925447927654,0.0012386206030552405,-0.03901453441945568
2015-03-05,0.16543068864634158,0.026348303326837463,-0.00613252037336931,-0.12227393822163077,0.09341387012993985,-0.004009254932453854,-0.0344807808914267
2015-03-06,0.18086722874811056,0.03803499068231031,-0.013677165941647695,-0.13897347004507157,0.10362714665613337,-0.005697271029902584,-0.039461673737510194
2015-03-09,0.18841014579205162,-0.0013838946936592933,-0.016065019089454236,-0.13686013167399866,0.13951913720158904,-0.007978011344947245,-0.01716520474340233
2015-03-10,0.19576727879073919,0.022071144253190456,0.020746140014731074,-0.14720137060103142,0.12503080585240978,-0.04430928943003276,-0.03631558686322367
2015-03-11,0.14912333996473148,-0.026824137918569413,-0.005904302754923929,-0.13144040445832178,0.24470409345944055,-0.04222231955188471,-0.031192178823731265
2015-03-12,0.17151625350760846,-0.027679796868107065,0.00038101496099263166,-0.09973514379989917,0.275405969268673,-0.11197762610950512,-0.04686803166492681
2015-03-13,0.14204062997503786,-0.039756827740500045,-0.005589501248722373,-0.09694158029874897,0.2700086817177033,-0.10164258749205901,0.0030318041545864816
2015-03-16,0.15607326175468816,-0.024348120319713784,-0.00020124898186968387,-0.052674686043517285,0.2413044799756452,-0.08010904921835094,-0.03549941831734493
2015-03-17,0.16525283250625622,0.008235537091496381,0.023430446843518915,-0.03034150042568079,0.21138745312835772,-0.12363694996085894,-0.024418605936614934
2015-03-18,0.15421358810572405,-0.013759989147204,0.02633768827941463,0.0004775664185469042,0.178290094541669,-0.08282192831098145,-0.03855310877495999
2015-03-19,0.12972419963009574,-0.031652853425029326,0.002988508505253673,-0.003237599728671353,0.18618692152222627,-0.04700977433074072,-0.011797118640386017
2015-03-20,0.11293155717985459,-0.05983847412120391,-0.05902793475722401,0.030046695466889817,0.18280027961699208,0.019742075296395267,-0.0029069478752676847
2015-03-23,0.11740984457904602,-0.06600619605866331,-0.08556603388195128,0.005962205919801095,0.15335273100078584,0.061896899499899405,0.012951557650317413
2015-03-24,0.0900755085157765,-0.06116138993887765,-0.06587335573939246,-0.012411773501073753,0.12388985938917041,0.07577334972811611,0.03758683300458854
2015-03-25,0.09243244098875592,-0.07111446071988148,-0.04517372614064996,0.0024212983570893742,0.12059356954995692,0.06973303409137788,0.00857502969229973
2015-03-26,0.08099855054739369,-0.05703919659469414,-0.018862938722148836,-0.029633577804889843,0.11158019957861676,0.07964663110545445,-0.014621166877151204
2015-03-27,0.07046356010290544,-0.05147112656125796,-0.033187181692060586,-0.026348432132751398,0.11741117696525016,0.05891846487450203,0.016916557719828695
2015-03-30,0.08681633918875364,-0.03478516134057985,-0.024887965664180278,-0.017129769016813318,0.08734456518758749,0.0635051739360929,-0.0032675326525919424
2015-03-31,0.06073189936549794,-0.066978961454498,-0.014018432815802395,-0.04089748204392149,0.153065227977621,-0.005045683941471535,0.05167402100850493
2015-04-01,0.04656348821042133,-0.0551527811472865,-0.023250688834655975,-0.012170995509518195,0.11281334300369728,0.029927138166434775,0.03839919344824594
2015-04-02,0.060900637789732204,-0.07141596588075183,-0.02686335180207511,-0.012617658112165003,0.0965612816964323,0.03327020442184525,0.058988494199023966
2015-04-06,0.0356807260369707,-0.07323817030490809,-0.03463029974627707,0.031270678407076063,0.13086429956714896,0.020535200373088203,0.026197161046336293
2015-04-07,0.031456321191894565,-0.06606281879915255,-0.03490565884426822,0.04824930652165932,0.1567462774223809,-0.016621019660330694,0.009061901447905196
2015-04-08,0.014596928440485213,-0.0796369389124032,-0.041611512740754586,0.043780474457024876,0.15175784300438022,0.010966434867643149,0.024303416617972307
2015-04-09,0.003068550588672281,-0.0983381444615179,-0.032992890581324374,0.069769040309301,0.12699037265967839,0.02168984497870108,0.025556389954157988
2015-04-10,0.014554143438965328,-0.11089582018455313,-0.053923985025077226,0.09758370967108435,0.08072598074017634,0.049957477964412966,0.028836838192734637
2015-04-13,0.015660072596428876,-0.09217029163566859,-0.05884450161610211,0.09337557497618737,0.07887299256639713,0.020429630092520412,0.03380342450581386
2015-04-14,0.020415198024916092,-0.10260126879634601,-0.05604502870458372,0.08421543615397353,0.1242697105097641,-0.009359440671168007,0.02102313498437902
2015-04-15,0.0030939063580626147,-0.07986619211853618,-0.05136164943470134,0.06825707173369053,0.11032161053522271,-0.005459815665357914,0.030494891360562715
2015-04-16,-0.003457815640671935,-0.07506449940728688,-0.028227967733222892,0.05921724404810977,0.11198461276230431,-0.04101715688296703,0.044197445396757296
2015-04-17,0.0070140130431814995,-0.07438185673075237,-0.029103942341771383,0.03320216912999202,0.10618677635683738,-0.023762410511245946,0.04377514673945204
2015-04-20,0.014853857932712655,-0.06412881557426342,-0.03386818211636822,0.01299750462582136,0.11043924289359941,-0.025491900535300815,0.0420380317686484
2015-04-21,0.030599810555924978,-0.05351057807727,0.010746463421677177,-0.003624775773785144,0.09353218099284666,-0.05719481305295604,0.031876378498241875
2015-04-22,0.02079188113801389,-0.052575689474036125,0.014131020292447394,0.02803981273710293,0.08761585447426623,-0.050112936160342625,0.018909076309831407
2015-04-23,0.019656547219002674,-0.04747732251041792,0.020126472248333416,0.04245628563527101,0.06754306514839303,-0.033176629666861523,0.010364776710099832
2015-04-24,0.014502650274758055,-0.04755335232707103,-0.011192496149240005,0.04479743538000713,0.06369061248660568,-0.03988282931486864,0.05497141021942076
2015-04-27,0.012978834880168266,-0.03473030390554799,-0.016074240551391172,0.05362943346493665,0.05839610747238844,-0.08894590635065658,0.07916435482446005
2015-04-28,0.015000832532726438,-0.025160704963119285,-0.008543007448792217,0.055949870257886475,0.08341410505498703,-0.09762868677662107,0.04284191573800289
2015-04-29,0.018486221665400926,-0.028570886359905234,-0.012396493497303984,0.062129536383121325,0.06713888844990445,-0.083352229395805,0.02835677345025589
2015-04-30,0.011742863300668871,-0.02944726856976576,-0.011970607200093797,0.049205043252576325,0.0709039035122514,-0.07941120469074392,0.02616251154999416
2015-05-01,-0.023697136288515663,-0.06371474318328363,-0.00853088187866402,0.06403426121542613,0.06642479002119472,-0.04821097380274575,0.05482644861703667
2015-05-04,-0.004454738336469255,-0.04801024764606199,-0.04084318453364122,0.06341191914157251,0.046096822407782456,-0.05626858442314009,0.08390850251159665
2015-05-05,-0.02984700164235865,-0.06834847380047737,-0.0511912301654629,0.06502320285103674,0.05428909295652207,-0.008782933861585906,0.07191539193511987
2015-05-06,-0.046190699945893865,-0.06328037723346558,-0.06305967373116061,0.05852862409230944,0.07270532288665144,0.0021749054003485924,0.062483426238028716
2015-05-07,-0.034456325804433474,-0.048518582068364235,-0.043793751972737605,0.035891698643526565,0.06310002085663724,-0.015278382489572806,0.05942963099240006
2015-05-08,-0.026861449612700206,-0.043408067213588586,-0.03319256850919183,0.0326229309501217,0.06160191101128931,-0.014077565273719173,0.04555936699750096
2015-05-11,0.00897441785379871,-0.03249821198737224,-0.027852555549034985,0.029287282055822816,0.03244436695283448,-0.0056547360233166755,0.020040894089935257
2015-05-12,0.005470841323786502,-0.03748094406657265,-0.04278096898138273,0.055890870599108966,0.019815584063925806,-0.01081943803080565,0.030187091793040022
2015-05-13,0.011941117507031196,-0.03170005188303593,-0.022929359249782344,0.042961023914945634,0.02926764748508104,-0.029396365756283682,0.02115425559288764
2015-05-14,0.01535044582939138,-0.03652828987370249,-0.03889026278218388,0.036947693115454316,0.014726865164176095,0.0055090010721645655,0.025092906938023685
2015-05-15,0.0025993219989470795,-0.04193873055824082,-0.0594223994335652,0.03022716844929499,0.02183627909681407,0.040382223845172316,0.027035241723409653
2015-05-18,0.018156229808403035,-0.036421396817426066,-0.06187645680027676,0.01938667638600186,0.011635170291665942,0.058308858978957545,0.01711805943832223
2015-05-19,0.03621225568793229,-0.030353052982502238,-0.044270178322096454,0.0030727439289429115,0.0019458551389388568,0.04504289485058299,0.006044644241001373
2015-05-20,0.02281640861712475,-0.020522711072805233,-0.04442649462825021,-0.0026122963531045595,-0.007779401133968689,0.059637800876205294,0.0053414806767728695
2015-05-21,0.046194477774952336,-9.838580510224126e-05,-0.032800886578879584,-0.020632256806821292,-0.018223037702626232,0.030749489926371942,-0.0020376395763328503
2015-05-22,0.03165143953617733,-0.006522339727646598,-0.04285418129651686,-0.02268053049409241,0.028814251812456337,0.012181631222637157,-0.0015265148315657395
2015-05-26,0.04099942814247437,0.0010197921123731302,-0.033403298504959045,-0.060665629353251954,0.036569881927100756,0.006489473681465241,0.0035098309504582037
2015-05-27,0.03965370937084378,0.004283873672569882,-0.04038433944345465,-0.060422037633083014,0.039262510191478306,0.0004891120697195772,0.005537452490240291
2015-05-28,0.02724925868348982,-0.004078101391070232,-0.039171641836110105,-0.06463040630646968,0.05643239471766859,0.01030122364960373,-2.2046281551224567e-05
2015-05-29,0.006153022235961592,-0.03519367903432791,-0.07984618184340442,-0.05612891783918353,0.12186576160575746,0.028561075487696264,-0.009359490357388811
2015-06-01,0.015850303439969515,-0.021699132043353053,-0.06800686800141142,-0.05325442682683046,0.11593454812426418,0.008716584971419139,-0.016827411456769914
2015-06-02,0.02823970053343916,-0.01264334543408352,-0.03339890585666949,-0.012936394165597637,0.05824775123372561,0.017738815595480184,-0.035291135167803134
2015-06-03,0.03466035259528222,-0.0034711225007724167,-0.052917188283834626,-0.0370157696155938,0.053092535075080605,0.02584581233992367,-0.02566137374169064
2015-06-04,0.042075391091411785,-0.007600678618349788,-0.04994664251503633,-0.012631891422893837,0.0344542292444765,0.024165385985759458,-0.020309583571814782
2015-06-05,0.0425053355556837,-0.005732325521313086,-0.05723397031661959,-0.00959532154336698,0.03792920299061153,0.012180925080314542,-0.020016254718703275
2015-06-08,0.03393394149637463,-0.030477936608412692,-0.07103102730607125,-0.016505580088712474,0.05545466553465639,0.019247677527164386,0.003288648514296
2015-06-09,0.01599655524221455,-0.031227746149367075,-0.07413336474539256,-0.006881435785290935,0.08161005477159033,0.027521552336286836,-0.011280219103922517
2015-06-10,0.018162790324572686,-0.03610152850975901,-0.04803949951737829,-0.005952817330264232,0.08751121688903951,-0.011115815103724724,-0.009448722537700904
2015-06-11,0.020792344667367235,-0.05732146829262108,-0.059042245354814726,-0.014507552516399819,0.13710588319078498,-0.010975669909320418,-0.016950878125445046
2015-06-12,0.0068006737015993135,-0.053541472159968295,-0.0652157141152887,-0.020841924172329412,0.10343500425172403,0.029853817826508533,-0.012538582077372462
2015-06-15,0.0206504069991138,-0.057054014795583585,-0.05331012146642178,-0.043463422193201845,0.09654447272645483,0.026677285170172538,-0.014961429156605366
2015-06-16,0.019264755381317444,-0.06909831467813832,-0.03651936693360058,-0.07029655371281807,0.10309647434434499,0.03807749340906785,-0.015287650853927026
2015-06-17,0.01618604642522814,-0.06976064863367593,-0.024000269014758713,-0.12239604460489562,0.13568320079090102,0.0025483567842541355,0.008909922878452381
2015-06-18,0.012195247458230307,-0.07499105055976152,-0.02736404715847529,-0.10409429332113695,0.11905322555091913,0.005822356353904379,0.0010229970035930958
2015-06-19,0.0007043160972450835,-0.05495653813910695,-0.030302975620543293,-0.10619925419502083,0.15651305891535183,-0.017334185286938752,-0.0073147171327583305
2015-06-22,-0.007308480159008646,-0.06311239624212917,-0.024295082127208767,-0.05653886417972792,0.11589089970057209,-0.0041807308466065285,0.003456414453975043
2015-06-23,-0.01242235858303431,-0.0804891619674395,-0.019697890810669527,-0.04745607803439486,0.16007070900074516,-0.03340996290925624,-0.000167748452649219
2015-06-24,-0.01357990448462032,-0.09547680930820868,-0.026675286724148872,-0.04629316088454433,0.1511527767945533,-0.02149809198684627,0.010636866730189931
2015-06-25,0.004341542917887686,-0.08677553732678622,0.020669135469705058,-0.052554926917179084,0.13263923219258134,-0.054142218911501394,-0.0061415721707986926
2015-06-26,0.006867108577098602,-0.053289749509213946,0.0052836858652118845,-0.07000486743754086,0.11309060505524404,-0.039390967096212925,-0.009197253856105592
2015-06-29,0.00531869523731654,-0.05980383502692144,-0.014401616234241521,-0.08987665401003073,0.13790332947732398,-0.04921025430329684,0.012952264340561959
2015-06-30,-0.005894323521021594,-0.06917242706359805,-0.027447256294672595,-0.07019088425185768,0.14523784121868166,-0.06093888890840682,0.03285779561509128
2015-07-01,-0.02934922537821838,-0.07538987565572353,-0.03109818896011407,-0.07850059573603951,0.13589653192445272,-0.02622161113574395,0.046503040626935555
2015-07-02,-0.013521500797088803,-0.0844778778038201,-0.04019532980394147,-0.0690701090388838,0.0964198405108303,-0.01759817599217095,0.07044868033642127
2015-07-06,0.0073917552244722184,-0.09402366931855977,-0.031080303629960504,-0.08512069540464895,0.10896282560680381,-0.044052999261326,0.08936869418673932
2015-07-07,0.024190314813437475,-0.08732881751580746,-0.025383532517297747,-0.10960419857177334,0.10882250605877108,-0.04459652528300029,0.09176389599263612
2015-07-08,0.03753458698054124,-0.05909087439016303,-0.03722629615360784,-0.14714985620393145,0.11183838542387026,-0.05077092506097003,0.09503382530521631
2015-07-09,0.03027428823875078,-0.05538336967652624,-0.012943213033838274,-0.1448871468054683,0.08364674109152115,-0.031912153483738215,0.08944310577457637
2015-07-10,0.0331588365467852,-0.04100031065786269,-0.0005391394345855005,-0.1230866762749599,0.06109084376269758,-0.040036396944528985,0.07367509548489215
2015-07-13,0.029897441084083987,-0.04154812379015882,-0.007005722973784989,-0.13002484533924796,0.07681290564301424,-0.0489250236243598,0.09736267374884267
2015-07-14,0.02627914579980084,-0.045810910710693764,-0.011145048454921147,-0.08550780162233781,0.04948175301648705,-0.031196191583948374,0.08506451010010996
2015-07-15,0.02545169051326801,-0.04541711919069169,-0.023831205802681055,-0.09679618726046979,0.04533779958568429,-0.018695146469566826,0.11383816242832023
2015-07-16,0.0024234764625441496,-0.06551012669506195,-0.006537737146475431,-0.10388742010624266,0.036675819411358335,0.026232283879364382,0.1205168614175458
2015-07-17,-4.5064843250619546e-05,-0.06843285877636607,-0.013217904334539288,-0.09944545458935089,0.03032759924838535,0.020761945672007287,0.14176553456100827
2015-07-20,0.01979186396770194,-0.07252344867651606,-0.017883117530824277,-0.15161684890838176,0.05375247229726665,-0.004840587145568898,0.16316451072523463
2015-07-21,0.021164910220466515,-0.07176332150947273,-0.01109516704183866,-0.15657815980824735,0.0306622430738559,0.011983148345968142,0.15565666821904345
2015-07-22,0.0345944799787703,-0.07362655592990541,-0.014630031393755516,-0.16366265240809572,0.01822583757505991,0.007479283758908384,0.16049354248529024
2015-07-23,0.04023168069908478,-0.09865190475287766,-0.01244495619323538,-0.15117108846907135,0.025603596030805864,-0.015397587745508146,0.1716739138257175
2015-07-24,0.027718648887059216,-0.10636764322897507,-0.01229236480909035,-0.17868018785168618,0.0728050515656411,-0.02846100373387428,0.1698796002115941
2015-07-27,0.016982197501162477,-0.10920090618283163,-0.030466662623467977,-0.21688421531742894,0.08355761489390545,-0.02238340230976843,0.22235732709778122
2015-07-28,0.013438269406107373,-0.10694373685146341,-0.036079980213294394,-0.2338605468999938,0.12919978120417253,-0.010439891419606218,0.19665816122178192
2015-07-29,0.012663802025665083,-0.11509077417299185,-0.04886370077255908,-0.19022055402561705,0.10783874649932979,-0.008105970859510592,0.1941552636359991
2015-07-30,0.0555583711576062,-0.10137619933941144,-0.04109894050089291,-0.20471035995331416,0.0829529775212392,-0.023232744637850633,0.18741080913146524
2015-07-31,0.04692065223719133,-0.0929395082997081,-0.04870714996778125,-0.21868592305476323,0.07233912390516739,-0.005072860442165261,0.1945608103791836
2015-08-03,0.07647342738486274,-0.07671506099931658,-0.024722018921674138,-0.23167308544226048,0.056534683302919886,-0.0440963374988711,0.19473723438306156
2015-08-04,0.06647955716045506,-0.1077682811952635,-0.0084790637823553,-0.2378191274354297,0.07888613848866344,-0.0666063471337609,0.218014707940273
2015-08-05,0.06937743442078714,-0.09493512872049736,-0.011908290617743678,-0.21108677319225755,0.09917484771742302,-0.09785059082225456,0.196704595739414
2015-08-06,0.08147953931736085,-0.07914247842823585,-0.0013743637772103412,-0.18116813575393553,0.08663135670918298,-0.10923747884736168,0.17262178710259768
2015-08-07,0.08135387340200562,-0.061857609758641297,0.03588209455295743,-0.1647589115248401,0.03168953204205449,-0.07803226609038971,0.13605096269413597
2015-08-10,0.060522930132287156,-0.04932527998709946,0.044222847593048176,-0.11035920180172892,-0.010869107981701376,-0.05067623012728173,0.11508032359556797
2015-08-11,0.04897345957099719,-0.051254246663171577,0.04352301209325238,-0.10800953958853762,-0.020235312183021437,-0.051888028732454905,0.1143376410559569
2015-08-12,0.04549204814450758,-0.036543961336475084,0.035025925856671414,-0.13649672375497518,-0.026314690005206032,-0.0657388168131724,0.1609190564940126
2015-08-13,0.030957637968831442,-0.007655003281851869,0.03696252038950543,-0.11147050337815737,-0.02376173866245357,-0.06554572158261252,0.13458353422412372
2015-08-14,0.03277311508324954,-0.05021452584236774,0.04032576565382362,-0.14050568241539682,0.006646694616902593,-0.08961604223362818,0.1850757330571282
2015-08-17,0.043892211579942275,-0.047341686800514204,0.019708496779282658,-0.12690929618943717,0.0030303513180873765,-0.09955062765604084,0.19279682031793932
2015-08-18,0.04718042834071068,-0.049219624324716826,0.026036533375223048,-0.14352158364179737,0.004400873030994346,-0.07769905371207142,0.16967326597631405
2015-08-19,0.02729526077055433,-0.06762305317960371,-0.012777791398419724,-0.17512226426304361,0.05874307853836247,-0.062002025677951766,0.19556016903536566
2015-08-20,0.013625312612148166,-0.07198367670154704,0.009814746193680168,-0.21388653326733495,0.04635651976160893,-0.04140202610126309,0.21549931502878117
2015-08-21,0.006214081275981442,-0.06846663773757233,0.01186161507773209,-0.2651599653025757,0.0787329565963859,-0.029394074428798267,0.21716185441533753
2015-08-24,0.03280722070114028,-0.08836474702591646,0.0011158906577092287,-0.34688270290148127,0.12416761966432122,-0.0197916816750775,0.22648792229392667
2015-08-25,0.03844772170614197,-0.08329226814453261,0.0036435052915491095,-0.39429492421524637,0.15688674024709004,-0.013094718785447879,0.2289954625042372
2015-08-26,0.04951045793445308,-0.057202865541171155,0.0038395792374090743,-0.34651984727330254,0.10558586430586003,0.003783468567866599,0.19530599218222422
2015-08-27,0.05528866053020731,-0.05859803083782078,0.02142576115687478,-0.2807618166289705,0.06626553259304191,-0.01311088888767764,0.17979553302630835
2015-08-28,0.03892357124038681,-0.062469292403353416,0.039191862071648265,-0.27704876003473566,0.06438054307823537,-0.012717922072254972,0.18240709939679856
2015-08-31,0.02107234342168418,-0.06754954694426685,0.0256230927428317,-0.24884668866849577,0.0519167435589174,-0.005149138708677392,0.18483340905399026
2015-09-01,0.027013123873828038,-0.06771237410943132,0.013005684701267395,-0.29307622397763944,0.06474815502889619,0.0025399203455477304,0.21074780152214156
2015-09-02,0.005811599787335031,-0.06939576806004821,0.007098950406690285,-0.2581202491407203,0.06067035355719508,-0.009016821480796633,0.21214353343294423
2015-09-03,0.011300829095915121,-0.07226538050833864,0.004845990090543428,-0.24105383527362703,0.05653027542644051,-0.014833658478304979,0.22085810790756644
2015-09-04,0.006177199901601371,-0.0690396224669505,0.010003207165917294,-0.229163744202538,0.06529731120622406,-0.02324813611454979,0.20877189420966902
2015-09-08,0.038562197636883955,-0.05017954031797045,0.021779295641094265,-0.21598618160745273,0.049136860398777626,-0.05362349327555438,0.18815444024860972
2015-09-09,0.03269646184445563,-0.05974153800728765,0.023717143431127963,-0.22256833864193268,0.02514329226178913,-0.022455638980894532,0.20723062743379916
2015-09-10,0.02725211229348168,-0.04516014049600092,0.011997180597186463,-0.2085991424912191,0.022292302769189032,-0.003466439002241861,0.18116686499457968
2015-09-11,0.03251461556063595,-0.04762220814326057,0.033307405417181135,-0.2078238247344034,0.01594113659845009,-0.014838096673029155,0.1714808167607822
2015-09-14,0.047990244495015544,-0.04224547930836209,0.03657531142452408,-0.26814186355756997,0.024202351527301325,-0.007636064585563207,0.18086857537805145
2015-09-15,0.0538643198076878,-0.04988765879168855,0.039225136201806454,-0.2947894210032868,0.03912477091930855,0.008343980382937155,0.1858563632545902
2015-09-16,0.0382898588601529,-0.05831453875132808,0.03550626907575438,-0.27822520028567777,0.06951460597545411,-0.0006204475843768487,0.16679035821785115
2015-09-17,-0.005198858511315629,-0.11057161219757417,0.025043674828716278,-0.2781927487237065,0.09871193008939638,0.02070402509123448,0.22514821624755954
2015-09-18,0.023123853327891464,-0.09967081670801126,0.030795567039565097,-0.32530057686035474,0.09898054030099623,0.013847832105788882,0.23170710690125618
2015-09-21,0.02005265225478514,-0.13015038762672215,0.03449577335084353,-0.3965441935593297,0.12803297580282758,0.035864880726070414,0.27694159428052556
2015-09-22,0.03328670964704017,-0.12859793924192298,0.050870447719500334,-0.42850361554078187,0.10336968143507685,0.04503285180979577,0.2722663391944
2015-09-23,0.029341682345336073,-0.15781356330919227,0.04154735686180111,-0.46137746803464025,0.0821758496724121,0.11066980074749577,0.3012298739753678
2015-09-24,0.016308694392314638,-0.14943845058356908,0.022707819843836297,-0.4986705365531155,0.09944911231352593,0.12868161848617454,0.3313274308643879
2015-09-25,0.041091313022873055,-0.1153966316776015,0.0506118151578806,-0.5190956405285149,0.03971778735021636,0.15450247787052163,0.29819670553070154
2015-09-28,0.06464482786418524,-0.12915638832673826,0.0744936235125857,-0.5877373246845555,0.10551555236415255,0.10037288293195035,0.3026544960243498
2015-09-29,0.094585937081886,-0.12698340213248693,0.07478954833998963,-0.5798693805554522,0.0849433925689057,0.10823016814014996,0.2725747883858909
2015-09-30,0.06938624377277958,-0.12278660884669013,0.07578886802062335,-0.5584035699327207,0.10631447336448085,0.09496484956031448,0.26501066376185944
2015-10-01,0.046507572401998654,-0.14117375803139343,0.06504177165600256,-0.5682794552593411,0.15832135511077328,0.09687788013676701,0.2608469327328604
2015-10-02,0.05766055046223395,-0.1370570490113716,0.048093925099199075,-0.5325510319263659,0.13958295024644662,0.06764370704492417,0.27489772649703115
2015-10-05,0.0489403338582054,-0.1359799087654311,0.021282482863983487,-0.4645264337865089,0.1245430288649717,0.0661552581109528,0.26135204133861856
2015-10-06,0.022385915421610947,-0.16189180754948473,-0.00480288129736306,-0.3954356618990085,0.15265402973520503,0.07504643655266341,0.22616278853489913
2015-10-07,0.04366255966869226,-0.15097793556772976,0.024363301822331263,-0.3148183624942229,0.11675838971914332,0.03220029674326452,0.17117835033889928
2015-10-08,0.04685163731499764,-0.07630011751033261,0.031023631267001806,-0.289505084743586,0.08427781868388151,0.012451256352314588,0.126373260824578
2015-10-09,0.04707720040732544,-0.08962835462212582,0.03773174618830055,-0.3018005154976022,0.07086747823684592,0.01000031886063324,0.16433007712931635
2015-10-12,0.06590403458914518,-0.04870680549641704,0.07286573178521871,-0.33102781196273173,0.038711968827100485,-0.022918748357903862,0.188865136365842
2015-10-13,0.08180393695948651,-0.05003986738471822,0.043421770240713364,-0.3757110707870328,0.07895484534225772,-0.04978861427301706,0.21663485086440692
2015-10-14,0.084360373449055,-0.05699740402270226,0.04205914048495463,-0.37009009872302434,0.05954150626362176,-0.046647018232245485,0.2314946859109035
2015-10-15,0.11321657752812686,-0.05698895113750946,0.04765750490895915,-0.37953368135642657,0.050166010763102786,-0.0465761639475456,0.22420018779814743
2015-10-16,0.09153693722921563,-0.05248313670059568,0.059332775457972664,-0.3772539023506093,0.07693692385634576,-0.06894840111928124,0.23476573173437343
2015-10-19,0.09931232501067622,-0.07153457272444419,0.06075979619767913,-0.4055361428584434,0.08037418449556055,-0.08976634944695716,0.2800550702935676
2015-10-20,0.08653347087264462,-0.06064918619488813,0.07661954452522857,-0.4018538628675103,0.06542215438178967,-0.06914798805054145,0.2607061229337373
2015-10-21,0.09144346929837932,-0.07803336298357366,0.06011202899466772,-0.42239590504336644,0.06023949224040703,-0.03021347316960621,0.2680092177578437
2015-10-22,0.06887774991566797,-0.10627834887541487,0.07016422529190891,-0.3792168647000702,0.06934990912561023,-0.015503462395858869,0.2552073443972338
2015-10-23,0.034305189247122336,-0.10820487284665214,0.06358758857721969,-0.3481663293146014,0.04487688516159172,0.0528381569922709,0.26266897123808564
2015-10-26,0.029799152088888503,-0.01485000661624436,0.048945247398402114,-0.2731931814264528,-0.017055933095054154,0.0630793573330024,0.24674656199646328
2015-10-27,0.026478263145549352,-0.01327446817450928,0.058091414328421465,-0.31425146966539774,0.007222651865133711,0.054149837947375934,0.27799611947449887
2015-10-28,0.04226787540382859,0.03671552123068533,0.10188830029135176,-0.23780825828281785,-0.04374161223651396,0.07456231594881224,0.17975862955901278
2015-10-29,0.018740546632073807,0.03865337399990576,0.050122406428800614,-0.20321352437718737,0.017573517175249798,0.02925497766162577,0.2009880627341869
2015-10-30,0.02501689013187014,0.006016930140464671,0.051866773218491424,-0.17717111156531912,0.03911398905775032,0.01216880294298428,0.1891624925568145
2015-11-02,0.0041439692578078,0.0026410263818059665,0.044988584186807845,-0.16439111334994694,0.05120897608096375,-0.02365413955896667,0.21538501178768055
2015-11-03,0.006037091680322071,-0.0006533628046032636,0.05326702237843217,-0.1367900083749506,0.05754319682574538,-0.0340388319950673,0.17048572743543033
2015-11-04,-0.0003335775375290506,0.003178913437683617,0.03533865249031609,-0.15245622831375616,0.04501768483323243,0.009692092692191512,0.1673912062483649
2015-11-05,-0.0011740144521308338,-0.011138589906653174,0.056053307725812296,-0.1683414039367191,0.057934522166795954,0.0005413366485991222,0.17804517276404397
2015-11-06,0.0028431296483255597,-0.008518977670900041,0.07099541745668736,-0.1823027560980249,0.07858858306975591,0.0002031604279992827,0.15303540827292883
2015-11-09,-0.00016329133032400023,-0.001307037804524791,0.05888554376930322,-0.1974238675527856,0.07723362243778897,0.025262424246367043,0.14639807581548614
2015-11-10,0.01061396318779928,-0.003137497977809156,0.04120204822877627,-0.18269450742302415,0.06761293668741919,0.023148677182051713,0.1601396575069296
2015-11-11,0.0014676528296706515,0.01072626146164124,0.03570253202211804,-0.19629601022639862,0.055427031458659126,0.0346150518550945,0.17984766046405132
2015-11-12,-9.957888963407768e-06,0.0061855485382487085,0.026127686909533043,-0.21026126300101994,0.04401223440084401,0.049205140488092214,0.20890641817420752
2015-11-13,-0.005848382462384505,0.010593930787400785,0.009296579712311903,-0.20530225127177776,0.05777662734756972,0.05618257225115242,0.2032860877232956
2015-11-16,0.0037084476580016013,0.03802716619538549,0.01856261048676555,-0.17316284551334918,0.048818048651169565,0.042850247100200356,0.15211532020974383
2015-11-17,0.03252947796684258,0.05585145247938672,0.03595142693014197,-0.23119809540402858,0.0572802292577248,0.01896988025845414,0.1604201918794217
2015-11-18,0.02687282935713675,0.031567455504036834,0.03303509296960705,-0.20464097582306295,0.02763826739590547,0.027484464448987778,0.18087776468616035
2015-11-19,0.026204101318940243,0.02722212842153593,0.04153240797586899,-0.1936314628034347,0.05836023572253346,0.02054696521739041,0.13763275686724707
2015-11-20,0.025021421053479598,0.049939827984256446,0.045006431137536884,-0.183856716173813,0.07464574340917873,-0.009196084436942087,0.14063952786131861
2015-11-23,0.028952837796956787,0.0488460627614562,0.04058425468251792,-0.23657208140701608,0.12063553613394551,0.0026430543558366715,0.06720901018778136
2015-11-24,0.02980176600446094,0.030159309496737396,0.029773505867608074,-0.2475804198644355,0.11941588438776174,-0.007158082031794022,0.11859717051588303
2015-11-25,0.011538364677092794,-0.0013818025196045136,0.008358862147712864,-0.2597102862753965,0.11463266835487729,0.04648007634928031,0.1273451984102667
2015-11-27,0.029761244312552337,-0.0006968746155867622,0.019802552564632148,-0.2916552691210016,0.13019055770184806,0.017984300070562176,0.13964028429389552
2015-11-30,0.04063600525395561,0.004527092099967156,0.01946498098426863,-0.2839410220730019,0.11718767964662402,-0.00916414627222406,0.1626527848843251
2015-12-01,0.024309602440393707,-0.0010238360489499554,0.040594154633019075,-0.2939379891610267,0.11622073193311433,-0.0031491080364296486,0.1647727730060129
2015-12-02,0.04866289332187368,0.015557875736708082,0.04193672368305856,-0.30586577793491515,0.1284561516342464,-0.02832348440478416,0.13286305921232255
2015-12-03,0.04746562583415015,0.007047115039256813,0.015394885218367849,-0.3147386742534519,0.16162744641526428,-0.02427758213551323,0.12999585330597485
2015-12-04,0.05961729488985845,0.0225204428011323,0.009144039370882484,-0.3365275968872865,0.16939461360546715,-0.024888985120786522,0.12454454131591186
2015-12-07,0.06393639824703767,0.028517673107374852,0.019963731672433038,-0.3714588408455373,0.15261808885360395,-0.02173673648246144,0.14600652435963068
2015-12-08,0.0610574872379801,0.02795529807111774,-0.003316545657666814,-0.3810701303304161,0.1214725198780946,0.04610525570082302,0.15730388752837787
2015-12-09,0.03302932372804601,0.016144723417203966,-0.002646298628312671,-0.34878240678010114,0.14137987655970252,0.03270797628455724,0.1794710953313836
2015-12-10,0.055180539369449444,-0.0041918442056270155,-0.022583575789133503,-0.35288279203129436,0.14544817061327708,0.028308647570170598,0.20282979957062985
2015-12-11,0.091151100095898,-5.681348447317269e-05,-0.016911479062377333,-0.3957434263163547,0.16832366845769475,0.03180663912374948,0.14922027440785812
2015-12-14,0.050353135042594865,-0.030975139433276455,-0.0061028251551829005,-0.3947393279435849,0.1521572306007426,0.09103629418561088,0.15345637768318743
2015-12-15,0.07154794603359049,-0.0182347991246824,-0.008588064552659258,-0.35877362208073804,0.1307304245743881,0.06780062434454326,0.15173822431940365
2015-12-16,0.07512474347846598,-0.004228580063662446,-0.014246729775101108,-0.338714862850401,0.11235179582212629,0.06732348374765573,0.14074333451639864
2015-12-17,0.09500169340966536,0.006432284866745408,0.009667350467916114,-0.35240347157812457,0.10570362842167902,0.05334680330783281,0.1368839867977374
2015-12-18,0.06269471758499023,-0.036575079159590906,-0.023264798959292676,-0.38215975992277984,0.16124422989162546,0.0886457068851354,0.16751181224000034
2015-12-21,0.09135454514169095,-0.01427955273706294,-0.026440973912746357,-0.37271653342885036,0.14717649569104774,0.08451762736512247,0.12541175190895237
2015-12-22,0.09486093945213814,-0.017254556290798972,-0.050325185967675545,-0.36419750432391135,0.13837620231606285,0.07514249785754679,0.16312285247128955
2015-12-23,0.10724730580695896,0.0037859034055869323,-0.05728833486651996,-0.3284738397232876,0.12727403190092845,0.06670643582383584,0.12198203644488914
2015-12-24,0.09709162052561182,-0.0032068862973595458,-0.05449591421931865,-0.3271612735865131,0.13466825336522636,0.05431144150804923,0.1395480540354468
2015-12-28,0.10778969001706118,0.004104429276519772,-0.0420463682326323,-0.33748777326649304,0.1314939846931955,0.04474123456232504,0.1414880634113147
2015-12-29,0.12155256240907675,0.010860914892360851,-0.04494294666378429,-0.3304632705282865,0.12157228304006096,0.03951093614761558,0.1319739696141229
2015-12-30,0.132818976086152,0.02002366229379615,-0.03831624903065434,-0.35856547455809673,0.12048188200317367,0.061336153527816295,0.12122237536997682
2015-12-31,0.14735966835466918,0.03367941669272656,-0.06499315426906227,-0.3587723817358961,0.13200067269763216,0.07360241656323585,0.09106804685026604
2016-01-04,0.12731593554813303,0.050274927515527645,-0.05041692085562044,-0.3540945804981089,0.14668836523493578,0.061391833182216526,0.05636176526183623
2016-01-05,0.12068153583075403,0.05479279112514779,-0.04420844335434815,-0.354575133484733,0.156926842588466,0.07050720748770445,0.03680478427616407
2016-01-06,0.10911425339296632,0.05040818894358323,-0.04521954405975026,-0.400515126701197,0.1698303891073516,0.09899821595600922,0.06211765852072104
2016-01-07,0.10841136620020109,0.06025423037745714,-0.04085754559825827,-0.4147502912287277,0.16773682921891098,0.09859449096256334,0.061074739156213864
2016-01-08,0.09059225373466118,0.04755861927970817,-0.0371304928936812,-0.41936486009527635,0.17111927566350738,0.08486968017727281,0.0987157908690921
2016-01-11,0.11249289042809685,0.07408888010425829,-0.017722112869795748,-0.44080015006818857,0.12403070729937538,0.08349580141141422,0.11000886192518733
2016-01-12,0.1394939120657851,0.08640785641069026,0.006640976406173782,-0.43609751213712294,0.10381686965124381,0.06780002220867276,0.08279537452386765
2016-01-13,0.13307570030459348,0.11599880389499884,0.02232990992616879,-0.46956471363086755,0.08205924441236045,0.04049309253612354,0.12406973241252572
2016-01-14,0.12799905227926678,0.09289010138469278,0.014521023189302817,-0.44347640866206556,0.06913668477484469,0.05335897525213107,0.13002095178063988
2016-01-15,0.09902748185472188,0.09471517372281513,-0.02079359616705312,-0.4605050090604842,0.131945107634303,0.06390689600184207,0.12123204025173462
2016-01-19,0.11553270977350516,0.11644604271500891,-0.03867803060494168,-0.4703398239974841,0.12457276745307388,0.07341820721776937,0.09914361383313164
2016-01-20,0.12075348870168967,0.09724384404273878,-0.05596064463432793,-0.5412013456446482,0.14240979353645677,0.12831046598137363,0.1146633748906627
2016-01-21,0.1334892198545623,0.09600333728045496,-0.058445514202804194,-0.48300382514490714,0.11282260626466933,0.11275748613000625,0.10011492828456903
2016-01-22,0.1218128248413064,0.07701056002061613,-0.05793430351995599,-0.37255799895346764,0.07628202638451809,0.06735652523047686,0.1363836834712191
2016-01-25,0.11568963124774923,0.0838222965576636,-0.0833745803793825,-0.40324300772609306,0.08064465740301285,0.0734030262093539,0.17816130874585112
2016-01-26,0.12690561006284118,0.07283221330040579,-0.07189132016707478,-0.34200702740123,0.05577088319288581,0.062045911188868486,0.155502369375224
2016-01-27,0.11779227238962764,0.06818349948258229,-0.07799434474112221,-0.32107514031317397,0.04444449706961118,0.09155059626311113,0.14880300797140045
2016-01-28,0.10041032717491283,0.05274147610246471,-0.07450453468749307,-0.2623022347162892,0.021123546463208687,0.0890256564405052,0.15157002056971192
2016-01-29,0.08184242866858593,0.0644916684367256,-0.059710903351701594,-0.18997375043645337,0.01865588862521439,0.07360427608710451,0.1158262968979713
2016-02-01,0.1317176328424534,0.07740128520419098,-0.05102370253964672,-0.21667010002511333,0.006238776939875734,0.022233600637173723,0.12180586710679653
2016-02-02,0.14184621326385183,0.07090704158737204,-0.058842995191485725,-0.25922762543785294,0.014872010560876836,0.016111476844210326,0.1525044233604791
2016-02-03,0.09352578501857112,0.03442316391076683,-0.08310119462233412,-0.23602660977615497,0.038762589725992225,0.03924210176470844,0.17800420737288447
2016-02-04,0.11686570561497134,0.06154469280733976,-0.05272588713648485,-0.17124745932598628,0.01566015689413125,-0.02508196212232261,0.14145247937858207
2016-02-05,0.10784346751037832,0.06622754368894967,-0.03647395837806511,-0.16111469640375742,0.016338518141213454,-0.04092349190499833,0.1391965053775237
2016-02-08,0.11037919443586053,0.07885703037679082,-0.033402024465197355,-0.20856357086791244,0.0018586373598012962,0.035402309719617,0.11474234568911124
2016-02-09,0.1286962970854968,0.0963674455869108,-0.048112497523273845,-0.23753223762761144,0.036686552284374896,-0.02075808261411516,0.12750198698541726
2016-02-10,0.12827666168461915,0.09692508976085912,-0.04249475290018445,-0.24379615041303115,0.032285161311831345,-0.0485628556930926,0.16885562637262086
2016-02-11,0.12520935165422764,0.09675701013505233,-0.08046430024122397,-0.28698490124518206,0.06222681381530348,-0.0068756272002323815,0.15124075582205077
2016-02-12,0.11656389386510724,0.10981617941309163,-0.09646418865070072,-0.2135492882048392,0.047177213802226836,-0.027934608317462084,0.12544082252172983
2016-02-16,0.14109449943246344,0.12319127466348379,-0.0422221206900264,-0.18447402696917303,0.014240656914691785,-0.0666978114020671,0.08968758375251151
2016-02-17,0.12173303851996753,0.09351848694607501,-0.03696648216481391,-0.12349065929540848,0.03626064993688449,-0.07742935534572348,0.07438951654268444
2016-02-18,0.11146272513609112,0.1254071531053662,-0.002930303822501479,-0.11800944839711369,0.020046552081135482,-0.09495306103169288,0.04903254375804833
2016-02-19,0.11112768904386594,0.1132167447037733,-0.02351226838995024,-0.12966072262548978,0.032404842841402104,-0.08101941796948786,0.055499398623113594
2016-02-22,0.09590945674612117,0.06943762930890074,-0.05633269503521965,-0.05169671566863954,0.05043038355245244,-0.08967611397506503,0.08066745068200531
2016-02-23,0.1053429760264224,0.08991311939501889,-0.02905770038366362,-0.07014413547502085,0.06407368694325988,-0.1273958174243215,0.054386287148317836
2016-02-24,0.08108396519364036,0.07439318717643428,-0.020163595936759426,-0.037593002480450166,0.05580537545586428,-0.12043270188609578,0.07088327217271906
2016-02-25,0.0690935598777016,0.0761292613129867,-0.010038085611039138,-0.0012850194242780555,0.04607994430349449,-0.12172459365344479,0.07338695175736087
2016-02-26,0.0712117061943045,0.034868610031354,0.0016741206331265523,-0.005192361203166795,0.0767128748507322,-0.10988563750163438,0.05847216839839664
2016-02-29,0.08120532817521631,0.023487600324728408,0.01305871482762222,-0.05202489263569843,0.08805130231480063,-0.08410526943794339,0.03740891608443553
2016-03-01,0.0926760786190628,0.03466364845453285,-0.015502227246458222,-0.053182912458749954,0.10013100889218052,-0.08223562769773984,0.02418036004392965
2016-03-02,0.11449107802195391,0.08628094098014993,0.027372049164432477,-0.035696505587361704,0.02915999099380473,-0.1036639909436512,-0.029800089664497653
2016-03-03,0.10301152784996037,0.07313212447665696,-0.003908853943835666,-0.029955537847200175,0.046546882295046776,-0.10125157850019084,-0.019214449159290048
2016-03-04,0.10805016957617464,0.06110201878515831,-0.012362813438056675,-0.041711306580549334,0.04572981522013464,-0.09506422328218167,-0.02267525229617262
2016-03-07,0.10074335660723843,0.08298542851488144,-0.02295204728243294,-0.06300901650468371,0.034089873952200866,-0.08843159381641685,-0.01762062992710156
2016-03-08,0.10739171037288986,0.07890297375182254,0.006713119948134727,-0.07074808903980134,0.03320576812473508,-0.11051005162930161,-0.015304651030969785
2016-03-09,0.11833985066737096,0.08200872474457399,-0.0019285951082030905,-0.08598377949536362,0.03658549173572889,-0.11190578024778008,0.0021671591237419907
2016-03-10,0.1150794897215126,0.09670475299416115,-0.002803516692930774,-0.11676419143916394,0.049185921573711155,-0.07711626121577608,-0.025291437945976547
2016-03-11,0.12896520219527918,0.0989575451644309,0.018079279298324424,-0.10434403989068386,0.026276987879933156,-0.1010435526425808,-0.015330380502024621
2016-03-14,0.1390644483995529,0.09440344610319773,0.022478350184069296,-0.13378278837185054,0.048710546568013324,-0.11917792393342208,-0.00946224328510925
2016-03-15,0.15164675881862522,0.11104435679979607,0.015985123364715692,-0.16183238062050875,0.030306733286080245,-0.11301688893723782,-0.0011172793211782217
2016-03-16,0.13658362300924942,0.09112379509808721,0.0190646925567457,-0.14223579838089884,0.04355901985599253,-0.11812841929545037,0.027079585078431112
2016-03-17,0.11909758144230476,0.0761500945751683,0.004906846519390662,-0.12223453631310977,0.06617127629417663,-0.08513827771725246,-0.005647389895531818
2016-03-18,0.13415318512528152,0.08476566989823775,0.013411231147665958,-0.09216403679666663,0.04536435955055107,-0.0917367430362308,-0.03736446421191353
2016-03-21,0.1363058180386938,0.08771891401842868,0.008706838051307342,-0.06662403819615947,0.008892037051577928,-0.09676786194297904,-0.03228805854324657
2016-03-22,0.1320844320725323,0.08652778333938382,0.018754919094255973,-0.061166888912289163,0.011959899199564417,-0.12478426149548572,-0.01865342601536102
2016-03-23,0.1143290323232562,0.08705350468418338,0.0011027057954839936,-0.06785648561516555,0.023289402638982937,-0.10993358081472171,-0.005246711980627872
2016-03-24,0.11285902661094838,0.08009295248799786,-0.014882919185622123,-0.05446662102762734,-0.013646085653860496,-0.09068162886569642,0.017761679789042972
2016-03-28,0.12346919745721241,0.09179127617848537,-0.0015065194642143176,-0.06706173938831905,-0.0111347488838478,-0.10307496518457326,0.001814650648876981
2016-03-29,0.11428402326116327,0.060504207815960775,-0.01350659235101137,-0.07351798859969672,-0.0236788252557254,-0.07683045021033075,0.029605785592381695
2016-03-30,0.10828617278959629,0.04121659887275486,-0.020380801891186406,-0.07397519065845137,0.02948859538392057,-0.0831107593956335,0.02432031400234358
2016-03-31,0.08111485758588133,0.04337667654814492,-0.0543894311753077,-0.04906502397432233,-0.011503905798016634,-0.015029982857162727,0.041797764209081434
2016-04-01,0.05563783306467873,0.03769581886232154,-0.0706890972119103,-0.05879604066858557,0.07077250458082807,-0.017141207687449977,0.032546752277765156
2016-04-04,0.05252340949428014,0.04121917040047096,-0.04596444763837293,-0.07870764426409993,0.09798663279213016,-0.0317901067781623,0.015555531431770575
2016-04-05,0.050813778269346965,0.035405031210394844,-0.07565238323474288,-0.11219270182190144,0.1419433792786502,-0.04153618087955091,0.03905879811653379
2016-04-06,0.05853052498260092,0.0037869830602850207,-0.07804810064331891,-0.12330377127455094,0.17686016392076476,-0.05509178127620151,0.02805209915338369
2016-04-07,0.04808161544635414,0.011137680702362207,-0.08166446735600874,-0.1539870320418456,0.21114422264080845,-0.0502748920514412,0.011448266868569368
2016-04-08,0.059952058862584146,0.008294706347052205,-0.072866954530042,-0.1151615606312748,0.18570802315520907,-0.07521796275683323,0.018897103513181523
2016-04-11,0.04353494696123228,-0.008350558808444486,-0.06826459214779668,-0.0991250578060544,0.20649419155956283,-0.09399728318056311,0.014745715173297924
2016-04-12,0.05172878023792937,0.01129948046316187,-0.044784208607784315,-0.03363040517500393,0.14406906493302207,-0.11912135788398337,-0.0005390214532050575
2016-04-13,0.055661664967487035,0.026892825253789665,-0.022661310955979008,0.03629015040517358,0.07744003859564041,-0.1295898615138491,0.011558911298958252
2016-04-14,0.037898070607567336,0.003449738848254391,-0.01781914104058213,0.06529798744969595,0.061536215006190664,-0.1232400513422709,0.03231141939373705
2016-04-15,0.041221913988619185,0.026164094074178523,-0.007503993254421415,0.05747053610253139,0.045732889140395416,-0.1151241287405631,0.009434191827449867
2016-04-18,0.046287905843730215,0.0608755720254881,-0.015165844526549677,0.07693663825805652,0.03441091608741642,-0.13167763224628315,-0.020466531541099453
2016-04-19,0.05208749152122216,0.05091831377233191,-0.0019845712187676057,0.13766832147007246,0.01618409774202756,-0.1373488889720358,-0.04251841860812933
2016-04-20,0.022308796892601457,0.002372572177044896,4.812404964193995e-05,0.17443748230649492,0.017483026900925625,-0.11011681626928294,-0.042433448710266664
2016-04-21,0.03210876361435999,0.011526182684199915,0.016074830749644997,0.16188228690630435,0.017719774168434066,-0.11939251632686765,-0.05411403521019453
2016-04-22,0.029660733413065632,-0.004826338356837656,0.003464005828929695,0.12535934599084986,0.053773117428109085,-0.11455014679685394,-0.05418167092042503
2016-04-25,0.042216872243191705,0.015239939402692526,0.004034961240034107,0.06926176530521222,0.05735482587144336,-0.1240128090488728,-0.0451960603786441
2016-04-26,0.04050583205133762,0.01094597767502914,0.01843636357319589,0.097356046904428,0.03509546941861186,-0.13206136571860894,-0.05032728404957476
2016-04-27,0.040906589139608984,-0.015648679361372153,0.03081280005449205,0.10979559423513974,0.03506529355109622,-0.13334425845146236,-0.06052134778163354
2016-04-28,0.032545283398679015,0.017116950364677752,0.02535258556463993,0.11020182221598551,0.029260866392149643,-0.1430406748459323,-0.06176762883320985
2016-04-29,0.0386882241471882,-0.028389995320740713,-0.004652998093752192,0.09918939268060256,0.01809706019138191,-0.08050720552359492,-0.056309250600774075
2016-05-02,0.0607222581806548,-0.003074135541854428,0.001109039349617813,0.10272232384245683,0.023332578823978656,-0.12276679807414015,-0.06823230128562208
2016-05-03,0.060192947366918936,-0.007401911456995425,-0.010222212624534155,0.049572518779955166,0.06942638824380354,-0.1277644312166233,-0.057651255656713696
2016-05-04,0.05659500579079646,-0.04788307942343839,-0.012109391963915028,0.047859807178972646,0.0643421848717396,-0.13994874451061534,0.002691133839319626
2016-05-05,0.0356668692123463,-0.037650525797003453,-0.021068215127191925,0.08870634365380947,0.034891809524774775,-0.14164250982892757,0.023265135444120233
2016-05-06,0.02236911568726807,-0.04618009321113847,-0.0348345290936114,0.10105346426872763,0.019930358707763052,-0.1408125757784373,0.06131941444785971
2016-05-09,0.04635845198065214,-0.01614688974270062,-0.027671186129179626,0.08992659546964266,0.01914183469547659,-0.14903991428835162,0.02854949694784925
2016-05-10,0.05028372446562779,-0.061430797263964276,-0.014270946242560756,0.10716671780548315,0.021690085497213296,-0.15879363767075028,0.043306680952631904
2016-05-11,0.029204140803925194,-0.03257541324178348,-0.015238144437425438,0.13758331423735382,0.006330898516277994,-0.17306602197353793,0.035938145892284945
2016-05-12,0.02605947457035218,-0.03185541603626185,-0.06091076313414012,0.14138558631057652,0.016378950792460323,-0.16177883853091435,0.04830442227606979
2016-05-13,0.01902858866039514,-0.026076649379028538,-0.08083613620243768,0.10565139072690788,0.04006697688919458,-0.15660158620278797,0.07237990709845032
2016-05-16,0.022195424730290014,-0.036900366578363375,-0.10726122331710108,0.11639405798413749,0.05070596587927945,-0.15549998371630813,0.07268830744818477
2016-05-17,0.0036698468278248964,-0.04174360234874386,-0.09232630047918233,0.1160505773341084,0.05427206495315895,-0.1600491140156579,0.07206168873941166
2016-05-18,0.0076715324434482035,-0.01995358414990611,-0.0915753596872495,0.11555668850965761,0.030265106038603884,-0.16520819311877355,0.0670543592185966
2016-05-19,0.009010089295154788,0.003709375628339062,-0.10040753108502676,0.08531260744543134,0.04784045608482157,-0.17634943221809862,0.06303256206831165
2016-05-20,0.02570159986362186,-0.009930051035858867,-0.10476851096530071,0.11321921540527757,0.0458112326872111,-0.17090444981670594,0.04119236605270782
2016-05-23,0.02382137589930422,0.021054032048562377,-0.09768860914920041,0.10913833516043159,0.055069870215014305,-0.19507643569032318,0.02473562411737662
2016-05-24,0.02608251110198956,-0.005093224473549762,-0.10258775196473069,0.1192432755171361,0.050763065731388,-0.1983045788540344,0.04174546508225774
2016-05-25,0.016922344242069176,-0.016732904347814825,-0.1176827504825455,0.13683643395678147,0.04977957642230657,-0.18159320216955477,0.04364846127735911
2016-05-26,0.0005723534799837449,-0.045522685461902856,-0.1215906391814896,0.16214924324168822,0.014498289861190727,-0.13741080971840125,0.07114414276433956
2016-05-27,0.010304334810882443,-0.05470738553353782,-0.11172377136759115,0.16351996834784754,-0.004302239243616501,-0.1344364027849646,0.08869935383469296
2016-05-31,0.013678526612812991,-0.0406520153932568,-0.12874670461814008,0.13742122362089415,0.02877346187633445,-0.11248432676735243,0.0749670360954724
2016-06-01,0.010119283863126327,-0.027089802624258308,-0.124806135566917,0.1353129303490035,0.008217346172219253,-0.10903999881683835,0.07428298547872081
2016-06-02,0.004660544587216098,0.0008822600881566167,-0.11465991770753958,0.16094030480591603,-0.016284144845599702,-0.09786684432800985,0.04203271398470454
2016-06-03,-0.0059209143406198095,0.0006205945467261387,-0.1169235031505651,0.16486384642893204,-0.027978959048583496,-0.09451406064283707,0.06364718098535782
2016-06-06,-0.0014625583517482443,-0.008428794294648378,-0.11561318120147401,0.17168343790500495,-0.02176979392274836,-0.1048517618292587,0.07328263412408509
2016-06-07,-0.028102119260040803,-0.01456092379056595,-0.10759077028814112,0.20813205407177926,-0.034598068848328056,-0.1035108420674028,0.08817919812685249
2016-06-08,-0.02500092372439955,-0.025988653100132098,-0.0994796239642326,0.21135385049984146,-0.08737403496387741,-0.075025338816058,0.10712155211672503
2016-06-09,-0.024591707136064622,-0.01043477464229392,-0.10058865646546455,0.19264268549976393,-0.0789667381311423,-0.08392284792524884,0.11268304995187917
2016-06-10,-0.010421852362449746,0.013690146361117872,-0.09852445806805199,0.1575282988273501,-0.045438807911050816,-0.10355746241015185,0.09845521535472379
2016-06-13,0.006947857102867161,0.012298443663445902,-0.1072720179158555,0.124093755631138,-0.04539224906239947,-0.10165413636293452,0.12455543538487168
2016-06-14,0.02526774531381859,0.03379303678377954,-0.09120007356347748,0.09712542310063577,-0.0468972060180366,-0.11570823875711234,0.11616418866623923
2016-06-15,0.016185929003322164,0.030635366724900415,-0.07498841051099903,0.09076401770152231,-0.03927916844360779,-0.11265388236580443,0.1162016176458125
2016-06-16,0.015378119291137082,0.028066952158983804,-0.08561393747011015,0.07843585696315736,-0.02749377833893485,-0.11228484373170089,0.12795285705274995
2016-06-17,0.013119343888392532,0.05202350680957135,-0.07359771445742092,0.1094624437066084,-0.05984079553613153,-0.10053269346476834,0.09997235195577248
2016-06-20,0.007813297412701425,0.050850737928087586,-0.07633100420277272,0.13890069312085007,-0.08120617536409647,-0.06922096901278674,0.07716083526235429
2016-06-21,-0.0006605794732632564,0.03589587658581128,-0.08789913403404692,0.13221249364627674,-0.06199656681257504,-0.07981321115298035,0.10246875772199848
2016-06-22,-0.007282568733021133,0.03462415803261232,-0.0780397795806933,0.12377533674282482,-0.050284999819347975,-0.07009314841224923,0.08809289381312069
2016-06-23,-0.010845406539664815,0.014926773673268334,-0.07244934732444985,0.1301477617157562,-0.06272680270399889,-0.05823337909132842,0.09605462773100903
2016-06-24,0.007511470596941461,0.014688132290170408,-0.10964545751821708,0.06338154651491856,-0.025991837679475882,-0.06936766089207969,0.12984431609191316
2016-06-27,-0.001301975992492821,0.034478613974394,-0.12800203196797144,0.009848483831151555,-0.014063604093799587,-0.039421038748881476,0.14030199706619584
2016-06-28,-0.018758317245678446,0.02872491795653076,-0.08112770221127086,0.06696713019855632,-0.054105989391514564,-0.04201580322076537,0.12310856527698033
2016-06-29,-0.011088592896367988,0.022720136074710906,-0.07380007589958226,0.08864394706305667,-0.072973813089938,-0.01884900156240188,0.10170763902240654
2016-06-30,-0.029939967573523463,0.02701511080367691,-0.09393264609014929,0.06311553150828103,-0.042638507710662354,0.009303757171955418,0.10744485432136619
2016-07-01,-0.02838807063350246,0.008646672288176394,-0.09120912556256844,0.08086260105408066,-0.06204297893170119,0.01992012524713005,0.11376969439825224
2016-07-05,-0.03657440983480065,0.017107027289368082,-0.09373929579462059,0.06245090763691169,-0.061544289529973595,0.008090850748636025,0.1489745155545068
2016-07-06,-0.03098333819693222,0.020316698722675275,-0.10592554206206661,0.062229621254394296,-0.043768066355704516,-0.008672520059018862,0.14820930983008584
2016-07-07,-0.02182450903707811,0.028996059806615015,-0.09181989289859926,0.04840349507228259,-0.049617273911082505,-0.012884564388036313,0.14088952999962245
2016-07-08,-0.02763991088452844,0.025960058397747066,-0.09827750247014755,0.06642601936151077,-0.05470423881097419,-0.02583657901199965,0.15880748870083217
2016-07-11,-0.0074375970477567055,0.04558136155098125,-0.08320378370251724,0.06441271192133219,-0.08117244832808557,-0.04176786164733892,0.14272254902571868
2016-07-12,-0.00685014611867274,0.0542278215030203,-0.08668295953628202,0.08622979829403757,-0.08501788718287417,-0.040641532925489665,0.11018149181928671
2016-07-13,0.00728879920103509,0.06543467364922573,-0.05316195611970309,0.06442874496385512,-0.08845938812451704,-0.059301758103316615,0.10294645839707273
2016-07-14,0.01080035253804068,0.07764103670030154,-0.05392077959002006,0.07023156833726266,-0.10478523438078513,-0.05877549893136291,0.10402633736007649
2016-07-15,-0.006972797329330538,0.0681550958370094,-0.05962335736809754,0.05755017408995142,-0.10263654536736477,-0.02902056399250441,0.11608394431811342
2016-07-18,-0.003572588484506367,0.06613306697820698,-0.031165500921153,0.04591506416282071,-0.10584968023804064,-0.024506756666135443,0.09813440135705487
2016-07-19,0.013423879307883135,0.08413994700079774,-0.025059402930666663,0.013126880674102587,-0.09000975254104837,-0.03021930764484615,0.07699538718723486
2016-07-20,-0.0019928372574944397,0.0681179033224466,-0.04653415474056444,0.03986031216251196,-0.08352038106832582,-0.009695525120866688,0.06066046128558211
2016-07-21,-0.02915527669750495,0.057973021703172645,-0.04924141351755151,0.03246446363067221,-0.0825332852574856,0.014296442891007177,0.0812744348412
2016-07-22,-0.03202653409560674,0.06164891862646571,-0.05322911867748137,0.03184844343965745,-0.09384699113496064,0.023718760052110266,0.08791922123169926
2016-07-25,-0.006041892984725905,0.07884996563429159,-0.0559877981425243,-0.0016197088301135726,-0.08695796529353839,0.005692085525572987,0.08786032805821176
2016-07-26,-0.016969367833768567,0.064504252949521,-0.05332571004285458,-0.004911003642183137,-0.047477244457639456,0.003471203264224343,0.07444621157618081
2016-07-27,-0.01716380260537198,0.06191860991728948,-0.05444709298779904,-0.022283675622258928,-0.05909707983275059,0.0016513172031533685,0.10216453505739898
2016-07-28,-0.02178438575996866,0.0636388923300486,-0.06677070901874915,-0.025833172978741714,-0.05165232565469369,6.26439486880459e-05,0.1147917951067523
2016-07-29,-0.04370989630416111,0.048151851157562264,-0.07577600014801433,0.0053381445856837614,-0.05379895949838054,0.038799972731044186,0.09879780563944962
2016-08-01,-0.04173294047644727,0.03380672423697373,-0.08211717302174859,-0.02444410376530965,-0.0390990964281126,0.029953747753560078,0.13398819726150246
2016-08-02,-0.052571369786636346,0.03017294562824957,-0.09614745864379426,-0.006069210423972564,-0.04257627300416855,0.02693437701353496,0.14446669532218848
2016-08-03,-0.03212419681800749,0.030264906297586824,-0.09756872455443,0.028815569332516944,-0.05232283786753622,0.002075449692672704,0.12578555006904968
2016-08-04,-0.038395026364749896,0.040613254874590776,-0.06201489681928207,0.03959955094636293,-0.07583477221948032,-0.021918946638583292,0.12407876694539022
2016-08-05,-0.0317706515399514,0.04875817031357044,-0.0580516257417677,-0.008022414395842874,-0.04305503905036856,-0.027555794061943084,0.1274407305124261
2016-08-08,-0.008834709131546825,0.05961938130306477,-0.05270000350917747,-0.019280310115979464,-0.036044895185989745,-0.07120646383457863,0.13489221511305272
2016-08-09,-0.011658742903404962,0.05643912970420906,-0.0483572080670851,-0.0016027304761659714,-0.06855995441935847,-0.05936478975886916,0.14019287680590997
2016-08-10,-0.027241449513195404,0.06945233079352753,-0.05188229251748,-0.004051288576920706,-0.08219498487158106,-0.04134182691889199,0.14720867345603383
2016-08-11,-0.024104195194657674,0.09194508242766641,-0.06920747106051439,-0.004832819950428446,-0.07885410246160651,-0.05625272368868639,0.14924357808315114
2016-08-12,-0.033612665921179286,0.12125712826192747,-0.05831708645226308,-0.005194731830625618,-0.07039748251391398,-0.0800693644946272,0.12485255228406333
2016-08-15,-0.017181311568163604,0.12908927787720992,-0.06374357054741386,0.003805476816395509,-0.07903256924615998,-0.09960009143271398,0.12547401420765825
2016-08-16,-0.0063522084962581715,0.1543143981052597,-0.05783440330169787,-0.02255286731640202,-0.07280811205425275,-0.09041961322804148,0.08082311955207455
2016-08-17,-0.02615890354383743,0.1362708108197188,-0.07328686324403921,-0.020030408118260457,-0.09565113436077977,-0.049020347387098595,0.11377315892742756
2016-08-18,0.0058830636058528896,0.140088528811126,-0.06047855249542222,-0.0218587516311205,-0.07359413718988717,-0.06651351006241613,0.06082006581958299
2016-08-19,-0.0037686045466525098,0.13778144132322812,-0.06159854689385147,-0.037922426308649476,-0.07361117621000823,-0.02520125471357937,0.04948212415601638
2016-08-22,0.00932538905842839,0.14294153880683136,-0.05118896083396329,-0.06597651084751627,-0.07609160429102735,-0.018718434828180253,0.05136514693328209
2016-08-23,0.009123482661510751,0.13571164909017486,-0.04263176336553187,-0.05301425439473664,-0.09180617714501138,-0.014255349721035038,0.05860719061141384
2016-08-24,0.027356731549994295,0.14517798430061934,-0.01886644324118758,-0.054270172955449864,-0.11195992792438392,-0.03107266574310419,0.05458858789729648
2016-08-25,0.025002314628238098,0.16116215850796567,-0.016502490133298298,-0.06625537811583107,-0.11141215535512417,-0.03622174763669894,0.056575496977030904
2016-08-26,0.02044034382287241,0.15660216983006991,-0.035108287670645555,-0.08586552325934116,-0.09486546600361279,-0.015630230624134267,0.057348107469032295
2016-08-29,0.03563727482907675,0.15567131556032687,-0.020307320931540418,-0.0847080266554982,-0.11013955538259768,-0.0005386934164643975,0.02971262692147425
2016-08-30,0.02259552729692693,0.13644065087914936,-0.01258188992865994,-0.07467441062844798,-0.11594125006604417,0.013493761649271185,0.030680961845507282
2016-08-31,0.0013216330613987637,0.14162756888536698,-0.038479114981506024,-0.08947828718680384,-0.08925584814872778,0.04772953649503642,0.022369031976903653
2016-09-01,0.010694699447231226,0.1229540717060571,-0.04695408788484645,-0.08700668791944477,-0.10430251586529282,0.06222015364582478,0.04593748773696582
2016-09-02,0.006678713473041276,0.1050948833307459,-0.05230118310386023,-0.07259697643853175,-0.06906544755131128,0.0511640777497443,0.03869090884411097
2016-09-06,-0.019121008532065886,0.061739576126286444,-0.03850959378727181,-0.06825531562790105,-0.07107686362294108,0.1016595463512574,0.06376392714880597
2016-09-07,-0.01052619770040919,0.06002518234498133,-0.05973217717991608,-0.06061076990489361,-0.0709692576517873,0.10202569355532864,0.06657600917503803
2016-09-08,-0.041227138501447325,0.04154730248633065,-0.0529960348270071,-0.06249794127981595,-0.07055000959773738,0.11310479541611673,0.08895740865470891
2016-09-09,-0.05150353352578452,0.04416315367954127,-0.0746733072981387,-0.07949550676432476,-0.03744236389386457,0.10190931463641206,0.09466284440111794
2016-09-12,-0.03542230607425978,0.05570540193904838,-0.08319446488067994,-0.07767875347055847,-0.03570606903078444,0.08638184373817037,0.09496507115128239
2016-09-13,-0.04063534141271341,0.0372333157904543,-0.09819147543887419,-0.08200357311860812,-0.02277747439913491,0.08503368366979713,0.11808783872188622
2016-09-14,-0.05648581931338992,0.012460840953249397,-0.0891470807822573,-0.08612262812543359,-0.015360944821981581,0.08895693513892688,0.13654715020144192
2016-09-15,-0.06436206445991366,0.0016154765493341383,-0.09189126941976888,-0.08297140467004249,-0.03580123848725636,0.10221719017870845,0.1739838591201528
2016-09-16,-0.0730971225499184,0.012161818077901732,-0.10736789214767395,-0.08677313981623896,-0.04112016062982127,0.0839770592063156,0.21288018344006931
2016-09-19,-0.07992464279126987,0.007904300888790239,-0.10166194117992022,-0.09368436948013159,-0.025255492040457295,0.08840665189293617,0.2175847575248231
2016-09-20,-0.08060538520204918,0.004600046155047721,-0.10341006686205867,-0.10936184461157139,-0.013171640851460387,0.09498129482778217,0.21906801061126324
2016-09-21,-0.0713802069205065,-0.014390694728251496,-0.09980419192226586,-0.08100939612970848,-0.012909796043598432,0.10811031405126026,0.19609992694878486
2016-09-22,-0.06464833846936213,-0.026122590691634695,-0.08438185205653492,-0.07870889785812962,-0.024958564615985557,0.12115219953224043,0.20537831585616306
2016-09-23,-0.050214801832701106,-0.03644595922246885,-0.08937346865848972,-0.08841127258931847,-0.015674210942574707,0.11138194502479093,0.21034484746945759
2016-09-26,-0.05559430311421276,0.0050583664536660855,-0.09793841857322827,-0.09715154970018558,-0.0005446375857016683,0.09339421956097138,0.19143415484181325
2016-09-27,-0.04065185365377233,0.019770015880741898,-0.09053020376538734,-0.11013104070310298,0.008503767696708797,0.09457195140754626,0.15826077287625417
2016-09-28,-0.04145685047205272,-0.001821320075904076,-0.09113285879122668,-0.061279846671992544,0.007240317199545876,0.08041599026601887,0.15297407365232996
2016-09-29,-0.044794753725203806,-0.020817205742374334,-0.08814285405266864,-0.057125909487285464,-0.016614659275768107,0.09829349908766594,0.19215493267229178
2016-09-30,-0.04091267981216795,-0.017757713359528804,-0.08675833471116567,-0.04143908611764663,-0.026277715420708114,0.11765420728416154,0.17257150268653576
2016-10-03,-0.04549121608798701,-0.022020826910877034,-0.08874572970262551,-0.021930205773588285,-0.03558815336331245,0.13177601401320493,0.16215966561942574
2016-10-04,-0.02377504078638859,-0.021664971746362838,-0.06675357082057998,-0.0025082622260962917,-0.022788656187140655,0.11184347644810588,0.11644532812394726
2016-10-05,-0.016005375085683227,-0.0414803737290268,-0.05203998974970081,0.010799334037734976,-0.016387771681838137,0.12855231141909862,0.0937438799961603
2016-10-06,-0.040742891167174555,-0.04581546020554583,-0.04997509769950015,-0.0003333748949544413,0.00024982142221663395,0.1632073648600597,0.08143810978932464
2016-10-07,-0.044381669653303035,-0.05633316469572214,-0.08316099183445902,0.006285333769759038,0.016057504218590646,0.1672092056104333,0.10249345346798355
2016-10-10,-0.028954043424509246,-0.07095764339694566,-0.07027896238939979,0.0013280752930734385,0.011659048552020712,0.17842428597652016,0.09405473983840462
2016-10-11,-0.03786494701572107,-0.08132325256647377,-0.07403614746950815,-0.0020947768622311402,0.031725134856944726,0.16802016801728903,0.10572540156233501
2016-10-12,-0.034531804933779275,-0.07901008357639183,-0.06482283285611212,-0.01695495072652664,0.01958678457788343,0.19403783508146066,0.09477498081056046
2016-10-13,-0.03783555398763894,-0.06176729305639084,-0.07408973961338622,-0.026989743417996093,0.02688344949040189,0.1846704681260759,0.10236161487473305
2016-10-14,-0.034301310823302344,-0.03886825378302605,-0.06587170396258063,-0.04050306094704881,0.024071975923684374,0.18987475502761453,0.08925072228811048
2016-10-17,-0.0363880777727299,-0.044465560172874286,-0.05689941607669552,-0.023198507997580053,0.03582888320276356,0.17743160711357675,0.08323878221089442
2016-10-18,-0.04598525586936453,-0.05517563090076116,-0.03865474481587444,-0.03501885667758431,0.047166111814484046,0.18798987173987824,0.07686844400276938
2016-10-19,-0.045032079697322036,-0.06627032513134146,0.0014851976259908084,-0.042962427347582044,0.04624125925371281,0.19373961025090303,0.07656313620091293
2016-10-20,-0.04913803790140947,-0.0817763641750735,0.01248606723140655,-0.06223202166002573,0.05743670200270867,0.22867283179479447,0.06023050144061326
2016-10-21,-0.06577680272271036,-0.09859623495174064,0.007371486986106401,-0.06857653573926581,0.08565079464832259,0.26964293294790886,0.04704407960445334
2016-10-24,-0.06037259938767847,-0.10007999064008777,-0.013319773295369208,-0.06882905824298435,0.07854516488401297,0.29540482688602254,0.044830008463113025
2016-10-25,-0.0684569561417141,-0.10095921168406097,-0.008612647371851578,-0.0871154586259335,0.07100032722127103,0.3237866479794316,0.038488709573526236
2016-10-26,-0.05855639333625695,-0.0918522221552629,-0.025093569244509673,-0.08690906079925742,0.058601407400613814,0.30696500051574804,0.044358080284265355
2016-10-27,-0.05012710025792022,-0.08864150970874096,-0.035136910317897285,-0.09665291726709802,0.04615491127329585,0.31884063772916993,0.05266325810590233
2016-10-28,-0.043675934693768625,-0.08914110065720804,-0.048038261764473233,-0.11711546177307408,0.048706953925652385,0.32596587749662476,0.07050942758506284
2016-10-31,-0.04096603256789755,-0.07960809110705469,-0.07113938616442589,-0.10965467427082443,0.026226759023432633,0.33147863176529013,0.0837797076708151
2016-11-01,-0.04821255508479949,-0.0712010494569022,-0.08749862461014085,-0.1243010356362596,0.01704668850124169,0.3452246783519095,0.10123583994045982
2016-11-02,-0.060457828049986784,-0.04418627391021035,-0.09742075884325158,-0.14793328857982047,0.009160809016524163,0.3182130414983715,0.130091093946048
2016-11-03,-0.07730092428113933,-0.048940130208225074,-0.09607219617351853,-0.14158232140273574,0.004953614919966709,0.33109185352675374,0.13815356693986436
2016-11-04,-0.06969374184754384,-0.05935877506356246,-0.09388848387545684,-0.1489531789582922,0.012645701727341363,0.338868144637246,0.13316048419116555
2016-11-07,-0.04690090501787947,-0.07091504265220383,-0.08048810561958258,-0.14727506440742832,0.03818944391291035,0.3402866785946781,0.10773380930386534
2016-11-08,-0.04182002389247619,-0.08948954804980724,-0.08193688535799626,-0.15965094950967906,0.035977603928254887,0.3719110185194672,0.11148747136220383
2016-11-09,-0.07199442629732478,-0.06800818814617049,-0.07774754051201455,-0.19466032270504097,0.046014690439063255,0.37334284063522394,0.13751120447005372
2016-11-10,-0.11018367769937021,-0.0982942213618383,-0.07988894023236803,-0.1683703140527476,0.05090382753521605,0.3693522668314628,0.13731178818972767
2016-11-11,-0.09058091678991109,-0.10548075102965537,-0.11779549587109067,-0.16033335370138901,0.027205256662099164,0.36054290939826084,0.15830400112100484
2016-11-14,-0.10439481772667114,-0.07797279586421646,-0.13613900925026517,-0.16311588538166044,0.005830496730655499,0.3585009320048338,0.17312151400401632
2016-11-15,-0.08520031380698379,-0.09695711352106806,-0.12191537053042872,-0.10675710318891563,0.011774305157933318,0.3445777743533558,0.14779762629777338
2016-11-16,-0.08796363690134901,-0.09865969294889343,-0.14644966239566862,-0.12624682882720095,0.024949650415047153,0.34869820544153973,0.18065336273860355
2016-11-17,-0.08859027947323395,-0.08297384648572037,-0.12042787200035429,-0.16065655450101568,0.051868580298236155,0.3431286952716732,0.16937149866354018
2016-11-18,-0.09359451658606299,-0.0884064553856907,-0.1451199511655586,-0.13584995714854708,0.0621765137963004,0.3450841367445536,0.16042928860444983
2016-11-21,-0.08362180661708218,-0.09872076571040167,-0.1284409336286332,-0.09802986888416587,0.062104800545788263,0.32469019166118307,0.16150932437737753
2016-11-22,-0.09910988744404525,-0.10661549921024638,-0.08663639143430599,-0.10113737365987352,0.05279243302102454,0.3356080373189414,0.16890833132886085
2016-11-23,-0.10487459988613346,-0.1285212145386312,-0.09407007925601849,-0.11086711956342932,0.0913932999979461,0.36493701134431333,0.15102840835006726
2016-11-25,-0.11260116679485732,-0.1262670757299844,-0.09305748449414841,-0.12379493319384172,0.1059179513481826,0.3708080901559998,0.14505847774331082
2016-11-28,-0.11128132912820032,-0.12835973581921256,-0.08447673137129022,-0.13439511561152606,0.1228124058776413,0.37132946606849004,0.1401520103012328
2016-11-29,-0.11913103866619312,-0.10483769447151325,-0.09827137724616389,-0.14766401879211388,0.14461195645839198,0.36114032121742423,0.11950714493652859
2016-11-30,-0.14541412719754365,-0.13008650823090884,-0.14456397672501492,-0.08866030500178068,0.11208912158728801,0.3749245762744924,0.15780919509086155
2016-12-01,-0.13327059466768454,-0.11152946204769942,-0.12077449987669497,-0.12207736813679221,0.14845729089146031,0.35804902316980214,0.119516532083916
2016-12-02,-0.17137037671307864,-0.13160119701494488,-0.15050569163095062,-0.1263921433766526,0.16426920267179956,0.40292796515638374,0.15638422193943535
2016-12-05,-0.17565114933679338,-0.12718758491363436,-0.1310612346460081,-0.11320542200025363,0.1679404663828592,0.3783516353118841,0.14742597648409905
2016-12-06,-0.17875235677595203,-0.131006229920835,-0.12915973059398153,-0.12361836272562732,0.1716723589517044,0.37917814867073063,0.1639169139058243
2016-12-07,-0.1907460739385788,-0.13395939518226974,-0.1426496648380408,-0.12182651539797396,0.17980345541477238,0.36258214924301724,0.196573676750337
2016-12-08,-0.18936614945441133,-0.11397548959073922,-0.1319250802566641,-0.11196311740174447,0.1770717041569949,0.3632187145505512,0.1662296020246421
2016-12-09,-0.19937285372180868,-0.1612549814015778,-0.13377935489583684,-0.10269687048328502,0.20290197454494951,0.3709514478142455,0.1765241303550691
2016-12-12,-0.20097394803444224,-0.1684045087821071,-0.1505843319838636,-0.12259738368030126,0.20577448000639775,0.37493939578748936,0.20174199055809128
2016-12-13,-0.1675902395654798,-0.17656813004572935,-0.13949784542966553,-0.12226138632754452,0.20579951747179392,0.37343478378573525,0.1817134858896403
2016-12-14,-0.1766828182756517,-0.16018486435749923,-0.14221502263827782,-0.13637694123383193,0.21379665691692806,0.37908216270399997,0.17192253797155344
2016-12-15,-0.1852555323398204,-0.15764572477948913,-0.15849839773948068,-0.1568365260512532,0.20305642275715186,0.3932610875571587,0.2122156281344676
2016-12-16,-0.20265837387847718,-0.15472261857290426,-0.16142844451460542,-0.18268733416877841,0.21757850217182817,0.3892308649387979,0.23533465512589036
2016-12-19,-0.23666929402209258,-0.1602572977182859,-0.17349760796334202,-0.17860197147749338,0.2337563141802007,0.38855548685892405,0.256559913988613
2016-12-20,-0.22919571916951753,-0.1643677289676022,-0.1709548304017027,-0.16958858504804564,0.23666723722609795,0.4093555291636801,0.2101850366177076
2016-12-21,-0.18629417375552337,-0.16696750515787095,-0.16719814008469067,-0.1669683601566448,0.22576473653175277,0.40030522521434264,0.20571027792438024
2016-12-22,-0.1902963507082313,-0.1715387717909238,-0.1723829846613825,-0.16750522615205174,0.24171480741919127,0.39758917181275844,0.2024065253375964
2016-12-23,-0.16329078011297982,-0.1726214834273283,-0.15345468828865003,-0.16797120502862609,0.2737860368805811,0.3645774732585949,0.1671297601632844
2016-12-27,-0.1569275889052965,-0.17265296922536555,-0.1326572638814982,-0.1448088527899288,0.2645005808997385,0.3737262863999484,0.11689022605839927
2016-12-28,-0.1229522587659786,-0.1754150321823471,-0.1172310827977032,-0.11511714466274114,0.273508567938036,0.3127990119552544,0.09900459610145873
2016-12-29,-0.10969388393498036,-0.17330375458028513,-0.1114022287541522,-0.11550299025796909,0.25188630081600794,0.3304338733171901,0.11012229764933545
2016-12-30,-0.11018450183552853,-0.1768167094124189,-0.1091334445614322,-0.08346192071572572,0.2447020821943302,0.34500125469274434,0.09419529559505246
2017-01-03,-0.07582800390767525,-0.1232819058259027,-0.0606065590894964,-0.03773706682591729,0.26225016334176887,0.29646985319248453,3.3923140274616514e-06
2017-01-04,-0.08588563643847513,-0.11806045982414326,-0.06130366156906586,-0.062324676009582566,0.23478873126565958,0.3731741847710601,-0.00323499838331065
2017-01-05,-0.06379639636548146,-0.11175679312065734,-0.056709402555374905,-0.051110955039904614,0.22965968939277936,0.35385725655823763,-0.017282224702068305
2017-01-06,-0.02997226412231946,-0.10674066360938528,-0.044530082886677494,-0.03750770403888816,0.20704792015847784,0.35586684892476317,-0.04005983398943558
2017-01-09,-0.02196091520961213,-0.10922301221807063,-0.05749317268530782,0.02032759471779806,0.2001609933246873,0.31689650213596554,-0.046507118083583876
2017-01-10,0.005639489013979204,-0.09541881542625719,-0.02311399427629046,0.1406424407477664,0.19301255940334405,0.21844288933795442,-0.09970148993805861
2017-01-11,0.0012994626722024338,-0.11170862535585968,-0.034441688645126284,0.14864597582157152,0.18353225511179838,0.22877163892697938,-0.07402947488005651
2017-01-12,0.01233034171776548,-0.1111568748716163,-0.053172273978048246,0.1501314560369132,0.16617187615697948,0.21117880797429045,-0.058944818392595355
2017-01-13,0.023482368098154682,-0.11284597992993461,-0.04534501284305617,0.17456168509180306,0.15616422716350864,0.18367870357595795,-0.05666380238283564
2017-01-17,0.03126139908131359,-0.11045799922651955,-0.043521054151046595,0.17188397546015985,0.15980365148220832,0.1402329249459675,-0.027269014368351385
2017-01-18,0.03591744424312854,-0.10642933331016802,-0.04422638719431016,0.14523725948503038,0.1526076616114589,0.14847877395215647,-0.0032456817789840997
2017-01-19,0.04044740108469791,-0.10476889635230036,-0.05681007420411338,0.1502583070290107,0.13338365282196407,0.15337386062187663,-0.009875686834690534
2017-01-20,0.05887543268740386,-0.07674538537687148,-0.030898467195510038,0.1724003421376914,0.11928954781429457,0.09584417984783578,-0.02828169568055916
2017-01-23,0.09143438234860157,-0.042814183979595244,0.0036469501008430383,0.19020348552722288,0.09016351905871178,0.03603896818170549,-0.06536280413021389
2017-01-24,0.06739459659300345,-0.03390093671984851,0.0011736704531807862,0.225107279130457,0.0853467614506136,0.01079131024943969,-0.06891514986404346
2017-01-25,0.05100919087658068,-0.03866209885947469,0.05286457054846355,0.2168654105882672,0.07678284107691535,-0.004139954917897537,-0.08560935493508026
2017-01-26,0.026600748776218375,-0.04242269506204055,0.02306632598107844,0.20059120962925997,0.09270464009515145,0.0015514936203904206,-0.04030778619499742
2017-01-27,0.009595836335707264,-0.053116411096263194,0.011630512999753984,0.19149741824021274,0.08756669260242522,0.032937187184982175,-0.019005631057868122
2017-01-30,-0.004752040435300975,-0.057159839968879855,0.004034061388556998,0.1615082380841233,0.09677643830445848,0.05075896012462122,0.007208498879479386
2017-01-31,-0.002547995631794253,-0.06899658084388849,0.005108599159877492,0.16691585909450662,0.12153737495178007,0.08834975929797162,-0.03095854627694905
2017-02-01,0.0036889489490002925,-0.07033005066727094,0.027845931071758145,0.1674185590300905,0.12144536093895497,0.0617127471355583,-0.03461594819802727
2017-02-02,0.02086554584840533,-0.05586425009523044,0.0445214664033356,0.1798986388586095,0.09554611874139995,0.037702806522947,-0.0463177324023043
2017-02-03,0.03047134987187944,-0.0407587944180553,0.04601905757471236,0.17062252163681252,0.13359384832222454,-0.010495324297510766,-0.07505383309161173
2017-02-06,0.03495430001176397,-0.032790530215623725,0.03673384837969651,0.1583107692140645,0.1446427519581095,-0.01922854675982144,-0.07861925726200214
2017-02-07,0.057536052748020206,-0.02301229746141209,0.033141655295900574,0.11661379516734927,0.14238524267951425,-0.02986553434711503,-0.07030105604829862
2017-02-08,0.09193269515629421,-0.0015895643908984125,0.03741451989361899,0.11111881414888583,0.12174718923939576,-0.052311763907343156,-0.10892379617381343
2017-02-09,0.11124251431669102,0.02477003653298726,0.06067757832362897,0.11713333575688825,0.08401186303147723,-0.07028785435399554,-0.14085814543991138
2017-02-10,0.1134698459009505,0.04175076086292839,0.08438789201191249,0.12927772260121154,0.10156619575580894,-0.11998156545167626,-0.17078644332428672
2017-02-13,0.07937523267116353,0.019830731975115867,0.03877310139715534,0.13027076176559987,0.12611854673611989,-0.07455310168268303,-0.13057751501403692
2017-02-14,0.08095222788481776,0.04402969892745545,0.039982173622955974,0.1328442384170908,0.10206694907993752,-0.08345069843774944,-0.1319732463085832
2017-02-15,0.08968668958989345,0.052612176451285464,0.044057635595050215,0.11964805384320384,0.07034992193104372,-0.053913944843382744,-0.1396338098053307
2017-02-16,0.06789917648725402,0.000567503007774528,0.016368960057461635,0.11744165603362511,0.08961623720618661,-0.013277299077149696,-0.09846332748645015
2017-02-17,0.07468398359273554,-0.006620278739353891,0.020073825172682525,0.10448834844512972,0.11106145754691665,-0.02497211446190395,-0.09541301518042022
2017-02-21,0.06871871701049836,0.014439874657581897,0.01152558217085592,0.13044947876182933,0.1212875989719473,-0.058515090070491826,-0.10198614048662336
2017-02-22,0.07358977814119855,0.014949859836606239,-0.0005216225181470246,0.10208281147557419,0.15586538404968175,-0.06429541564395613,-0.10395806486806736
2017-02-23,0.04013995271683596,0.007571329822779194,-0.019088104804794892,0.09952701146081872,0.17114305599017632,-0.031124427167028568,-0.09435246964119504
2017-02-24,0.011816215802581576,-0.017099987268273664,-0.05171946838488978,0.08296014545277403,0.19924342828932673,0.025762536304140493,-0.06595894492810928
2017-02-27,0.0054758898785070564,-0.03138955824478251,-0.07158384797352968,0.07721909561916651,0.20275695531278526,0.0558038791847113,-0.0495658910905834
2017-02-28,-0.007679991269691211,-0.03601930631740047,-0.10567717479165378,0.07056366181098078,0.2175384798632516,0.08054864798860661,-0.023472261902317104
2017-03-01,0.019479548433550653,0.0016947677009968576,-0.07073768315652301,0.09398965375746615,0.1795517027835234,0.011521771890291799,-0.05518653280892538
2017-03-02,0.01333409428717719,0.0034129714766528707,-0.09216839787738679,0.07776032454946713,0.16971015320028604,0.03972460001768319,-0.0350747607495574
2017-03-03,0.03807288960844063,0.01498704478214663,-0.030549346601411564,0.08101403052215672,0.14026937011141172,-0.017768489527715037,-0.06610662340058626
2017-03-06,0.02397068650802442,0.006975062724723258,-0.038460137644560355,0.11044018184907228,0.1557145972600309,-0.04219547692483072,-0.062133746959105896
2017-03-07,0.01816743779005997,0.008358548397715437,-0.03710671977146024,0.09793766558410166,0.17961050819821,-0.061596296500940007,-0.05481063775842365
2017-03-08,0.018077958050093434,0.005698984460661305,-0.027082303961853016,0.07781278444010731,0.22354376871404513,-0.09429045338108333,-0.05723364721137392
2017-03-09,0.023309958758865768,0.006121228604606732,-0.04159735376097001,0.0661546314569132,0.23616160128922736,-0.08992624377872982,-0.052940598985067755
2017-03-10,0.04297389750511854,0.015526562714639258,-0.0346276869344308,0.044481860148264496,0.24195696625610807,-0.0949380637710111,-0.07246844716708178
2017-03-13,0.062363338088646136,0.015127306052671985,-0.026522271377004747,0.08765516439542215,0.22782565613492745,-0.11024660337999936,-0.11460052037032975
2017-03-14,0.06071904248520399,0.010720817298699448,-0.023921973413765674,0.09406170724168478,0.2330912488088832,-0.13407621110060797,-0.1033130421508166
2017-03-15,0.0640517244584905,0.012945762940888228,-0.007958623943039034,0.11168050296544868,0.21798607605972764,-0.1558700488200655,-0.10694789384181957
2017-03-16,0.06691073139221493,0.026896491562045988,0.018343026772059734,0.16045785575385002,0.1990265677713019,-0.22007161098985728,-0.12613722467352284
2017-03-17,0.056220482523513526,-0.0012644492996443102,0.019944741502154806,0.14786982745187705,0.2222043660693429,-0.19793054343857097,-0.11778217006141345
2017-03-20,0.07218123201895055,0.01693062488675867,0.03191974723773239,0.15780204935709663,0.16591091612455644,-0.20839816982934112,-0.10939537489590512
2017-03-21,0.07782604639579671,0.013997190012860261,-0.002304421413266866,0.1431302253130286,0.1631962984831019,-0.1690557456772641,-0.09825459809384318
2017-03-22,0.09095046114101457,0.008298405001470277,0.010042046056720821,0.13872285412188146,0.1547794146424546,-0.17464373245564335,-0.10109438773963042
2017-03-23,0.11227926940369581,0.012897565261548616,0.020610756625249083,0.1368484012105805,0.15397856590894365,-0.1980553938924543,-0.1137473427562945
2017-03-24,0.13622061142036657,0.01617852984464596,0.030598034429555943,0.14250003010364687,0.1274784380218117,-0.23372791170067542,-0.09305098123881983
2017-03-27,0.1257146671002103,0.0012197661615813704,0.02173212584386225,0.1308501121971979,0.13923426079294599,-0.2124602079279403,-0.07742603284745009
2017-03-28,0.11372871066182,0.004471708869317026,0.021358571166153806,0.1423780806057553,0.1064448069871693,-0.19417518524498778,-0.06327050139423607
2017-03-29,0.10783655737844611,-0.015155992274120234,0.032625773550260806,0.13362312614769412,0.10431810148144116,-0.16457139247194208,-0.056569437481228224
2017-03-30,0.10314588477491726,-0.005766161560649685,0.04348353661408677,0.14262294847370616,0.0778287415627208,-0.17548522416675727,-0.04927851906657299
2017-03-31,0.08311444520187194,0.02130036761627796,0.03579964106375161,0.1431037069418114,0.09494172134724987,-0.17421389939719933,-0.07014128366115102
2017-04-03,0.11141371931937638,0.02930143883358549,0.0581298567686388,0.15133795105194314,0.11464910294269881,-0.21222525429569483,-0.12770675568853385
2017-04-04,0.11670797000009958,0.010919958331443436,0.07331198061323246,0.18507498743759343,0.08823828393659561,-0.23972067221570814,-0.11556707744728678
2017-04-05,0.11758725669686876,0.012640138793697298,0.06987109966207855,0.14728961345746083,0.09493041791584389,-0.22852250150959508,-0.09427755483482914
2017-04-06,0.11126895174783658,0.00933508586886822,0.0725365438427924,0.159555281896416,0.07879847647839755,-0.24053040813678805,-0.06997949732445274
2017-04-07,0.10204311850377101,0.028185219460459487,0.07226358414690376,0.1575197659449884,0.07175620274824768,-0.24122035700187583,-0.07611833938822565
2017-04-10,0.08544469234865126,0.014939014275655249,0.056276128910577095,0.1595417797927854,0.08079745403094041,-0.24647582551984026,-0.02125301855008388
2017-04-11,0.08064949884192685,-0.015747054259774407,0.06183564983433204,0.15743753800290916,0.11894281915293714,-0.22538127534103003,-0.04160465191686136
2017-04-12,0.07239929468512896,-0.024233476030338985,0.03915260003199861,0.1650907502239174,0.14944983421381597,-0.20274099721465877,-0.0552701915213456
2017-04-13,0.06823796736452081,-0.01833778112322526,0.022186482152485754,0.15861244749813086,0.14049236963608536,-0.18825166811898209,-0.04015996331262839
2017-04-17,0.07259494704437375,-0.01912369327561425,0.0396322199008865,0.16251499403497338,0.1380027292075483,-0.18666196548555414,-0.06186189909723394
2017-04-18,0.07192762674125319,-0.017211525942039452,0.03337479434500357,0.14236186414810048,0.13369349555168863,-0.16594853246404329,-0.05785279994501247
2017-04-19,0.07272134234183292,-0.012810205715702239,0.02496372571528993,0.11724944452315844,0.12251919515348053,-0.1345895858885373,-0.05739451872118462
2017-04-20,0.06401679173354125,-0.0066470403740593875,0.02754218672700859,0.12728543999336428,0.12348413492530108,-0.14347852279569606,-0.05815629554726476
2017-04-21,0.0676962672044954,-0.014010022874070271,0.027694603634558,0.12253428162427049,0.10298163537981075,-0.13259940060741426,-0.04632238868872918
2017-04-24,0.07755707938499024,-0.006530482872313392,0.03675335136374819,0.1291875745268367,0.06851642083701659,-0.13845131448373005,-0.04401361913816704
2017-04-25,0.07514703891987407,0.005089656760191907,0.027883244793338036,0.12725569818752214,0.03863000225832103,-0.1292200311010414,-0.03589444465120861
2017-04-26,0.07080454136455305,0.0018952152619238216,0.014092682007524004,0.11856323366102428,0.06493380749482913,-0.1265116766218708,-0.03922638096487674
2017-04-27,0.08858037836431754,-0.00031192314297601165,0.02371905293081278,0.12729235005351347,0.06008802450691331,-0.15833698346486091,-0.053311941361486426
2017-04-28,0.07057838087839086,0.008449058196970283,0.014050888102612569,0.13991446714259226,0.04654497679172387,-0.12896150044373877,-0.06339598887782438
2017-05-01,0.08817434564261317,0.03357977869789475,0.012919433131519387,0.11710959818006106,0.050591524146455846,-0.14713319012263337,-0.0704236733995054
2017-05-02,0.08763358486426698,0.041477230159411516,0.02160973963352708,0.11345914542773616,0.021651926269706134,-0.1514535754643198,-0.04566650436835751
2017-05-03,0.11352478700897162,0.03146020754207768,0.022732678250265148,0.10836050823987753,-0.006105370593789683,-0.15470406476682808,-0.02952581429566159
2017-05-04,0.12027506641356289,0.02467213289954162,0.003579451384955218,0.07106367387272261,0.012409441725925063,-0.14546872103505581,0.0010925815254103632
2017-05-05,0.12339322943409925,0.027683571936223172,0.004299124553872602,0.06929948232224081,0.023318458157537858,-0.16747796486471733,0.004040237565742455
2017-05-08,0.12990354432489204,0.04112902533246077,-0.012555452381267568,0.04894197205500106,0.030646917854755262,-0.16612910540417403,0.013610685590524696
2017-05-09,0.13221357296032643,0.033838060834168626,-0.03133509014123953,0.032912726711950446,0.041774926612940355,-0.1399545195937466,0.01906535655813224
2017-05-10,0.13455616772447276,0.03518454085685396,-0.031132696896675388,0.054920557623224786,0.011218708098867936,-0.1537921429066187,0.033986855821232176
2017-05-11,0.13985724529936194,0.059106591182925605,-0.019545242608196095,0.03984357574725239,-0.008277715287424936,-0.15140943737285406,0.021976621640867666
2017-05-12,0.12494192647992297,0.017212868883455967,-0.006677696426248908,0.046002425331330254,0.01707271104458785,-0.15541751663527004,0.041647158999958744
2017-05-15,0.14385002937321612,0.03267865822868676,0.00857309188834271,0.05007551327265447,0.008996852127090005,-0.17362367109698962,0.004321201551632292
2017-05-16,0.1537882558703182,0.04572638492559211,0.01304911777137266,0.035239984422471116,0.018774546249586965,-0.2027564048402457,0.00942423090721034
2017-05-17,0.15049958866054436,0.02963812905051466,0.0010528159470486742,0.028715612400737944,0.04147548709608362,-0.20064440501084135,0.025307610026763516
2017-05-18,0.12938660464695018,-0.005050319396638581,-0.048553797624471345,0.022025954820200644,0.08807711956130548,-0.15444379030968225,0.05027637564401255
2017-05-19,0.14091870495995273,0.015183533306837083,-0.030629274295031095,0.03606383407727898,0.035599783656267814,-0.1736131947600943,0.055813593384768545
2017-05-22,0.13019021456337931,0.007682093311613958,-0.03956542779992972,0.028173986066076573,0.0670846810424055,-0.1835072826490025,0.07193570882816358
2017-05-23,0.1274494803692784,0.013660736811780039,-0.025808825855801798,0.03077928919288464,0.050351226138817484,-0.18710939273142735,0.06534861259475111
2017-05-24,0.12751541880753148,0.022232526212666248,-0.0016159125084849735,0.036045067246816664,0.015592055942326155,-0.19699771821285106,0.06656165930363667
2017-05-25,0.1565097673668716,0.03297971987396697,0.00538362289957961,0.018329152850230068,-0.017459250061205633,-0.21396495899383838,0.0854794575875446
2017-05-26,0.14248516569043712,0.03482899398253447,0.05765156021818263,0.026182285593592036,-0.0008649214613676293,-0.22736134618740644,0.034713551059313286
2017-05-30,0.1285229313849683,0.029802855957239083,0.10762101816542385,0.01716494556617243,0.002957701080624542,-0.23468267210639482,0.008689412467675517
2017-05-31,0.13311416506925022,0.034969428163129646,0.10591938656686067,0.0043014718008225206,0.0020139372511458475,-0.2291187629441307,0.007116968679213187
2017-06-01,0.142128094896661,0.024393857651939244,0.13605952910675528,0.0120963093185531,-0.021559685548230956,-0.24495643654057053,0.008877093165894134
2017-06-02,0.14949105096493542,0.04982691790157556,0.14478317584344813,-0.012024069558605355,-0.013871514600792612,-0.2564680473454146,-0.007352756546957995
2017-06-05,0.15710256616083695,0.1040662186888538,0.14444239236695477,-0.03471185148325917,-0.051844879379089104,-0.2623041360627849,-0.016612414958399935
2017-06-06,0.14281886637116803,0.10019500274827065,0.12445344492056876,-0.013674343151871549,-0.042569203762274466,-0.2519075215382882,-0.01942598658169148
2017-06-07,0.14259667331956094,0.07440078394529226,0.10952183025869444,-0.024162941602865695,-0.028772042511731044,-0.22796155398265627,-0.0012573578855823442
2017-06-08,0.1098302116603016,0.07532161729027154,0.07665513724354056,-0.033149087031841606,5.363452422457726e-05,-0.2152774447579251,0.039089237556663825
2017-06-09,0.09390195653671896,0.0690471989615229,0.061664506290137644,-0.030775949845395223,-0.020642854061256877,-0.19422210735465217,0.07231300131893148
2017-06-12,0.08303605287370863,0.06964406592480543,0.035405812716982454,-0.030520139006101177,0.009981593497884411,-0.17904009010669775,0.06367079650923602
2017-06-13,0.07832308798937948,0.03272824261379914,0.04739635617709373,-0.025146508246230326,0.018974758111414136,-0.1719020507722946,0.0734051849765347
2017-06-14,0.07224295151766436,0.025984739020873615,0.04228730829505889,-0.05571007748591561,0.03967911517185163,-0.1626354613631733,0.09647873880691948
2017-06-15,0.08344869755227324,0.02320227788144469,0.03371561940297951,-0.09166197435782175,0.06290030361793342,-0.16534036158350673,0.10945903308285487
2017-06-16,0.07910751998713406,0.020293092007965696,0.0581765023786269,-0.11706215655067598,0.06896291754413442,-0.14290786448557835,0.09335529491985106
2017-06-19,0.09280488586885127,0.023786150164397224,0.07003146700628984,-0.12713155813305388,0.059180021225443635,-0.14826984217619277,0.0951051230879596
2017-06-20,0.07218047423109475,0.048560972107027034,0.06475240382583045,-0.10341808301350208,0.056911127477036416,-0.147016188060074,0.06786680028426684
2017-06-21,0.05013837046199798,0.030003986129371163,0.00881078398396376,-0.11816941200625775,0.13844511535754167,-0.1109870162121922,0.0599662404278658
2017-06-22,0.05796873710882178,0.03893569831930932,0.031949931645499335,-0.08725625418373562,0.12234620783926031,-0.13915200231482783,0.03427668014600904
2017-06-23,0.04597380680206986,0.03692496311442084,0.023834642499904607,-0.07043688848897811,0.1471711059479235,-0.14004509315165747,0.016327097079233965
2017-06-26,0.05143067198948725,0.04181440803251457,0.020811409190308827,-0.08832116120283229,0.12588742303145972,-0.12074514229402133,0.026345913043523517
2017-06-27,0.05693119419205139,0.03810222137388164,0.012420837261417572,-0.08566892281922156,0.13230427383397636,-0.12791239041086255,0.029203862333550212
2017-06-28,0.07062511373862024,0.050493869867294094,0.02199304578969935,-0.0976213142319502,0.11566337664200166,-0.12568559599901907,0.01888445775579317
2017-06-29,0.07272136084445635,0.057631197280404,0.014931266177667574,-0.10588090058914568,0.11048052908907113,-0.1132160396028199,0.015155344805067195
2017-06-30,0.07594190207376927,0.07526851783464483,0.03271351273816167,-0.10351295860619936,0.08973246687743819,-0.10789842791096693,-0.013690263106055145
2017-07-03,0.08870259862369734,0.08000020932680885,0.04199205255339211,-0.08072171635045877,0.08320716781006299,-0.12196677022843971,-0.044818165481815164
2017-07-05,0.07399184780897072,0.06631122439322923,0.016394307889503495,-0.08165646996310771,0.1265178679020016,-0.12155273973331848,-0.02463265451695662
2017-07-06,0.06178738120690008,0.05531595754847951,-0.0040436578868830175,-0.0770964134353036,0.11221264381412199,-0.10953546382921986,0.015307746253967469
2017-07-07,0.057291665243382583,0.05533073106372555,-0.018304948455104664,-0.08201016140735784,0.13098227128370743,-0.10553963762124674,0.021150232804394875
2017-07-10,0.07787705528086275,0.053050927597085296,-0.020290683438246054,-0.08911381233360438,0.13842967101158,-0.09487783385231863,-0.010922895970355562
2017-07-11,0.07471058823419696,0.04035303786262068,-0.01511648974806834,-0.06556508468369171,0.1408630541123954,-0.10096661655812356,-0.021335427320315237
2017-07-12,0.08550804377255061,0.05260849441429161,-0.014913792831016293,-0.05472863047164256,0.11672382024198757,-0.10809169385482154,-0.03136713272692759
2017-07-13,0.07327270649020434,0.06172967643866589,-0.017872128674634974,-0.07361573494089368,0.140586356655223,-0.10930504654924644,-0.034352726395757927
2017-07-14,0.05245432238179015,0.06014914478263034,-0.034265911283100914,-0.057391994530261004,0.14848387421571818,-0.09329918975799201,-0.032132097205662014
2017-07-17,0.04882808741953548,0.07026755129107598,-0.08017121542558822,-0.06712025811032074,0.1537497692058305,-0.06417287676672401,-0.021340992918124968
2017-07-18,0.013078648027635476,0.0360528310306405,-0.14919703896439426,-0.05425377127426456,0.18962378376572975,-0.022021572964048053,0.037081334439561964
2017-07-19,0.039620297245567926,0.05140077544676558,-0.14756833328868513,-0.05949259520248007,0.15644752389785088,-0.02729315486060946,0.03101097955019494
2017-07-20,0.029690163071737663,0.036380251784637774,-0.1501251695327824,-0.06091984976484777,0.17204709020806686,-0.029585208418604347,0.0565682548186488
2017-07-21,0.03467715210135491,0.05313496175647037,-0.15314308467944274,-0.12163839114996078,0.15835927352081036,-0.011882595980973631,0.09389604776111193
2017-07-24,0.02215447357991973,0.05953112518585635,-0.1680719844751524,-0.10466777006508599,0.17038256308893862,-0.02508446344425641,0.09854715801636615
2017-07-25,0.02699465106236376,0.06327520016663823,-0.1621639668266501,-0.09431270855621832,0.15623402084173676,-0.005626862455889725,0.06527070785859301
2017-07-26,0.022152061190238825,0.06749092800278045,-0.14589863782492446,-0.11245341603915504,0.17323864160206925,-0.01830274685000255,0.060964927249870016
2017-07-27,0.021356390162050598,0.05903311512073672,-0.13759037763474127,-0.10667413096113743,0.17848969342805443,-0.03614609019008519,0.06602111602610528
2017-07-28,0.0014226149953260325,0.057281092879386986,-0.14800993089761577,-0.0667838324698673,0.16857667259861397,-0.03821354952849654,0.07119035334867929
2017-07-31,-0.025385610230711064,0.0461394460771829,-0.15378888652846556,-0.09356644253970958,0.2120572193514647,-0.01856936128236275,0.08548206932350855
2017-08-01,-0.006728535438780492,0.05403951653693473,-0.1442754632539224,-0.10857517753214951,0.18394330965500227,-0.029947199340019548,0.10005469804889433
2017-08-02,-0.019600154368399236,0.05168102628690152,-0.13645642120184362,-0.07615703935104134,0.1659688902464791,-0.039796253733094256,0.1005939322454994
2017-08-03,-0.021722501364630498,0.056210564899683346,-0.13604907784187487,-0.1078918040324992,0.19066072009810586,-0.03170508850746834,0.10177479558847091
2017-08-04,-0.015857117265835496,0.05216242540098137,-0.1323153585895193,-0.13375207288152935,0.21469832874976813,-0.03489065557745796,0.10745693281531121
2017-08-07,-0.007171639588597012,0.04628876743796417,-0.13202637048564422,-0.1477216777360597,0.2481051566714223,-0.03731014136960842,0.09208395133914893
2017-08-08,0.0013731444378910496,0.05230919841894621,-0.13283723413699772,-0.16577455501763638,0.22917172860393675,-0.02099393027358598,0.0862139890910294
2017-08-09,0.0014450523886275768,0.02729795313065919,-0.1578748441107521,-0.1510416879371419,0.261065111795582,-0.018263781770103904,0.0882295366902004
2017-08-10,0.003662130383650153,0.019506700182578496,-0.1431046278916851,-0.10968009389690847,0.22078312414735235,-0.0403033928170371,0.09138801751037429
2017-08-11,0.014593292494545329,0.020588074681379243,-0.12814996124221797,-0.10170077224875707,0.20489082030225125,-0.035519549423741914,0.07390872152344308
2017-08-14,0.04336936215834397,0.10692712659063519,-0.04751653922499802,-0.14088497064729077,0.13256834994846312,-0.05834030744916152,0.01929071918348102
2017-08-15,0.048677912701385884,0.10070147232026272,-0.057215694600169315,-0.1518775740803926,0.14750646307863757,-0.06628542983956542,0.039843802272435
2017-08-16,0.048190152164981015,0.08934533669588673,-0.06241748438383499,-0.1662634660974842,0.1509722078147484,-0.049683603823057476,0.053571290543871
2017-08-17,0.04557628752726495,0.09168719859574437,-0.08929797154556338,-0.16684827236043054,0.16885717952306534,-0.02532351980111236,0.0371906239990869
2017-08-18,0.04778522065177526,0.11240001724202797,-0.06944391050198775,-0.1754017128767542,0.1409787484186582,0.0054741180213420115,-0.005541080176675095
2017-08-21,0.045190663075811655,0.10611000121264946,-0.07848766481409569,-0.18252646851911303,0.18111395420683163,0.00947960236629819,-0.02250024325402844
2017-08-22,0.04715015652044907,0.12021413262803249,-0.05577796306515129,-0.17414020745398862,0.1451322648096669,0.010514515937950497,-0.040228835242026584
2017-08-23,0.07731307004865462,0.14139081602056236,-0.03475986255421365,-0.18120634881061637,0.09249149429260184,0.015146215276530928,-0.06431489913490607
2017-08-24,0.06974694525221858,0.15665458727755954,-0.016593515126882258,-0.19121767242639431,0.03917549082170568,0.015123000207850179,-0.028409189066885165
2017-08-25,0.06314919661386198,0.1649869235935758,0.003392878141494887,-0.1677481759402919,0.01796382698631893,0.007910278824702077,-0.05409815717723321
2017-08-28,0.056229279716092595,0.1823637371337995,-0.005940386879489806,-0.1789557660384533,0.024920145656817994,0.0006882029815797885,-0.04096417203614866
2017-08-29,0.05974749142389335,0.16547775331247894,-0.02245848245178661,-0.18664095769012623,0.04621759500208178,0.009460299381123694,-0.03133434810027458
2017-08-30,0.07345335491333893,0.15065664588430827,-0.020768380477247578,-0.18163359270942725,0.02103587314063793,0.015314657971004175,-0.025568735603060944
2017-08-31,0.08955504562043393,0.14721310227736017,-0.020460914460150026,-0.1897328251417223,0.019772393016797007,0.014586818824142256,-0.029348619576885504
2017-09-01,0.08150366657140795,0.1623990153696685,-0.0052961449962123375,-0.2006786541360157,0.03057506493867601,0.007825939916724423,-0.03910813286421444
2017-09-05,0.07955355635831562,0.16377881120378102,-0.000461843469299672,-0.2026150279950969,0.02085065843087852,0.022455774577309295,-0.04392359887832242
2017-09-06,0.09274923431957016,0.14638004318190379,-0.0013630660447191412,-0.18773163470341037,0.017572550219307814,0.030518368864916434,-0.05970779739197507
2017-09-07,0.10282830641032947,0.1441772818807867,-0.0013371646008209226,-0.19702209940130655,0.020362461816135546,0.01759762535801168,-0.046716718158564596
2017-09-08,0.08166451396561403,0.12762677289334068,0.013140227814369049,-0.19284963031291813,0.003615417766021256,0.031809194241996686,-0.035965026367501984
2017-09-11,0.051015849921608014,0.1108706480642041,0.004490900817910204,-0.1646670838370079,0.025335111338574023,0.04017591631436335,-0.03406907293763961
2017-09-12,0.0587842096094664,0.11112025012784454,-0.0013824476827645482,-0.1690253571800322,0.020024438249719445,0.0303639760476615,-0.02163226127416129
2017-09-13,0.06836432400121484,0.12223416687692268,0.013303215952592456,-0.16805691838948422,-0.0081141937531366,0.04986582068552203,-0.0557977397338969
2017-09-14,0.0625741827875419,0.11701452670489809,0.020297159016565924,-0.1533898687818993,-0.021911315689779443,0.04579154009284836,-0.05095017812529079
2017-09-15,0.06315623554372207,0.11916968205058676,0.06119238812526995,-0.17310246325872303,-0.02710631022923149,0.028977600250374547,-0.06043210358819051
2017-09-18,0.06520941115178513,0.1151021173992719,0.09249877019202896,-0.18243643024055634,-0.04068723598417101,0.02715845437259312,-0.06922320475234311
2017-09-19,0.07813827099815507,0.11088304493939516,0.11878315198881653,-0.19610987560328064,-0.015764095677442302,0.026913893418457624,-0.10967689634460953
2017-09-20,0.06388080153620024,0.1110356754619648,0.10778637194757633,-0.19676627655150347,0.007354984629126982,0.04698712384538828,-0.12068220688164244
2017-09-21,0.06132626282149767,0.12657802423615672,0.1069398027633546,-0.2047306199032246,0.010392936066957681,0.037242461384020764,-0.11224890315670866
2017-09-22,0.06197017635532309,0.16160464328191382,0.12285985898259869,-0.20107915306211654,-0.016663438654682228,0.046031792243893976,-0.14629718402350012
2017-09-25,0.0764159042754049,0.14174439258636884,0.0961650288454948,-0.20049507197267635,0.018740916700971777,0.034709178298109045,-0.13411619278206421
2017-09-26,0.0833288482570631,0.13592489184688117,0.09655708427009504,-0.16224944381680273,-0.016406212875475834,0.043022022428048645,-0.15242941295095314
2017-09-27,0.06535665912445343,0.12019562120749616,0.08061728323041956,-0.10949538132453696,-0.03165734523864128,0.0358036777852222,-0.1368901087213623
2017-09-28,0.07061313163089222,0.13360099701956463,0.09958122251015444,-0.12097879234453801,-0.04548458206317285,0.046134285831184396,-0.15793410795602902
2017-09-29,0.04956717619759465,0.1496247352443143,0.13684419745436444,-0.1265895661163654,-0.09641819090524573,0.06304372218902365,-0.15033408353329936
2017-10-02,0.03397264616904794,0.15675164043831002,0.14538294070872843,-0.10269164751255899,-0.11360256502796684,0.06616284057055766,-0.16006420963469248
2017-10-03,0.02845495366844819,0.168657981923668,0.149103296666447,-0.11810829909291432,-0.10850999482799661,0.08126129530235149,-0.1712608316692199
2017-10-04,0.03807218770543974,0.16709366629224687,0.15284269377577608,-0.12439050988700151,-0.12176870464768008,0.09095785710207438,-0.17539773349339427
2017-10-05,0.03460616457208143,0.14629120324829703,0.16216622090742241,-0.12412297674332828,-0.11160457490278741,0.10083094239239054,-0.173794996274931
2017-10-06,0.0348604698080206,0.14550458110050468,0.1473234844146871,-0.14549190832678538,-0.08597368264493044,0.09631578310936861,-0.15416945413142935
2017-10-09,0.02533402625307879,0.1312998197957993,0.1438440306071465,-0.14124962629575344,-0.06782910553663646,0.0899668057981573,-0.14174515173601998
2017-10-10,0.015802249620845643,0.1468391581480739,0.15994245356701003,-0.12383560073202138,-0.11213738143875585,0.1004080008978947,-0.15676836568726094
2017-10-11,0.012096273785238143,0.13930681898222486,0.1452579866154537,-0.11745123116965916,-0.10152065853357861,0.10452696814131812,-0.1486172361790632
2017-10-12,0.019658135658744857,0.13890166553835614,0.16172020393835795,-0.1325779955544133,-0.10887275966404841,0.09775030866300649,-0.1437527603786828
2017-10-13,0.023146336763659292,0.14937672550660586,0.1732815102035134,-0.12439105121991823,-0.12242078470461903,0.09609834727580902,-0.1626323446736384
2017-10-16,0.019694676174565107,0.1511597451315172,0.1656732907342117,-0.12201091628013083,-0.11066057224569947,0.09794912992774685,-0.16954874896877703
2017-10-17,0.04339003897130578,0.1477829722107855,0.15778239704870184,-0.11050092398185263,-0.12048116145561893,0.10146090640621042,-0.1960724913401437
2017-10-18,0.029918894917915217,0.14260211271977763,0.1513746042975438,-0.1014780079639166,-0.10490855812063238,0.08887620467276602,-0.1845732450180506
2017-10-19,0.028136968512732174,0.13103040959736112,0.13751984703996442,-0.0964010254363108,-0.08498120645494467,0.08336951751847566,-0.1711198621103338
2017-10-20,0.023394042404846882,0.1327671790775773,0.13967196091178669,-0.09716814570171617,-0.1114658531899404,0.07465571009250493,-0.13487213995987313
2017-10-23,0.023968902719265106,0.17257211748110146,0.16843861426948725,-0.07026446613821169,-0.19413327282340997,0.07600824581095256,-0.14746407436462494
2017-10-24,0.014857661738309602,0.15158004205330977,0.16096669166131167,-0.0806853992674883,-0.18106563869165315,0.09896207370791976,-0.1312612011360672
2017-10-25,0.014009465935336252,0.15556566081222356,0.15807129728847147,-0.04332495518169277,-0.2054378977201763,0.09425207409326286,-0.15081843470217926
2017-10-26,0.0040656458264991535,0.16591049504732336,0.151235906679266,-0.04819694241593586,-0.21458040956064162,0.10337492870866916,-0.1445864280106477
2017-10-27,-0.0016728678356265902,0.14671296154496827,0.1503135797603946,-0.04084188014277412,-0.1822526745288955,0.09468577002488399,-0.14891906862807147
2017-10-30,0.0050931195285928155,0.11165922292753616,0.1355530775854652,-0.036282928115952906,-0.14730423622883704,0.10055912161361058,-0.14986741315868723
2017-10-31,0.0002476132232542838,0.09202179371546904,0.13526961534623883,-0.034646679170883266,-0.13015080495691622,0.0901995753963738,-0.12868910430872127
2017-11-01,-0.012586509659578304,0.04576766122549625,0.10238426490917651,-0.03385821700675984,-0.09400127258230873,0.13107948591431606,-0.11229784787997144
2017-11-02,-0.027543825430836222,0.041490623065596255,0.0991868372443252,-0.02168325640587776,-0.10822690509704014,0.1268986305668398,-0.0888613408815706
2017-11-03,-0.02626932779965019,0.03523971864438069,0.09272822601264125,-0.01789609164071737,-0.08678912147915563,0.13052254497320614,-0.10818147252317312
2017-11-06,-0.010038949238519557,0.06230201610995234,0.07232546986565525,-0.0038443947508155496,-0.0890833611495041,0.11624631212914593,-0.12087520466428847
2017-11-07,-0.013107906272575853,0.0460629570059361,0.06330797300859353,-0.008465900741571053,-0.07764012809618892,0.12226412413897925,-0.11302954013202493
2017-11-08,-0.018846380946706986,0.07585319142934766,0.07130556432627455,-0.0136624728604966,-0.07883873477803949,0.12420836508637989,-0.13705156771403182
2017-11-09,0.007752838643841908,0.05324735195360253,0.07644808675065912,-0.0374751578031991,-0.0888290960831184,0.11158173447351838,-0.10260522377953407
2017-11-10,0.008806268685815244,0.048291406411962834,0.07219650797776822,-0.05360234021168164,-0.05219395103468738,0.1032172602213941,-0.11367346652949317
2017-11-13,0.01203812588240849,0.03429250188735744,0.050587450060369854,-0.04927430478474526,-0.014540631811821303,0.09423266110660022,-0.11444219097802222
2017-11-14,0.053963747429481845,-0.08708234339594245,0.027284630997404857,-0.054728182911711,0.039383597039995166,0.10666465775666611,-0.08943729124200273
2017-11-15,0.02442776000274227,-0.0778477917575251,0.06960834342261579,-0.0765088275436312,0.01591643940664378,0.12314693192425508,-0.07907346168694218
2017-11-16,0.04789241397375177,-0.057934442901371064,0.0745936730031096,-0.06503157012729899,-0.021175822044495085,0.12731763846719346,-0.09366439990357689
2017-11-17,0.04527487605056191,-0.09628578588600512,0.10740401487321616,-0.06127197747321822,-0.03310365552113703,0.12420753365373272,-0.08272362766193941
2017-11-20,0.09352892829178616,-0.14078115408369918,0.1319049260678945,-0.06814717860584962,-0.03974935122128098,0.12022795104715334,-0.09796840345183755
2017-11-21,0.09982758127249225,-0.1734625116704498,0.12277767652652072,-0.06007982243387877,-0.01761622359986248,0.11755078058783397,-0.0843901453819611
2017-11-22,0.07936654911804819,-0.15228202507307165,0.0967957607478892,-0.05678205624486865,-0.02992364349944232,0.12480543836555014,-0.0515385668904198
2017-11-24,0.04993463063293291,-0.10739449714012661,0.11268188246035815,-0.07191076560225818,-0.03869922090088895,0.14103220166715702,-0.07335052691905553
2017-11-27,0.03101858645093447,-0.08709516281641294,0.09813254151644335,-0.07249025286570054,-0.027315657143740513,0.14688132319434377,-0.08299500297839613
2017-11-28,0.06044232249420611,-0.11187868919110988,0.0971622456380371,-0.07736450396335637,-0.015788809490111966,0.1427747988345942,-0.08777800330043073
2017-11-29,0.06412426025641604,-0.09987981375830746,0.07830957816594486,-0.08716181204375806,0.018024834274406043,0.1392435063571975,-0.09970788145972387
2017-11-30,0.08835056053665458,-0.11773644035674558,0.06342129501274274,-0.06658281886521644,0.01091716220716954,0.13418384674992012,-0.09971501289450213
2017-12-01,0.10743902162483909,-0.1010532537058264,0.04491337270063456,-0.05430420916202627,0.007643805192280695,0.11109444964171766,-0.09929857000661935
2017-12-04,0.10998661703205093,-0.08272878386379512,0.054520524495547784,-0.04919542399645005,-0.0032519631696108497,0.10725864337791058,-0.12356736368422672
2017-12-05,0.12241927845131295,-0.06612199309232603,0.057846194006712426,-0.07811680650139441,0.010767098036850609,0.09896927898472097,-0.12686995858495997
2017-12-06,0.09463481451512301,-0.022772365545081108,0.08197002087550576,-0.08252974823064219,-0.043517042086505864,0.12060137774616941,-0.12920372423928672
2017-12-07,0.11131094449867929,-0.030712397139155634,0.0862243795400165,-0.10013108621660827,-0.05214675450439499,0.16492446035913866,-0.15138660648228397
2017-12-08,0.13664354953517988,-0.01033352113499042,0.09652499322797436,-0.11445174154210258,-0.06112850587107843,0.1334626519779194,-0.14337970926639443
2017-12-11,0.10630855536474426,-0.01626734553505438,0.0946132158233065,-0.11241454011007856,-0.027478416717662046,0.15509802231252778,-0.15398005501646317
2017-12-12,0.10436371078874052,-0.015503290588051222,0.11596416825797595,-0.11845183682021965,-0.02169212003585619,0.15314563885357502,-0.16966420814507055
2017-12-13,0.10069095841087394,-0.039827112475204984,0.14874877435628964,-0.12406876230275798,-0.031486064278642534,0.16312919405608772,-0.17328412069629318
2017-12-14,0.1081678981278178,-0.06174476008666785,0.14912185693324154,-0.1258620408638338,-0.035107317453739295,0.18360956061825484,-0.17434843032901215
2017-12-15,0.1283086142945855,-0.05882335852332643,0.14524316514916036,-0.1476176972107226,-0.04688384431757253,0.17553667781706084,-0.1537630745618066
2017-12-18,0.11436616500422181,-0.0467939100291499,0.15427763721845444,-0.13862514247354785,-0.04056773487709453,0.1544245683064036,-0.15179820596382454
2017-12-19,0.09199103322150215,-0.06192687575171529,0.17969544720555353,-0.14508562021475946,-0.062454192946229004,0.19958247460342404,-0.14987605774041768
2017-12-20,0.07522375845021712,-0.07364237886171665,0.16781367627053467,-0.1133235509372097,-0.04613259634037847,0.18095203595186704,-0.13418770572791572
2017-12-21,0.05206693581140476,-0.0774570724963013,0.17179042337570682,-0.08553769723990579,-0.0549032971555663,0.1579454816397603,-0.1106558351503697
2017-12-22,0.056849107644119545,-0.07672767863049312,0.18087309207970959,-0.0790022893433826,-0.0648191823286206,0.14598307828947776,-0.10810343577633619
2017-12-26,0.06878740150351126,-0.06734484974349497,0.16691107666880778,-0.06452475812259739,-0.07233174981105961,0.11698277738021523,-0.09633286926527052
2017-12-27,0.0783584003051736,-0.0689788764876691,0.1702070083414382,-0.05907329025310715,-0.07963636924025641,0.10150874939861532,-0.08984283985757746
2017-12-28,0.07596117270102054,-0.06860192292133549,0.15461690119294458,-0.04702719047367637,-0.09230857222133926,0.11301178035970216,-0.08629928532857445
2017-12-29,0.06741456974937421,-0.07598301444252176,0.1528701709738023,-0.0187574218983263,-0.11836839339139393,0.12333992296699336,-0.08386500837825639
2018-01-02,0.054688081107182374,-0.08838234967266434,0.15258340277355642,0.012765056114758422,-0.11703657632320574,0.10828911200630231,-0.0691005948685095
2018-01-03,0.049336080678950456,-0.08790777238606529,0.13222839733775293,0.013487231612313355,-0.12471918646312963,0.12260683458853094,-0.052273428858859994
2018-01-04,0.0920682404298172,-0.10380153862416419,0.14270010322432225,0.002511543611849798,-0.11597940916300509,0.1071471930122132,-0.06656298416743334
2018-01-05,0.07540244053386758,-0.09431436300959595,0.13467028768252143,-0.006968931510931975,-0.10780241515488997,0.11497270131139659,-0.056641651734274934
2018-01-08,0.048007418758189147,-0.11429787185377371,0.14205157792151835,0.028248436294783796,-0.1341709528644337,0.11129210211529417,-0.037775842243471525
2018-01-09,0.061430140957272616,-0.10954159516437212,0.1292728115484112,0.030490247407709864,-0.14510224800990512,0.10377265660749013,-0.028736412345707674
2018-01-10,0.07331125478293465,-0.126821031771994,0.11738795442990346,0.03716791951968443,-0.1360831513236116,0.11176164130957233,-0.03198093275055158
2018-01-11,0.05613931618776613,-0.12079353362279388,0.10828678234912115,0.06782619224507874,-0.13393425008226023,0.11345960073107064,-0.04223447459404284
2018-01-12,0.05426984604131846,-0.12758807325173027,0.1116735400010902,0.07798725860498362,-0.13313105557926885,0.11825179445720813,-0.046018511383053795
2018-01-16,0.03834668220726822,-0.13709889885373627,0.12119521114247944,0.08280816723137929,-0.1420878824055669,0.15382570663812345,-0.05430207296072265
2018-01-17,0.0332832873588762,-0.1339377825589687,0.10741542028955364,0.07696682141594219,-0.1405223944084173,0.16851352029953626,-0.04521179774684714
2018-01-18,0.043096323761075084,-0.12969623147379838,0.09742705160806664,0.07777602272857054,-0.13391073862826053,0.1642728383822074,-0.05055915595315641
2018-01-19,0.04475825521840493,-0.13971841409817465,0.07670322654242656,0.06844233529487342,-0.12880340473954677,0.20345342931304433,-0.059116535981737384
2018-01-22,0.005739165875021879,-0.1379646283168494,0.06970792518030988,0.07906651355325417,-0.10971676471316583,0.20847875610896693,-0.05384001424318097
2018-01-23,0.021084591934720898,-0.1831354005682928,0.06343094005548044,0.0904117060075969,-0.09414749704610337,0.2181350599442755,-0.060247999021157295
2018-01-24,-0.017229640226374077,-0.18028508923836384,0.056176225206336694,0.11531301655963577,-0.08984152721750016,0.21844024860685396,-0.05109446981542498
2018-01-25,-0.03419160789168352,-0.17816481903428372,0.053196029177942084,0.10929589450436367,-0.09503944835830458,0.24211582137890097,-0.04553850694075878
2018-01-26,-0.056722280315310236,-0.1752511843609612,0.05708681097882784,0.09634807208612778,-0.08989374235616365,0.2567943101603709,-0.03633131559846969
2018-01-29,-0.036803101104869285,-0.17249734305500186,0.05453633159726068,0.036919874573929035,-0.055005801219718986,0.25381780202238513,-0.030559592414954873
2018-01-30,0.009727470833027496,-0.1588872003059556,0.048845903798543144,0.018325818221381796,-0.08610359126384015,0.25643082701709696,-0.03714383523799869
2018-01-31,0.0310407976134357,-0.14852183340730796,0.048694128578046,0.024847709122340134,-0.09427676450687317,0.22481664132566692,-0.024763931828712726
2018-02-01,0.023734282588752542,-0.17719754886290895,0.036294512825924,0.044652735669126975,-0.07797981396224163,0.23771865603677256,-0.031972061512095085
2018-02-02,0.03938419400789295,-0.15838625174457377,0.006085491126318843,-0.005952585955996292,-0.0415408224377094,0.25978081579315493,-0.062396104952771925
2018-02-05,0.0635702155236526,-0.1658628737622747,0.007867417228574869,-0.027813990858599535,-0.009344233865619334,0.23124908995390525,-0.07641418775355846
2018-02-06,0.03838629068450894,-0.15734646057716906,0.005327270689545083,-0.01749697360624014,0.009055239345701516,0.22162792492628158,-0.0556601890416053
2018-02-07,0.05391722587768122,-0.15417875771133094,-0.0004082687416231412,-0.0529134084348748,0.025204590152371864,0.2339566238134707,-0.0656964116155363
2018-02-08,0.08141645533363118,-0.15406053357621263,-0.021343345993429574,-0.07485761094573018,0.009127470767792634,0.2588495457878288,-0.07722898049017246
2018-02-09,0.08911897200952845,-0.14146105819157317,-0.008717049401033128,-0.08595942981006338,0.010897857434851943,0.2513027804056174,-0.10091134806566315
2018-02-12,0.08445714520146552,-0.16194077367879745,0.03760612862752377,-0.043826984147046444,-0.031347979399633186,0.2354527697658102,-0.09423690681099961
2018-02-13,0.08322961650185423,-0.1518230028900167,0.01855638883069366,-0.013461356088896037,-0.02860449427944811,0.2182124102244014,-0.10647137885697378
2018-02-14,0.0735411785686888,-0.13210621898552355,0.04804904711337166,-0.013423200471752939,-0.04285280713235151,0.20913242874419424,-0.1094428320593197
2018-02-15,0.08278494703012651,-0.10181185144752236,0.06115659172374044,-0.018572349454081816,-0.055863676413657526,0.18272234996965908,-0.10521022033321303
2018-02-16,0.05003995005283546,-0.08853502953874504,0.049754875878734284,-0.00680213588771289,-0.05979255271184991,0.18351045892814,-0.08292313120904216
2018-02-20,0.03847763300703999,-0.07425233376319573,0.04100620655403264,-0.001559149499169743,-0.07519085627951494,0.18147590062439978,-0.07077705718494065
2018-02-21,0.045056495289452325,-0.06425642102573281,0.035730955326538805,-0.005201787773553124,-0.0963143065878227,0.1859580625704793,-0.06008062562848049
2018-02-22,0.03691803495078361,-0.04471822451596208,0.040882449200625004,0.017900489560987,-0.12305566994097727,0.17909403905529286,-0.06767898218022061
2018-02-23,0.006236423025145044,-0.03152276456097014,0.038558015705492554,0.01863482431955199,-0.10209430184466495,0.18013462444920547,-0.07684196316311609
2018-02-26,-0.0035663140430464146,-0.021915054911124443,0.016567574944247543,0.0298711639427382,-0.10304406454033943,0.1659620385465974,-0.05637809349186296
2018-02-27,0.005213490918730024,-0.006628790006288021,0.0134670350226187,0.009709900108131997,-0.09272782259135681,0.17476822464672814,-0.0812356250052908
2018-02-28,0.009460672401735426,-0.011242711502526648,0.005780980860295104,-0.0053955243901239736,-0.10094697879793602,0.19726804636514128,-0.06884536600129176
2018-03-01,0.013617604927033788,-0.006877985438608736,-0.0017926733648061521,-0.01372493140065667,-0.09382964800555049,0.20208671326902738,-0.08138341558917794
2018-03-02,0.046571666615952356,-0.025642561859222646,-0.0033181106335482546,-0.025786894390357307,-0.07357814629035708,0.18487778681058398,-0.08904239600275443
2018-03-05,0.055671459671855494,-0.03535205800964736,-0.005901787079112486,-0.032385711893586966,-0.0783544813266861,0.18768333512635937,-0.07521765148021253
2018-03-06,0.04732021300655287,-0.04071005789832349,-0.000936567923781384,-0.02745808056652793,-0.07141217273000589,0.18714513599984928,-0.07344619613833481
2018-03-07,0.04058487815555267,-0.04076044332665729,-0.02691371650702412,-0.029117003810204378,-0.059020667570087504,0.21050680617917017,-0.07402513694752466
2018-03-08,0.028976588553091265,-0.042443247144073215,-0.046172627518135334,-0.03317989217369324,-0.03513090996390078,0.22136421277310214,-0.06949327894415003
2018-03-09,0.029193143108669606,-0.044799063395909444,-0.039014060658833616,-0.03017724709708594,-0.022253914889550863,0.19534012972083614,-0.05445351021778211
2018-03-12,0.06493894370071063,-0.02530755019227149,-0.02976677721957799,-0.05148476135934843,-0.03507555129254003,0.18321977759459296,-0.06152525940996201
2018-03-13,0.04443781119545687,-0.04317280213650698,-0.029583065488939297,-0.04974306250350974,-0.06057725343367748,0.20824205214559077,-0.030724118368918196
2018-03-14,0.047096160523368624,-0.048018341205928294,-0.01398888676266452,-0.06896556880770321,-0.05555210985261061,0.21172297423370567,-0.029514094108081035
2018-03-15,0.052788129848248655,-0.048854821510172286,0.008408702991552719,-0.06693156353064766,-0.060919026439120394,0.1942471088748543,-0.038462216300400476
2018-03-16,0.053767207390412075,-0.04846243598490285,0.004915705025608119,-0.0705118758990346,-0.047969558687392055,0.19664305086460132,-0.04666988492480606
2018-03-19,0.05550812551903617,-0.040979252686710765,-0.003808560402574823,-0.08295216719739928,-0.04018062513335385,0.21069938749651662,-0.06532958900831665
2018-03-20,0.08099915491031195,-0.05258008371111078,-0.001375399111060105,-0.0763054863821534,-0.05061642008701828,0.19849026913866963,-0.06729988918235685
2018-03-21,0.08719918075715993,-0.02954124109893863,-0.0029941869780025776,-0.05006576563875406,-0.07099791909730246,0.16825742610376526,-0.07092175305073678
2018-03-22,0.1030986369049618,-0.035152005328111136,-0.0017925922215482615,-0.07815234702191426,-0.10448998923358177,0.21976093445321165,-0.07091933025842123
2018-03-23,0.09626236729139137,-0.03556125810297828,0.006135933401450355,-0.09439545233624802,-0.11217631887370239,0.2368370543692806,-0.06863973307685578
2018-03-26,0.07897320913069406,-0.030109223603037583,-0.004635975380681501,-0.04757450535605384,-0.09689311667949418,0.19966683519232253,-0.07040049649469338
2018-03-27,0.10013944939724784,-0.032574673594716996,-0.007840581642178712,-0.06590179825880083,-0.06804880088245602,0.19144400787824045,-0.08477695439907784
2018-03-28,0.10327343306481485,-0.03908936238224103,-0.005709163118829519,-0.06964025906054261,-0.06018905074702752,0.19686770100891904,-0.09302151630635647
2018-03-29,0.10044623165649869,-0.03477061658582348,-0.005567874200315792,-0.06018870126336054,-0.05938277378690815,0.19667997354447886,-0.10092349655807942
2018-04-02,0.11985459333216264,-0.02073957059610887,0.0020342980617060746,-0.07437081015165264,-0.06928878782839987,0.18583884876183054,-0.1090594872264411
2018-04-03,0.09352485941965982,-0.02664986675434533,0.004275209682186976,-0.06226140504429015,-0.028560496214090403,0.17424755745268117,-0.11408892517430858
2018-04-04,0.09998684150380388,-0.028610123796654507,-0.0012567349814469608,-0.07605570152423144,-0.025751433119415523,0.1854271839449666,-0.11138033020302507
2018-04-05,0.08471612556228925,-0.02345726446461005,0.0020973136188597863,-0.0710113169651504,-0.03579229030677067,0.1799902908303519,-0.09514830098215787
2018-04-06,0.1032241356149588,-0.032513535739852495,0.00934500349207612,-0.08143614759952372,-0.03678002903494182,0.17673468572842532,-0.09822593492528575
2018-04-09,0.11294777341332018,-0.03451166398373884,0.0018596144190996533,-0.07110152253042354,-0.05950687937512411,0.18310157387209314,-0.09876092219248067
2018-04-10,0.10152876691714363,-0.02872251283852756,0.005437646211838398,-0.044446225163592146,-0.054374523518485374,0.16225631700634402,-0.10525207771764933
2018-04-11,0.08107525563937701,-0.03162922899807574,0.003568459670317381,-0.031871565487017195,-0.028349602229572612,0.1648484366387608,-0.12239158164830333
2018-04-12,0.08522071618106475,-0.02995065512995554,-0.013952627471228052,-0.0253006311557315,-0.05148947819032701,0.1818093566739858,-0.10991371009753126
2018-04-13,0.07935732881670887,-0.040941602381204145,-0.018521891557954806,-0.021296720463731933,-0.06094703153287462,0.20328089051805964,-0.10807867164488572
2018-04-16,0.08467629566745138,-0.04047355555276999,-0.012890555785523006,-0.0347935602725673,-0.04405992741541964,0.19790364207191935,-0.12526688388826068
2018-04-17,0.0973741696328867,-0.022652018929559592,-0.018942767206606703,-0.008823881236509956,-0.06081454451166124,0.14044198770916738,-0.10225931776102315
2018-04-18,0.09899335441662194,-0.035945436652125684,-0.005406724484593006,-0.0024133694880186796,-0.057069480476813705,0.15634975102555293,-0.12509366369029906
2018-04-19,0.09333622755445381,-0.022745964108465522,-0.012796844735866397,0.008370488205121707,-0.08300780555801723,0.1681691101481917,-0.1289625019913605
2018-04-20,0.09775473930821432,-0.04056974947710401,0.00134067748869926,-0.00881831961621582,-0.08438908485008345,0.19644777572281047,-0.13856497148401858
2018-04-23,0.1005114611587663,-0.03434256096269239,0.012477032938655874,-0.0002950311358552171,-0.09425915406011653,0.17419339195696537,-0.1395173199077192
2018-04-24,0.109070000714512,-0.033481895557491814,0.006086693960139833,-0.010048065598221134,-0.10968706918473536,0.18143621782197705,-0.1234750294586141
2018-04-25,0.08799817048605219,-0.07782637762288669,0.01513664429120487,-0.012791496672165337,-0.08096821428113099,0.20434231658386448,-0.12737188871865213
2018-04-26,0.10783089057545547,-0.11512703828855764,0.014858827296966304,-0.019412116754435882,-0.07284077260668842,0.23334765925311052,-0.1521987660937114
2018-04-27,0.13690606237523228,-0.11110279625339259,0.015413139431347034,-0.025432589003711592,-0.06859548965941631,0.20692494745887657,-0.14921132491621436
2018-04-30,0.141825154341658,-0.11257742209698507,0.026654855639918207,-0.03364677450101888,-0.06821295811995598,0.16304173911182707,-0.11056871873968344
2018-05-01,0.11976118970319138,-0.12567497459540378,0.016847233693123798,-0.04518967403585317,-0.07423392020464603,0.21795110116238225,-0.10532746491723866
2018-05-02,0.09983915990370251,-0.12192778428222484,-0.0030509943367675874,-0.07956322026373946,-0.0413380803644634,0.260801975101451,-0.1241379271171591
2018-05-03,0.08919688544258042,-0.11587730960977916,0.026632164638802358,-0.120126984192719,-0.025869567157158935,0.29996470715196244,-0.18237408337205063
2018-05-04,0.12361274781195997,-0.18696055844984194,0.00148162163576826,-0.10682426734965134,-0.057946412786474166,0.3350182665899286,-0.14807503005276546
2018-05-07,0.11867772014906786,-0.1920749818928491,-0.009376135893529591,-0.08948504488976028,-0.043648734821517765,0.3376397305234491,-0.1779882292230348
2018-05-08,0.14065509016889033,-0.2782506352643901,-0.005528956317766731,-0.10953480730206461,0.004359822221656984,0.4010495896724975,-0.22788869321541272
2018-05-09,0.17425538755653625,-0.259134930855331,-0.035596280548210846,-0.07561903437126893,-0.03884129656828228,0.32454928161584906,-0.16626012296560544
2018-05-10,0.12508678222619452,-0.24225082016316368,-0.05156714057195044,-0.0497304270782592,-0.002574563186119372,0.25188872859463185,-0.10142864458782841
2018-05-11,0.09746184763928589,-0.2447490785796782,-0.047948047190456755,-0.04104698031342641,0.013541787031704278,0.2562121163012594,-0.12926134689277458
2018-05-14,0.05790325642210803,-0.24684702499664657,-0.0835144964226604,-0.04416414002838043,0.03228319585759487,0.28230459896809856,-0.11497379106654815
2018-05-15,0.03659751923921872,-0.21947397271289515,-0.03852562875726129,-0.08100650371369955,0.00710910765986239,0.290622001723301,-0.1004898313439948
2018-05-16,0.007460206019174187,-0.1782941061981762,-0.03359332998473752,-0.08644217148726763,0.04035906777777987,0.25515621946306544,-0.10276759584096229
2018-05-17,0.015292002522760306,-0.14344140664005,-0.050246528051447914,-0.07880386095833836,0.010647706677743729,0.25650403635686025,-0.10336585309230972
2018-05-18,0.005830146574337114,-0.17060367112626884,-0.07414066237717654,-0.07593248477697112,0.009693441285187232,0.3188152188581763,-0.10419072634034954
2018-05-21,0.009428082712849228,-0.1618747242205021,-0.08123523829267665,-0.07487775011233211,0.009523030458682857,0.31778258350680444,-0.10985656691494339
2018-05-22,0.0041026080477912785,-0.14933148245686922,-0.09074494622760287,-0.08570146075401042,0.008447939846135455,0.3291828387369087,-0.11200710425583749
2018-05-23,-0.010054185382964764,-0.15633917527919294,-0.10659300590402454,-0.09005489917530873,0.02871226599816823,0.34509316246639177,-0.1164140687570584
2018-05-24,-0.014780507092889472,-0.14642094894283186,-0.1331543956892549,-0.109323166503286,0.029492120787800946,0.3847373375096037,-0.11894571410732924
2018-05-25,-0.009098177254433182,-0.1341278131982928,-0.15446056044235457,-0.11439375645900052,0.042144831160140894,0.37652241918653795,-0.1171994532286803
2018-05-29,0.010136986622071298,-0.15919343690579213,-0.16112182238591233,-0.10596920384802089,0.03680879675038318,0.41348222671210255,-0.16767140311778783
2018-05-30,0.04197454006877299,-0.1545011834129837,-0.1565315200670674,-0.13540655182886485,0.02869764288645693,0.40240122876425,-0.16051864168904217
2018-05-31,0.05913130698024016,-0.11792922784031545,-0.16004695991628548,-0.1331228096523296,0.035018562023244604,0.36147615600424743,-0.18451600625524733
2018-06-01,0.056242298433732074,-0.1363480195871336,-0.1485822823742997,-0.13368534336173832,0.04279923680043729,0.36323527126719046,-0.18306335666341988
2018-06-04,0.10618718383742465,-0.12521352339916225,-0.12484054299861391,-0.14946885695268952,0.01898839064294111,0.32795609750974286,-0.17928478312487628
2018-06-05,0.08680834210262711,-0.1141587829834787,-0.05861210927242366,-0.14796553626751874,0.023772186533674633,0.26609524530975115,-0.1647383807919809
2018-06-06,0.1022753195110142,-0.11763565227155559,-0.046668646565320326,-0.17807494640574117,0.021737837584636654,0.2840989785282919,-0.17500389708444342
2018-06-07,0.11775077359804165,-0.12144942342802856,-0.06139981023956276,-0.14458247386244039,-0.00253728644529172,0.2785843331572422,-0.1846722272917909
2018-06-08,0.12928440311809952,-0.13331977494313008,-0.04041597852753975,-0.1521826509060259,-0.005064486531425105,0.2639473255298852,-0.16371974311787596
2018-06-11,0.11895778135873414,-0.11780315600221991,-0.03783260533922661,-0.15388728176977007,-0.020172109200339516,0.2743943726768263,-0.16855647882959568
2018-06-12,0.09539473673681664,-0.12412262342726832,-0.02165109280888533,-0.15895476277217735,-0.015925604591537468,0.28146406385420786,-0.17289910420998233
2018-06-13,0.08344918622350672,-0.15038837833545804,-0.01597802830152606,-0.15594721166327852,-0.024716265123373438,0.30669773666731137,-0.17528846488475625
2018-06-14,0.11255684136008792,-0.21862600686905553,-0.04567421609012756,-0.1462590778714722,0.0015836954230665778,0.32850800957785076,-0.20949509081218987
2018-06-15,0.11085071199281016,-0.2604831133426455,-0.004422373123526224,-0.1480741527461289,-0.02444957168874229,0.3398434200903597,-0.1941690533072713
2018-06-18,0.11625078433256952,-0.2886705309715627,-0.028817929702286804,-0.15402862356405267,-0.002791455565363199,0.3814321672612797,-0.23095701128565183
2018-06-19,0.09736327950287871,-0.250141144494731,-0.019718211737092872,-0.1408775567778533,0.0062952545411076866,0.31160317463071885,-0.20404686938774397
2018-06-20,0.10431170485894947,-0.21288554514041147,-0.04986580743796987,-0.12056157187177208,-0.01410913420271398,0.28699891760156926,-0.19523756333787
2018-06-21,0.06793717212501793,-0.15826457460111398,-0.0013764695483118317,-0.14011864787192196,-0.0030640558310168764,0.24741177864282493,-0.18745195259329506
2018-06-22,0.07393365141522867,-0.14876625577556624,0.0022915947594523978,-0.14704923401535486,0.015447852983649923,0.22302351561818723,-0.20009706116770865
2018-06-25,0.07250012960784735,-0.1558191326949121,-0.0013772022783267168,-0.19587087761913902,0.03964196554743493,0.2451675875359729,-0.20663088269507568
2018-06-26,0.08840154787898191,-0.16469418791071222,0.014302996056936745,-0.19009711638133753,0.013279449552142442,0.24137582833460391,-0.2085977214860355
2018-06-27,0.09709544143069726,-0.19114010971516526,0.008581513934066809,-0.20543367434684745,0.0010038236849063686,0.27513846773658956,-0.22557020209975642
2018-06-28,0.13046170206683838,-0.15558889937456732,0.0674705254959147,-0.2261314819921698,-0.03935789154315095,0.2431292176166011,-0.24421089696387333
2018-06-29,0.15804386282782423,-0.1481575597615834,0.07898591491145157,-0.2134776999796596,-0.05347780105621247,0.16321737138851344,-0.23299479951097057
2018-07-02,0.20084054946504692,-0.12766307330580284,0.056103072318082425,-0.21288020970397448,-0.030825528593679152,0.11404354574308662,-0.25149251512242843
2018-07-03,0.09508069319712487,-0.06462386086442606,0.04135013791579323,-0.18810108379838208,-0.009615683460196589,0.10859210968713517,-0.19802284217901978
2018-07-05,0.10764947258372493,-0.07140420221640364,0.024232884350654516,-0.14979285335823622,0.015876854137806262,0.06533927335072387,-0.20492305359501262
2018-07-06,0.12659842628345008,-0.07277669655038688,0.030139924781788396,-0.1495887287086748,0.036178704552466634,0.03165567797578772,-0.2109140885978067
2018-07-09,0.06117805350091521,-0.06910393397249392,0.014594959127236518,-0.13459242099995739,0.030721997795017275,0.06476713079301555,-0.16470971439691473
2018-07-10,0.07365258323779078,-0.058079539825927506,0.0142522229440607,-0.13548143617226693,0.0065387620188281925,0.08449326037799887,-0.17923695039530219
2018-07-11,0.08765205536586862,-0.05233786138560759,0.01897748570667046,-0.1478367555470368,0.045759059129203195,0.05128642724855892,-0.19455546737468876
2018-07-12,0.0636177669822251,-0.06369109232620662,0.013633255090195417,-0.10737448994334531,0.03813156191004907,0.0455441487707644,-0.18411019962508068
2018-07-13,0.05330864093517618,-0.07581109938682529,0.02402326681868283,-0.10157957200046108,0.0381927631694603,0.04369042939702328,-0.1734506398935507
2018-07-16,0.05058574041872088,-0.06257928713000038,0.019390991594591123,-0.09008109396761843,0.02461739815221642,0.04127906815729698,-0.17262257630357847
2018-07-17,0.07014038988246796,-0.04669530532882282,0.030803878030886356,-0.06930190687182658,0.01870922351627957,-0.010723888459511777,-0.17572479878505542
2018-07-18,0.04888397562811986,-0.05778345473339397,0.01643253725681393,-0.05936726629484501,0.03453855776096293,-0.0045943429892087995,-0.15684900163063498
2018-07-19,0.03386522772241607,-0.057677614909601216,0.04135759466424083,-0.04847343832876483,0.031915305093583424,-0.005040583483238548,-0.1717233444702453
2018-07-20,0.04234123289802971,-0.058066506113422456,0.036612706118907656,-0.006012797455561936,0.0309875373567583,-0.05607876498288378,-0.15952935849632732
2018-07-23,0.04061253515105445,-0.06340492092554362,0.04580246057058557,0.008209107384939518,0.054166345079939004,-0.09233956155921597,-0.1614965811587452
2018-07-24,0.019417570584163046,-0.06822826007957072,0.03281254278817425,0.03015036315662445,0.04673067225510774,-0.059856317743205434,-0.16313099399757203
2018-07-25,-0.0026509280362427834,-0.057038881406409114,0.03049567948545384,0.008184103942493914,0.08214559749872397,-0.06577041605326972,-0.1499515604807058
2018-07-26,-0.01563623659081581,-0.050459923946584606,0.018619501520686477,-0.023704289243527743,0.11267072885286944,-0.06011159786306064,-0.1343727087231268
2018-07-27,-0.03976609369360329,-0.05722758546439688,0.006799244903456625,-0.03086170855028958,0.10889159460639641,-0.039305127818479946,-0.0997923077213787
2018-07-30,-0.04514105652843314,-0.07642540800188913,-0.006098126053944775,-0.036554005172861004,0.11337998099841462,-0.018858968173779633,-0.08117838560486423
2018-07-31,-0.044954740811993465,-0.08854155256831042,-0.027490386108349973,-0.01921877992821175,0.12208716373627038,-0.013783381332843403,-0.07865117713233594
2018-08-01,-0.013454655197623344,-0.09716716394044123,-0.02466588409557291,-0.04259275449210054,0.13325234378441775,-0.0028373810703614666,-0.09993038701101287
2018-08-02,0.02764447582755203,-0.13682773435370388,-0.011909632284637706,-0.029836710126408095,0.12569962616610764,-0.01507115349196897,-0.1042846679714311
2018-08-03,0.02281433451400705,-0.11333899504543199,-0.00817600709372357,-0.007628804104093723,0.10463394517729707,-0.020569137267543836,-0.11787378633288115
2018-08-06,0.026326949385158338,-0.11780730831113706,-0.025794047749557514,-0.01816889192176796,0.11466501426684794,0.001232201517519238,-0.11920169723766727
2018-08-07,0.01950460784550745,-0.158169297566626,-0.047749966105258945,0.004896191470004307,0.12286007822132827,0.01474501585148813,-0.09907449357125508
2018-08-08,0.03874200975942843,-0.19874506342866294,0.014719835744397836,0.012509307318121277,0.10615728510054034,-0.025026478434972743,-0.08826188841177673
2018-08-09,0.050049874290354124,-0.16288598235836238,0.007531331808169783,0.005447649000285715,0.10295790722900011,-0.06265506593302206,-0.0755426907151786
2018-08-10,0.05018388776962679,-0.19474419819565592,-0.05321472975952424,0.04045920623359067,0.11366005666940693,-0.027834067704197496,-0.06934520568692526
2018-08-13,0.07225319960885446,-0.19595657924943066,-0.057574611680762944,0.06899081276112762,0.10539512237616289,-0.05764375602761107,-0.07273879151921303
2018-08-14,0.07221339477306543,-0.18174675871246349,-0.06504717462779186,0.09770941672912392,0.10864944912526309,-0.07883168330468715,-0.08617008722208808
2018-08-15,0.10411905824784085,-0.18206752807227344,-0.050816986570624945,0.07432832121687394,0.09620556221004162,-0.0627490014122647,-0.10557275446150904
2018-08-16,0.08027265233527214,-0.1827795684482818,-0.06661793774122615,0.08675834257563442,0.09057469758878889,-0.0393140556128968,-0.09324195113530753
2018-08-17,0.03452555681036906,-0.17881532217588458,-0.05027451017497819,0.07564942082499759,0.10194644567063549,-0.02064523823462494,-0.0838390730406855
2018-08-20,-0.00949686002057648,-0.20155461676745579,-0.05291051183516626,0.12166511059348606,0.1138599545761444,-0.012593531194363683,-0.08242856627408868
2018-08-21,0.00174036250218923,-0.17919937062438196,-0.03235696224207851,0.11962326317988725,0.08011699533801997,-0.03232776916586566,-0.07395224235700182
2018-08-22,0.009152255865061854,-0.1500135009046386,-0.05631599288788447,0.13905004169244717,0.08301773274175273,-0.0596893681253543,-0.0799649651235459
2018-08-23,-0.003141928460332011,-0.15232474377559102,-0.05133343051472572,0.14584891446000658,0.07876764878689091,-0.047006402876679676,-0.08216891841198981
2018-08-24,-0.029726520297473247,-0.14163508072724884,-0.02738521148805284,0.13622874992498235,0.09592050728549417,-0.06294662798313988,-0.0762552207348215
2018-08-27,-0.06447726935201925,-0.15807690947130792,-0.06938652297030079,0.15888797222565132,0.14073883331847215,-0.05528175259700707,-0.06361056038137569
2018-08-28,-0.10013453851174203,-0.15188106135235846,-0.10071158588455598,0.15923272463189253,0.13195073014797676,-0.015727609324658998,-0.03333738875184711
2018-08-29,-0.10380977595623064,-0.16782273571899298,-0.06104918750099886,0.18843149346145993,0.13803456194818586,-0.07673500734602201,-0.022064240781050293
2018-08-30,-0.09679118670028264,-0.11433749269387583,-0.01539299977706099,0.17971525645149045,0.06825826685622882,-0.16720451265668657,0.05874795446627834
2018-08-31,-0.1367145465888231,-0.07091567650486619,-0.07580153804586653,0.12145856482265405,0.09761716442627966,-0.06795197135039865,0.021980119046210778
2018-09-04,-0.11297696313280725,-0.11237651215704991,0.0011299839546279333,0.1471841529196075,0.11819311391005394,-0.15074590432609614,0.007135655784695105
2018-09-05,-0.1322262461388215,-0.0899877878703974,-0.052094248396178156,0.12127404064404224,0.12618809678578424,-0.1018890191987698,0.01843537565944331
2018-09-06,-0.09793923914026337,-0.10890744375067363,-0.003948793178863319,0.08326510550377297,0.1810800636918497,-0.14098412543765582,-0.03240374759488818
2018-09-07,-0.11822863155014018,-0.13061107306467679,-0.03418083531119431,0.10189462649638314,0.20796343816791563,-0.14157592997356971,-0.007929366797654325
2018-09-10,-0.1066002021415069,-0.1046550653209859,-0.05208323462823716,0.07617674726269574,0.1923585796770242,-0.14815857526021992,0.028647903636924266
2018-09-11,-0.102352734391854,-0.109994938578303,-0.03156247052482963,0.0839487777450586,0.15708236823241029,-0.12237944739686601,0.01804789683611152
2018-09-12,-0.10679845938093147,-0.11415270246323139,-0.00293103963590835,0.08580094628667034,0.1795384682733593,-0.15809648977397361,0.00961690338448884
2018-09-13,-0.1476601405191884,-0.11851545070048286,-0.008748774561642358,0.09465676803630674,0.19732865044979553,-0.14686731761463778,0.02164306640304492
2018-09-14,-0.12072771752332567,-0.1072855389250007,0.00404757810831291,0.10225590051737854,0.19254715782459153,-0.19779093959927185,0.023541604712434383
2018-09-17,-0.07295831133125774,-0.15844631340941717,0.019071904149530416,0.07049451615820901,0.24930097928666595,-0.23097979364912535,0.010578361738220687
2018-09-18,-0.08536038691818493,-0.18784400820416414,0.01736174571930449,0.11618547383091082,0.25813210220066274,-0.2410020650027178,0.0021450475991895424
2018-09-19,-0.14398522659555124,-0.25118852264232316,0.08245656728391104,0.1002930132060782,0.22299236025139357,-0.13885814284158648,-0.009787319353206092
2018-09-20,-0.13104539644231772,-0.23357676357683443,0.05786715334472725,0.08336131272647607,0.2186355094677701,-0.15639931110784233,0.011302439892921123
2018-09-21,-0.09528759428991429,-0.2046765912192785,0.024146214351469464,0.05982229822272833,0.1817426258984769,-0.13018369781895278,0.014942993048476572
2018-09-24,-0.08702938285458539,-0.1822541082722262,0.013977475255123162,0.05494475166376489,0.15104677565178282,-0.09728017761222674,0.006706952413296108
2018-09-25,-0.050261623382530374,-0.20078874519792622,0.06854395541206681,0.045812187134987026,0.1418594300873598,-0.11306726858162186,-0.031153287017920306
2018-09-26,-0.05073104769112091,-0.16975846429187902,0.1106453550754456,0.03508310136596404,0.16093199611905684,-0.1294718177895131,-0.09306557036490393
2018-09-27,-0.07249307981327746,-0.18061404755079935,0.14372583066563593,0.05631505987051355,0.12144664805171357,-0.1486350989120231,-0.0478063307768537
2018-09-28,-0.08088148422986396,-0.18541387903539985,0.16972966434665415,0.04289925448839904,0.0940799865347628,-0.1122790264097775,-0.046410804906170666
2018-10-01,-0.08361297136822743,-0.18817536388914013,0.1719721237077645,0.013151562470345546,0.09414451912761157,-0.10054364666210636,-0.025213251835608297
2018-10-02,-0.04606286132780801,-0.16843472551876904,0.178360219325443,0.02328382389388106,0.07838161844971814,-0.11543833506431866,-0.07165504351261398
2018-10-03,-0.060911674067894994,-0.15524678138158832,0.18198286806235164,0.03331120331483706,0.08405611280169922,-0.16200504120601789,-0.04071839364849228
2018-10-04,-0.06540139790531385,-0.13964865211598165,0.1901706173975235,0.025148431570802154,0.061294356811364636,-0.1465824306086181,-0.02897134213832042
2018-10-05,-0.060149495247090234,-0.10903450981451046,0.17766876387068908,0.011121836633172122,0.07162218999261039,-0.18517922357516792,-0.006833098003214966
2018-10-08,-0.046247264492540685,-0.11443260540750999,0.1545581499373292,0.04445429121374245,0.09043176482956994,-0.216805568776548,-0.01866434771183134
2018-10-09,-0.06058356399925646,-0.1433289554646695,0.12859932555696707,0.0718426219310373,0.06531785635444765,-0.1800805100417342,0.01335081556451656
2018-10-10,-0.07024467681672997,-0.15363499100264555,0.11381304511970036,0.05319860818247091,0.06421431548174839,-0.1396326617164314,0.035356963211596426
2018-10-11,-0.056603977956247276,-0.11994466852282293,0.10175084739962248,0.035110036885852014,0.0636246684949674,-0.1419768169540152,0.028796748218320456
2018-10-12,-0.01627339045802345,-0.11646109760767143,0.09686139381305003,0.027907117161379835,0.06265801014592298,-0.1468426789380426,-0.00958337325417058
2018-10-15,-0.018706066523260345,-0.1314497707149198,0.11020395155399743,0.014271907548545792,0.07934343176534675,-0.1616361960367243,0.0050811376872224034
2018-10-16,-0.0601419996736674,-0.16042126639984677,0.08767370808368646,0.01057444354982906,0.10516343449161836,-0.12277161772872303,0.02998332224339073
2018-10-17,-0.062099640387472066,-0.1581872079065092,0.08326920211064626,0.030074464987708716,0.10411023822231691,-0.11882324028443736,0.0170311087800763
2018-10-18,-0.06399603833561929,-0.15950096346547316,0.08822662184185481,0.019282650146998925,0.09655432539622566,-0.09252785334403746,0.013723671112511049
2018-10-19,-0.06518312838291962,-0.14451015852721438,0.0798668216622469,0.0099639767577272,0.0844537083034752,-0.08353771895263806,0.020635981882733967
2018-10-22,-0.06259520501276206,-0.11608219870862979,0.06444742999250619,-0.0040464567553782915,0.07176287686470517,-0.07561913793610509,0.02857614276273379
2018-10-23,-0.0599257733184273,-0.09599651710681223,0.09540623752466337,-0.004096613067158916,0.06021362761587867,-0.09138525937791231,0.008018412366304961
2018-10-24,-0.052073475406564596,-0.02784254806946329,0.14490197853001074,-0.039675908881650845,0.03461162407777718,-0.15073877244018252,0.01222419339487213
2018-10-25,-0.07249051418101371,-0.029544925732427618,0.11811623237825963,0.007521595357503297,0.049647685759421134,-0.15707561238364431,-0.01099758467300771
2018-10-26,-0.09704864280320691,-0.024055857759571975,0.12656638373499596,0.05102129066561667,0.038017447019347395,-0.18356125973454573,-0.009633798172801189
2018-10-29,-0.12108433209289893,-0.0352012697778219,0.146451714111981,0.027570918067635675,0.026249898836139707,-0.16751194829177618,0.027692190602234046
2018-10-30,-0.12274432418614967,-0.027095523798218446,0.1236174161350494,0.023315921294944975,0.046602051648146126,-0.15913460492418663,0.015109211709805725
2018-10-31,-0.1514533755532057,-0.024905703581047822,0.07285702478088374,0.013896200718025331,0.07980158561203998,-0.15019357234749608,0.04927037923335731
2018-11-01,-0.08529611353709687,-0.03304962968905767,0.06675356625647844,0.014261732772034907,0.07022268756555206,-0.18907310905772556,0.030994149714207442
2018-11-02,-0.11454840294860813,-0.07479705094538147,0.09696693456645389,0.004442850227974748,0.09370148191102956,-0.17322555811202722,0.03407270528965323
2018-11-05,-0.11669455057377598,-0.10294570315721607,0.08128914232698392,0.029287150143173957,0.09263326652192572,-0.15800144272017125,0.03924358132599037
2018-11-06,-0.10313454874522043,-0.1139313017003909,0.06890775412229488,0.0347420699699752,0.0972774011661155,-0.16321607440930164,0.046741344408095964
2018-11-07,-0.09868503853711919,-0.15648999851307233,0.06957798832807804,0.054512020372185166,0.11747155932955633,-0.14528686726587448,0.022071322147097172
2018-11-08,-0.09507134106043758,-0.13237373317262602,0.08358844882590466,0.02379395587270461,0.11370571168170007,-0.15910161270921375,0.03540607644836524
2018-11-09,-0.11608902886870487,-0.12958253924514618,0.09077550256726163,0.009106176751348838,0.12262365008889875,-0.14151097418139935,0.03672473684191924
2018-11-12,-0.13371439589907386,-0.10987710528244854,0.0881478862783418,0.03025900471699916,0.10356967210796164,-0.12195379890723146,0.020295810394744818
2018-11-13,-0.10008965117601876,-0.08306110441978287,0.10274352625698846,0.022546043335633814,0.08478774906598274,-0.11952067828370105,-0.014120115851992576
2018-11-14,-0.10390515915328469,-0.09177623094208287,0.059588375691472795,0.019987029086223074,0.09376833316197597,-0.08730330171701506,-0.012963518885549474
2018-11-15,-0.11120056220460195,-0.10586742986201703,0.10441490226086025,0.021192436404232073,0.10099749505659894,-0.1348608616341247,-0.007786573833780119
2018-11-16,-0.1276813655571709,-0.10368438261110402,0.08907742026443866,0.005590098917888087,0.10391310616669758,-0.0736407483854411,-0.03235018538732182
2018-11-19,-0.1254004433336997,-0.10575725348228415,0.07745017149464228,0.00020195913451892533,0.10926822596079722,-0.06384757392478058,-0.027344973946765716
2018-11-20,-0.1143693262365888,-0.10675846998703187,0.09355908178096106,-0.028280504173466725,0.09363152157545551,-0.017573089421060173,-0.040122032970256294
2018-11-21,-0.10562197662537809,-0.07686076459656377,0.07959637933128683,-0.02212467462496881,0.07583836732702709,-0.05629632668787554,-0.018881403458632207
2018-11-23,-0.06463068844927289,-0.07543362695135847,0.09275257281049853,-0.03626030952475079,0.06549244080401817,-0.07667608395034753,-0.02301159516022211
2018-11-26,-0.07327890212003307,-0.07019070940946426,0.07778169504630572,-0.04251460183480471,0.051789810244426526,-0.0645851481882862,0.008273454557037763
2018-11-27,-0.10255775474032669,-0.0326185346133947,0.05581347978522122,-0.03232128201351081,0.03346227594217155,-0.0451083093167477,0.01641145207212258
2018-11-28,-0.04159946699072292,-0.08210751516963288,0.0611529180299184,-0.0210436532613707,0.04274010953571006,-0.07603630771090386,0.003653302890992638
2018-11-29,-0.04840383114939262,-0.11445994563630935,0.06279844750074282,-0.022348815007117162,0.0589701713989067,-0.08192310645095424,0.020899187750787585
2018-11-30,-0.0306107979431256,-0.12419325110346469,0.04706872701121512,-0.035753566255216196,0.07017535430162947,-0.08099005057702846,0.03234900960506737
2018-12-03,-0.062371946682167057,-0.130721949564379,0.03149776423874062,-0.01751335318730307,0.0930842937010995,-0.10404667877148399,0.05229490392024472
2018-12-04,-0.08481566953557884,-0.14159243756441198,0.017048962687802982,0.0023245312876434276,0.11115056656474176,-0.08071356069458568,0.03795124997983157
2018-12-06,-0.07608318547251791,-0.15855362564179254,0.027561965114234255,-0.041681444318595884,0.14058195083788338,-0.0763864845278821,0.043369530005608725
2018-12-07,-0.04591781546861551,-0.19291960662048746,0.04037164842551544,-0.04310011673662839,0.12965855599279996,-0.05428538928550841,0.032384097102685194
2018-12-10,-0.03771201804552282,-0.18173559182616028,0.04996250311576733,-0.05443910107011307,0.10905392300784866,-0.014659492031058319,0.008010320671588689
2018-12-11,0.003676631364175842,-0.1957660352849664,0.05343566898988028,-0.08116658025065726,0.11191151672800204,-0.027179222561686256,0.011976778195700089
2018-12-12,-0.0048641351197131755,-0.17964563865396377,0.02882579144662145,-0.07137959107130665,0.1028289837157147,-0.01022583141059763,0.01314043082954841
2018-12-13,0.004699823470890596,-0.16472251030560292,0.03146671954229219,-0.06933089981133256,0.09070534933714514,-0.01299764076041754,0.003455491207950079
2018-12-14,-0.001716348350902841,-0.16250547298395457,0.02198339625051937,-0.06447945006710443,0.08612986614266416,-0.009771219853741409,0.014631049394575157
2018-12-17,-0.010594361154697918,-0.1822239952561302,0.012988238376877792,-0.08532706057655715,0.08826610521530565,0.049482955399054784,0.023878332446388484
2018-12-18,0.007636060132399702,-0.14996042160428802,0.02852327039272473,-0.11792437744711803,0.09227853356053295,0.023908163469042565,0.012950982005827116
2018-12-19,0.05250780583725945,-0.141804754758589,0.03156391636650957,-0.11753043553693776,0.06537999558564311,0.031096263514466038,-0.011196147906666454
2018-12-20,0.08321269878372717,-0.14203110007580255,0.07128183093798945,-0.13133635055571402,0.02642098551385952,0.049445470255545354,-0.036002487269562344
2018-12-21,0.059540436830414656,-0.14965641450556677,0.03760054972451132,-0.12875275937915842,0.029741192809660366,0.07224172994823519,0.0014179727249914453
2018-12-24,0.08194934769149476,-0.13632200615675072,0.029402052718042304,-0.13101010400736068,0.027542037949047082,0.09851410975496666,-0.039339045692109664
2018-12-26,0.052846457515656864,-0.12391848601446553,0.03950293626683554,-0.09421521744325956,-0.006854504535753758,0.08636229805204465,-0.03723107781273294
2018-12-27,0.031812850104851575,-0.1023095300592447,0.04883362617153697,-0.10175117297094138,0.007450157398800394,0.06673361622005447,-0.04234591017858702
2018-12-28,0.045263724671269046,-0.05681480435880948,0.041886188186825546,-0.1228455155635958,0.016689689462627277,0.0469249712067894,-0.062343390055317194
2018-12-31,0.017693454911441142,-0.06232041246067199,0.02943476806236589,-0.11874902696265055,0.058507747887606376,0.0192734137199444,-0.04981453888288234
2019-01-02,0.04632882454169884,-0.08223955191211152,0.010394929944598008,-0.09601930834872463,0.023312448857935708,-0.005542959211025433,-0.004130084430236547
2019-01-03,0.05008437008230748,-0.07242175720589339,0.024425356276088106,-0.09409138716677634,0.00832714250343436,-0.019071457149814952,-0.0035300195710579185
2019-01-04,0.044475625194516866,-0.08740926376987179,-0.0032746168241837292,-0.07830830477824002,0.06018261960529436,-0.06292887711941364,-0.0005878516799890932
2019-01-07,0.02864607303397504,-0.04290504957671981,0.003288554107323538,-0.08558586908140109,0.06188311485920461,-0.08671681425320088,-0.011528075954342132
2019-01-08,0.03652319153392192,-0.055774997005379134,0.01055576950819237,-0.10822686494597855,0.04629881314277107,-0.06901531100709879,0.010059278783390191
2019-01-09,0.041921938002480896,-0.05704408571366937,0.026568997162452312,-0.10535237897950411,0.05260208523074961,-0.09763817656103257,0.004221213204123941
2019-01-10,0.0694068055459427,-0.026173138178562372,0.04042388670585706,-0.1069545016145712,0.04844946418416474,-0.11802066712558434,-0.041507720061541464
2019-01-11,0.027135147195864295,-0.01301157313155743,0.017610822678342908,-0.09245715847400504,0.060496396139849584,-0.11326593954658093,-0.02627426188429305
2019-01-14,0.025310593069415965,-0.004138775661912675,0.020169425311642675,-0.0915305317536872,0.06717574108553881,-0.11848536981974167,-0.036225476981295524
2019-01-15,0.015045197356347906,-0.008892540748559163,0.0312713593180447,-0.09806513959856566,0.0779041215114179,-0.12780565259770427,-0.02808561530879361
2019-01-16,0.010662096741210547,-0.0697313962354098,0.03772118146974268,-0.08085254108474738,0.0859615247519151,-0.09950130528484769,-0.02675044960677364
2019-01-17,0.010244033968035637,-0.0365453710075303,0.040526030871277596,-0.06486197284077866,0.09528697083036397,-0.13947240007412565,-0.05137573868383294
2019-01-18,0.025640872136925452,-0.02338684785974099,0.02753953089937644,-0.04901878430849682,0.08223288462823675,-0.14928849379312226,-0.06499545267785622
2019-01-22,0.03687828456809905,-0.012178025083246613,-0.008303903605576535,-0.032130930316924156,0.06990209114802859,-0.13483289382996078,-0.0640272145014984
2019-01-23,0.05993611858138603,0.014986031599008687,-0.017172789582905024,-0.05287193535581802,0.08185281592110982,-0.15272276220366376,-0.08094423597816114
2019-01-24,0.03997259797707464,-0.01652565411500717,-0.029591633947551932,-0.028071381920015792,0.07937335620108577,-0.1307919756364888,-0.06646131868606697
2019-01-25,0.06587644280993299,0.0023811937952817885,-0.01108349318014512,-0.03153024263108106,0.08376487508018904,-0.15799470958341622,-0.10309767596654562
2019-01-28,0.06719296791296525,-0.005824567306273121,0.007066773969168771,-0.055941413430503184,0.08773668524190403,-0.14085702202382988,-0.11116451024260021
2019-01-29,0.04329694218747493,0.005241994021952134,0.02285165126154176,-0.04235765090158661,0.08248100775339762,-0.15802231192725547,-0.1100268463524754
2019-01-30,0.05250179692893031,-0.003494190547246312,0.022696016868411162,-0.033596811899712975,0.0820732816124583,-0.15902866954182926,-0.12044548453984794
2019-01-31,0.05953321679087775,-0.012325703120079634,-0.0009063471746411089,-0.012777910902621148,0.08429670132815792,-0.16209987630686018,-0.12067280501992039
2019-02-01,0.04547042336553764,-0.012595726753696024,-0.00366822446143944,-0.003556341445944966,0.0675936914757892,-0.13824508789987688,-0.11904162531918772
2019-02-04,0.057819565141937534,0.007108814329797042,0.010610278187295208,-0.0034236979519290944,0.0647357024979689,-0.16911318032929645,-0.13331595378991112
2019-02-05,0.050861131987104624,-0.007951418663172394,0.008443485015513286,-0.010879872364473187,0.06324737337141217,-0.173231815476526,-0.09885727055373406
2019-02-06,0.03449805810266904,-0.014279636793804062,-0.005082880986923,-0.023669810689148862,0.048668312066688424,-0.13187172136626568,-0.06790239921016306
2019-02-07,0.05542150331046525,0.005611764847845091,-0.0018491283191870433,-0.049207557786029366,0.017388455232046796,-0.10317633909983526,-0.07072162509014412
2019-02-08,0.05822789499327641,-0.005950659839161432,-0.011224085607509426,-0.054935980899166514,0.029870587297671336,-0.10868713565399157,-0.05858204942917378
2019-02-11,0.055066273692726764,-0.015914554807632708,-0.029603260202741843,-0.07282480643595912,0.05837660145212553,-0.12968544910722346,-0.022800578445326236
2019-02-12,0.0400843881574553,-0.014649345018705073,-0.00763739095990168,-0.05605316444784214,0.06318797974905688,-0.1463773475956971,-0.04260523718095999
2019-02-13,0.03565793585576271,-0.014494117559642472,-0.02164537712690362,-0.04690101845697536,0.04267684985685749,-0.12567960576484438,-0.02465967075583575
2019-02-14,0.03743735331028253,0.007434392179891169,-0.017875745886732464,-0.0452601538848838,0.03781095469654239,-0.13890921372647447,-0.03486040473263485
2019-02-15,0.046235979326704424,0.012655125008212753,-0.040575492259484314,-0.050913646396331114,0.021523667991418693,-0.10183544962066238,-0.03261480457290156
2019-02-19,0.07608292754270796,0.0063688768649732275,-0.03235777792671923,-0.04259237380183367,-0.0033251905414957705,-0.09142554944545211,-0.03875581201192446
2019-02-20,0.10882152228454478,0.0012180760004651958,-0.04311822553634781,-0.06032577429762509,-0.016367290922507105,-0.07718716859514574,-0.031583095738859646
2019-02-21,0.10777859214337093,0.03697986108503093,-0.03937033631680542,-0.05695150581988806,-0.025167717735694428,-0.09501619182119381,-0.04168281791612771
2019-02-22,0.09247837252152458,0.03335754930479817,-0.03586907474021461,-0.05371295709561874,0.014605907833368847,-0.1165595186536581,-0.06265652875377747
2019-02-25,0.1050242891731541,0.011317605519808094,-0.031350323431472926,-0.06978773219554801,0.0379931198460301,-0.10910301344168949,-0.07084102687572602
2019-02-26,0.09460076408922413,0.04393304205682513,-0.046524257391073354,-0.07753207432782427,0.03395030325716125,-0.10397226442780916,-0.06807858978991876
2019-02-27,0.08103912975629912,0.05457593363044566,-0.05315382612941333,-0.0595425184870888,0.01983857524017041,-0.09052142919660011,-0.06960117660489651
2019-02-28,0.077465781293651,0.05135145002499897,-0.04544275028653022,-0.07166307226323887,-0.0066118155651390675,-0.031925736493705115,-0.07926141140916121
2019-03-01,0.07954291855388895,0.017998640466525995,-0.03916654049202628,-0.07792461890894431,-0.017886381043879462,0.028483710730936362,-0.08596905852272707
2019-03-04,0.06645764527850506,0.023102317003200312,-0.009735278669323,-0.10597290627026612,-0.016652160237496882,0.04818578262570039,-0.09530969115595722
2019-03-05,0.06347747448891794,0.04275136497852339,-0.014597173698049026,-0.12932524144585722,-0.01677242980245619,0.04305605321094519,-0.07593468126276681
2019-03-06,0.05353704525106906,0.03251035841569694,-0.001755603493364788,-0.1283121054653259,-0.039410082618891784,0.06748680436225474,-0.05772695701648911
2019-03-07,0.043480592717907385,0.040285055055415686,0.021142488545737637,-0.11144229371398862,-0.054815387096177004,0.036012305660990895,-0.0463781273347037
2019-03-08,0.03914181980741582,0.03196257387820012,0.02024561569247063,-0.11957583078174205,-0.01877373753262135,0.011220339088854336,-0.0473970437399982
2019-03-11,0.019629837450694243,0.04942448273715261,-0.015634912606397044,-0.07831983581708768,0.011685876473451207,-0.019629720305892828,-0.06851849266953947
2019-03-12,0.036609128581381656,0.030544881722936346,-0.030565824169253908,-0.05437905454047509,-0.011090661070521146,-0.0014100743244696012,-0.06568717616148434
2019-03-13,0.03814966318980284,0.0465054552414923,-0.040969142156097815,-0.04338985276342544,-0.015389709864261414,-0.02839689392425604,-0.055972563222450145
2019-03-14,0.04239565112980448,0.05761037122230217,-0.04640130651590413,-0.03621893748810179,-0.0058719295507122515,-0.037191620014536575,-0.07169633052347257
2019-03-15,0.042656314909124804,0.08078344359430156,-0.04023911331191132,-0.028017478041194588,0.003952765540306491,-0.09430613950004729,-0.07228100485180855
2019-03-18,0.012049836770252842,0.0590059441775761,-0.03521653716870943,-0.029382062549577648,0.024659758001716103,-0.10677988096699531,-0.04836419815273296
2019-03-19,0.024439192498559192,0.10227454785174217,-0.041095985356334186,-0.04516775237544146,0.011311993015411692,-0.0872467703786084,-0.07735239873376543
2019-03-20,0.023772767787825888,0.11254906847994839,-0.042664706014623466,-0.03368078274719044,-0.0016058176513049638,-0.10517761526144409,-0.06598390295453149
2019-03-21,0.03258401631978525,0.12130788320288799,-0.058850899306063464,-0.021828535279793004,-0.011113929334596373,-0.09943823085353642,-0.06804636979187184
2019-03-22,0.05675154718314279,0.1270117256341301,-0.06317165348993314,-0.02327244247949589,-0.041078468350449815,-0.06499920032084039,-0.07213586647207393
2019-03-25,0.07716044660051513,0.12401440711884515,-0.0453621670637987,-0.02714738758150581,-0.044271334797997164,-0.07359074563207035,-0.09416774551798412
2019-03-26,0.08270741270172999,0.15449142784146108,-0.02712095172726703,-0.0061418186623738436,-0.05838505536514499,-0.1405018556419193,-0.0819986559985777
2019-03-27,0.11056788997949685,0.1500367709843058,-0.01940597723078019,-0.00290354871548415,-0.08487127952898382,-0.12772165420140347,-0.08560447319596287
2019-03-28,0.09022110051968912,0.1381220828264369,-0.0335427458632398,0.0032062628874823806,-0.056758756440029035,-0.13783171315397702,-0.07638467601900145
2019-03-29,0.08845968992888809,0.1500641986860387,-0.03652655091936996,0.01570992846063246,-0.05084496961887164,-0.170564856213125,-0.07684571475591317
2019-04-01,0.08175894307697629,0.16285044195111187,-0.0321889385456422,0.046872961980095385,-0.04100359795625691,-0.1972462177456311,-0.10763769929826017
2019-04-02,0.0757708164644657,0.1435782405717112,-0.04210725844772667,0.051194729109629744,-0.08669168743833633,-0.12791858463355066,-0.09065673800478624
2019-04-03,0.10032359430084004,0.138106316254218,-0.055671850904440046,0.07295477334516054,-0.09178161753395275,-0.13339560679624696,-0.10328146715789854
2019-04-04,0.10706331034358851,0.1485906724788273,-0.04066832604947157,0.07480441122856651,-0.10162609934423611,-0.1380943063000475,-0.12174656924018534
2019-04-05,0.11740167567506643,0.1963546169047623,-0.040323864939810994,0.07835428866616034,-0.11740280354639776,-0.17195793749080046,-0.13396755866341103
2019-04-08,0.10438640665992649,0.2088129078130585,-0.055559877025185056,0.10068862889448227,-0.09492129129723048,-0.21613433323658593,-0.1316969671728423
2019-04-09,0.11757791207449908,0.23925228254567332,-0.04671719912650962,0.10140086970330076,-0.140468970047883,-0.2032180476504426,-0.1359361334263256
2019-04-10,0.12210723475779184,0.2463645247274988,-0.05387225224376202,0.10543176334541016,-0.12464875579477624,-0.21825671002961533,-0.15367485912593404
2019-04-11,0.129970739973422,0.2345333809305048,-0.046324207702324705,0.10395262984843923,-0.13232280190629803,-0.20054186156907772,-0.15976014372885872
2019-04-12,0.14473554903026153,0.2592140874630029,-0.02871541216677187,0.08591129915254048,-0.11817193705990758,-0.23703080114734387,-0.18361687743467203
2019-04-15,0.14204201642496694,0.2369316506510728,-0.03296970753205919,0.08292309368249007,-0.08741822097646035,-0.2602311978815539,-0.17158437981143093
2019-04-16,0.13344644794588856,0.2401520741897687,-0.03361384882112506,0.08956978423379369,-0.09734532117151667,-0.2532217022774921,-0.16637810890036264
2019-04-17,0.13730870796956474,0.2839827130184991,-0.030740505711718935,0.07890288586839267,-0.1401362822236359,-0.23498716832592992,-0.17797122673921106
2019-04-18,0.11258157053532014,0.25843860424868126,-0.05654946540221051,0.0724587360493153,-0.11606691013997011,-0.1985856652396929,-0.15322196384039954
2019-04-22,0.11209196253417297,0.24315282807932403,-0.06691161640201271,0.06707110966932528,-0.11469461774402018,-0.16118649421834452,-0.16226075028115705
2019-04-23,0.09331801763095826,0.2167338247338806,-0.07081605677542724,0.09013079089752041,-0.07359028044839527,-0.16890210373936054,-0.1840937414472481
2019-04-24,0.0997326663526048,0.23013005165577294,-0.09945212037439344,0.07881094235908492,-0.1466387416025809,-0.0688897746020598,-0.1604372448074014
2019-04-25,0.08328364045068137,0.20787338488406304,-0.07312610673915776,0.05705733002604574,-0.16941959566229564,-0.01709733555566828,-0.1491223220605744
2019-04-26,0.09578900720376127,0.2119630045611125,-0.03530299271019843,0.01714759915659836,-0.16768703966227022,-0.00944249820675469,-0.1682692095137599
2019-04-29,0.12258154631291784,0.1874208593848965,-0.03634075478755583,0.0257528887173335,-0.1706853278061266,-0.016146774813386777,-0.16928943138904717
2019-04-30,0.10656150547652121,0.1729049647323717,-0.033877376548462124,0.03467555376669673,-0.1450308625413949,-0.04309303842105505,-0.16113074808070338
2019-05-01,0.10454125647350843,0.1881328275032632,-0.0436914793111689,0.018729973057598825,-0.13003010277793325,-0.04470520115975107,-0.16599643117758123
2019-05-02,0.10784566373508886,0.19750419037184863,-0.05632340137932146,0.01663844780039181,-0.11423554377069339,-0.07017314432909472,-0.1636833137653566
2019-05-03,0.0874484397034625,0.22916998100532182,-0.049286225812643414,0.04739322344768082,-0.1101647176703544,-0.13904050509154242,-0.16854107141135155
2019-05-06,0.05608492662614406,0.20460344853377443,-0.08032786088990829,0.05996257391734783,-0.058676272424736886,-0.13114484448556718,-0.16640226893663712
2019-05-07,0.051094998715435436,0.17863903993511876,-0.08739405052406202,0.06868185801164817,-0.06434669794156739,-0.09153244795737625,-0.16714393161622776
2019-05-08,0.05080593762422447,0.15811499845967747,-0.0828185471597136,0.07007130724688615,-0.03245974352165326,-0.11873052855493915,-0.16895114119021581
2019-05-09,0.07544173319433822,0.16445202392269676,-0.06673369587041988,0.06595889792377296,-0.05963708087074138,-0.11694301786428007,-0.18590124009019227
2019-05-10,0.06025971544823605,0.20510042345259705,-0.10263075461499516,0.04631182086625163,-0.046433604661838934,-0.09569026616118426,-0.18786245854583128
2019-05-13,0.08459347306651654,0.16702083993960914,-0.08924807266100765,0.02278305182479856,-0.0642505771415311,-0.05903343614679568,-0.17015918579115485
2019-05-14,0.0736062676438376,0.1527208392520838,-0.07292152006560015,0.048171707996353175,-0.06316279724110374,-0.08054984432764822,-0.17485486703579278
2019-05-15,0.07958174909195304,0.14939845117817585,-0.07967128453795835,0.08003949358713736,-0.05207909227331364,-0.12263046921786569,-0.18256222550807477
2019-05-16,0.08201366743962124,0.16104015886867984,-0.08250485680021624,0.0970368174651911,-0.059980321314404395,-0.14117885878737768,-0.18935030215357918
2019-05-17,0.06429608261321196,0.16237513522237967,-0.08232164709513001,0.09319152689643206,-0.03837289961535484,-0.13383092007323993,-0.1997737269195199
2019-05-20,0.06987882950766133,0.17483225140955372,-0.08201610209063759,0.0881255423462819,-0.03826887070536866,-0.16415427118406312,-0.1855063127500609
2019-05-21,0.0610805717572549,0.1749144718646447,-0.04513478399826987,0.06144279643654382,-0.033592573531161296,-0.2092230612573709,-0.15509792381142629
2019-05-22,0.05309011247136941,0.17447986014566919,-0.049192378147208116,0.05969988154050121,0.0075750890713506824,-0.26316708873693573,-0.13855116221627228
2019-05-23,0.06061464550243234,0.17425489806971228,-0.04107073921187876,0.03439528695526284,0.0015817037683798496,-0.23723950756071766,-0.1424647054356174
2019-05-24,0.03957246117415858,0.16904024923416738,-0.04061614239106781,0.057555845750666634,0.022231328244608772,-0.25457073073562775,-0.15290643837936146
2019-05-28,0.02837968284216763,0.16322474268571097,-0.08190470752481027,0.08374034650622081,0.02673708364047911,-0.26230707745408344,-0.12287808555654856
2019-05-29,0.05049035105426114,0.17409783497377296,-0.09712404569873967,0.037259957659131815,0.026793981906991893,-0.24473109900003243,-0.1039437843723432
2019-05-30,0.04302652621767211,0.1913840612508071,-0.09341870482210357,0.026757385047818327,0.0650760947436329,-0.28411024655574035,-0.1135205695935031
2019-05-31,0.040825604785327485,0.20028851512535484,-0.07359768420887547,0.026244612712984006,0.06212055492953661,-0.2809331950681344,-0.139849351272318
2019-06-03,0.01909030085266239,0.21425657645030483,-0.08730641534995387,0.03728623207266213,0.07155936545651265,-0.30366090364032283,-0.12179915210063452
2019-06-04,0.03767669841865251,0.2486155840720743,-0.08357761830741506,0.0366722866717612,0.06734490570017848,-0.3695336262515583,-0.11378421695370866
2019-06-05,0.0389655968773317,0.2490935726553447,-0.06976507049758607,0.02763282621573293,0.06823646105995779,-0.39336369801595783,-0.0978372825028595
2019-06-06,0.059025238255717705,0.2634125302628827,-0.05360327881593019,0.037313562741059014,0.04837962098305798,-0.42366268102608595,-0.10967046284360848
2019-06-07,0.057506362712201,0.27599404315530873,-0.06336681256851273,0.06636535583599934,0.04591653078960228,-0.40450932298876996,-0.16313602651166548
2019-06-10,0.06841981153315824,0.28061442712643103,-0.09199828717392045,0.09044442031433003,0.05102322337481374,-0.4311971243043038,-0.157092734340049
2019-06-11,0.04824608302366973,0.2709959744667687,-0.07508185966325231,0.10769600902693988,0.08810409486865112,-0.4923137153554924,-0.13966652400526947
2019-06-12,0.06625823177355539,0.2960945057207043,-0.11112084643091125,0.11235820170610711,0.09321483286439702,-0.5199829703186498,-0.11821445830897215
2019-06-13,0.06915428006962143,0.3112674157779918,-0.12201585999187614,0.1120179695440125,0.08140382247723332,-0.48436648981164043,-0.14181459361877025
2019-06-14,0.05358755585987729,0.28443090473145616,-0.09302992121781184,0.10851405839855133,0.09168263299143387,-0.47912006513214056,-0.1369424144257283
2019-06-17,0.0546639534051625,0.2662632811768919,-0.09231529367272495,0.12457600410228076,0.0893186169736947,-0.4837810879942548,-0.1239716297322444
2019-06-18,0.05215685303607254,0.2936658108897998,-0.09673172108006822,0.14475549237213886,0.08380332600237539,-0.4907389112080984,-0.14422838011435624
2019-06-19,0.043288603906714185,0.2715700166723065,-0.1037825248559392,0.1456758126621529,0.08042955157164877,-0.47739809293958,-0.11431134947162103
2019-06-20,0.061577539556431304,0.2792174722072831,-0.10428858719278589,0.17481644037094246,0.05909918288201377,-0.4932993495560609,-0.12133390205963357
2019-06-21,0.07332322464131558,0.27236275260458775,-0.12193229879691847,0.17329382976327057,0.06575406567019515,-0.4868127583232844,-0.11341906632955956
2019-06-24,0.07073890852107212,0.2799290477777774,-0.11861001184371966,0.17178081782105092,0.055374011270363455,-0.48346003377935687,-0.10076339913691634
2019-06-25,0.08023858701393283,0.30922892805741053,-0.11368449522340285,0.16503217485803157,0.05703940498204718,-0.48793391618184834,-0.12364986846575254
2019-06-26,0.0682908137463265,0.30342281845433616,-0.10896037111689827,0.17097531461757937,0.036008306097423226,-0.4642307947360753,-0.11827640919931093
2019-06-27,0.05001009104347487,0.32909325460516414,-0.11153560637680981,0.1705693609159667,0.013415480620660891,-0.4935687951051868,-0.05448420177529556
2019-06-28,0.08341675666412285,0.3471752804381618,-0.11730203623148094,0.15891488144144733,0.022460156103263018,-0.4981406228528291,-0.07807135701699286
2019-07-01,0.06686592216635279,0.31197612910284267,-0.1269287917163895,0.16932565761051122,0.03315668608569977,-0.4314934702658495,-0.09645164583048116
2019-07-02,0.08629827916731792,0.3322657687328585,-0.10045722795275669,0.1394141517798666,0.027615821653313777,-0.43708385796318927,-0.10428944963940512
2019-07-03,0.07657292186765519,0.3212364778684411,-0.08108927676401789,0.14566381915668858,0.018001286900519275,-0.40547242036744446,-0.12774181754327874
2019-07-05,0.07385530300148613,0.3055025795209929,-0.07349481086409115,0.13722460811007675,0.01485638014765589,-0.37089662145788727,-0.1327442618247332
2019-07-08,0.08303088317197593,0.30701400323237316,-0.07879378245610491,0.1274783580805985,0.014130418131366618,-0.3518385186669719,-0.12902583696678627
2019-07-09,0.08485623008840282,0.2960697703409514,-0.0975322027657537,0.1299561557064417,0.005021518110070344,-0.31421881070215907,-0.11958838097993296
2019-07-10,0.07003370507148321,0.2899681821988329,-0.11000909696094752,0.14153515366356617,0.030910633209603522,-0.3074265212537981,-0.12362967848157203
2019-07-11,0.05455311397444862,0.26800063723612433,-0.10021542817467277,0.13410359671961403,0.0892613432639614,-0.31086636628529796,-0.13590723721227937
2019-07-12,0.05163384825215478,0.2566157564002587,-0.08835914960128011,0.131301026650389,0.07450406892262107,-0.3056558801090161,-0.1129366331410222
2019-07-15,0.05991908804940449,0.2438910567061925,-0.07985969309234942,0.1292262854516344,0.06639888009517281,-0.30932555865401534,-0.13001756782277485
2019-07-16,0.06249781930392917,0.2398124167611877,-0.08994715195451364,0.12694527726141658,0.057158950096605765,-0.30873166942999175,-0.0983013864380442
2019-07-17,0.05950261150803793,0.22798909770194875,-0.10141710297712758,0.11740081997067331,0.06739533286543808,-0.28734182316191004,-0.09347152746169463
2019-07-18,0.07570810395692895,0.23678645070200433,-0.10493835804356855,0.11260387277107353,0.049809781675212106,-0.297804610634548,-0.09183563112476834
2019-07-19,0.0830846333314279,0.23363351719748615,-0.09335041142897582,0.09146492281334562,0.05534904910617344,-0.31057097135058764,-0.082647561397027
2019-07-22,0.08546812257528225,0.2344736792725146,-0.07467519856546234,0.08753401497116198,0.02464292446462213,-0.3016145588286656,-0.09981851068728265
2019-07-23,0.08695819752621192,0.25538534829086035,-0.073766907124873,0.07124786191351451,0.01878107749018454,-0.2991215911419566,-0.09335827351548565
2019-07-24,0.07536140377910416,0.24538477369879463,-0.08494665859791573,0.07152439832674207,0.050314500662326234,-0.2972158818317696,-0.08415681831262112
2019-07-25,0.0836826073610224,0.25355523183757644,-0.0837831044321431,0.05910975925473183,0.05330958702880795,-0.2989874244078897,-0.08825455155900674
2019-07-26,0.12208112781796432,0.2839911782088471,-0.05270833779207029,0.0463634347116848,0.029385249298548355,-0.29727498614851444,-0.10344572875146163
2019-07-29,0.12247804044530186,0.2840898898165707,-0.04808089352484046,0.047124622365999125,0.03246063866381377,-0.28123073773131024,-0.10959852098364498
2019-07-30,0.11591722461356957,0.27635207292259145,-0.06062844871890061,0.03558997385409424,0.06353157667290055,-0.2781460501469142,-0.10684772106462459
2019-07-31,0.11937491780878418,0.27489202369692767,-0.05732797287256641,0.02886869348075105,0.05809610739569293,-0.2893782588815246,-0.09876909887637808
2019-08-01,0.12342349860721336,0.24674580604963703,-0.04858324403370662,0.015404595930096465,0.0523581956164596,-0.28700789085657075,-0.08931480712337603
2019-08-02,0.11831161676341462,0.2475821792477768,-0.031231224910602595,0.008331511134817116,0.03410136552143572,-0.2897489204278799,-0.07307172635425108
2019-08-05,0.13431872073104234,0.2518866396895092,-0.04364052280373265,-0.004337410079245374,0.05183018638298997,-0.32475165878881285,-0.07281402051403929
2019-08-06,0.1507084181201659,0.28570116940916623,-0.047625820305507105,-0.0008429329365561289,0.04981367765707567,-0.3443308970410612,-0.07617410580286288
2019-08-07,0.13020560102714218,0.2884277731932714,-0.05319232817687536,0.014600269881146821,0.05603573168029197,-0.33310477115026305,-0.08892100892190702
2019-08-08,0.11905147177592745,0.3195047224885894,-0.04968591654897758,-0.008008147541162747,0.038245064277824925,-0.3117554401506891,-0.07248598467967282
2019-08-09,0.0986897622059415,0.33533529058945666,-0.05746218157873151,0.022363302776823635,0.02207605218584674,-0.24960419440856974,-0.056231227718769095
2019-08-12,0.22069913293661214,0.32436469436448634,-0.09047565823765424,-0.06268757142168169,-0.013841225827619152,-0.9153716480340527,-0.10776559102893812
2019-08-13,0.18756295125906797,0.29245186044524585,-0.028345682764369995,-0.04217178048366638,0.046691073840467445,-0.9250496211635573,-0.13467616883330868
2019-08-14,0.21315327959386532,0.2927015495509532,-0.016870286693113856,-0.10066758647421731,0.07750960123187894,-0.9854993634588227,-0.1162280012244904
2019-08-15,0.1525613587659833,0.27637548389623856,-0.051700531336863476,-0.11729370174849185,0.09140046158084947,-0.8487989404279971,-0.070664359137807
2019-08-16,0.14892486623876933,0.23229280531598173,-0.045494833847064875,-0.11229264485257484,0.09996134850070071,-0.799692141123952,-0.0728522156171475
2019-08-19,0.11181582319522065,0.1536973179574701,-0.06087234307798106,-0.11776915976303659,0.09475634079303469,-0.7949891346467024,-0.007341262246197466
2019-08-20,0.10704539040143024,0.13048970294913675,-0.052162358457073066,-0.12803767163934843,0.09469652024633429,-0.7558805831939668,0.01791637483185693
2019-08-21,0.10137746271267689,0.14438938299023973,-0.03459907037314247,-0.0974639239709042,0.10508315397130791,-0.7562378998074545,-0.014658276649723745
2019-08-22,0.10216289075421636,0.12612802180089588,-0.032008572268396374,-0.11372522965506326,0.07331010263900739,-0.706309168930636,0.01710205402481102
2019-08-23,0.08935177376597003,0.08054137125849326,-0.035028198566840696,-0.09511471777415326,0.07852887502997702,-0.673490820576081,0.019130164761521185
2019-08-26,0.0744566371700669,0.07042152971134308,-0.044593614573916196,-0.08826121726402458,0.07165200023938778,-0.618834435004167,0.006279336607808106
2019-08-27,0.06500710849191715,0.019250416420109606,-0.02159345655952305,-0.0974778431345113,0.05885858881508277,-0.5676420401257215,0.01949915187618234
2019-08-28,0.06714307310981693,0.006988918285534607,0.01042915988808124,-0.0976122363633749,0.060999833387239966,-0.5836538725206205,0.03599859308296882
2019-08-29,0.038063280434870506,-0.023733404738909336,0.00815352097836508,-0.05088360109758361,0.07232937317557228,-0.5328660537846889,0.002059645207346472
2019-08-30,-0.017755884671061484,-0.05795984294258372,0.04205883023281365,-0.05999553851217532,0.05964402427585852,-0.4402735383460551,0.01220558790518822
2019-09-03,-0.09480235060158171,-0.08119815367941591,0.010985452117628358,-0.07495271555720567,0.07724647344092636,-0.2829828017082684,0.006234316366048209
2019-09-04,-0.020422542680957223,-0.060118373421357785,-0.002680617188617118,-0.0734452939879977,0.12458314193584896,-0.357148352346358,-0.015967332870630013
2019-09-05,-0.0681422866476562,-0.05937535587575704,-0.04873165734357798,-0.02055318913136417,0.07687777096778306,-0.35819039605793834,0.09749034213429719
2019-09-06,-0.039957857454554935,-0.06236578415168015,-0.043646877141871765,-0.01833069190292025,0.044926077822000254,-0.3047460817750668,0.06558830310287755
2019-09-09,-0.024042244168901106,-0.0646778352455688,-0.026411735222374944,-0.053701373281579645,0.04235874890258917,-0.27855694856930513,0.0653623311246907
2019-09-10,-0.024194990477855893,-0.052072301383659814,-0.02827869295661878,-0.05040248258629498,0.03465622423585807,-0.27306804570514875,0.06939965904956324
2019-09-11,-0.024939054074368583,-0.07025550117281198,-0.03524318567739815,-0.06753682410944906,0.03664303389695023,-0.23645991934731758,0.09142519142150851
2019-09-12,-0.03556870672404744,-0.07228009293785498,-0.04565870936225769,-0.07744392729381167,0.01748367049619337,-0.16164775891513994,0.08593629336397146
2019-09-13,-0.07883015136573523,-0.04715896001153819,-0.052528799006500204,-0.07167771698872083,-0.001654849884044407,-0.08565229699174026,0.06116462287740709
2019-09-16,-0.07419107778312928,-0.06872642433816434,-0.09197972084256123,-0.06130118506862947,0.03559989356109955,-0.10994025784307371,0.1030162376781586
2019-09-17,-0.050348766464072825,-0.07988628959800093,-0.08388133454488667,-0.0872559457390647,0.01585316173113782,-0.048734222379167136,0.08277491511670076
2019-09-18,-0.06866860666791585,-0.10886765094356743,-0.0852390961851639,-0.07505605092194034,0.03402110519140994,-0.015416327367443472,0.076937523303093
2019-09-19,-0.062192907113675644,-0.12483183811799625,-0.11596483066266461,-0.03844269138824674,0.05180214326937316,-0.029143389324071567,0.08026818385267442
2019-09-20,-0.06733735798298901,-0.12951978628316207,-0.12562685654747008,-0.02994772044124594,0.045968629416786144,0.0033610692171572865,0.07299821789657324
2019-09-23,-0.04953006454519271,-0.12345388941507252,-0.10353112201910764,-0.04200033970658523,0.05637187783531877,-0.046102678764382454,0.08072972072565876
2019-09-24,-0.028117043304998757,-0.09896733418329817,-0.09695744208962565,-0.03444331832316405,0.04487516707870934,-0.092928989938457,0.08063371572296452
2019-09-25,-0.009724263697801883,-0.07868721745773022,-0.11094191500730155,-0.034598849901118056,0.05376801327262731,-0.12678715793720374,0.08323160010076314
2019-09-26,-0.005719714511570495,-0.0586823490896613,-0.09719530109017949,-0.03146446925089885,0.0367298519387792,-0.13975349086068034,0.07717498085594188
2019-09-27,0.0071676991447719995,-0.04187045063031669,-0.10129421574418462,-0.01448447531972441,0.033575577435746295,-0.17605841979585568,0.07426994392880482
2019-09-30,0.0033565235731261023,-0.04064810487072257,-0.1150755301012103,-0.03690986087296455,0.025396195452424608,-0.16846468650544488,0.11900076123612902
2019-10-01,-0.001866018559519178,-0.04502192749769818,-0.10047219844522981,-0.022534708650901458,0.017590604680347288,-0.17559024642025656,0.11902051005656
2019-10-02,0.00489082295624399,-0.024427661283681346,-0.1145785981170685,-0.01756109566953723,0.030326472772072066,-0.20495443153387338,0.11712553288157668
2019-10-03,0.013201686239943444,-0.0558462903334197,-0.11249569621018696,-0.016423468632519644,0.01883093129880381,-0.19423586730391373,0.14352118561182048
2019-10-04,-0.004601858790474034,-0.03861551941540997,-0.12145711218979316,-0.01869172796297014,0.05616090863772566,-0.21801878495689864,0.1384803023064155
2019-10-07,-0.00031682830691093233,-0.04016579487054284,-0.0794539431926562,-0.02378040779799062,0.029209803365694176,-0.19502106379388628,0.1115156953088785
2019-10-08,0.007345173838672059,-0.05001760942612954,-0.06991971778913142,-0.013734631875040315,-0.0023667492658411837,-0.14611030323174323,0.08881613591139315
2019-10-09,0.017804859550128893,-0.01538778874311253,-0.04977433046518753,-0.014254809044202177,-0.023841600861004286,-0.16079801952891892,0.0640433335544911
2019-10-10,0.001187483453136906,0.011267285817554429,-0.061131922876739964,-0.022187548479407293,-0.02202749932879472,-0.151868520753625,0.061765743779856774
2019-10-11,0.0002612404331296947,0.003934944504743743,-0.06080605990170307,-0.03051079832692072,0.002656125737185544,-0.16671570739176733,0.07135237076882273
2019-10-14,0.022071059276230542,0.004307368829852498,-0.07567308099248904,-0.026713484951890853,0.00627836088195477,-0.1667295733800629,0.06249127938487675
2019-10-15,0.03974004555043997,0.003183106835863647,-0.08045385996577548,-0.022010882059395165,0.004550173323946638,-0.19343999819958757,0.07459324175790116
2019-10-16,0.02922482030853779,-0.012665172038331174,-0.06575760576728185,-0.024571317277692573,0.0030145044363602547,-0.14630316038991653,0.05267998449250266
2019-10-17,0.014658207954533875,-0.0005746368608435803,-0.08531749779813314,0.0018908308403106089,0.0023320506444935996,-0.1278557708225423,0.0335169573480637
2019-10-18,0.0363373789997804,-0.011927676196875292,-0.08028598840192291,-0.0003773094903835039,0.015076545641779515,-0.1422925337469776,0.026387036159243094
2019-10-21,0.054274037410107945,-0.010794957189355636,-0.08168660591826338,0.008983313605915422,0.004394472274804551,-0.17811566259293055,0.04545565738170776
2019-10-22,0.04891281592113761,-0.016300837792443845,-0.0681838249542388,0.008201965170036352,0.003186560636980418,-0.17536392288328417,0.0493789791281517
2019-10-23,0.08134308782305566,-0.003490016878773816,-0.082567528128348,0.020075043603560272,-0.01927915488044199,-0.17667907368918168,0.034071361048273796
2019-10-24,0.06494456422487827,-0.026499233904917152,-0.07197045660260248,0.04422816461689982,-0.028332572458596134,-0.17162622008632855,0.04629519212022182
2019-10-25,0.07272044872109806,-0.0018409795671512352,-0.09659134096647348,0.051383944668976556,-0.04031905667736613,-0.18802052981651296,0.058161132824702255
2019-10-28,0.040821776314703184,-0.016119722388663993,-0.11446255783113168,0.05664880169332093,-0.03627866779296543,-0.12255162217290472,0.0624706139351453
2019-10-29,0.009291463154364021,-0.02325751673748777,-0.10914663182930429,0.07917438794959997,0.008372902704685076,-0.18574140311323828,0.07966811992500666
2019-10-30,0.001472165219331134,-0.04566764617511798,-0.12870919275110781,0.08120770950422929,0.017575361273625856,-0.16287455925304672,0.09753294587020456
2019-10-31,0.023752515365060622,-0.05396857558198831,-0.1326814126050807,0.06905720538934679,-0.002067378775005624,-0.14341724352639962,0.10651122856745221
2019-11-01,0.043726420092317086,-0.06680427977217751,-0.13276894923843108,0.08009122218840481,-0.026752311820024133,-0.14628208173721302,0.1184027972013394
2019-11-04,0.05897737068002107,-0.04820912528598864,-0.13507867908015692,0.07956688091623076,-0.012390899520593607,-0.20186588431077235,0.11837826281101504
2019-11-05,0.06140893121373081,-0.03964412902974368,-0.13700954412926802,0.08302918495956024,0.021211975386326465,-0.24251039358911997,0.10710727458713609
2019-11-06,0.08158945624280256,-0.028975937264551388,-0.12890127792506245,0.05946918711276711,0.004255095775561685,-0.20446533719840265,0.08567260296928225
2019-11-07,0.0964355589701299,-0.022554431835108968,-0.14928143745635036,0.06598477737778874,0.007950118915511617,-0.216487671750776,0.08374825807392694
2019-11-08,0.1428587865501717,0.01804616786433355,-0.09611795861985206,0.08912270974548192,-0.1042257082239327,-0.18256354470211866,0.009913513864984513
2019-11-11,0.17180509899076657,0.09303056926625741,-0.09476633397182099,0.07724211364961853,-0.13526290170446326,-0.20859023844110414,-0.02823352513967403
2019-11-12,0.13124920946261998,0.0891076812075452,-0.1270528151139484,0.062325535106034946,-0.10034804971888706,-0.18508530252729571,0.006417791002483075
2019-11-13,0.12500711151541316,0.09966814967659243,-0.09180488675828702,0.0663894809691381,-0.13941670144466536,-0.16665396867138993,-0.005953528224541649
2019-11-14,0.12851815263549915,0.07216878429383744,-0.07885309763449555,0.10118940359006634,-0.15973879726002477,-0.16919493969439559,-8.395752491924258e-05
2019-11-15,0.14022905606238867,0.06530383082788893,-0.0814920193681371,0.10765427741931549,-0.1446218142179035,-0.20776619086240122,0.0071853641661870915
2019-11-18,0.13641304232398827,0.047780708621221246,-0.08130248833198161,0.07606091935399395,-0.17973415960571942,-0.10848784971230807,0.01009434218575922
2019-11-19,0.1269256141393884,0.043597831927444264,-0.07236871103674514,0.055683940055227144,-0.13941019216373637,-0.11868662219472281,-0.001808955163580095
2019-11-20,0.12111300650697998,0.06775332522391952,0.02293989450154932,0.044543365747890584,-0.17121548759324343,-0.15630628839746818,-0.04569708955566876
2019-11-21,0.14240448242144177,0.0698950481262709,0.01068501742582395,0.04735689142605115,-0.18065717867269399,-0.1472857153427567,-0.05538092620601098
2019-11-22,0.13047033178801548,0.05822541692938055,-0.00878853969249671,0.06827381224756407,-0.20110802457837396,-0.1192272846268041,-0.04062492457997369
2019-11-25,0.13043628219104286,0.06434287548949758,0.0087524430382101,0.07405212001268452,-0.19372736102141494,-0.14371809162954352,-0.05450182668076231
2019-11-26,0.17126399992320696,0.08458769490964335,-0.017492054676983226,0.0779395351513828,-0.25544507243885256,-0.08902902197252405,-0.07595465025051984
2019-11-27,0.15685729142117555,0.08316296941342893,0.015703396386000268,0.06198162297824006,-0.22143951898065944,-0.15949457460450867,-0.05891943364705432
2019-11-29,0.14514313525018885,0.06682469173818895,0.01846090008926693,0.06695010911156024,-0.2181491484172566,-0.13787330484910898,-0.05707803218015417
2019-12-02,0.13960387602714053,0.050374340635914616,0.0060085588248212085,0.05665398392355364,-0.2334747688244447,-0.07893698222224244,-0.04326106956370701
2019-12-03,0.16061151669567864,0.06844179620442747,0.0298322569023195,0.03733984898661524,-0.26150168892034803,-0.08463110993279499,-0.046881290927831554
2019-12-04,0.16634471931862505,0.10722935795082811,-0.013691065310722395,0.057822037286455685,-0.2491886445574521,-0.1338315775632084,-0.04552846008560951
2019-12-05,0.1451542371165464,0.12552450956549965,-0.0033554154685981885,0.042024012861423266,-0.24563039214166602,-0.1257708737714207,-0.046837356760853655
2019-12-06,0.12766848365854488,0.1338659048598938,0.014882886910159487,0.04587321353755208,-0.2176950121840766,-0.17598280916346098,-0.051412315804165165
2019-12-09,0.11016935167068997,0.10999643326189934,0.019100253328580452,0.08114077642875284,-0.21435756269875844,-0.2120756109211066,-0.02721043400133749
2019-12-10,0.11048582917140537,0.10297851907725653,0.05807193716917003,0.08251510496378561,-0.21689665171355027,-0.21059506795176897,-0.04777658363798387
2019-12-11,0.10709952363109287,0.10642411156585752,0.07464647352969411,0.07391426487697117,-0.20353552030713024,-0.2144702700440808,-0.06347772240446536
2019-12-12,0.11139828429968257,0.11708925691460237,0.10075426351637728,0.08801327157690114,-0.1974639623790404,-0.29934131859636937,-0.05674088270234734
2019-12-13,0.11017486526789544,0.12064550634330173,0.08953786393556318,0.0731703806720353,-0.18107407430925465,-0.32167499673011535,-0.038062468285079865
2019-12-16,0.07427498952736067,0.1280770750911816,0.05447895447125539,0.055676268836994613,-0.19266345530472306,-0.2276644677544677,-0.034827882497761475
2019-12-17,0.09027562822504687,0.1577422693895112,0.08460402682010537,0.06283156670225631,-0.22152415790801833,-0.2664246384339555,-0.05081605621603558
2019-12-18,0.05163460138422882,0.17677026586787292,0.11243712882237933,0.07516305186683914,-0.21491166883819074,-0.30061015571973004,-0.05595426089687161
2019-12-19,0.049202442016232695,0.19124437538433414,0.08007354752317708,0.06890810138509562,-0.20315397876568053,-0.2770950942682249,-0.06335857253098798
2019-12-20,0.05161010922957965,0.1849394855343549,0.07247159916446666,0.09667007500392255,-0.1952374078536152,-0.3070743027271776,-0.06361433977416131
2019-12-23,0.05628542239090473,0.18934854766540843,0.08202308477301212,0.07730428658539623,-0.19976732444798712,-0.2853429438645765,-0.09171953310113712
2019-12-24,0.034605231057130204,0.17641040572899558,0.0918942901519999,0.0880925067260151,-0.18835445640888726,-0.28249538298344334,-0.09610123252664471
2019-12-26,0.03322303781884994,0.1733676469755876,0.12520832923958647,0.08867687242352773,-0.1937111918622289,-0.30626344024187047,-0.10279600156837188
2019-12-27,0.03832379443025258,0.16944162428156917,0.10526351473748097,0.11058689533014687,-0.1973623140793367,-0.33991826174128903,-0.06811523569611277
2019-12-30,0.040437570116375166,0.17396466340730665,0.09689861403269795,0.09144175126488296,-0.18200952700467177,-0.33649768914830225,-0.06268696349241187
2019-12-31,0.04704559875263714,0.18095626296060408,0.09403802289886243,0.09829891386192025,-0.184105488899235,-0.33436864143597567,-0.07775790044201847
2020-01-02,0.0872355032409241,0.20491150949687598,0.11531928141740622,0.08092284143506945,-0.18817919808552797,-0.3779169024507758,-0.096645329379355
2020-01-03,0.07862748250262008,0.2007851715440655,0.10664489837577684,0.08923270041775011,-0.17011377892008123,-0.3854564287558808,-0.09077133886417965
2020-01-06,0.07532770847739345,0.20200698557040653,0.11133924475150359,0.07877998175374179,-0.18098585087844238,-0.3406454988867764,-0.1135744945239191
2020-01-07,0.07386181794559499,0.1886837671936985,0.13324335136586307,0.058792257988775076,-0.1657665391625009,-0.33918937508753944,-0.11415047149505886
2020-01-08,0.08621962045597975,0.20393751397717153,0.15008196208987146,0.06544301697339738,-0.1838126117767489,-0.349674786329933,-0.1364785822114023
2020-01-09,0.09497438494465604,0.2069941985817303,0.15529812915581487,0.04822220776301367,-0.16486200723025635,-0.3768705695919623,-0.1349268478344946
2020-01-10,0.08870051516968636,0.19674837089709685,0.16597239836943034,0.022011027903401037,-0.17462017315667694,-0.31699897674661415,-0.14268075108937628
2020-01-13,0.0831060395970048,0.1825479796457643,0.1734091134603899,0.04676291368166796,-0.1912841069124226,-0.29340507950509354,-0.15283989639789297
2020-01-14,0.09043453144352576,0.1669407937147439,0.15370928172763687,0.05535323917765389,-0.20551488274360746,-0.2701879563324918,-0.13759022117931463
2020-01-15,0.08612722195378408,0.146573750150379,0.14581940968957885,0.051847827828297444,-0.18082026351924513,-0.2585646074766752,-0.13044524956235715
2020-01-16,0.08974648904747351,0.15242342889672733,0.15169357876155343,0.033174379531785037,-0.1674264454987302,-0.26745493755072736,-0.13553988841173437
2020-01-17,0.08232025067054272,0.13010966895639198,0.15279107922186086,0.012871946854858152,-0.17055629696058067,-0.2513507347389978,-0.10223281189012179
2020-01-21,0.09396189092121698,0.15058023694025657,0.1476119393937564,-0.014228218409875537,-0.1788383951958451,-0.21955694469888387,-0.11229321328526254
2020-01-22,0.07242575053035749,0.15743899034427433,0.16510671557262713,-0.006127752777303486,-0.20336350252947727,-0.2234138514168169,-0.09681207018171811
2020-01-23,0.08596310449886035,0.14999406637632284,0.11002707392941558,-0.0022179256594324626,-0.18107926096102772,-0.17704752706486238,-0.11193438044503212
2020-01-24,0.08770699258854076,0.13682222155167845,0.09630471810485375,0.012092485654307095,-0.1853242102613858,-0.1323680895667605,-0.13044611981932153
2020-01-27,0.08483534509333335,0.12977287106796964,0.07036947377373548,-0.011508449718567126,-0.158243142179034,-0.11944929594799047,-0.10748649480716521
2020-01-28,0.10868561787085784,0.1615886482162937,0.08300522592409687,-0.023228829338425183,-0.1770650830916634,-0.16911012066812514,-0.1046231016199457
2020-01-29,0.11043337274569232,0.15060296108297844,0.06780816953978475,-0.0014185614361345023,-0.175141301244293,-0.16099521561201913,-0.11161918111154312
2020-01-30,0.11873067570598395,0.1547907631849228,0.0885567139187674,-0.011274776847946644,-0.1719594166263032,-0.18772130378281449,-0.11646325407778801
2020-01-31,0.11414649234105512,0.14687739364266894,0.11402945463147551,-0.017294842508462915,-0.16680080226628474,-0.18086297730717726,-0.12779904177569235
2020-02-03,0.10858999722398988,0.1755874352764013,0.09027036106093456,-0.02189282552059313,-0.16659515693085197,-0.23411504906397207,-0.08757872567674818
2020-02-04,0.12380511247153059,0.174834296773825,0.04141473817064856,0.005526622113218305,-0.16927413243175804,-0.18777101053773237,-0.11657305794241513
2020-02-05,0.10421405422634322,0.17790479264178205,0.08634954605997325,0.015381688542878247,-0.1790970712665254,-0.22154655108827792,-0.11643561268746005
2020-02-06,0.09786839754529586,0.1672773168590871,0.0935102603632002,0.009417039291832352,-0.18219395117802634,-0.20860209694006393,-0.1098750401750952
2020-02-07,0.09538825677302587,0.1829900362645338,0.10721585305026471,0.0020084580202271995,-0.17813262295228766,-0.24195647622645367,-0.10511452841812807
2020-02-10,0.09966782719529843,0.1773993289111836,0.11331228317049302,0.008800306824384485,-0.18099507083732425,-0.2337803528031095,-0.11989028581750305
2020-02-11,0.10624016744936182,0.15929330660167862,0.1120331853329346,-0.011131587210801652,-0.16618526884256574,-0.2036718521183123,-0.12245410568636028
2020-02-12,0.11647806254154947,0.18995750529112632,0.08512523297227637,-0.02627965630922091,-0.14418023479740705,-0.23101792185294934,-0.11990414100834634
2020-02-13,0.06945018358716837,0.177200293729746,0.04719795487545453,-0.021371280846807172,-0.12390641790329199,-0.1413501013148708,-0.12427944713413819
2020-02-14,0.07807623130521846,0.1712773151321264,0.04807876065443617,0.005775414814634394,-0.11677162714241668,-0.17203205775349284,-0.13706287109926107
2020-02-18,0.06948605781463313,0.1725192915641517,0.04463297134374988,0.005796906727470352,-0.13392796561060621,-0.14119637549118536,-0.1363853690654867
2020-02-19,0.08300612815511121,0.2107426913547623,0.0373699802038695,0.01489648122724807,-0.14677691355500072,-0.18492056140837,-0.14135115148703992
2020-02-20,0.07005889979294011,0.22164730903792096,0.04126180020843817,0.003741212597030641,-0.13251976429352996,-0.19711065233782565,-0.13944930219464546
2020-02-21,0.078113405836993,0.22642592844525755,0.03955290437492687,-0.012078412935654148,-0.13438785755417648,-0.1883658093871241,-0.14012961602877894
2020-02-24,0.0767692742219861,0.2155197335479998,0.05769875340098818,-0.042463262956817904,-0.14558068737375945,-0.14458763848450418,-0.13415590455769244
2020-02-25,0.07170209626783974,0.21587446814945532,0.054903703028240325,-0.08761293403871329,-0.14547173632163707,-0.08499001737490008,-0.12433003336148463
2020-02-26,0.0859403883192944,0.22988479357265001,0.07687777975521592,-0.0717645997956401,-0.18476123115829995,-0.09336679526132441,-0.1415490174688071
2020-02-27,0.10900250068750417,0.19368340025299324,0.10830277976711944,-0.09211908066107777,-0.18542005502121978,-0.0937110406554309,-0.12882173551334486
2020-02-28,0.10185886256822085,0.1850456043836367,0.08727851501972816,-0.1025775430165704,-0.1409771745853241,-0.11334982448806774,-0.1058009736308928
2020-03-02,0.08745493598704679,0.18346160568016856,0.08605100452715964,-0.1251874674630249,-0.14846395584490335,-0.1823636747116666,-0.007869576551345792
2020-03-03,0.06843261271239265,0.16971541030017645,0.06024816089082974,-0.12015231636360424,-0.13156310089316353,-0.13962543909038372,-0.012410631002600092
2020-03-04,0.05343268779775412,0.16232425501149617,0.06851389949440967,-0.13982220873297124,-0.1428746592624338,-0.12626511496677706,0.010138933332972
2020-03-05,0.0618599813755063,0.17309357411604376,0.09464288266330079,-0.1815645624791612,-0.10962660216838938,-0.1454380028632778,-0.0008011027491965361
2020-03-06,0.04526450965123602,0.139120924580311,0.08314134120262129,-0.20273636936420758,-0.12351756927164695,-0.055488568316996556,0.02710848777818964
2020-03-09,0.08182726920174305,0.13073102971869455,0.15499042425416049,-0.3948350557782591,-0.12256486268276648,0.08938238970478407,0.03683915090099782
2020-03-10,0.05586860812757938,0.140352565138867,0.14262877716163813,-0.3192005472158532,-0.10830382311157016,0.042670101937203775,-0.011975833548680925
2020-03-11,0.057807523651755566,0.1333086077916374,0.06666893893428255,-0.3816695177860417,-0.08997734562689655,0.19028081357768933,-0.00919492590795884
2020-03-12,0.053203549825961344,0.07251701580459102,-0.022670303325976637,-0.43530218213900546,-0.04381438417604328,0.3376117234791658,0.036400926908129266
2020-03-13,0.0694239800780922,0.11660039222498045,0.0621229938164079,-0.4919447911831771,-0.04459421083355601,0.2417566437470573,0.0254841619270903
2020-03-16,-0.030437008328416698,0.04859433482474003,0.1583096409592504,-0.53813505127613,-0.045893786865090325,0.327964517764865,0.08828492485518712
2020-03-17,-0.019707880942145192,0.11103387021696859,0.1584435751372562,-0.6636361197816485,0.03366666311512581,0.18184349543924822,0.165447759337757
2020-03-18,-0.08229431791693019,0.08165896212684626,0.20472897102696833,-0.8579702160536897,0.04435556802745114,0.37968829596086,0.22691907094426814
2020-03-19,-0.0673010521122031,0.012279282500787298,0.11019000614721142,-0.6411955344525835,0.04161821043736205,0.361295763670283,0.14544189286135076
2020-03-20,-0.02469780105477671,0.025471461318169242,0.08181997564247853,-0.5343227128896868,-0.03595093377974981,0.32324230246537833,0.10061306803015382
2020-03-23,-0.025366161835941703,0.0014587541248585467,0.11332756098883559,-0.5116042586089351,-0.05043134139486127,0.31310842082081336,0.10373353966997494
2020-03-24,-0.03589769099425413,-0.01690297822918671,0.06088811910388994,-0.4465396805606122,-0.016753531490767595,0.1436451882328147,0.20722948617047765
2020-03-25,-0.044680921087228126,-0.006896259388964515,0.01621144665945251,-0.40288689743161105,0.008828746152221525,0.09546607385742589,0.21291051973094985
2020-03-26,-0.008254361392996304,0.016018490362916943,0.007662599907666101,-0.422586758311293,-0.029564755096822493,0.11724334538228787,0.2017406690026917
2020-03-27,-0.05035836562057374,-0.03225614438988883,0.01665529426101492,-0.39554530525122017,-0.01139577888929677,0.23007266723898678,0.15157314241521408
2020-03-30,-0.068417617406632,-0.01300638901450124,0.032851519863273476,-0.3470260475276261,-0.029813143953797833,0.16368482381239444,0.16077774687999952
2020-03-31,-0.10017123171336588,-0.030201238005505726,0.05055193375264089,-0.3698574650816659,0.014529608066642372,0.12533409430297737,0.19015945550319227
2020-04-01,-0.09480666294494702,-0.02345991694070665,0.06577606380189727,-0.3560367337416532,0.017979008406340313,0.1249701001147144,0.1549897995379696
2020-04-02,-0.07151331043282388,-0.02500058736720767,0.03989759564887624,-0.30805622395001936,-0.0076064734707657344,0.12793245311933854,0.12610606009173364
2020-04-03,-0.06092797133923203,-0.004837009975163176,0.025890889359638458,-0.313275647717734,0.03864641882566801,0.04959978419913075,0.13676779853699358
2020-04-06,-0.0954795657883158,-0.03822145581694589,0.025403186758712004,-0.3211672164585209,0.0682621870946588,0.10826212457479656,0.1304367626870233
2020-04-07,-0.10974027494281627,-0.06687738851210998,0.022456926179593217,-0.353122117267143,0.053750962160167726,0.21767697599944263,0.11803935494603954
2020-04-08,-0.07635490984557668,-0.09230560051225925,0.040453510539714965,-0.3311780240854106,0.07120303209538556,0.1243933919334862,0.13532916260379785
2020-04-09,-0.07061315913236971,-0.03968819795472758,0.039807641054013854,-0.3174186635368428,0.025761939544958937,0.14831997067448613,0.09128409782551442
2020-04-13,-0.06181532933102431,-0.0340948167565972,0.03930283479997346,-0.32854974927218666,0.024279146455199324,0.12499456604017481,0.12023094288392232
2020-04-14,-0.031143656864915582,-0.017929883243121947,0.056835828480057304,-0.3382889955751104,0.024847834666694713,0.09308697328686688,0.09347073639180618
2020-04-15,0.010697824110659254,0.015445371148115006,0.05113466010792078,-0.3695866368248997,-0.006744941793431658,0.05661330523400104,0.1155975875772004
2020-04-16,-0.005785851638662923,0.011465013389189926,0.07163322134637673,-0.382578906587345,-0.002142688793884101,0.07005828710538825,0.11223052942061675
2020-04-17,-0.015498985967063672,-0.03830717390610322,0.13177754059942903,-0.37243656016721344,0.001063215491156136,0.11805370631035139,0.05507227406432767
2020-04-20,-0.0029538597240655606,-0.005514233263633178,0.1684340278594956,-0.38915125715893906,-0.02415621930974028,0.08318855633234198,0.0509844555702805
2020-04-21,-0.006712592055242701,-0.01903081180490973,0.13042209966048773,-0.4256615252697861,0.018708371798190515,0.12894353673165465,0.066485142802023
2020-04-22,-0.028850211371599953,-0.037562725604306346,0.0766807983635363,-0.3929231419259565,-0.00415444636674811,0.1824149533847399,0.09838082305241748
2020-04-23,-0.08216996756600398,-0.028871887890743186,0.029452971270524264,-0.37704010160621654,0.06585185974189833,0.18742768594126613,0.09574624555866676
2020-04-24,-0.0679074855790831,-0.037014713705236,0.06325935308019645,-0.400613017610826,0.06624772699410944,0.16173615608383113,0.11236319375885165
2020-04-27,-0.0956582705417281,-0.06141326446510488,0.09107483790863076,-0.3911566307121695,0.057590209740689124,0.2189903702881929,0.0827565213757734
2020-04-28,-0.033533654625945986,-0.0009339924997315563,0.10709594471969802,-0.34341111455477685,-0.013671481533735569,0.1018544484516904,0.05123106811168063
2020-04-29,-0.02879663384753435,0.004608459293555994,0.14815301775298878,-0.3144941218418285,-0.002517303276428934,0.011003877836259057,0.03189103841711602
2020-04-30,-0.026419904283489615,-0.024454480705865644,0.06558494568676612,-0.3254262882823193,0.037245375143598464,0.04288334774449065,0.08595043627128286
2020-05-01,-0.021657315737836864,-0.02649885296682225,0.07571236137405271,-0.34170970402574724,0.025836292598328064,0.1245556362542023,0.04130258185615458
2020-05-04,-0.013600789233520497,-0.019286142804250034,0.12876489067885044,-0.33830917307349584,0.00010237388922262891,0.051565311400692065,0.052585324226544924
2020-05-05,-0.017612240483042132,-0.01868260820307903,0.1092258349600905,-0.3309549436139347,-0.00918162933356309,0.05350035867120706,0.07956462661505014
2020-05-06,0.00961845072280531,-0.006020417686707746,0.14271789597406176,-0.36874594307036157,-0.0269958725978289,0.033946052940339144,0.0761364087631976
2020-05-07,0.027890879202977018,0.03718802735802065,0.16351124049787535,-0.3526673664136913,-0.02505000728748838,-0.05874110790001008,0.04964453938649452
2020-05-08,0.009559366031874517,0.022187412050233862,0.16843241163893719,-0.3384864766574997,-0.020073390945007236,-0.05250055640066548,0.04369611055252223
2020-05-11,0.02066153733374157,0.008271521418031058,0.20609188214298907,-0.3925009351587182,0.0072201447699711705,-0.08214789257763827,0.04726964149430604
2020-05-12,0.0019319240245659342,0.030703774511023962,0.20342038851565092,-0.3519965075195953,0.01679041211523557,-0.10928897446201191,0.02038200061106646
2020-05-13,-0.007436308082958254,0.014119808837059017,0.23155635494150895,-0.3891872614346526,0.028441718085481092,-0.05636241890472199,0.01257412878581099
2020-05-14,-0.012239342657311025,-0.002708803480756361,0.19403646384438744,-0.3819382650870524,0.06143793463409295,-0.07963440824710488,0.037590065689138946
2020-05-15,-0.00822131097068926,-0.017465588791390818,0.17982762630478671,-0.3487616253196839,0.04413060861504356,-0.04551839317252354,0.017685338433325648
2020-05-18,-0.009304003617291279,-0.037726670969634335,0.19122609393312318,-0.34988160393895107,0.050884229078840826,-0.08206390574962685,0.04445278777626541
2020-05-19,-0.018849510543981457,-0.052124556440016845,0.1442889026566272,-0.295664860013779,0.06679084638065733,-0.07332538144896567,0.043014755190555753
2020-05-20,0.004696031323123517,-0.026501514009641902,0.16797046180505176,-0.3051439297989208,0.043485828977243374,-0.07152816775933851,0.0007101045470280509
2020-05-21,0.011422165130432593,-0.0073153979736262364,0.1502618000055655,-0.30765398482026296,0.06075795181805017,-0.16091625068680082,0.04640294678092666
2020-05-22,0.013066971710218533,-0.0036972591149924128,0.15795935145153822,-0.2934442364733961,0.04959446470739988,-0.1454699692040886,0.014849316838804971
2020-05-26,0.008594014776102832,-0.0013176647044204626,0.15983280157898677,-0.2470056655779227,0.03412150800527439,-0.13200636546420597,-0.028979006067806068
2020-05-27,0.02135393746270975,-0.02306970045008533,0.152520542449471,-0.16619631534417778,0.01522686236930694,-0.14195176383036423,-0.06622681543936099
2020-05-28,-0.006281181923353196,-0.019154249153179648,0.15269305358522045,-0.18335768609922598,0.037526247682079315,-0.132265991889486,-0.04439786294838011
2020-05-29,-0.04746685910553114,-0.10060426255469845,0.10733250766569435,-0.087222339356539,0.09343213700618264,-0.1274043193190572,-0.030672725385099242
2020-06-01,-0.049765336254645076,-0.09682084990406004,0.09287702219641569,-0.14156995119216897,0.08376288622856322,-0.04767134912792492,-0.046122701789777065
2020-06-02,-0.0482590890759918,-0.060658711349832584,0.12454543653825367,-0.16319036467552328,0.07370932923365343,-0.08211130259189736,-0.07105053473644679
2020-06-03,-0.005831074153334004,-0.024389589439083814,0.17859757755709926,-0.14650736128669595,-0.00616339087453216,-0.13626768990125226,-0.09949803839908983
2020-06-04,-0.006637908320186625,-0.048383998166865505,0.14279896784374368,-0.13637776308937066,0.015049204193328586,-0.0860987227727108,-0.11928040379846655
2020-06-05,-0.018312785629333972,-0.07231232157363632,0.14613723012393964,-0.17291824854679283,0.05639792601518881,-0.06592488462487178,-0.11869161818221124
2020-06-08,-0.02330826416995191,-0.06741887717630257,0.14853360755786638,-0.12620884502950336,0.020953638429685117,-0.07677968685665226,-0.14509147358976232
2020-06-09,-0.035967046920599266,-0.09915145801045089,0.12423941356717727,-0.09222190104263805,0.009175951107738473,-0.028039033692243365,-0.1339553037463821
2020-06-10,-0.01661337837580812,-0.09682650232230405,0.12934456690344487,-0.11484427672969344,-0.024941910971786746,0.0378039421682097,-0.16399236182059457
2020-06-11,0.010798598268613069,-0.09357545794672734,0.12148620410548161,-0.11360383986676803,-0.03592198551559758,0.03972628553325008,-0.15465589213371445
2020-06-12,0.025561438048288254,-0.0759694213168085,0.137598741452865,-0.10601445233049667,-0.053846533201994284,0.0037398960535540704,-0.17044181399959202
2020-06-15,0.031551822257093576,-0.07378125719672812,0.13979494452184532,-0.12155604443200396,-0.05187647441424831,0.019423807990375797,-0.17338748500346662
2020-06-16,0.01754157719703886,-0.07935243627570854,0.12465241549240891,-0.12705142551036053,-0.03383655918757175,0.03893780973398586,-0.1716813684262492
2020-06-17,0.014108787726543892,-0.11446960901380543,0.12525024460710643,-0.10748115603738828,-0.022796144162312612,0.04869801686450059,-0.16736358084004682
2020-06-18,0.03028596938507866,-0.08812575871862594,0.11409206067973826,-0.09505282196360665,-0.022985880337733917,0.024880623122307988,-0.16863188001936252
2020-06-19,0.05487165124122223,-0.077479196952147,0.10950772128044933,-0.12145412905125408,-0.016984097598939568,0.010441985143315624,-0.17952947334171754
2020-06-22,0.06084084390201688,-0.0797652106512764,0.12823613743757595,-0.1164658526660447,-0.035907979252437675,0.007432338541721151,-0.1745764269213566
2020-06-23,0.06192289716174215,-0.08589562537620066,0.10966118687899407,-0.11712285658385435,-0.006680083942044057,-0.01667852260716185,-0.16502480972733025
2020-06-24,0.059157545106233334,-0.07226857213809357,0.14647699369881556,-0.11861120972041628,-0.02696745783697567,-0.05144523649493571,-0.15366984441925585
2020-06-25,0.03625111444578333,-0.09615248639242341,0.15032028579622064,-0.13867965266884807,-0.0034193868358717294,-0.04496640565978871,-0.1390046903008706
2020-06-26,0.038238332175054124,-0.11176849087652974,0.1391515813590961,-0.10294976841284664,0.0019904011622714074,-0.04459546082768817,-0.145047194170545
2020-06-29,0.025351701996054965,-0.12868406657759385,0.13858531161146775,-0.09588426085075508,-0.0010585415875366128,-0.018214126374624273,-0.14826237283924948
2020-06-30,0.004848028598276377,-0.15335552950803882,0.12531588555485013,-0.06597869032987957,0.01993239404573717,-0.0248306753754578,-0.12631439053511756
2020-07-01,0.0013225743855265204,-0.15010705142517955,0.14146045022755083,-0.06399619119591604,0.005208134106710824,-0.054037627983201,-0.10344197015760015
2020-07-02,-0.015499434011338575,-0.14814639500765736,0.12074412790631844,-0.017415414822160358,-0.011366992462747555,-0.032595560565863546,-0.1081799106313388
2020-07-06,0.027073582168046062,-0.08767891001562622,0.1641359575694996,-0.11648180879230863,0.011463178597223345,-0.1400673144149731,-0.11979799644149541
2020-07-07,0.034886505132592505,-0.10944832116753922,0.15080272320473043,-0.10820843448191042,-0.031426767323125965,-0.0602551742262889,-0.1239523353305767
2020-07-08,0.019624374275963807,-0.11493371158213428,0.14017406270915944,-0.10133733182714177,-0.018153816742573298,-0.05763304611078057,-0.12058649389067516
2020-07-09,0.01734357854702906,-0.1165331064725379,0.11288063198724996,-0.05169270054539288,-0.027907998830461883,-0.044448434086665656,-0.13074533248305348
2020-07-10,0.05820786783895593,-0.09752163091287847,0.1356618419207012,-0.07940436848846355,-0.058926878659002896,-0.08234490381748671,-0.12754195963770676
2020-07-13,0.048519302822429056,-0.09232170785625649,0.13781279352218734,-0.10399393564200587,-0.037647731259010275,-0.08897950221067175,-0.11740902514129226
2020-07-14,0.054434227323370776,-0.09151649479454738,0.129475345923174,-0.06601306640792981,-0.03557241966976074,-0.13435006146473927,-0.10950950155488276
2020-07-15,0.06141959528362789,-0.06564554400446954,0.13957009388842778,-0.06687494332467425,-0.04322175818441662,-0.17281192063208073,-0.1126155185056194
2020-07-16,0.058494448074431216,-0.08024617575058479,0.12996074568223592,-0.05051962278062716,-0.06753949761809894,-0.11995166195628826,-0.1242942100279692
2020-07-17,0.06708503451535286,-0.07619281165799052,0.12585740875475143,-0.03293817697288137,-0.08243947669881033,-0.10655539153290261,-0.1388749538630229
2020-07-20,0.05346900732836002,-0.09819486638202718,0.12222778709597065,-0.00942327726049108,-0.07170244334793202,-0.11057837761230305,-0.125613879393496
2020-07-21,0.04567327177251573,-0.10125496537811418,0.1175894339042649,-0.05251341047580571,-0.04031530451241533,-0.1138265334571893,-0.10793950260527313
2020-07-22,0.07659612899322077,-0.0665624357879705,0.12784490803614446,-0.09001793631338528,-0.07170816067937699,-0.1617118290271412,-0.08172701045869113
2020-07-23,0.07617440186028346,-0.07060246185549468,0.1497736577749077,-0.07725376582387267,-0.058176013654272135,-0.19787194469805391,-0.09268610628752894
2020-07-24,0.07696040986189556,-0.06433838712266438,0.1426704041975042,-0.10368958455507449,-0.03273107665942304,-0.19785460680033728,-0.09195500973527093
2020-07-27,0.10336369321562033,-0.04724650120794083,0.16118792611707844,-0.11041348597559708,-0.0747460364524983,-0.18665498123086466,-0.11429532542354115
2020-07-28,0.10725774335807531,-0.05154242450870039,0.1646152394480893,-0.07987057452632484,-0.10309948146647918,-0.16607411004604,-0.126179916314047
2020-07-29,0.11449953387259021,-0.041352038954750925,0.15968346561469482,-0.08464456711740609,-0.0739434414634883,-0.19381757995718363,-0.13636215154134812
2020-07-30,0.12509024266620516,-0.07096590109288503,0.15793494756150916,-0.07729466983211175,-0.03442093589331999,-0.20984862726692688,-0.14176672121712208
2020-07-31,0.1447457572559912,-0.07943077058604575,0.1290415393776725,-0.05951707038437637,-0.05529789386082026,-0.1785259944098445,-0.14297178623392504
2020-08-03,0.14125607724963918,-0.0712990594725601,0.11952586051225844,-0.12433505365485376,-0.0074072935660993156,-0.2268705489956051,-0.1022435681498916
2020-08-04,0.10569003526153153,-0.09672456607341229,0.11742112296390073,-0.11872301196178792,0.024656339173073555,-0.2052109053508998,-0.10195634903782091
2020-08-05,0.09623991533165177,-0.11836210045281004,0.07987283778333609,-0.10377076135257934,-0.006842898130145658,-0.07553201464805859,-0.14034054535279133
2020-08-06,0.11494822312775482,-0.11221938934948039,0.07604645711511093,-0.128735834337256,-0.03245907811070112,-0.05116990230146645,-0.1324167087327796
2020-08-07,0.1371683036522881,-0.09887890625588103,0.08235542128751294,-0.13372682120067347,-0.05295801444350273,-0.06596347764660404,-0.13189312752207932
2020-08-10,0.1380309719573667,-0.0808632169579272,0.08909575209108556,-0.12009918555233212,-0.06206059229735936,-0.0827651459303882,-0.13622848538965948
2020-08-11,0.14942452589070276,-0.08595217619533618,0.06512408121631558,-0.08991738386414139,-0.0512237707478152,-0.11057311087768384,-0.11740784986296754
2020-08-12,0.1638584928636993,-0.09934525963425422,0.05713009764844723,-0.08013484272447302,-0.06696768013001868,-0.0678465932135055,-0.13316648461033098
2020-08-13,0.14921491364877454,-0.08649053890983566,0.03430602832250801,-0.0909267135154106,-0.07011227543488516,-0.06994717254627486,-0.09848790322213014
2020-08-14,0.1379893312112513,-0.0783868497086394,0.023289470293653025,-0.06797091875273242,-0.09741699240951997,-0.0666423080121869,-0.07949929749264617
2020-08-17,0.13633201261351902,-0.09264476145273826,-0.010601639373166494,-0.039074296124996355,-0.09528496872659573,-0.030917124993300404,-0.08113839176081819
2020-08-18,0.1380812317412321,-0.08972134685032668,-0.017743667673220165,-0.012926612581469987,-0.11034715755669794,-0.05444840720784866,-0.06064009540775123
2020-08-19,0.10967269587221207,-0.10149469489447971,0.0068404952473605785,0.0020361932497827695,-0.12000366016069496,-0.04602506965632325,-0.05631601875927114
2020-08-20,0.10714239813828319,-0.10249689818008517,-0.011211123007345114,0.020572363957804596,-0.12055164590414852,-0.04677048151939556,-0.04706189351527679
2020-08-21,0.0986630677732453,-0.10847323479512871,0.002411073133575692,0.005248513314559444,-0.125863157357211,-0.038217111504038115,-0.03381349190861799
2020-08-24,0.10445183557601151,-0.08829819647229187,0.0016787577450700364,0.03642804772153063,-0.13339586858542468,-0.09437714520476509,-0.022468126881714484
2020-08-25,0.11186345999076497,-0.07802009242283076,0.01862259674800243,0.064207508395977,-0.16944270040087012,-0.13241569447695573,-0.009127780609165553
2020-08-26,0.10175533821795185,-0.08811661102754687,-0.014910149522333105,0.07529196330177257,-0.17652899469857075,-0.10841144967204175,0.018781941928026902
2020-08-27,0.09849889815293503,-0.10412348287121953,-0.010749780104380102,0.05444475399486248,-0.1857739708996542,-0.07681913552156494,0.03357291128171358
2020-08-28,0.09818172857411328,-0.09159804396622567,0.02155796646260688,0.005856313965023396,-0.1711594468137166,-0.10561450828580204,0.03219498474580759
2020-08-31,0.11333834748268107,-0.0653061484550504,0.01491368503238305,0.04920171229649806,-0.13357678043372131,-0.19177638826698418,0.011773112903985111
2020-09-01,0.09631854805214751,-0.09445541173343369,0.019750803315069787,0.02651987973213088,-0.1311777085911223,-0.1496967529405352,0.02539884948454732
2020-09-02,0.0772881852803054,-0.07773452758500182,-0.008846478575533556,0.027347414247022694,-0.13347506715530771,-0.11976301161206593,0.03206044242261347
2020-09-03,0.08272601316178091,-0.05840525425002424,-0.002396015210257396,0.0015511742278515595,-0.11765866489533477,-0.15270613999401045,0.038259311226712334
2020-09-04,0.07753596429511012,-0.07872809448553142,0.009934297620575516,-0.010859731535847628,-0.1281996059325467,-0.12396848220225692,0.04686420150828288
2020-09-08,0.07997327629756579,-0.0876191354788447,0.018478477033128216,-0.015567612295457556,-0.11462551300697371,-0.12897148725162366,0.040466455061780066
2020-09-09,0.0920775865806735,-0.0861960258236597,0.009787948232913402,-0.006374822509661593,-0.1468337413989616,-0.11425807410384164,0.04911673112939996
2020-09-10,0.09583245974871074,-0.07957041923572061,0.015941112596161378,-0.054760768514020564,-0.13546911355283436,-0.09532639840082124,0.04798396782733841
2020-09-11,0.05980034579992444,-0.10338624385009165,0.004553584620490159,-0.013118276528635953,-0.10809583845155393,-0.0934625608885789,0.05551201691083013
2020-09-14,0.038954322125502594,-0.09837788161637562,0.005032354905757208,0.03026049064137415,-0.1329193931438914,-0.07161036006493876,0.046070223386467046
2020-09-15,0.03529409885304291,-0.1089314354556814,-0.011665138362927485,0.04793199495683875,-0.1381487764378773,-0.051730641309489234,0.048714205033370844
2020-09-16,0.02727801419813189,-0.09600472113946251,-0.01551890467813935,0.13378566669184677,-0.15947463356613284,-0.06838913602345509,0.030386289272241823
2020-09-17,-0.002011482898619979,-0.11481698560632653,-0.0357647302655294,0.11246026228855599,-0.11252860931144162,-0.03651456960128699,0.04397972374078972
2020-09-18,-0.009048850628995478,-0.12171599834716337,-0.04690828647761991,0.07889008003973352,-0.09070191828985255,-0.007020232808921112,0.047928300877357305
2020-09-21,-0.0004499251280941641,-0.12357601201333618,-0.05527986809799504,0.05224402656117999,-0.07749924912936854,0.00032852320309484373,0.06268712836325713
2020-09-22,-0.005191551251033412,-0.12614704430539245,-0.0588692370791222,0.047943450720374425,-0.06582867879238585,0.008403734735482393,0.0688015949773805
2020-09-23,-0.003884668131181334,-0.12678639054653473,-0.07510694066096511,0.07179747208555476,-0.033795647108757126,0.049146635331145494,0.006757147518978879
2020-09-24,0.0273023379875503,-0.10417091596342698,-0.04825160110330545,-0.010373371536789189,-0.06956741552915507,0.045039426821669976,0.021433870891153187
2020-09-25,0.00199466414925234,-0.10226353456391196,-0.03904660579632979,-0.04824418644404127,-0.05153900876445823,0.05009992695418125,0.046765352896202886
2020-09-28,-0.01552525759339217,-0.107142211791901,-0.03523055920210896,-0.019350325468156515,-0.05345632259632985,0.042334955441167055,0.05161638072295969
2020-09-29,0.003426111511405844,-0.09682346485578205,-0.060060500757868895,-0.01273157486985188,-0.06718858194407301,0.06373921681163547,0.04321882526342621
2020-09-30,0.0031368327577810384,-0.09129047263568116,-0.06524758003463016,-0.04734584766901673,-0.045719969769551214,0.05728193587321659,0.056198283966168196
2020-10-01,-0.004859001852211699,-0.09835909799187847,-0.035920127728202245,-0.07419559508179008,-0.03733458824995976,0.045012647418034984,0.06194390691868193
2020-10-02,-0.012039859672361083,-0.11435757393976506,-0.04651981519657991,-0.060353864661974344,-0.03189727330431119,0.036969103023770794,0.08748608672167933
2020-10-05,-0.046665810055101786,-0.1358321807280526,-0.02095506797727223,-0.03534472392126853,-0.013794299251481637,0.0067433881030300735,0.10269770224822006
2020-10-06,-0.021129143720867445,-0.10396474339333911,-0.04428407497401507,-0.0018005660943927193,-0.012227140304847811,-0.005173165469976024,0.06628160961249441
2020-10-07,-0.007283848409522065,-0.10168217917049166,-0.048580437446137575,0.011872468735317776,-0.019954630880471363,-0.02426967420244419,0.06825636257760645
2020-10-08,-0.009198750769889692,-0.0992210242619947,-0.051839644420767134,0.013186886506384998,-0.014250151959646476,-0.037168176698418404,0.07051598003438839
2020-10-09,-0.02694894910648179,-0.11212854353077126,-0.06929655655879172,0.032974796802930806,-0.012442456168703889,-0.026091803707918942,0.08687488299033788
2020-10-12,-0.04410773091939668,-0.1414478622636648,-0.07895683945221485,-0.00537846024751143,0.02756380823953304,-0.02124332253834063,0.12469370624406778
2020-10-13,-0.061345966753922364,-0.15804647534051738,-0.10529924744944788,0.007860679089073952,0.05171060694186194,-0.0025634606580549057,0.1317685052820439
2020-10-14,-0.09448646073174607,-0.17133118887129248,-0.11027308416868287,0.004748841630536904,0.06835173721136732,0.010501450817969105,0.1521653132313302
2020-10-15,-0.09725044861455229,-0.16627791693031735,-0.10493634345630515,-0.05098098958318453,0.07918094421233662,0.04031529345762072,0.15376856203394365
2020-10-16,-0.0988530511470216,-0.17451948532560851,-0.04226619195683201,-0.11044776661194944,0.06830891668609677,0.04140244591242975,0.15449536688849058
2020-10-19,-0.13112677796837413,-0.20084353582445097,-0.06808589947607827,-0.18008692723370945,0.08479680731524912,0.15273974224321046,0.15366967731005327
2020-10-20,-0.14214548498018997,-0.220718346680214,-0.06874846205390828,-0.17186858469170996,0.11276083950169413,0.1418295671650917,0.1647452149162609
2020-10-21,-0.08137093465554315,-0.19018865792281217,-0.04984702904302038,-0.0984917715113206,0.07434468216033566,0.07219448191163737,0.1205875405544587
2020-10-22,-0.11031019097634545,-0.21259297662293208,-0.016328215517750738,-0.12795916844129063,0.06357028780408217,0.11712057249134566,0.11787119996482241
2020-10-23,-0.13397140940377728,-0.22920721717348347,-0.025152847731706285,-0.11673971465089417,0.050049433613443814,0.12008455181665492,0.15644366272201113
2020-10-26,-0.12477710571735491,-0.24090017034807282,-0.06315476378577614,-0.12235446652882287,0.049475487484281544,0.12843243242074215,0.18995352747886404
2020-10-27,-0.11359614374856457,-0.23488687504968017,-0.07590981627872254,-0.11980791718047445,0.05283666893664017,0.16137806041837338,0.16502133220332607
2020-10-28,-0.09082417585736824,-0.2150230260326117,-0.08468812470562967,-0.11038336618028999,0.08393994988751324,0.1479801018929841,0.12218281300836847
2020-10-29,-0.09918615843197855,-0.22711959742727433,-0.07581064140699598,-0.11001601155457763,0.09487899429518801,0.13594246785095293,0.1240628528457731
2020-10-30,-0.11466530061990964,-0.24257390450966324,-0.07071660611639988,-0.13475201058539843,0.10856464688402226,0.12215314067511988,0.16516807148926435
2020-11-02,-0.09619890297409212,-0.22850202214713616,-0.023423371921207914,-0.24526316799829662,0.12574046400343153,0.1102458144423975,0.15495598103533353
2020-11-03,-0.09327099593257024,-0.23963336581987155,-0.019394780631552783,-0.19086130932091505,0.12505401751379688,0.0508131044704947,0.16501544338837426
2020-11-04,-0.07443712343339998,-0.24670048237113795,-0.056651483438758365,-0.16402129947171706,0.11370954423249714,0.060229531591262264,0.17342864713953654
2020-11-05,-0.07002045901210244,-0.21860211269006713,-0.029880189233068954,-0.1882080827331557,0.09917397456043636,0.026813947776298863,0.16850528072503815
2020-11-06,-0.0811538824006974,-0.24047804844028348,-0.04645467620530369,-0.2266911468693107,0.11793680913056384,0.057461306137167906,0.1927026833632658
2020-11-09,-0.07122351840034569,-0.22073624271917425,-0.011457424963936702,-0.1793163971923306,0.054408608273162885,0.027219905909306508,0.1680779828076095
2020-11-10,-0.06655228294774373,-0.21213412572305945,0.007989310918080361,-0.13509409615307777,0.021775156394882006,-0.007995097306525645,0.14326297955431933
2020-11-11,-0.10590005059912855,-0.23185138821805518,-0.014160669795810377,-0.13730101408344986,0.05533700292749534,-0.02315017537087244,0.20210435529760096
2020-11-12,-0.09363836080476534,-0.245326252455205,-0.06079480453389108,-0.11343093659565207,0.09404701330540173,0.01746580291749167,0.16242280105160392
2020-11-13,-0.09279973239331818,-0.24396703956773697,-0.01888925367436811,-0.11098889879200402,0.07794763298555914,-0.03885493446232413,0.17746157406071167
2020-11-16,-0.0968072258007659,-0.25855276074790523,-0.010589811156259565,-0.10401855428907325,0.05414403608461771,-0.024369368554959636,0.18735163916558134
2020-11-17,-0.09084935201067385,-0.25648174081673736,-0.0276841800271303,-0.08002461964133634,0.08117453834673682,-0.06370981196248954,0.1810074077910504
2020-11-18,-0.08578092957469541,-0.24614133112961784,-0.05330947388687113,-0.03594682388212278,0.0478255835048824,-0.029726479828409758,0.1685869650500529
2020-11-19,-0.0650842723536934,-0.2382638095506307,-0.03830978901746129,-0.024648744603252837,0.05177590530473578,-0.06603997511499671,0.15067832193140476
2020-11-20,-0.0924985379750885,-0.24711559905759123,-0.03213420360006225,-0.024919394231897263,0.08809023523085602,-0.09746322942812885,0.17132688286239633
2020-11-23,-0.09506663032758467,-0.2601738715269122,-0.06558898139921698,-0.0031780139064847557,0.11526588448414142,-0.1467212935113142,0.20995221060303193
2020-11-24,-0.09129012134741993,-0.2255953863141169,-0.04486779876528946,-0.01487075655319714,0.07770575795283415,-0.15269382468085313,0.19441025460220712
2020-11-25,-0.09611451927195624,-0.2233562638239347,-0.03226911067623578,-0.04424224778950614,0.060763580565340806,-0.12240895321617717,0.19909061416980217
2020-11-27,-0.10171158955774606,-0.2351140618134523,-0.003656119205348085,-0.05869689146216417,0.040489583419491854,-0.09362959697810708,0.1843439355847169
2020-11-30,-0.0884487606556214,-0.2317958590931275,-0.049708375531898774,-0.04490433431019625,0.0670246221872099,-0.11817151225902656,0.2090502864601677
2020-12-01,-0.09421770100694399,-0.24706088397037296,-0.037382838812161034,-0.03978640211375728,0.06779089476177201,-0.11258119583183174,0.19964837201282248
2020-12-02,-0.10302518930671045,-0.24520265598448443,-0.01975605390160501,-0.08279386813346723,0.08558068717019462,-0.09767506455825381,0.1869175800389795
2020-12-03,-0.10489764468618368,-0.24325851493104012,-0.02613425161143701,-0.10918477367873192,0.09687846780649559,-0.10053157116488909,0.20987435172419494
2020-12-04,-0.1115674868340315,-0.25252816103976017,0.0018943329247858576,-0.09832468433790154,0.09558103091036571,-0.08660664525086381,0.1744698619351494
2020-12-07,-0.11560114222926948,-0.25882753329302277,-0.014558529468242487,-0.08934692856336168,0.10292375224009725,-0.08309565904742244,0.18418307978609336
2020-12-08,-0.11018451984356792,-0.25109991361212325,-0.03236904102502097,-0.060647462156398824,0.08305293344657416,-0.059956255604248054,0.1702102444447768
2020-12-09,-0.0819476559789507,-0.22990097164762768,-0.03870309346630307,-0.03994413882257519,0.05147842417661115,-0.06290914186764412,0.15274847583407392
2020-12-10,-0.07590160327037127,-0.24471137305670476,-0.04871309826244369,-0.04163636318318997,0.05886450212110918,-0.11036650994376696,0.19557680477857878
2020-12-11,-0.10012750046610402,-0.25461700680742205,-0.07847337847178099,-0.02520700850250046,0.09592044115810433,-0.09434617582592986,0.19234079418652902
2020-12-14,-0.09760089813149819,-0.250169394834729,-0.08473937364747142,-0.0027257870286303554,0.07718919517980966,-0.09144906413500992,0.19425611016303665
2020-12-15,-0.10163390908712594,-0.2523212327272255,-0.09573363091538367,-0.025729482656509317,0.11612448835700928,-0.09484969123300407,0.18870513117990545
2020-12-16,-0.09783910252199879,-0.25302280963027535,-0.09405663513615392,-0.02387987715220108,0.09787670070219398,-0.09315389529603557,0.20133584124185747
2020-12-17,-0.11661691294623344,-0.26493503306524735,-0.10112341171128891,-0.023400680784868566,0.07079557912531538,-0.04848541991963745,0.21924486359384357
2020-12-18,-0.11325069221404493,-0.2673049875683682,-0.09287584064832283,-0.008579264028955924,0.07693255570239238,-0.06071948490954082,0.20921557392437126
2020-12-21,-0.10512287004766935,-0.2591713183907949,-0.09199564432963214,0.002895004566401793,0.07165699612320289,-0.03259153979368834,0.17069108032727032
2020-12-22,-0.0963619973056708,-0.25780577103575486,-0.05918229142590453,-0.027241486592603614,0.06063059915258667,-0.02744431195758773,0.16502300946437987
2020-12-23,-0.07468303825150974,-0.2222292797743436,-0.0660912282004037,-0.03620349625674146,0.05470137820250657,-0.03860054989116107,0.14289328583966696
2020-12-24,-0.05266001043547025,-0.2247428239645517,-0.05705428234827187,-0.030927273716688575,0.026270045728904737,-0.03510212771137289,0.14124043797969923
2020-12-28,-0.07027601956925589,-0.2447824190964526,-0.06322430902938792,-0.06007158494850007,0.03539777504750967,0.03239468908818799,0.1292436214870877
2020-12-29,-0.07114041088715783,-0.24690345112536494,-0.06618309531443795,-0.13874627825711272,0.03094351892710006,0.11302603838394043,0.11907472720047346
2020-12-30,-0.09101226268166218,-0.2636968786950641,-0.06498554802965317,-0.12742389820597144,0.035185576987273516,0.0948766859050546,0.1550628104313802
2020-12-31,-0.08610542297989149,-0.2599732720316551,-0.0662836774956877,-0.14874448999546286,-0.005557075525126687,0.13770162650452328,0.1680621249204136
2021-01-04,-0.07627886942477591,-0.26309189008715655,-0.0741369331831041,-0.09914233217682678,0.04733789513796416,0.08512484726648584,0.13210469263674599
2021-01-05,-0.07051893757790317,-0.24975768943032212,-0.06966091811476338,-0.04556507239140728,0.05347243679673064,0.01188657362443879,0.12988900570922401
2021-01-06,-0.07325682737088751,-0.24888246228144123,-0.09096386229210368,-0.06393515356231427,0.05850639080575856,0.05126169640067835,0.12262376194422701
2021-01-07,-0.0887277256128623,-0.2585020259012199,-0.11313290953360577,-0.05028557248916243,0.07096327492937962,0.03705643052041502,0.15303935580652492
2021-01-08,-0.07979369178184903,-0.24843232365906825,-0.08870358007218182,-0.04418688498714829,0.06074831950554897,0.03361106211073411,0.1255442874179759
2021-01-11,-0.06313250886660249,-0.23658737058645074,-0.09586663197115702,-0.04422908112633095,0.07809390911174295,0.02055154541176535,0.10691971512788191
2021-01-12,-0.05033494359586388,-0.23071582997164863,-0.03718519597113851,-0.1325778693244618,0.0800799106789179,0.018394610876068695,0.10822517558799748
2021-01-13,-0.0418730442174744,-0.23919247410727268,-0.02877169480336028,-0.1473012122160381,0.08397442562270095,0.018074189453279377,0.1107561369281049
2021-01-14,-0.051954396972761,-0.24081874022964272,-0.03127484726854468,-0.1735301643630649,0.07006143910509066,0.05215415940623702,0.12500144202017266
2021-01-15,-0.04816624746605408,-0.24103036778131726,-0.03725044812843775,-0.1762480153007001,0.07672555733512536,0.054851097059340326,0.12298962509655537
2021-01-19,-0.08041056204951325,-0.24276042534279896,-0.04783215625877485,-0.17996770664048334,0.09344228702029472,0.06794334787175485,0.13638315723376876
2021-01-20,-0.06588132681891284,-0.21554949802764262,-0.020757337898855754,-0.26814094276591194,0.09031730750712957,0.060503757612593495,0.1560134774488019
2021-01-21,-0.02408261589310351,-0.17198680954415124,0.0012364025851781535,-0.3186472162840083,0.09539063928148675,0.037912448004130905,0.11951146612601796
2021-01-22,-0.04186850044433574,-0.2148453520714147,-0.025241752356787273,-0.2204958348775553,0.08356883355614039,0.0622502792922601,0.10173928158457736
2021-01-25,-0.06349444056594544,-0.21673851885854345,-0.04655843570609175,-0.2410698651015264,0.09131358707656453,0.09974659961308135,0.11494743281689121
2021-01-26,-0.05329279048414515,-0.21811131249068183,-0.06678388638906452,-0.20511111111938995,0.06509100440923299,0.07261406121180194,0.14451354660217622
2021-01-27,-0.08596607426883607,-0.24807612028075116,-0.05589757367379711,-0.1286239593871964,0.05948922741765663,0.05303325000634207,0.14884293861261078
2021-01-28,-0.06157206363486997,-0.23307447927949781,-0.06989167908402394,-0.12805823757169343,0.06263861588149872,0.018801328959359986,0.15548252738639445
2021-01-29,-0.034727173855345767,-0.20541368151288703,-0.06782331992742663,-0.14608906226386398,0.05561363385824343,0.028848473590049217,0.11734307071213014
2021-02-01,-0.04426215277580636,-0.2404166640817662,-0.09516388669979603,-0.11679435483785505,0.053411667394494475,0.005355542057404322,0.18015953842203636
2021-02-02,-0.03983720724911147,-0.24411711988776114,-0.07615392108499658,-0.1276065113268856,0.045518024635060064,0.041003042725037464,0.14568288250707387
2021-02-03,-0.08320325910347892,-0.27007661866205385,-0.08364881448828498,-0.0587971473456369,0.01329422140686703,0.09279974990058298,0.1375950171156561
2021-02-04,-0.06324556570343648,-0.2596946627772627,-0.09029227262643463,-0.08034036585684079,0.018415972220269666,0.06422120028917722,0.15792919551177217
2021-02-05,-0.035605185669559,-0.22328963196873886,-0.05797829636312052,-0.11949625346672288,0.005058475461870484,0.02748697388146118,0.1530730419045882
2021-02-08,-0.05506743655958618,-0.2212090702638187,-0.06794810183335775,-0.06171880833861243,-0.01509797088815389,0.012939044543649608,0.1640726240055272
2021-02-09,-0.07653228367517523,-0.21995879339890828,-0.06964002780341305,-0.033115366364193766,-0.02446391752194645,0.022614609511308836,0.1622748692083279
2021-02-10,-0.0849212493962841,-0.22263622525642168,-0.06688293370580589,-0.061950579866769884,-0.008145264357238486,0.041804871622863726,0.1599813559423806
2021-02-11,-0.08451518748747455,-0.2109571929615925,-0.06159554215927354,-0.069966558871977,-0.013169710826739994,0.033491315378125275,0.16873144568643758
2021-02-12,-0.09324355318413469,-0.21885639389784234,-0.09070091644278272,-0.06527997777129979,-0.013798348615828543,0.024267090466022878,0.21553421271376272
2021-02-16,-0.10727876122907443,-0.2103788454522892,-0.09296106929056847,-0.10862426020768723,0.005766449312555155,0.026943266047647685,0.2474894448393212
2021-02-17,-0.09951981948414268,-0.20285999498352852,-0.13050891910461399,-0.08875167985221566,-0.004143315584656547,0.04864287789764382,0.24263956760858918
2021-02-18,-0.07524127945821546,-0.2060414880027821,-0.10538094137226461,-0.11929638573679435,0.004792612185923507,0.052127681794663316,0.21769501627920979
2021-02-19,-0.07369655922445767,-0.19879859924298537,-0.07779317592313728,-0.16511785245403598,-0.012151149471860717,0.06586621138923654,0.22706684267317745
2021-02-22,-0.09563345039443588,-0.22823378882596684,-0.1062157142995544,-0.17220813130362822,0.003046570417732942,0.12487891053132891,0.21956195993489824
2021-02-23,-0.08626316061182465,-0.22270858228242457,-0.09941762876512322,-0.14913162318992634,-0.009142384108415417,0.10771956964287338,0.20703479211113274
2021-02-24,-0.09499698636451365,-0.2110059557885981,-0.11640729363061303,-0.08879414220986148,-0.023964102192743385,0.0942204516985079,0.20586460880051086
2021-02-25,-0.09961220069168408,-0.2200341514176513,-0.08587675550929635,-0.0545490110126845,-0.032211747256555436,0.1015884107508245,0.14792605934575723
2021-02-26,-0.11285265390448868,-0.22396068565106847,-0.12487608003246364,-0.017969249847163193,-0.05361996376904902,0.14270500685372614,0.14333873046337184
2021-03-01,-0.08421524572972935,-0.17361639096793197,-0.11973431809067747,-0.061642528811347796,-0.05107139854696684,0.09263304782109444,0.1473511622609882
2021-03-02,-0.051295908261030504,-0.15602303598258882,-0.10993487898043242,-0.10042956755886012,-0.07245734899820454,0.09349332185299467,0.14132476949796763
2021-03-03,-0.09580890894070912,-0.1903490722936541,-0.09629686357115474,-0.06909171432906913,-0.0899382569862919,0.13524379141859033,0.1435406079255289
2021-03-04,-0.08416891732060469,-0.20092570628978235,-0.08467874979338086,-0.01539965113039754,-0.09302625345734777,0.062050288625653094,0.15979812997303328
2021-03-05,-0.11400366612365309,-0.2216954064820668,-0.08324162071481767,0.019463923348894463,-0.0801157161108971,0.04441154411138973,0.1730393566078401
2021-03-08,-0.05790576933262373,-0.22164945461089494,-0.10071934290644191,-0.011932571169327999,-0.06777783876897292,0.02939016693483451,0.14964492857686865
2021-03-09,-0.06166056355320565,-0.213869567457111,-0.10475036936329502,0.012408110199090494,-0.09272072892069491,0.041313420493700986,0.147913088148868
2021-03-10,-0.052099989524027696,-0.1734983314354055,-0.09258480417791687,-0.011168105167997378,-0.09894232076435547,0.0063631643309498,0.1795020188324265
2021-03-11,-0.06934708103915616,-0.16784314467613787,-0.07877453144498203,-0.02419230941019801,-0.06810842283971108,-0.00109242992140407,0.18026839333675607
2021-03-12,-0.06771527578238401,-0.15638247718409498,-0.08587722715000184,-0.03365796048768366,-0.0833571507360391,0.00017177162431838977,0.20054602064767754
2021-03-15,-0.07172753661900122,-0.1498471212971309,-0.05348876147907555,-0.05808549071375435,-0.09280163036888879,-0.0042360891505204,0.2211600575496273
2021-03-16,-0.08027243676667317,-0.15060206957609779,-0.05372102585778271,-0.0644001765325607,-0.07103744446255339,-0.013795012007187857,0.21488486968342807
2021-03-17,-0.07678756294604766,-0.1406589325656229,-0.09743726350737675,-0.025602891133680195,-0.07456331679081911,-0.020811513781354846,0.22035854578010103
2021-03-18,-0.06424285834475657,-0.15455727580369316,-0.08248371441090246,-0.02601473738621829,-0.09014975021880925,-0.025763716329417513,0.2104371830937812
2021-03-19,-0.05559575538390843,-0.15092679691242167,-0.08354509274621896,-0.02331081196089224,-0.0950766542381799,-0.03408044253029957,0.2143998311297289
2021-03-22,-0.067807601442826,-0.14055431396008794,-0.0755285564712197,-0.03643741680960899,-0.09254257849770739,-0.045074883334191684,0.230483605965336
2021-03-23,-0.058356125828572025,-0.12548776613454227,-0.059144895699582034,-0.0778493578787075,-0.10127120228974616,-0.01915059920659487,0.20882470004461082
2021-03-24,-0.0629548933691513,-0.14577968275385506,-0.06704240151145135,-0.07315121756082188,-0.0783846470326977,-0.0297642678517763,0.21221860020287858
2021-03-25,-0.05254224117277087,-0.1690121441321143,-0.06702694815119037,-0.05273123381814149,-0.07652737103872129,-0.0042202769283163355,0.1771950527666052
2021-03-26,-0.052963850413705466,-0.16719971830836483,-0.10237703809247439,-0.05607184231669626,-0.06384056835012596,0.023510051445845143,0.17465105558201552
2021-03-29,-0.08157214648354616,-0.17837988977181224,-0.11197000637438209,-0.0853803737875144,-0.03313266908781094,0.042016637840144005,0.2008867211474306
2021-03-30,-0.07122889758997752,-0.20481105125832172,-0.11021362700647352,-0.08346210209452398,-0.030164091799427667,0.0377895339154192,0.2163731993246128
2021-03-31,-0.08077926182641343,-0.20527102320876894,-0.11419047183776859,-0.08044496386776034,-0.023175767543716155,0.03683593617626413,0.21937705916743735
2021-04-01,-0.09005556755849531,-0.2226507154989668,-0.11528312531279622,-0.047230613831845125,-0.017025448051644007,0.020909177259966466,0.2273012762302583
2021-04-05,-0.06891640085317474,-0.2165274512324858,-0.12976691895361098,-0.06428050510279937,-0.01783896419791508,0.03409674778607563,0.21715459422787808
2021-04-06,-0.08407096818845172,-0.20412725782452645,-0.11958540011211277,-0.035858476622625535,-0.04881355874741745,0.037403691879786954,0.22316473348495747
2021-04-07,-0.04950617084775166,-0.2041505700545101,-0.11721723215863988,-0.017197412409139856,-0.06950613358662357,0.01918160890188883,0.20233192744407735
2021-04-08,-0.0723289793812858,-0.2082261187326418,-0.10147637945777876,-0.062318608344203,-0.048627560343704475,0.060188842714114565,0.19460439407595378
2021-04-09,-0.07093911691245497,-0.20212099670990852,-0.10175392752344559,-0.0744394639834356,-0.06107768629632496,0.08173778415387686,0.18114235361246175
2021-04-12,-0.07583401784225485,-0.21865762480112794,-0.10353540371088188,-0.07507859700020059,-0.06729430953642879,0.08226535790741432,0.19919631899398088
2021-04-13,-0.06193012684110891,-0.1922349451396792,-0.11331360074600377,-0.049194271052084515,-0.09769407553634608,0.09662106244745361,0.16177341499648362
2021-04-14,-0.04879891643507575,-0.18869664198525143,-0.09462109382925221,-0.04001897935723864,-0.11300062907631242,0.07632393497503911,0.15724843595133828
2021-04-15,-0.0500373121320426,-0.19233235223787015,-0.10175602042866805,-0.04698146960483185,-0.09677239156434919,0.07335931008859067,0.15606246467932652
2021-04-16,-0.06415719924747665,-0.17889692050849448,-0.09587957841311273,-0.057390443590388474,-0.09731012349161859,0.06410525167143674,0.18058310224901997
2021-04-19,-0.06182289730505236,-0.18273175936500058,-0.10121899720517757,-0.0771056693693346,-0.05559629789718828,0.04816171526512164,0.18070818818508935
2021-04-20,-0.061622084372811026,-0.1871841374193547,-0.08168926696375473,-0.0720464995781046,-0.08398550139564029,0.07476601002799507,0.15700247546793744
2021-04-21,-0.07054679963029242,-0.18607143227920242,-0.08714403411073884,-0.07073550126758954,-0.07422306595449381,0.09021639198666503,0.14886441129239622
2021-04-22,-0.05532918585672933,-0.18178964698113376,-0.10351999812052348,-0.07872386666040188,-0.06636416641627584,0.09018175073811714,0.14146923740290812
2021-04-23,-0.043255910950567245,-0.17251328194912652,-0.09315388442788824,-0.06922831213373315,-0.0657546025323026,0.08178417654904667,0.11420387256763641
2021-04-26,-0.012661420705248505,-0.145228146352454,-0.08768413283726739,-0.06397152118811633,-0.08276506805650719,0.07786415443601175,0.07867629468155153
2021-04-27,-0.012394616367926298,-0.09053720516942848,-0.07923519854459438,-0.08761666488068731,-0.08899117062696194,0.05459284380607754,0.08078498591220597
2021-04-28,-0.019259303248259974,-0.10685193361971207,-0.0825506193884542,-0.06913346124083841,-0.0583294350152186,0.024177660538399925,0.09209994356947974
2021-04-29,-0.036880195034775465,-0.1103053012003623,-0.08295349864845875,-0.06265455124207109,-0.05433702584733242,0.03633929777697256,0.0897462275718821
2021-04-30,-0.03188522937123922,-0.11361484132783256,-0.09226677693187374,-0.09851960737602383,-0.055107642203744256,0.09013861433713022,0.07102115370828271
2021-05-03,-0.0281157172191652,-0.09641548602073508,-0.09830201069357841,-0.06712425019337409,-0.051795573684273434,0.053939763581199576,0.06025910953549129
2021-05-04,-0.024933966264761603,-0.10643912990516774,-0.07577064696858754,-0.07471987813096037,-0.06880687532236168,0.06870407582954174,0.05509269091695264
2021-05-05,-0.02591128964184461,-0.108399217629715,-0.08743904784510564,-0.045652283093566726,-0.07786237017797616,0.047952429006492436,0.07376420540930534
2021-05-06,-0.005660912178890032,-0.10721866068455527,-0.053243347170600364,-0.0647208036407545,-0.09583064854289926,0.04508716016955758,0.0659301248462192
2021-05-07,-0.024038706143951982,-0.0776285659810898,-0.06723921193854682,-0.09510374836341684,-0.08793481736439529,0.007481334849282262,0.12761704008114394
2021-05-10,-0.02837448576599738,-0.10216597544086431,-0.03495498469052749,-0.08398798361070547,-0.09370398678936108,-0.0013311795559679263,0.13173788929024252
2021-05-11,-0.017461050230276,-0.10806843860920867,-0.026494719454803084,-0.10988727164579237,-0.09617689679146346,0.02087755517138626,0.12143942501423706
2021-05-12,-0.042394715520912785,-0.12482972849156448,-0.06052032485436737,-0.029085247200766218,-0.06337712401912823,0.005050039333256928,0.10398409979592418
2021-05-13,-0.054868003664105436,-0.10595478267896219,-0.07559938464450289,-0.07873177335669423,-0.05873496658466793,-0.015066406960913686,0.1670371915665944
2021-05-14,-0.061569271762692335,-0.09093849721397085,-0.08134701778583342,-0.08431324890813863,-0.10064059328689566,-0.029712975624438476,0.22427018372439336
2021-05-17,-0.060225671623020394,-0.08417516728133534,-0.06925670440243337,-0.06069465606320701,-0.07616892550774057,-0.04928123116907901,0.18831768215770267
2021-05-18,-0.056690392472746265,-0.07897981281910704,-0.06835452366492756,-0.03341894726780559,-0.08027172228004933,-0.0678228078442116,0.1789984401232252
2021-05-19,-0.044324238284888906,-0.06104644728488662,-0.05549070037276871,-0.04441447513456187,-0.08684343023366602,-0.0644847002412979,0.15516489210044007
2021-05-20,-0.03865443584786893,-0.060232214050717214,-0.03241250778127458,-0.06568747906039951,-0.10326499652687784,-0.07481855837344975,0.1744181726488705
2021-05-21,-0.0534880296914067,-0.07716891849189134,-0.018881704440359748,-0.051028909064501304,-0.10610112548379932,-0.046035885421140454,0.15233714540572107
2021-05-24,-0.05846153129398163,-0.08929442169710222,-0.03252570540308175,-0.0030193266194803448,-0.11760923652652563,-0.03903618436721021,0.14362787789736245
2021-05-25,-0.03812648862389434,-0.08754068098199774,-0.048368176731603096,-0.008164378870730404,-0.14750911191781588,0.004946692985776463,0.12746106416996775
2021-05-26,-0.040649063591965906,-0.07003598468474459,-0.05370825715061334,-0.04543629982507702,-0.15309536322907533,0.017470125948533144,0.14583977030222273
2021-05-27,-0.03297268285186655,-0.08981607160794658,-0.03574477263263787,-0.06967702677622056,-0.14688142494993067,0.02482313340015005,0.15141474024545323
2021-05-28,-0.06087993371020678,-0.07327439880598408,-0.020650840605297538,-0.11423662424406478,-0.15081205100713596,0.014681408914799132,0.2008111048333256
2021-06-01,-0.08289616504705621,-0.1179021604351207,-0.024791572971759268,-0.12807753323048798,-0.09598096110228516,-0.02202890301888233,0.2559487924674998
2021-06-02,-0.12828142084887884,-0.13795043047082012,0.0066784918244683356,-0.15583612692029192,-0.09577195973000918,0.006541619784698582,0.28444326578011986
2021-06-03,-0.14226999411792773,-0.14779247490819658,-0.04250433463546577,-0.16817326506944785,-0.06067962355067569,0.03960832199324443,0.30056589718342064
2021-06-04,-0.11867018045749733,-0.16680059104768652,-0.0658786443040783,-0.16310110214564966,-0.0660021817379772,0.054427758870312926,0.3137828346665771
2021-06-07,-0.15310342737334282,-0.19497977759878282,-0.09784515138084482,-0.1829482483058249,-0.07408201753785329,0.14384741975080378,0.3461701099530811
2021-06-08,-0.18298517532601644,-0.19514606179151128,-0.10429626752377474,-0.188663503180158,-0.0967328847727083,0.21929147973146207,0.3362606535577644
2021-06-09,-0.19538046176087853,-0.21183427387135478,-0.0866112240210164,-0.2538700332662418,-0.04813151995238121,0.26272254067578155,0.3351938812998789
2021-06-10,-0.1594928926087995,-0.19160956895902392,-0.07299273026633535,-0.19737968730528999,-0.05272223653532243,0.17012971782495473,0.32666706456083916
2021-06-11,-0.14632574955710886,-0.17311704293722807,-0.07176460915704852,-0.19172247182864965,-0.07200170181940119,0.19718298327309242,0.2805827137252955
2021-06-14,-0.14580891315177114,-0.18790537136642038,-0.07132053991797871,-0.19814618533400918,-0.0821577119762649,0.22852070336812885,0.2911747295712597
2021-06-15,-0.13884073599867486,-0.17157025407402915,-0.07695473892216975,-0.19200252606153767,-0.07917816790098917,0.2148857776349758,0.28651845499626194
2021-06-16,-0.12563626899820113,-0.1557709769235942,-0.07952720923493106,-0.18037850527620813,-0.09488355900561046,0.21773667758643317,0.27556688540501584
2021-06-17,-0.10596056434240042,-0.14195376464128506,-0.05847144881638333,-0.19792469333492424,-0.10981051764063851,0.1998610045834432,0.2650217546690022
2021-06-18,-0.11166865957686345,-0.1428579017309799,-0.03420510865116433,-0.1911540279445063,-0.08545971786069642,0.17316421652436426,0.24382941105279232
2021-06-21,-0.10217261252995591,-0.1493083014476203,-0.05179948499140652,-0.15055557299890776,-0.0915378102033098,0.15285516960585466,0.24037699736578233
2021-06-22,-0.10347125630093301,-0.15084477784676575,-0.06559236451130734,-0.15165207257713498,-0.10157222574137889,0.18209280416471768,0.2517038343293474
2021-06-23,-0.10942641441021883,-0.17150657755835208,-0.06471725743652423,-0.17373536945970292,-0.07543028006985197,0.22932727608437065,0.22327683899874778
2021-06-24,-0.11700391961382006,-0.17476712901632152,-0.09116972052673722,-0.13506889553480972,-0.06589313663701185,0.23348839370799068,0.21456717123697072
2021-06-25,-0.0814280093926123,-0.14705179010545433,-0.055724297619431096,-0.12653082380138048,-0.08535877907274325,0.19547245022981113,0.157143273725047
2021-06-28,-0.0737650415868571,-0.1419871651485234,-0.05265768851411612,-0.1628402104190031,-0.10101910603456118,0.24686102197704507,0.13896879012982027
2021-06-29,-0.06605465244541997,-0.12509433795669078,-0.036695460216076614,-0.1364765119824135,-0.10946038412322248,0.187699954026523,0.12861067847181534
2021-06-30,-0.09536708870461647,-0.14581300034296363,-0.06703940478788362,-0.10556650141391255,-0.13140908089091224,0.24823738803007694,0.1375901507935699
2021-07-01,-0.07978995314263893,-0.13600677189177945,-0.055298460237826474,-0.09265776341109888,-0.13293283025177588,0.21307371896613805,0.12033627125529747
2021-07-02,-0.0790546639864908,-0.12153169035340117,-0.04727138141256271,-0.11197080628800682,-0.12896359467877505,0.19294568918868765,0.13379753529332564
2021-07-06,-0.0777570417008453,-0.12974995095855368,-0.03927910277889857,-0.1279807335968609,-0.10648878777411525,0.17016698336641356,0.13697133716990872
2021-07-07,-0.07181418645395105,-0.14045852782886054,-0.03916635450007583,-0.12231407022934415,-0.12176588887818454,0.16570775797007833,0.15450972265556617
2021-07-08,-0.07165367084393304,-0.1439203777135475,-0.044220670087066094,-0.12565919723574293,-0.11746827040757868,0.1452948544084055,0.1717862654172107
2021-07-09,-0.09229492227094077,-0.14396471806890676,-0.04885207946160597,-0.13048471056846578,-0.09904263392593837,0.15830375740648905,0.18192534462373622
2021-07-12,-0.09707732480271669,-0.1433683306691953,-0.035453271449386925,-0.1376334935119241,-0.08237517491811523,0.14893862147093156,0.19929665246175807
2021-07-13,-0.10267675221063688,-0.13801194856775933,-0.03341647677866144,-0.12576733724690248,-0.09755612618366996,0.15078874717644147,0.20217869811582687
2021-07-14,-0.07627064763373387,-0.12363248320155673,-0.02686994970027956,-0.11609983304112792,-0.11607240128582941,0.15345070455725668,0.16300912237384219
2021-07-15,-0.07442916793973087,-0.1303992031636077,-0.008025322154591175,-0.1281751006306715,-0.11748648372375115,0.1558592111378622,0.15188809526511104
2021-07-16,-0.07292880378938876,-0.13642137767022394,-0.01888518199554884,-0.1330726199794533,-0.13502934980745152,0.16734680034544036,0.1666147303102909
2021-07-19,-0.07359718164472251,-0.1211441757579409,-0.02164020757899382,-0.1292232514028353,-0.13489494670736935,0.15029046766752288,0.1549637841253086
2021-07-20,-0.07543988916969102,-0.1460102151061914,-0.04582774980768162,-0.1305810229480544,-0.11154465993210731,0.13477936062141885,0.20132194089505423
2021-07-21,-0.07852645419520238,-0.12418226960273032,-0.047807026080685655,-0.12065466318266849,-0.11644973613398266,0.15578460701385988,0.1912538149401109
2021-07-22,-0.08445953256738375,-0.13631378065844663,-0.061613287477282286,-0.10544802029162781,-0.12918442323665819,0.1502283393641994,0.2117786451861372
2021-07-23,-0.08425927243174969,-0.15138739222442482,-0.05016979654633752,-0.1035839269796861,-0.1266048138364818,0.16749647136551918,0.18750062327320288
2021-07-26,-0.07623982423397013,-0.14674250633783675,-0.05013439589809349,-0.0902750417504431,-0.11155534999795413,0.13081044040998574,0.19870468993837798
2021-07-27,-0.08547600091697594,-0.14618824893449262,-0.027504512406595072,-0.1306521259121335,-0.10883814865557245,0.14436380574397517,0.21105524726656197
2021-07-28,-0.07257565014724143,-0.13562450896770206,-0.03656860885590035,-0.1125903983759099,-0.12294490526264731,0.14498250943640387,0.2072941381255481
2021-07-29,-0.09663368965371805,-0.13403428572591863,-0.03482151920530285,-0.09665546270304726,-0.12401371090463226,0.15936854341298073,0.20315001508360403
2021-07-30,-0.10144301131086952,-0.1527709542502637,-0.025096642879215814,-0.06346721600784,-0.12621720686259907,0.19115844290427633,0.13942814838395073
2021-08-02,-0.0937600498650053,-0.15239592153565434,-0.03432899177991283,-0.07741995612343955,-0.12409194183231519,0.19879101435543678,0.1403957749184268
2021-08-03,-0.08138274933799783,-0.1379574685712472,-0.023696061355420017,-0.09731946111658929,-0.09593044617013997,0.18557918717420174,0.12896462754257265
2021-08-04,-0.06732118337824361,-0.1398336607441335,-0.027416196115847502,-0.10062056277349152,-0.10720677401234174,0.1922756767699401,0.11877567066715383
2021-08-05,-0.07877588022500398,-0.13811707311898713,-0.04344492832887553,-0.0808120664546843,-0.07372667971035049,0.19631194304346988,0.11679926102437094
2021-08-06,-0.0704971036152926,-0.13620974025938354,-0.04541839776708201,-0.07943795815950139,-0.04871518800056869,0.1806210224598243,0.11008843451733899
2021-08-09,-0.06796396498468255,-0.12301307854478932,-0.035046323345374386,-0.06274797484031991,-0.07390160129972928,0.1759240036539686,0.10394321978401963
2021-08-10,-0.06523719109830334,-0.0985352995267203,-0.021286596853782314,-0.04954539030585803,-0.05896531146443343,0.16536535781570993,0.09494281272308347
2021-08-11,-0.05485558850891037,-0.09046301028019299,-0.04284060550387947,0.023444302950439866,-0.07152866281303244,0.14715967066925428,0.07421782738246041
2021-08-12,-0.06007852018374504,-0.09288157038568634,-0.050151816870355415,0.0013371856255840475,-0.049056473905105195,0.13914775397117107,0.10183451032450463
2021-08-13,-0.07043968223103547,-0.10404129087876496,-0.04670362460116295,-0.017161952366616218,-0.07009092481101688,0.14827544668014858,0.13486049514032947
2021-08-16,-0.0758549292870504,-0.11677030529150834,-0.039545997778129505,-0.022862596355374687,-0.08408373172388137,0.20071955318723667,0.10802396378456638
2021-08-17,-0.07262846779453136,-0.1122341302421036,-0.027417302345393635,-0.021120301986791268,-0.08312339588234394,0.1960261070576863,0.08556330554633135
2021-08-18,-0.07127585503272466,-0.10313792285675744,-0.01372773743426875,-0.04189471980314341,-0.09445216382462768,0.20610217344174242,0.06700659523087846
2021-08-19,-0.05182450600889582,-0.0873201864176471,-0.03627442804280673,-0.09010790474182073,-0.06789268415091756,0.2216324590374174,0.05268578134876184
2021-08-20,-0.020002203390508677,-0.0653824791492304,0.007899754628259814,-0.09030883943250378,-0.07801625496441963,0.11805194003851677,0.07010277134675158
2021-08-23,-0.019154949385254083,-0.039215151310855845,-0.005175068599050259,-0.11015604552928082,-0.05043291983028272,0.16621767388383996,0.051202867030499255
2021-08-24,-0.006757340313041427,0.003387499812334882,-0.000599800484341606,-0.13811640810481618,-0.037881136614293154,0.19675342749101182,0.05738582563802053
2021-08-25,0.0005437309905956811,0.015370738476271406,0.008624626132637592,-0.1385959023909833,-0.02462921652141739,0.23472100095846177,0.011359361479119146
2021-08-26,-0.014068632033152617,-0.008436988107434984,0.011768096924962723,-0.16299804163452658,-0.015554070208601042,0.30910913558987063,-0.00932723542568581
2021-08-27,-0.019207819953680316,0.009937756255787411,0.03863157539564732,-0.1496949069610316,-0.03117658205500791,0.27899655048711103,0.006803105262821352
2021-08-30,-0.02572213790817124,0.038064458762841535,0.017340437397763142,-0.20797751048022373,0.009076494105052957,0.3937202268523208,-0.017729251606645624
2021-08-31,-0.022193370387653344,0.029170050551232007,0.01963491639208581,-0.1715380992403337,-0.026642882298835296,0.371467238883727,-0.015927873192432163
2021-09-01,-0.02244454712098054,0.0268786312727039,0.010559805530790944,-0.17741182200692884,-0.022120697547225954,0.3951658051246151,-0.049678216812434284
2021-09-02,-0.03448985529169446,0.005110975011767327,0.012909191149073518,-0.16069361782400737,-0.038925603015255286,0.4277003372411772,-0.05450706815796924
2021-09-03,-0.0212571175047655,0.008861634755603587,0.031149676076117183,-0.15870086301876363,-0.05886239489082408,0.39130972451713963,-0.05354514707315605
2021-09-07,0.008339968711271739,0.03751168603349875,0.030630484838629624,-0.1331522033905309,-0.042676123718824066,0.3216010511461901,-0.0335379645673296
2021-09-08,0.031267522939775416,0.0334588160096192,0.02977564843996261,-0.1228119860417829,-0.03870384071763315,0.2839489140780713,-0.061622848418271925
2021-09-09,0.02821325297454924,0.04790821921488242,0.027941469037111144,-0.08218812521666263,-0.06179898852900627,0.23587893174122154,-0.06664435630958504
2021-09-10,0.019712737330016994,0.046446074204066656,0.03645833591378911,-0.0848768914093343,-0.06851890388118045,0.23549406222286517,-0.0727438819032098
2021-09-13,0.02556833915109058,0.06283190876597639,0.00570680528990597,-0.11349595020492309,0.002250294593115515,0.2422373919092623,-0.04584093453911242
2021-09-14,0.02571669752329986,0.09126291885398374,-0.013134518686514274,-0.09528397287622692,-0.023451301226238314,0.2058161433667094,-0.04551122490113124
2021-09-15,0.01959757943295981,0.07474919131168878,0.012815214527111651,-0.07672762931427535,-0.02126536763774585,0.1579369219510519,-0.04267099955621412
2021-09-16,0.009784990141787353,0.0626012033682054,-0.012397492488168682,-0.08849398089080918,-0.030701178273421156,0.21374142801867024,-0.02174781265379433
2021-09-17,0.016954551494194003,0.08509021084876134,-0.002986677645813951,-0.10749925474512523,-0.04523286180612224,0.21507074058630082,-0.0449454765165197
2021-09-20,-0.013037138184077202,0.01257191001876068,-0.04203352894332624,-0.08927307873495904,-0.09429191636736656,0.29913009267610535,-0.024439175227790932
2021-09-21,-0.023779928071257117,-0.0041678753255975365,-0.04917349638990476,-0.11220848676059669,-0.08993199117447175,0.3209415043449909,-0.0036986224188794714
2021-09-22,-0.02742929531442051,-0.01132861185572892,-0.03362710831938076,-0.1334677162259733,-0.06655904682731387,0.32310708125946574,-0.002760046266346017
2021-09-23,-0.021128068214488538,-0.010840066094026879,-0.01691047987194516,-0.12161968126598521,-0.09778985120876904,0.30016305699627166,0.0037154414024401783
2021-09-24,-0.018729516779705968,-0.03593246999675981,-0.006392721514681621,-0.11980605437773961,-0.0971909549050266,0.2887105032435031,0.0038894458100448004
2021-09-27,-0.02122844412639846,-0.02637498132257743,-0.008790442188047587,-0.14820171553907202,-0.10605699209236713,0.37385954742488636,-0.014189931905821795
2021-09-28,-0.024008667501859038,-0.02762773064017604,-0.015410933142481764,-0.13167487419103685,-0.08664175546419399,0.3244594063759604,-0.00242204012825048
2021-09-29,-0.030291139776372877,-0.027846656730397212,-0.02312405367503545,-0.16343370046780248,-0.05251201426766673,0.31653201205919057,0.03188234937362289
2021-09-30,-0.009908201938138794,-0.03107811960723128,-0.010546269315500734,-0.14167373529105898,-0.05249651664302994,0.2857730765390817,0.021201065972901445
2021-10-01,0.0016533591550216276,-0.01595111616010436,-0.02847564472321651,-0.14256013569204606,-0.03225838611464607,0.26563069885493906,0.01397248419256758
2021-10-04,-0.010176563283736895,-0.052033484224819015,-0.05132167495822326,-0.12880483284102096,0.012346729038050397,0.2287457583533128,0.052730270108070354
2021-10-05,-0.00756606065491372,-0.045377346638675986,-0.04140733982483302,-0.09702076579597341,-0.010356689295438537,0.21148310606385745,0.05282161209445968
2021-10-06,-0.01026056792645308,-0.04618348007205564,-0.03376365324504682,-0.11032907314089191,-0.019802739749035472,0.25471806951718223,0.028282741497297426
2021-10-07,-0.006257323264304504,-0.06713614309096305,-0.05311974307940548,-0.10713298910244962,-0.005763767267281561,0.2459165373205242,0.049353700762892805
2021-10-08,-0.008188593570414404,-0.07556516281271752,-0.05704751986276335,-0.10373650694097569,-0.011786391076128444,0.2632460750066751,0.05353243115743056
2021-10-11,-0.038202840874305366,-0.10540397046192773,-0.11064685797737295,-0.14184155246704278,0.030114957231948805,0.3156274208788782,0.12981089283158442
2021-10-12,-0.00785841824931044,-0.09569841705332727,-0.07945085743714986,-0.1620268855238376,0.03697401258414837,0.22901001076720318,0.12961890947677968
2021-10-13,-0.016467645356344762,-0.08486520785613516,-0.08026890808901854,-0.15565548568457555,0.03242334446322678,0.2303487595680227,0.12752125079548227
2021-10-14,-0.01545442016486559,-0.06953721722945738,-0.07882963263061082,-0.17164050829241662,0.040869241742236925,0.21354709728423626,0.13426749657367798
2021-10-15,0.01634840237352042,-0.047015016005786614,-0.06326127839415108,-0.16870334044617163,0.04095928565332066,0.1732468220676222,0.10909522286294321
2021-10-18,0.010173734298821957,-0.06487582602667197,-0.06704477426336264,-0.18309866907877603,0.058677536026120664,0.20665385342902842,0.10856601165113228
2021-10-19,0.019941378376317043,-0.07010365626145676,-0.05796402712045168,-0.18517784005799176,0.08328268043906512,0.1260721460972556,0.14454752990321834
2021-10-20,0.03414812443138482,-0.041458184310610435,-0.032180302533209804,-0.17255172796265672,0.11010093329135316,0.08995460152436996,0.11299940486557364
2021-10-21,0.02177658624001022,-0.04653301239722363,-0.04938822481467409,-0.18810981797008353,0.105117198911725,0.13786320595045054,0.11098645178740202
2021-10-22,0.03665994942092865,-0.059249437645209624,-0.0390906257584297,-0.20148391364277707,0.0870216950431944,0.16997564728695258,0.09401449037241189
2021-10-25,0.03840488577194223,-0.05433248331148066,-0.027955532263596927,-0.17882554756157132,0.11524563442946197,0.14756025607865664,0.07421395598916469
2021-10-26,0.03603898792784821,-0.0726726738718545,-0.017418087456744447,-0.16619213703511493,0.10011490050732631,0.1567636803589394,0.06605889106330415
2021-10-27,0.020221359528940108,-0.09588599570155798,-0.03539304729757087,-0.1644908115051663,0.07308804092977245,0.22436747934397006,0.052800894482074257
2021-10-28,0.05240037232478778,-0.08624395778385185,-0.018191086543897894,-0.1729777316747111,0.041604537944695735,0.18900738343878232,0.05718852501224897
2021-10-29,0.05094554109727173,-0.10585578901501397,-0.02586883953397967,-0.18647716792459645,0.014745702807966193,0.22157296877896393,0.0638814439304668
2021-11-01,0.06759673506404945,-0.09790899960994631,-0.025039817939252917,-0.1472092507885454,0.02072876008857534,0.16136970099130232,0.046730549739797456
2021-11-02,0.10117118210305726,-0.08592264338186051,-0.014189943363402624,-0.18876719046999163,0.012671351722321172,0.17013351477271876,0.03460219309672535
2021-11-03,0.1117378770132057,-0.06886731338090035,-0.02620102800071078,-0.1818755735732091,0.012080473193166533,0.20807178687062056,0.01321817327401964
2021-11-04,0.12136412429845073,-0.07023233672891027,-0.009120146522293204,-0.19653322224498732,-0.031787652783033166,0.20606727530072722,0.017605495046417174
2021-11-05,0.12405453043618847,-0.07596502428039559,-0.040601057694077514,-0.17458980850323758,-0.008496627336100473,0.15794535386194697,0.04516397967642782
2021-11-08,0.12507830241848283,-0.061976906988287395,-0.04812091459847245,-0.15463608853338157,0.019594467408128674,0.10427435568218657,0.06337325087761114
2021-11-09,0.13439083991706957,-0.05069217340055898,-0.023173893497972053,-0.1029051216930923,0.028513502575758798,0.0017546638203176368,0.04383939742510118
2021-11-10,0.13941191006246545,-0.03886113162588334,-0.007191012035482669,-0.13841600885943517,0.032230357909646734,-0.00336809554107953,0.04823676997478654
2021-11-11,0.1213386002062774,-0.012490684743863112,-0.011981227102146552,-0.1567883639787459,0.07314636517711427,-0.07182264621868606,0.06830946922165759
2021-11-12,0.10306478697683025,-0.021763435252306507,1.0363470096752536e-05,-0.14677872467302688,0.017680754197593934,0.00965346833271341,0.0491028693427622
2021-11-15,0.10722248553594516,-0.015339845961234444,-0.018844178036298787,-0.14982779824667425,0.02083375967264975,0.0015664198377303151,0.05082880372283399
2021-11-16,0.07319365958185797,-0.06725447516719141,-0.033612093898793716,-0.18272574515545964,0.024843079484699757,0.09423592200926967,0.058866914722230435
2021-11-17,0.052514419322258366,-0.0765621307916457,-0.06493316107617031,-0.18267165551486897,0.007663992545687726,0.13481686267152648,0.08199318680237083
2021-11-18,0.05029654490884955,-0.06512446107279485,-0.07597548691366152,-0.1536257308426519,-0.0031967131221243283,0.09960863631832673,0.10532264163964111
2021-11-19,0.04554712135350614,-0.07737576453198203,-0.08413259292953856,-0.18757168797683305,-0.04832930210753405,0.1605161262905852,0.11816585767757437
2021-11-22,0.02380323608734458,-0.10596265275864014,-0.10940885891084007,-0.2046072295728516,-0.0713730407127473,0.2708187858951062,0.11784504132110635
2021-11-23,0.027961212085105935,-0.10648022698794879,-0.10785125343253421,-0.20141459948327678,-0.06899462946516971,0.24795144532396074,0.1335765364866821
2021-11-24,0.043216860512305055,-0.1151734883453438,-0.12539741696992712,-0.2252447024400953,-0.09544592247836013,0.29776612093954824,0.13575777824379254
2021-11-26,0.07500928452076266,-0.11140398061693446,-0.11597328629590431,-0.27794721744446055,-0.13751625733024436,0.36382731699511583,0.1156068302393008
2021-11-29,0.042655116191470055,-0.12699135557056018,-0.12404020950059713,-0.28279328959996614,-0.16160290871093358,0.4439071069718191,0.12174524734662082
2021-11-30,0.017235485219596225,-0.13170181100300377,-0.07321147759401836,-0.22713094263820144,-0.20420479978654962,0.4382857979207482,0.09808849480574994
2021-12-01,0.060797314965334914,-0.084094962617627,-0.0918756628205385,-0.220092891029752,-0.14154158992079613,0.2536471526693791,0.13947197957742197
2021-12-02,0.01194056353527384,-0.10032553766635993,-0.050416896688044055,-0.1611660386585635,-0.10455358085008719,0.1945057504112898,0.15252541655702195
2021-12-03,0.017696501344003135,-0.10277970209227022,-0.09387699828215912,-0.1784135087694284,-0.10449754223000458,0.1943925229789728,0.17403085950265862
2021-12-06,0.01680449650291438,-0.10881451792760022,-0.09381883481133446,-0.14161878942742545,-0.11178667770278072,0.19208354793917592,0.1718676742595756
2021-12-07,0.014723801783727675,-0.11301807605093972,-0.11966582475023613,-0.10036630735402752,-0.07896359207097414,0.17514099322369026,0.15997387405981328
2021-12-08,0.028931082387574192,-0.09979735833208181,-0.09904693341823845,-0.10260310191022481,-0.07670249173570264,0.1167592040264902,0.15985081934133805
2021-12-09,0.037264960288184934,-0.10573470024642978,-0.12538219559235375,-0.12637460309488635,-0.08192572319554961,0.1831772416725136,0.15504748803360685
2021-12-10,0.04071906407905329,-0.11016870405316381,-0.11121061590221071,-0.13587228964788745,-0.07996222877318637,0.1577088209471207,0.1553110222904689
2021-12-13,0.028422564662972327,-0.12344330114131263,-0.11893563915975369,-0.1463833900936613,-0.10204935385054076,0.19935376004713412,0.15708674217987523
2021-12-14,0.059065628614425714,-0.08940741625210291,-0.10894382950070658,-0.16380985157544276,-0.1338977619783543,0.18233177164546033,0.1495830327332573
2021-12-15,0.06518046311606779,-0.07043522498802685,-0.09693071380470764,-0.16513188042094334,-0.13212430849906656,0.14474217807136947,0.1553757790717209
2021-12-16,0.06563226078205286,-0.06151653090726561,-0.09395826550004538,-0.150128453026047,-0.10647092767456931,0.08155182268637895,0.17373509952165028
2021-12-17,0.04264599990776996,-0.0803242970565945,-0.11034802176787861,-0.16849739363781807,-0.0833602488126376,0.12319380456445939,0.17655701372357352
2021-12-20,0.06078333158293703,-0.08489884224257038,-0.08141837664838247,-0.1792672674336207,-0.11621167785729512,0.092501156352365,0.20086620100402885
2021-12-21,0.05399796806229623,-0.08107082403952132,-0.10100667392178941,-0.15700085628864097,-0.09509839410629473,0.04007938707034442,0.2277797239300165
2021-12-22,0.056881151292587584,-0.08180234283625804,-0.08069661419694252,-0.14320668078136095,-0.10448130548108567,0.01687431976152498,0.22408032181637855
2021-12-23,0.04653466953555513,-0.08245705293339511,-0.08062076565089393,-0.14469355087434893,-0.10261710192267101,0.07070123319392774,0.20629633504944106
2021-12-27,0.06905482666523738,-0.0580771134072367,-0.07747887349387406,-0.11573449763999516,-0.09044762195524828,-0.0030365350317941298,0.1962597615855764
2021-12-28,0.019626974394072128,-0.0979856368083653,-0.10137503619524457,-0.10911754298038517,-0.0740134568261069,0.03183672511073021,0.24108459021035528
2021-12-29,0.055696788224626315,-0.10173325692587543,-0.0602984843094756,-0.12649877721775699,-0.09850516524348785,0.0032407076125328116,0.23524263162726006
2021-12-30,0.039984135997838954,-0.10563189636833031,-0.08415643019191654,-0.14776631959129544,-0.11925003824534032,0.08282906631851605,0.25486646971762755
2021-12-31,0.02704461435961908,-0.11672651980168791,-0.09096973095852745,-0.16478920320334822,-0.11325552801850082,0.0906904069722213,0.27912102382183557
2022-01-03,0.028462167440129083,-0.11237332437292741,-0.10099829488143719,-0.11333388716301385,-0.10537635232808783,0.12758319854097444,0.2013429317581124
2022-01-04,0.033108096987536584,-0.12102656467144918,-0.11647989974329243,-0.07644734382999313,-0.12187753108898093,0.10844387295417635,0.20604453656913513
2022-01-05,0.02557037784912347,-0.13847197945502432,-0.11922306847749853,-0.10181804669269695,-0.13075047305582488,0.1745802916080711,0.1820239550720607
2022-01-06,0.04400086836936118,-0.12071325616687029,-0.0837556730100073,-0.1090097357475534,-0.14480828353165,0.12333787902720739,0.17342567493424882
2022-01-07,0.032133725836369254,-0.10300336766368123,-0.07950545844875134,-0.09657014271822695,-0.11013572940819423,0.06674778553086402,0.17742053115977807
2022-01-10,0.033941999038200055,-0.10811562262818719,-0.07409592957739197,-0.1221045142940399,-0.06480430758186102,0.047691944869620584,0.15854619750989618
2022-01-11,0.02814828149057841,-0.10870323059638981,-0.08458419984101317,-0.08728386291021811,-0.047802532095503295,0.046566363963453816,0.14409972578888397
2022-01-12,0.014814390974318303,-0.1083357489476105,-0.08714419831723375,-0.07924747629097667,-0.016296130468865175,-0.005242990260363012,0.17397285462393586
2022-01-13,0.01792296844903285,-0.0853206952948643,-0.0768897645563259,-0.06265052590019543,-0.041438455740091695,-0.035844974084867975,0.16683780941956627
2022-01-14,-0.003642638972402912,-0.07899143980416229,-0.06599612078559858,-0.029421028023130957,-0.05548099295959112,-0.026401752720086158,0.15380536619038154
2022-01-18,-0.021575355839166255,-0.09777697197367746,-0.08098087728652237,-0.05576148259365715,-0.061982403641775936,0.05639949139507239,0.131779565718808
2022-01-19,-0.006846509479832119,-0.08270145811194568,-0.07748967476725666,-0.07546650940514471,-0.06724496647239642,0.026299965444939177,0.149207616945842
2022-01-20,-0.007579434241574923,-0.08327067397485877,-0.06858421417021421,-0.09795048508199655,-0.09080305119964505,0.06367342946801557,0.1470905647401837
2022-01-21,-0.03472645845038297,-0.12304178569157831,-0.08393883039122207,-0.12818766062606995,-0.10155296450923543,0.15362505169825558,0.17360501070780607
2022-01-24,-0.029406372527043256,-0.17357436973553825,-0.09351655111343898,-0.13489218251165855,-0.07576801115145604,0.1445637064223838,0.1953456929525028
2022-01-25,-0.021009089478489784,-0.15966551063762524,-0.08768057291658204,-0.10262213347317417,-0.07212836164744196,0.08747543291644888,0.19987032380053485
2022-01-26,-0.007366919088918622,-0.1495823376972798,-0.0915077314444791,-0.09837488162462105,-0.06083488753572006,0.05704230914748154,0.19251369196111778
2022-01-27,-0.002247272811468859,-0.15764920625650924,-0.08824510221768744,-0.09056890678254281,-0.04823495438214404,0.03973530778769019,0.18181151917529215
2022-01-28,0.02931567636664678,-0.11208608105110013,-0.05165308092192933,-0.045487617864301444,-0.03947353978966975,-0.07786223899228517,0.16177798607875454
2022-01-31,-0.020387092378094662,-0.11941705528800023,-0.06998108963267857,-0.05116056060865892,-0.017992455125920945,0.054318540633585766,0.13989443622412362
2022-02-01,-0.03204733266544518,-0.13630511516192872,-0.10304882517105152,-0.04267450025774627,-0.011646408673499073,0.09839461243475978,0.1532844826324683
2022-02-02,-0.02035097414315068,-0.12616063817551454,-0.11102753557932998,-0.04940742671051024,-0.031177748964058352,0.09850022710132167,0.15298109204221677
2022-02-03,-0.0355338162228373,-0.13560039786087946,-0.0958052047412854,-0.07947408593604333,-0.056427564239183575,0.1854276764423547,0.1330893700580879
2022-02-04,-0.03070539053524418,-0.14063217796546362,-0.0940865278179972,-0.09283073448664708,-0.049681041216427996,0.20136618782211713,0.12306605722938907
2022-02-07,-0.024697649504436925,-0.13291577293063822,-0.10039320714219846,-0.08552684496590657,-0.03917283789274639,0.1966837909446626,0.10318540587185804
2022-02-08,-0.01586249260997824,-0.12886603867240543,-0.09411228546750972,-0.10132922019880436,-0.04746131092645359,0.1871205683954993,0.11058457572792091
2022-02-09,-0.023549263592787917,-0.13949643627150676,-0.11250544744977908,-0.09552878485903926,-0.05847407852258066,0.2208176199678732,0.12301415751879002
2022-02-10,-0.020294456492439494,-0.13579195192210397,-0.1170995353716009,-0.08130850521086219,-0.054223940016657216,0.19253254849804236,0.11895515110556976
2022-02-11,-0.06542139930495505,-0.14191045840148914,-0.10308626554272049,-0.06697130686115171,-0.014313160329930436,0.10825719554458646,0.17910786745027468
2022-02-14,-0.0639728595535261,-0.15475656063330784,-0.11216022791327662,-0.09010679535515237,-0.009657287332576647,0.17556360178559804,0.15815485693337028
2022-02-15,-0.061442659908616915,-0.146873450692532,-0.11368804465466775,-0.08321902305676232,-0.004098069196493165,0.18198262268988286,0.1446429475802518
2022-02-16,-0.05237197019866391,-0.13205497855382298,-0.08977018216221433,-0.041058750712315406,0.039211035970819264,0.08304108492793372,0.1314682556542684
2022-02-17,-0.06870913543420837,-0.15001723449041038,-0.08675834091364698,-0.051238841267167046,0.03244350607022628,0.10110343402817157,0.15280979370566572
2022-02-18,-0.05180633130935114,-0.12835233319065237,-0.056469099270428535,-0.06307649548739197,0.0428102548959655,0.06591900853304788,0.12701576015577704
2022-02-22,-0.049717653044116905,-0.10096658854244805,-0.09053475931247779,-0.0414869890842432,0.050001546629452,0.07692209233868585,0.1285784521733187
2022-02-23,-0.09022543521831228,-0.11778282228106651,-0.12080351040054493,-0.05701265755436874,0.1185038254744637,0.1602132061553061,0.10470299709430836
2022-02-24,-0.06612219884370962,-0.1141830456234127,-0.14415574109241447,-0.07391984720215333,0.1145401616357975,0.12126447597182066,0.12675494897874484
2022-02-25,-0.08235796801398376,-0.12510602152619116,-0.12996087297584846,-0.059027558078581344,0.11006192041675761,0.10012855446839863,0.15244508081371877
2022-02-28,-0.0839784472326458,-0.129071562672313,-0.15905898939359264,-0.08618805279129904,0.10250687164674943,0.14634082109794933,0.1506147235691403
2022-03-01,-0.07996743937968986,-0.14590025882329727,-0.20970699719310348,-0.05485487167793923,0.0971403107746732,0.07806356591118813,0.2505992539823262
2022-03-02,-0.105396875305519,-0.13836407162349457,-0.20935037790515176,0.0037247201087571846,0.11926223666773281,0.07014817974124377,0.2281925809313266
2022-03-03,-0.1032540132714207,-0.12746558063324326,-0.2211264995711345,-0.02970712083334759,0.17138247452166097,0.03689564782987853,0.24381472632524975
2022-03-04,-0.11849248013278169,-0.15182943889860168,-0.27862485249503866,-0.06860535004021873,0.2137399055113983,0.10351987673054486,0.25603716089268264
2022-03-07,-0.14496275165550376,-0.14867867844670662,-0.2780212378472925,-0.12170389809370225,0.23976795362934986,0.14139814745586055,0.25295534149358184
2022-03-08,-0.13132903104004134,-0.12668633877899999,-0.2502008319938064,-0.05364180341883834,0.20189700310559322,0.08003477126044933,0.22563927583749843
2022-03-09,-0.09343790756841508,-0.08876693404504415,-0.2127277629020919,-0.0016720078984649445,0.1243601874587352,0.0362371654505631,0.19774426191888084
2022-03-10,-0.10140569824748569,-0.07835312691929619,-0.21632010516729983,0.018215323431894193,0.1987414410522528,-0.04158810205334951,0.20499747580228306
2022-03-11,-0.0906967753103729,-0.09768283774934544,-0.21005543314773983,-0.00789893617192805,0.18271258531145018,0.03821150689645436,0.16362947998930905
2022-03-14,-0.07193405836549283,-0.0954071817664009,-0.1863540794563711,-0.029105612250444057,0.1272905450604393,0.07517106483752911,0.13394930734447819
2022-03-15,-0.05605476633160944,-0.0880050561027359,-0.16718316751890905,-0.06188226767039806,0.12486260002632077,0.06863829199951132,0.12428091265592717
2022-03-16,-0.0346879715381852,-0.0636887554951911,-0.12108014995913174,-0.0703928850532965,0.10474250247184358,0.02666983414115176,0.10194286705057248
2022-03-17,-0.013820269522875184,-0.051930846779403406,-0.12693423002067294,-0.03444482005201155,0.08269895961322918,-0.03242432458678712,0.12092671032101099
2022-03-18,-0.03571517321249362,-0.03151774386121364,-0.11190949258520766,-0.05793343060068157,0.09903101844396,-0.035591239505753935,0.11709348390717933
2022-03-21,-0.04336642077715158,-0.031010617647528105,-0.13110629520512984,-0.023315194819854168,0.10774593146996966,-0.040550343547580914,0.12432475420802569
2022-03-22,-0.04188658047430982,-0.01832101444493517,-0.11006781153819001,-0.031192267002039198,0.10117959851116465,-0.0804377142579289,0.13585412285122528
2022-03-23,-0.060731066005342726,-0.022117353201748458,-0.12448572257200041,-0.004428052102983027,0.10028501036287632,-0.07170440174029513,0.13961640396506791
2022-03-24,-0.04293660934644283,-0.021141069382981603,-0.10617167314091036,0.009326462790175238,0.13877126896877015,-0.11871769391930154,0.1287032738324746
2022-03-25,-0.06342190673527726,-0.023201476424125123,-0.12802602756267834,0.007074536843125034,0.19227118948969768,-0.11827474447945552,0.12321832315742415
2022-03-28,-0.06771410632811992,-0.008716001021620345,-0.129839823190123,-0.0013205311800958408,0.1800126275282007,-0.1007479112484595,0.12554505161781615
2022-03-29,-0.0612872823868319,-0.01085757720719499,-0.1351917015622588,0.011575061256269281,0.1839486869106123,-0.09232594783043069,0.0978764300389468
2022-03-30,-0.06339277328771742,-0.023873240495774217,-0.14641830028139324,0.019432800258090133,0.20458306537038304,-0.08487201108859566,0.10496310499036582
2022-03-31,-0.06917615580539882,-0.0158595335131525,-0.153453327440075,0.006509917185898162,0.2222009349525026,-0.11457961572927677,0.13484964335069882
2022-04-01,-0.06847568393142034,-0.005085319469901317,-0.1359270270067895,0.04007659447300388,0.2047734596756513,-0.12566746196496403,0.12659926748864198
2022-04-04,-0.07853527319269582,-0.015170457876717669,-0.15323259337187378,0.09036569626349639,0.19906989108316459,-0.12486151004767287,0.1168972994519396
2022-04-05,-0.09665566092097133,-0.026719708360448124,-0.15526927586152273,0.07326635872828313,0.20691155453878096,-0.11798082721858572,0.13452049043210929
2022-04-06,-0.08579659561732089,-0.028715050996186486,-0.1621261100495543,0.056283984454434166,0.18793238980271798,-0.08326163992014313,0.12176202462187546
2022-04-07,-0.10917683362638197,-0.028419405530059783,-0.1748977205738077,0.06650142034306089,0.21303882196285767,-0.0801663259026687,0.12236408208790583
2022-04-08,-0.11625649664291993,-0.02116916911334782,-0.17537976820940254,0.06413072075123755,0.22504474204566466,-0.10741851949172587,0.14639841941907533
2022-04-11,-0.12469634051104439,-0.030423082236227084,-0.19254613691059974,0.051804689343567356,0.24661016885957093,-0.09388419196137288,0.1390746769308357
2022-04-12,-0.12611929993290805,-0.04861473795875637,-0.22824630962339765,0.06059427645945764,0.23332457905014276,-0.0381731738825406,0.14933243448158934
2022-04-13,-0.12235938930247348,-0.0385660909118567,-0.22642244966655156,0.07320163598338836,0.2389222633426319,-0.08897319106217116,0.16479634226961587
2022-04-14,-0.13617440735791753,-0.023737864181169688,-0.20784995178922927,0.07136010427234835,0.26257257692818997,-0.12543018813728557,0.17769908037845877
2022-04-18,-0.10907998998254975,-0.02142485503985936,-0.20197355199785944,0.08548774361580375,0.23946982310926462,-0.13056222279619656,0.14668441958676687
2022-04-19,-0.12103187096825296,-0.02746793233851874,-0.18537567848055803,0.06007565671749565,0.2278706998032356,-0.103953638775939,0.179258034704884
2022-04-20,-0.11607262316155575,-0.02578264472288594,-0.1490222055441217,0.05061592297278067,0.1902496036331648,-0.10061343003683532,0.16937491549771017
2022-04-21,-0.11857804650678888,-0.04915467279391644,-0.173129188921737,0.013824490842529569,0.19384438538452575,-0.05078344354763831,0.1507657405631202
2022-04-22,-0.12413153467520921,-0.06327007243999672,-0.18720929362107053,-0.003935041398098693,0.1911605023367502,-0.015552710714484719,0.15135879226927856
2022-04-25,-0.10346303348737307,-0.06289926269521345,-0.16964579654803352,-0.03611924432257707,0.18489874937554726,-0.04215069827074158,0.16018009783096637
2022-04-26,-0.11835536026296595,-0.10975031170468058,-0.19283523387033719,-0.09617550802480412,0.2155390234952685,0.05362971032734454,0.14918882944830192
2022-04-27,-0.10271888191232148,-0.09942208096555116,-0.19182819696936376,-0.09465667564772856,0.22764843612002655,0.016659127764444892,0.16496802368046548
2022-04-28,-0.09591893885191505,-0.09205777598812148,-0.17348870753963963,-0.06457405437860336,0.2472361763585357,-0.059694216472697015,0.16170619051899893
2022-04-29,-0.09014660765344473,-0.08493370044738402,-0.17546679522900843,-0.07268171712137944,0.22012253418403463,-0.05751872966969729,0.14889456128011663
2022-05-02,-0.10149171868420787,-0.09874358119651366,-0.191909298993636,-0.08519853175752212,0.2087114840352746,0.008157773259541479,0.12416627030544253
2022-05-03,-0.09418743008788483,-0.07273181876252871,-0.16174800839328912,-0.07335597475002031,0.21004181650383574,-0.013357154817228878,0.11723830271500818
2022-05-04,-0.09353722745035259,-0.06453390971682393,-0.14386423893517347,-0.04610910035895888,0.21804116265433315,-0.059285942466347,0.11645324017833181
2022-05-05,-0.09559607512170315,-0.08734829076056849,-0.1610146265315579,-0.09011952069627732,0.19212538998076395,0.015574630179560955,0.1061406066045954
2022-05-06,-0.08588291662283914,-0.08596465382872098,-0.15347612003991862,-0.09061594552058777,0.1694456729573413,0.00039563347048954256,0.110136726951102
2022-05-09,-0.06736541026529808,-0.10071376503165458,-0.18525928570386851,-0.13120090317826077,0.1416230276627293,0.036645567314678384,0.10749137370918804
2022-05-10,-0.05782460059897959,-0.0923711029198373,-0.2066132789108196,-0.1264278484194949,0.15522043874758812,0.009610136597378194,0.13589505716405342
2022-05-11,-0.06285353080611322,-0.08197660630464865,-0.1977643305358907,-0.10322773476637759,0.17826301763973335,-0.008362884214631161,0.13561398820443205
2022-05-12,-0.06569047121489663,-0.06137696530835546,-0.20005900051839764,-0.1099279945313103,0.18629258755663466,0.0004435197869236962,0.11747712649143299
2022-05-13,-0.05039458993840096,-0.025569810854178865,-0.1824355589657567,-0.069395758348966,0.14833097933520967,-0.050057532728635556,0.12858425936530532
2022-05-16,-0.04950290902922044,-0.014485160507390016,-0.1415935896438828,-0.03939845046587298,0.17194591612348742,-0.11360087179732214,0.11297287027327702
2022-05-17,-0.038908472888523615,-0.007317502776772344,-0.144063692398471,-0.02984671728778976,0.17248294855877283,-0.13539157071378793,0.12916210965994124
2022-05-18,-0.04071523181538511,-0.02012981053139634,-0.1668590070782649,-0.07234401987590916,0.17257263101509057,-0.06254351141629666,0.10614019038820732
2022-05-19,-0.047653854834480314,-0.024137718352871096,-0.15019375587724826,-0.049119958653133455,0.1713498572840444,-0.0832150000344346,0.10764046408001687
2022-05-20,-0.055973132759007005,-0.027941284730783333,-0.1714603825325947,-0.04878987673127311,0.16372068769840875,-0.07515843927833676,0.1194379956097325
2022-05-23,-0.047794564378600635,-0.00901357494879379,-0.1386208007778031,-0.02374159500471773,0.16081296688379643,-0.1328418385293435,0.1263380882937804
2022-05-24,-0.056361560894925944,0.01888142856002445,-0.12977789481410407,-0.04520816773566577,0.1525342993504491,-0.15009950950927886,0.15731181860639348
2022-05-25,-0.06477878135737858,-0.0007603868048967066,-0.14652554705404125,-0.034613265417165695,0.1978681492191806,-0.16878275567102807,0.18296061508137784
2022-05-26,-0.0737355264391309,0.008186224974348177,-0.1326334652841486,-0.0317931810037953,0.15626554135613746,-0.1379138901125967,0.19506201741710716
2022-05-27,-0.07376976783730321,-0.014382136698828318,-0.14474154098755226,-0.003741273032277004,0.1596139126456277,-0.12096865051999761,0.18084625736696636
2022-05-31,-0.08571329517458243,-0.04544742905107402,-0.16596201211867218,-0.03650576529140809,0.18307771497052955,-0.045153364028123644,0.1737310646110713
2022-06-01,-0.09149858150565177,-0.036135015468882814,-0.1874545293043005,-0.048967649815086334,0.1870994151123035,-0.046179986340620593,0.17218564453297208
2022-06-02,-0.07895471771208945,-0.026831923188672224,-0.18247337984196904,-0.06227177305408915,0.16147556572838034,-0.0036842326097377143,0.16147666022333396
2022-06-03,-0.08504566040545641,-0.03528725142003514,-0.16080593477243776,-0.042602880462665915,0.16902356501731425,-0.06405095328462906,0.17555945308439558
2022-06-06,-0.09281887738600836,-0.04912018723230882,-0.1887070157473626,-0.05194783109650436,0.2045062462661646,-0.04445005730123319,0.1618746285935843
2022-06-07,-0.09834922768726745,-0.052962514496386615,-0.19329597905503165,-0.0451061866392925,0.2236300962325582,-0.07820529025924694,0.1805468642960668
2022-06-08,-0.11576024380223054,-0.07328811117523054,-0.21589634693195986,-0.033213382328487195,0.2536829593689605,-0.07257388488808736,0.17550905240211923
2022-06-09,-0.15352870829882026,-0.10572313899671348,-0.25323567815219233,-0.06156639570694494,0.2749524226707578,-0.06123275817027929,0.19502486679195036
2022-06-10,-0.13252802224686316,-0.09750581440246059,-0.2531283212754402,-0.06623106448271854,0.2613461391703329,-0.09768137822825673,0.16800201034872791
2022-06-13,-0.16912464832597957,-0.12313502471209997,-0.28500838464490497,-0.07861071727895935,0.24915514831192778,-0.07373587912326801,0.18090448009072765
2022-06-14,-0.15647719048226627,-0.1007658222080432,-0.24818245646875092,-0.1225353846348291,0.19358091131783084,-0.022250118702790644,0.15976726957952075
2022-06-15,-0.1423701235780151,-0.10374591420201801,-0.21196330996000293,-0.12335701215002409,0.19139709658715248,-0.05452473384994794,0.17377750293844976
2022-06-16,-0.13225927150280561,-0.10994035836187066,-0.21419575850800865,-0.1704378591700768,0.1667976881348979,-0.024980845891594272,0.17247927222126208
2022-06-17,-0.1082616499268623,-0.1043052906942672,-0.20125742012610345,-0.19335636015690877,0.14084942876858048,-0.008767197528638249,0.15280563298714234
2022-06-21,-0.136077968427622,-0.11900573457134156,-0.21970767562758886,-0.1649347324956693,0.1994847842404065,-0.004205976984492543,0.15089174133401587
2022-06-22,-0.1222211879175285,-0.11643953939637386,-0.19076125386629728,-0.18277449144549796,0.17795011300146746,-0.0399127068919648,0.17424523659330765
2022-06-23,-0.11724703032463224,-0.12652306920743356,-0.20820625731812156,-0.24036279415709033,0.15987697997764955,0.047136723242892364,0.1587988699497699
2022-06-24,-0.12618052802600627,-0.13069918905658212,-0.21379330999221405,-0.2316490588955779,0.16703160418775526,0.03277297224941883,0.16035536435190756
2022-06-27,-0.1393678497638425,-0.13904971234316554,-0.2158082669161538,-0.18422005397215757,0.18051601168205583,-0.07520240376400233,0.23269842492515222
2022-06-28,-0.14849488429943164,-0.10628720846548312,-0.21183203867016476,-0.1684248619822381,0.18278126788365803,-0.08258912244304595,0.2005749104054143
2022-06-29,-0.13147199202738716,-0.11335972899446173,-0.20593424214053418,-0.1914312480650806,0.14334515668434708,-0.025177578088643293,0.18920664265246087
2022-06-30,-0.14504768674433266,-0.13067003070012612,-0.2282570595155391,-0.19561045604207422,0.1718971137611992,-0.026379292983352842,0.18952209697027714
2022-07-01,-0.12557520007985554,-0.10726194836726277,-0.21470288796599196,-0.18753707679542836,0.1600901140935218,-0.08159177400718098,0.21337684926911213
2022-07-05,-0.12875701154771976,-0.09948198728871999,-0.21220377920885547,-0.21395778810280103,0.13732981764014512,-0.02530000200598742,0.15388220879232495
2022-07-06,-0.1387252100060719,-0.09079162824411596,-0.22130032044592757,-0.2134355977976155,0.1663631671939372,-0.057588991304323156,0.15398183020351153
2022-07-07,-0.15288268309656122,-0.08598827060641101,-0.23934803995735165,-0.21024902600444934,0.1800091738590226,-0.0730492667237686,0.19704938180512566
2022-07-08,-0.16435727468614397,-0.08517814894077685,-0.2070949241346169,-0.19746959377886003,0.14131693969227271,-0.045816434930936845,0.18913910568857045
2022-07-11,-0.16019948462093372,-0.10696161678928362,-0.22775061635514937,-0.21790173545053276,0.1585783657498362,-0.01327081942310604,0.18108088691852842
2022-07-12,-0.1589889007011241,-0.08934748163426776,-0.2434902208389118,-0.2223761972889775,0.1694188804267547,-0.04133216537459594,0.1903781296427296
2022-07-13,-0.1844318399298995,-0.11464825469912066,-0.24158666291387942,-0.2114783661671309,0.15094366087795813,0.010695654762928719,0.1985738755165749
2022-07-14,-0.1771315339288941,-0.14123014834062952,-0.24059339885309278,-0.2051961733282493,0.14083316373625399,0.03515832122973894,0.17176768446731244
2022-07-15,-0.16704053204479238,-0.1286430609206985,-0.2213192152850912,-0.20138378641385157,0.12189528452692586,0.018447129090054137,0.1836780085768347
2022-07-18,-0.16669826832838186,-0.11307034467718813,-0.19212283676872138,-0.20893868729479226,0.10146169987093316,0.0427251378248536,0.16898000819144499
2022-07-19,-0.18743465378054036,-0.11507519048857029,-0.18085803039715093,-0.18555403305172968,0.1268831015814141,0.013722167354138948,0.16774377091970277
2022-07-20,-0.21450892997733478,-0.14129719673502072,-0.18191885631132299,-0.1779283544016807,0.10073588289695098,0.1041355879331623,0.13417140713175443
2022-07-21,-0.18531622431526512,-0.11886353492467477,-0.19556040004286002,-0.17069798093580868,0.0980587427673645,0.05076230506949564,0.12212912954083702
2022-07-22,-0.18321432849667665,-0.11868436650802772,-0.14853136203219597,-0.20427022976857134,0.0685530682196943,0.10703570972154391,0.11850126435723454
2022-07-25,-0.1797406337210513,-0.10816279545811514,-0.1327911574366375,-0.16055628241321995,0.08000137058994501,0.03281513342237857,0.140542747377353
2022-07-26,-0.16818661862922857,-0.09643878283773277,-0.1412265533024566,-0.1308992131281851,0.06510156062568662,-0.0038714563166517,0.14592333045222994
2022-07-27,-0.17000975238059496,-0.09204881302288953,-0.12076777645445658,-0.13085785788746152,0.08892393759029771,-0.03638126012627002,0.16832410501929815
2022-07-28,-0.18039215668876707,-0.1061308917116659,-0.16807062761713176,-0.1812973334854221,0.14982164281659927,0.05252646753842383,0.1995443483930277
2022-07-29,-0.1722399846873226,-0.11156493796008138,-0.15584243973193546,-0.15752666402028792,0.12484996804584403,0.07655999245950706,0.19781698708045098
2022-08-01,-0.16052971712077385,-0.09935620493784159,-0.16371906620001808,-0.16198150574514225,0.09998297616371377,0.08175113247319388,0.1977048523342626
2022-08-02,-0.15646079242643696,-0.0937705295252047,-0.14902391617946553,-0.16142637997203424,0.06692567322403806,0.1471237700982344,0.149826207519656
2022-08-03,-0.1814954686372539,-0.10284294555408402,-0.17508894519864238,-0.1649666893683147,0.05075355658863506,0.20566071227345617,0.1833179650924046
2022-08-04,-0.18776979978015268,-0.11568355577793343,-0.1860339527763294,-0.1630788155709787,0.04291202192410315,0.23344176553697737,0.1796914229570561
2022-08-05,-0.19349644124700138,-0.14207113122890824,-0.16745974646009065,-0.1657908103178305,0.08393598581589859,0.2139473552731429,0.19034751795942503
2022-08-08,-0.1932429560867237,-0.11913332761428808,-0.1658739950765682,-0.12892133220450763,0.10718354817467601,0.12146804000744293,0.21353797312077846
2022-08-09,-0.1930557516508905,-0.14717410890379812,-0.1857755465989387,-0.1133724196221142,0.09346683979783046,0.15925930397759003,0.1984410536240237
2022-08-10,-0.21428959305253353,-0.17431776977147173,-0.15972742148015195,-0.11350098609405157,0.08451643867442496,0.20293311287556348,0.1889317242889183
2022-08-11,-0.2168430346214587,-0.1568774636195055,-0.14977000272875862,-0.09557044347239174,0.11471950821036184,0.14291361647750211,0.19349257501918748
2022-08-12,-0.21783937241328322,-0.16888619005835814,-0.1503793617104453,-0.043828730037279495,0.153310747583851,0.09734286326770747,0.18250189324163682
2022-08-15,-0.1978794339061405,-0.15351535990800214,-0.14913880094066834,-0.0014478221701769156,0.10418332540321149,0.09339278887405633,0.1700774908339412
2022-08-16,-0.19753834235476053,-0.14448519588317832,-0.1527568050986554,0.003426065492902808,0.10133549089061461,0.08453522358098053,0.1650803340825867
2022-08-17,-0.21495546657905873,-0.1568109548084624,-0.1514042623784021,0.006617881292899641,0.10675879074773051,0.10370249741604232,0.16863274204451695
2022-08-18,-0.2304619448938382,-0.1469503222051547,-0.16032609098386963,0.0287384691361392,0.11988132434309273,0.05453341109887955,0.20658487983992546
2022-08-19,-0.23651757261622053,-0.16004152980792896,-0.19047826707630489,0.02865442062756829,0.12688116226258733,0.11270456818624452,0.16947707290370784
2022-08-22,-0.21502091958176583,-0.1401079512688227,-0.17902819086051935,0.036080429431850414,0.1379287979684059,0.04691254495357566,0.17201992803106414
2022-08-23,-0.2098724794819199,-0.14939930310636484,-0.1817954474805259,0.0675740434928469,0.15374558561435153,0.022895345464039152,0.18772793169986585
2022-08-24,-0.2140582175415615,-0.15556924165230657,-0.14230462214794193,0.07119529626911292,0.14747118382053687,-0.03960764906497205,0.23029453728317317
2022-08-25,-0.20808494438348224,-0.1702359354245866,-0.1427558177723487,0.10510427691782254,0.15069068210408243,-0.05381343767007429,0.23409624152904115
2022-08-26,-0.19386419610008965,-0.13326835851945806,-0.13858281252729243,0.10028943150391467,0.1648266289645337,-0.10683442382960018,0.2184444266427139
2022-08-29,-0.21785269396602547,-0.1475547993170685,-0.13525240410899497,0.1492022596532534,0.1857014882349154,-0.10514528960714054,0.2033472935846194
2022-08-30,-0.20578689853699628,-0.11617107016581096,-0.09480518911344549,0.1180028342052799,0.12172169235067343,-0.07363697057935914,0.16686198192194643
2022-08-31,-0.21491304538081996,-0.11352027098314088,-0.13066380146782774,0.17170680539741068,0.10818410353989538,-0.08066431669053797,0.15139971620316905
2022-09-01,-0.21070935331025087,-0.11100209361826585,-0.11931210610926124,0.1640875542714728,0.09395777620246815,-0.04380359946370138,0.1432472962444079
2022-09-02,-0.20072526999803397,-0.10548506112273925,-0.10536751041662817,0.1643858809057659,0.11351184478452392,-0.06755307313530712,0.14277228118594446
2022-09-06,-0.18596773268988986,-0.12080700938558653,-0.13925396148866587,0.19286625847704997,0.11343004838085252,-0.06923121098320306,0.15864101910719758
2022-09-07,-0.19016952011939625,-0.10419339020350737,-0.12201636710506825,0.21572412623074566,0.13796419067104815,-0.10812160079831923,0.17176363463854644
2022-09-08,-0.18663058533268873,-0.09436625627012085,-0.11117538178366304,0.2631341478406257,0.10372026597516315,-0.14006550158110964,0.16148356387314114
2022-09-09,-0.1468427555261077,-0.06441451572979229,-0.10850132917721655,0.2299790862594373,0.11804101594415595,-0.17214417959864803,0.1741271241282259
2022-09-12,-0.16486027290308414,-0.07014030973332719,-0.12702231596562463,0.224654408602595,0.15142218924749162,-0.14213720918869144,0.16732055058155298
2022-09-13,-0.18170659279677792,-0.06888879776225831,-0.12509491573456888,0.2733993347805985,0.13751758659421176,-0.14433540371330889,0.13979031450136475
2022-09-14,-0.17240563475427506,-0.058276533634147754,-0.12921867084956207,0.2559055201403653,0.18030801640220961,-0.17148790805781133,0.15228386476518335
2022-09-15,-0.16908888265375893,-0.03864536053409606,-0.12813959115550078,0.22610988526647136,0.17050640030661757,-0.15711867999996532,0.11297346669573224
2022-09-16,-0.17110105631097272,-0.03820581242205279,-0.1129158844858067,0.2711778138969463,0.131601255061559,-0.1461842538198217,0.09313186211099894
2022-09-19,-0.14188054976930614,-0.020877526342697683,-0.09416509138262963,0.24787008128971677,0.14040999021252554,-0.18140161056803505,0.10864283992649032
2022-09-20,-0.14675598221248287,-0.03308410861970423,-0.0663703592769882,0.2580609442042794,0.12063352701301405,-0.17374753512649188,0.08983129379988192
2022-09-21,-0.15830001450308057,-0.02869241748943563,-0.07222469419249555,0.23810523887615354,0.12282071310264886,-0.1504124365728443,0.07603461881527929
2022-09-22,-0.16093377816372767,-0.02791041838036934,-0.06757961070685492,0.26555822676516216,0.1318271936374696,-0.18632391078303512,0.06902635373676402
2022-09-23,-0.17028001106104068,-0.0034730990999354283,-0.09886792171194014,0.2233088970106667,0.11765779728235093,-0.14565010310297732,0.05348856037293126
2022-09-26,-0.20876196055863283,-0.031999409903112674,-0.10396703290746212,0.2871655948560061,0.09953039863931123,-0.09803002923116522,0.010210222547095138
2022-09-27,-0.2525836723618074,-0.05420644094258975,-0.08878636542248264,0.2900779122556747,0.12006576470917474,-0.07831096115256242,0.014455945240391066
2022-09-28,-0.25654626060833224,-0.0894091473741393,-0.09574874588664184,0.2709996404988171,0.13677008230601173,-0.009720779298758364,0.021254308667860267
2022-09-29,-0.2657868943623709,-0.09234540866657914,-0.07901481471686178,0.23689051225899194,0.1497899651493999,0.001980765809385776,0.02522568011613463
2022-09-30,-0.25665800423149365,-0.09849073109319162,-0.08322824173976479,0.2368231908357108,0.15789276730028018,0.011791087911362186,0.010273721435686167
2022-10-03,-0.21171579988262224,-0.07048011332063808,-0.061890824976408854,0.24646569705541554,0.12257714904763989,-0.03571026228204244,0.03714866057024474
2022-10-04,-0.20694528336442902,-0.061448308050053635,-0.03956857633033262,0.2503786574459761,0.1376975852418305,-0.06112309284059503,0.016497529807292965
2022-10-05,-0.22591514712127325,-0.08898717629656605,-0.060210760019902554,0.31161227530770597,0.15838290275406064,-0.06023864117868449,0.01763809361581714
2022-10-06,-0.23872647058521712,-0.0991614750327352,-0.06771614725206743,0.2927409934317575,0.1970002671087021,-0.0715705736918435,0.03275818116310297
2022-10-07,-0.2334127772901105,-0.10638558773366036,-0.07867998524258246,0.31949155907442717,0.20449426136447074,-0.08875033898325035,0.01841212659092667
2022-10-10,-0.23061758915441294,-0.09693813197665313,-0.0655198441336094,0.2945790699318027,0.18541559924517892,-0.09297874182288046,0.023786323371750573
2022-10-11,-0.24124470674418558,-0.10279861986026828,-0.08447361806344694,0.28293522648244496,0.17178919369325096,-0.0019373536188821427,-0.011700599241485421
2022-10-12,-0.2561644732392061,-0.10125042202460488,-0.0877992029023848,0.3029386572739403,0.19266499162806133,-0.03131026293814254,-0.023173632422549162
2022-10-13,-0.24959207883132484,-0.09882537564958471,-0.07993369967523195,0.3158159039613633,0.18448103888976852,-0.05521133214115703,-0.001534307349903452
2022-10-14,-0.26228323421329003,-0.08599169536108797,-0.08159915663204287,0.3176448346195031,0.1642170087005786,-0.03767896551082506,-0.016393182117516225
2022-10-17,-0.23089495429933932,-0.08385731054450607,-0.07437065652609687,0.336039163783705,0.1349175136060265,-0.05163709267576411,-0.004695166590229893
2022-10-18,-0.22875081080734305,-0.07494460928470992,-0.07539227302596596,0.3033667094663186,0.1481602332377887,-0.04025636467592708,-0.002970500653516006
2022-10-19,-0.2221305160364433,-0.07915162083248473,-0.08824397982970839,0.3181991249980467,0.16711283258588594,-0.0667214817917332,0.004564727678914804
2022-10-20,-0.19523927340542596,-0.08787344331381175,-0.08411019162632949,0.31060195665330026,0.16612200200939803,-0.06915400122532456,-0.001984474255898705
2022-10-21,-0.17679421602444,-0.07870317476554878,-0.055579649294039524,0.27061257033572605,0.15131813644947834,-0.04210445032025001,-0.0044561835301351604
2022-10-24,-0.18008085834753296,-0.09461794216034924,-0.08018438602987715,0.32687474576751074,0.12534209579113853,-0.027803455749817796,-0.0077639846394348955
2022-10-25,-0.17139708830474804,-0.09181063626871455,-0.0778111335472691,0.29460575620359863,0.07957728390803209,0.03166117276280389,0.02569978661207506
2022-10-26,-0.17952913585889216,-0.10340173281172527,-0.08575197444194982,0.321512300166531,0.12212810522576467,-0.009857155316612465,0.029254144277754635
2022-10-27,-0.17262205241507214,-0.09446663880978157,-0.08183735194705338,0.2859049322083007,0.12269729280941832,0.012366114574558495,0.041682002067262136
2022-10-28,-0.19539647653227407,-0.11000168504787544,-0.10108954811295329,0.27130069243944277,0.14665638653192425,0.04268412970177127,0.049649357834985974
2022-10-31,-0.17245580838464833,-0.09763615991887797,-0.10504360062765311,0.26009880331424706,0.169406487049247,0.014919104911352954,0.03663218835034221
2022-11-01,-0.12935902300159116,-0.08431283959635227,-0.05487040320320957,0.25351830733686187,0.14794534366819634,-0.04244024847120953,0.052705303667543224
2022-11-02,-0.16127786601258712,-0.10217321237317256,-0.0727957598342297,0.2585221478898476,0.18491906193596475,-0.012539593302839158,0.02714604265535564
2022-11-03,-0.15479550598310915,-0.10718719371700236,-0.07158667769998706,0.28030141603683134,0.1898055972239907,-0.040703345808681624,0.029873700612256804
2022-11-04,-0.1377516711235907,-0.09962024155084293,-0.07066430684280545,0.23932180997601882,0.19878187117460477,-0.03911302099677427,0.038255818197762026
2022-11-07,-0.15512062281685007,-0.12828940816747858,-0.07752447563021131,0.2764399715132957,0.19529418208612592,-0.023604941587787143,0.023768700202054238
2022-11-08,-0.15729955924884595,-0.1315855305363145,-0.07030012368127331,0.24696263231495474,0.15826279430768975,-0.015574127220596368,0.0700573105725461
2022-11-09,-0.17770908853560294,-0.1461289332163871,-0.09924101882933156,0.2653740735730219,0.1684521397303952,-0.023526687331543172,0.06336361911171245
2022-11-10,-0.17368376990460574,-0.15220124665526713,-0.12210186855913802,0.2932125026946173,0.15338126536701935,-0.010768123128606977,0.060073438801406476
2022-11-11,-0.14549530694920249,-0.14741056071578118,-0.11974766552181004,0.28393089113616066,0.15507524081988378,-0.012828377053860862,0.06870704473582889
2022-11-14,-0.1465477337505475,-0.15999280407724847,-0.14264525691524782,0.2987374090818722,0.16660338537274189,-0.00020521010201379752,0.0896746664202247
2022-11-15,-0.16168325882234905,-0.18474853891491438,-0.16479940359686224,0.308233501874857,0.1809921446197934,0.03336922317046198,0.09752021044264875
2022-11-16,-0.17116675211338264,-0.1766522364519466,-0.17017424839577783,0.3001288337311161,0.18177982904008982,0.03337012842708886,0.08451428081113199
2022-11-17,-0.19244789422615152,-0.18587447568487825,-0.15515498510448195,0.2852985965557431,0.18231151123090839,0.06008602907535321,0.07609020868764438
2022-11-18,-0.18085470868554043,-0.18269472553023292,-0.15894892094386848,0.2581730783118257,0.20079537328263108,0.052955542939232436,0.08642731119604313
2022-11-21,-0.17759979973227727,-0.17826302624318913,-0.15346633506290913,0.26783969867664825,0.20337061722979854,0.021913435568462925,0.08186690199375124
2022-11-22,-0.1734337209553543,-0.1771468002220602,-0.14960567195423624,0.25544223556682133,0.22468544432159987,0.03410679373186598,0.07227357224477216
2022-11-23,-0.14879378123254766,-0.1714329663229811,-0.05384289181252311,0.21935174887267572,0.1721358708265599,0.0013866715328589851,0.07479924739941202
2022-11-25,-0.12645782424605007,-0.16052769655000576,-0.01039733858142844,0.22832333634266444,0.13653267833598615,-0.032711442475236274,0.08429821002073307
2022-11-28,-0.11403560596363962,-0.16275343105444462,0.012261840199481233,0.20994833759280018,0.1384912256134606,-0.05331198088157918,0.0925607854341482
2022-11-29,-0.10776478304748391,-0.1587786320540634,-0.032192652233707375,0.20493698744414024,0.17052739564488095,-0.047511869734562895,0.11444833452116959
2022-11-30,-0.0843064641045839,-0.11508341890870066,-0.029369911025263762,0.15520070763973104,0.16383878249203598,-0.05190479174697249,0.09656107344161552
2022-12-01,-0.07866494582291572,-0.13133796258386288,-0.04004428849821279,0.16062243881564742,0.17808424197196193,-0.07359985617653142,0.11534751215919414
2022-12-02,-0.06421681015427577,-0.12217677313947373,-0.07045949017961328,0.16445174224615533,0.16953502884769622,-0.06172441790568994,0.10334276853468927
2022-12-05,-0.1281957126040329,-0.15174321869177454,-0.10341835352836609,0.19732271160001158,0.20826099158555866,-0.018427341297237887,0.08838698283033092
2022-12-06,-0.1257770469194139,-0.12549168995734006,-0.10215214779737153,0.20123050115062258,0.18097960336248342,-0.031151973479598194,0.08046571689446802
2022-12-07,-0.08758039147173483,-0.11542502605042704,-0.07031379407482641,0.1586213826594216,0.1758243965051054,-0.05774267643155573,0.08494302829377604
2022-12-08,-0.13665896773951378,-0.13662790680782666,-0.11725819961035022,0.18918531025102392,0.1758192909280879,0.03521940761793663,0.05354548925363706
2022-12-09,-0.14242808020720904,-0.12803996455380529,-0.12335310542733774,0.21509202791052928,0.13647075618893856,0.04172024165773991,0.05348302010363504
2022-12-12,-0.10420237441246682,-0.11490321768539602,-0.1006668400719582,0.1555602183746383,0.18682780911362706,-0.003901011350417649,0.05008073114111328
2022-12-13,-0.11919793799502243,-0.12760724868145568,-0.10230539445740161,0.19083105621334884,0.17053489339237216,0.010261482057685178,0.04091553861837344
2022-12-14,-0.1117290864660898,-0.12387466965757887,-0.09452335245033966,0.1651605269983718,0.1467495500354583,0.04926752600867146,0.026864722644772465
2022-12-15,-0.10838650445008692,-0.12437487626243848,-0.09076403524500581,0.17521482763531981,0.14478675025636034,0.04737668532226691,0.016468186532201667
2022-12-16,-0.10970435206299535,-0.12825578768543566,-0.08951773594121287,0.16107752784278384,0.17308299668086258,0.016977628185428695,0.03934456205511494
2022-12-19,-0.07940065501614174,-0.12890151498233904,-0.06596602419011499,0.14572622131137214,0.1329133907107526,0.0017686175578782715,0.07939806232814828
2022-12-20,-0.011746955480613858,-0.10361499745417202,-1.929337518757901e-05,0.12687615683716924,0.08220923767296895,-0.05437633522539542,0.060357925503222665
2022-12-21,0.018770425051694767,-0.07654317545625333,0.01586177536440192,0.04849885557039846,0.0943896009555103,-0.041324183606829656,0.06042393181578892
2022-12-22,0.017398233381335892,-0.06960311232130323,0.0418305860573408,0.014223092357754652,0.09212505104362179,-0.034503908153727725,0.0695187038992407
2022-12-23,0.04880576406002843,-0.04985765626498395,0.04136696109278837,0.0005141778925659146,0.09581488918753012,-0.06824320595494682,0.06791874207228871
2022-12-27,0.053409011790497535,-0.04605446737100394,0.05383032247498487,-0.06025949248439444,0.1542773186130003,-0.1183134035441421,0.09280277253127128
2022-12-28,0.07668482895633566,-0.018554512770927678,0.07027701514366758,-0.059898950368862725,0.1016667876496653,-0.11728953572735101,0.0770053924200449
2022-12-29,0.07011955968931771,-0.03863952827939732,0.0711651918467221,-0.0817750137136839,0.12724130707958603,-0.09841568807878254,0.08148764617002724
2022-12-30,0.07625012138357262,-0.040286418988188966,0.08553055507845575,-0.09734387602149619,0.10394884899142132,-0.0900088204852384,0.09548705644992883
2023-01-03,0.05900234223363682,-0.06824992279355857,0.03558429452791134,-0.12204543089639186,0.10678142876594399,0.02347750701235618,0.07798017267151647
2023-01-04,0.08615697291223173,-0.03517334452014065,0.07132740812031024,-0.17513215674957827,0.06235360510560517,0.014746088513583944,0.08444349982964938
2023-01-05,0.13472511655854758,-0.0011320806965132713,0.08953052691211838,-0.20394653755586933,0.057888703182396695,-0.02399970301761223,0.0793760545709753
2023-01-06,0.174032836632236,0.015121359646516175,0.09424083078265821,-0.2311827061849261,-0.004109811827474497,0.0018129099642164581,0.07770557472501083
2023-01-09,0.18607693224351146,0.02530085710137886,0.08561426607761724,-0.24363029546659254,-0.02363138969381673,0.04475099171581065,0.06233157998493
2023-01-10,0.19447405504781917,0.0322741251397487,0.0685559334245266,-0.2384974448209194,-0.057915915589157985,0.05877474128223337,0.06971411872595346
2023-01-11,0.24154391998651825,0.06284882290893457,0.11780589493329852,-0.29902100068159143,-0.12790160593712518,0.02959045277223671,0.10097660014566034
2023-01-12,0.26302276136536956,0.09808914914116162,0.12120245495021942,-0.25941284502703166,-0.1468387466219634,-0.00784025938436006,0.06160885669423699
2023-01-13,0.26423920115990723,0.0786468492334953,0.11590694649077526,-0.17914569305392813,-0.14857752493337895,-0.042774929477926715,0.05020730646721083
2023-01-17,0.29494602698871547,0.13249210300757952,0.14257153007127388,-0.1181386165560685,-0.20459055641164015,-0.13083862517674993,0.02889657855974903
2023-01-18,0.2111255921207686,0.12075908013671721,0.09672460554659967,-0.049747043913595856,-0.17684112306271071,-0.11993733894154923,0.02327073913958544
2023-01-19,0.246094859048058,0.14282811452858146,0.11936653317876811,-0.04125997824377947,-0.2273537544161508,-0.16578275628980987,0.01683822336547902
2023-01-20,0.28212801024363676,0.16493494319573299,0.12209843313171764,-0.07256275464263862,-0.26848278499988676,-0.14301651077839483,0.024513666760471287
2023-01-23,0.26040639944929034,0.12354798637673259,0.09723580172326785,-0.061401144637404315,-0.21978709712478284,-0.11438896879308802,0.025982366270121515
2023-01-24,0.24633928871039756,0.11318008438097849,0.08269530483485144,-0.06626969780301328,-0.16997186639229778,-0.11989883539955026,0.02710522557260786
2023-01-25,0.2557944132327369,0.12195525358431725,0.0728784667344674,-0.1475784317833715,-0.16091990886818697,-0.0481392816543873,0.027754291574728307
2023-01-26,0.240453789496323,0.11825457592395627,0.07932495906012182,-0.12942447786549005,-0.16861474407864896,-0.04519751651419779,0.019634629266466752
2023-01-27,0.2056995920545962,0.09450346042358293,0.06580110358726832,-0.10461258465063006,-0.15409839370223533,-0.02025103243718529,0.00991976125374816
2023-01-30,0.17228592506595608,0.0804272566630142,0.05477017089359748,-0.05941306957405201,-0.1288624222714344,-0.037673337308423926,-0.0017705877311142704
2023-01-31,0.20406234698743042,0.1012508197509644,0.061072103994110005,-0.0658496737110843,-0.13684271087223276,-0.0770535678197829,0.01024255426113585
2023-02-01,0.18801304253633666,0.08769344803977475,0.04222936044234826,-0.055428219136963275,-0.13457096584764816,-0.05878732641613005,0.018611671788993922
2023-02-02,0.18152142517965286,0.10230993692149093,0.04086468636291751,-0.07814801625628265,-0.11693400257510589,-0.07012449023706846,0.02079311096138947
2023-02-03,0.1397530221864487,0.07455452285149522,0.025904780517741366,-0.0027862356192778215,-0.11308944940908883,-0.07605526550201747,0.01478657678070383
2023-02-06,0.1591429892957562,0.07472148304499249,0.02963919817810401,-0.005733256057216085,-0.11280305446370775,-0.08742732927896368,0.011405197810855694
2023-02-07,0.15825968694450454,0.0625582511380115,0.020167801622972603,-0.006094989535267548,-0.09875572504795105,-0.07120083321464554,0.0044959269135705915
2023-02-08,0.15889912944731144,0.05495339761950513,0.023032840165954305,-0.04312154106488686,-0.07351029966813505,-0.06456895865782308,0.01633406582500918
2023-02-09,0.1523213710744724,0.043545131844516693,0.027349268033817542,-0.006031869936443002,-0.07237476920175168,-0.0845203136853091,-0.0012359335233891322
2023-02-10,0.14213019804535887,0.03799975709805947,0.017250428380257476,-0.010881570649120764,-0.04704997489580642,-0.08248492634475735,0.00967240659920765
2023-02-13,0.17517056493579808,0.05228680423178811,0.04148878266336742,-0.0522270255430648,-0.07760951359622625,-0.07142830052576321,0.009403530801194271
2023-02-14,0.19054214717403584,0.05936862165244439,0.04843281398380328,-0.07387602954219297,-0.062469161342365465,-0.08398897348786616,0.0005030104893041232
2023-02-15,0.1796443899145994,0.04429802742745581,0.028745834207573928,-0.09175525843390853,-0.06256661434873811,-0.04031841183495988,0.014082494909276821
2023-02-16,0.17746042268977114,0.03461714933632565,0.06492790089115474,-0.10981627959967932,-0.074154777501522,-0.016981864688445647,-0.004381257465960631
2023-02-17,0.15092900369297713,0.003978707017957439,0.055198371970724525,-0.0719486496221875,-0.0658001285938209,-0.01791664475378152,0.0005972755594425561
2023-02-21,0.14718566998494087,0.018323126264719658,0.07303742864705343,-0.03907270553755815,-0.07339869266563603,-0.06540003610673795,-0.011781859245699966
2023-02-22,0.14830253157891338,0.017214324173235318,0.05083469514946404,-0.04929090844638573,-0.06172644253821691,-0.0414939526583572,-0.015990177881355483
2023-02-23,0.15313447845297767,0.030233923074681868,0.07531220351195667,-0.059502106193893844,-0.05264472362966299,-0.0761835381740339,-0.015213606358116749
2023-02-24,0.13475830221462637,0.011556460498799881,0.12006087206805582,-0.06417772970494706,-0.06897047738482132,-0.05836277918120114,-0.017422702932740175
2023-02-27,0.14380922123037232,0.026553739977366764,0.12555366912348798,-0.0640441203281723,-0.08863867479247267,-0.0724612190019851,-0.010927231673789284
2023-02-28,0.12016171521923158,0.01186591372040846,0.13269701320270033,-0.06941980844868523,-0.07563211819713134,-0.051460492143236114,-0.016225846892231388
2023-03-01,0.12284346240387967,-0.00014346809944443262,0.13925343839522708,-0.04077024521000938,-0.08606439663262122,-0.07892861331982537,-0.0013823007799989018
2023-03-02,0.08081507347917327,-0.036012480536617764,0.11230391918003191,0.010120248322220249,-0.06913834192027157,-0.055601633444030796,-0.005157619980018291
2023-03-03,0.09934595104666566,-0.01638235624203266,0.12563303103139511,0.019893419619563257,-0.1015354283091574,-0.07519174077270818,-0.009410492834854733
2023-03-06,0.0875896750303804,-0.009536173055266772,0.11720671460335952,0.026286691936547868,-0.08668971912959655,-0.09320731098087354,0.015853882379624484
2023-03-07,0.08317628031246305,-0.0062482746248812004,0.10750840418037289,0.008293716566901477,-0.09866333240855707,-0.06924614257504325,0.011157704816635805
2023-03-08,0.1065218144528215,0.02489348755635057,0.1511850880943031,-0.015449567732469749,-0.11494065573595957,-0.1061590677016494,-0.0055743572370619
2023-03-09,0.08708478610821857,0.012149793916805374,0.13454350357250755,0.02588967052876523,-0.11088016992442273,-0.10974778491066572,-0.013127607624456639
2023-03-10,0.061663144146906324,0.013127211200024358,0.11586379654195078,0.061254265396614826,-0.07992168704334845,-0.1205992650383515,-0.04936288125172639
2023-03-13,0.0502143655566889,0.018069862973283057,0.09679593424365895,0.050483196155222565,-0.08275805128221936,-0.0949907040609066,-0.05564331577955606
2023-03-14,0.03892934036310547,0.023130931463124504,0.09670363441600116,0.07715689488860722,-0.09847641392867568,-0.128209727098629,-0.034584064024972494
2023-03-15,0.018734345942106878,-0.017987047436192838,0.07015473997995902,0.14213870865955824,-0.1136646341952654,-0.09817795863074841,-0.04685255452953552
2023-03-16,0.03952284505961867,0.024355702940942137,0.07844730994210058,0.07135507613504499,-0.11083646697273486,-0.10435668211912974,-0.032870662108885784
2023-03-17,0.02720560806040828,-0.002640639153506319,0.0534549340894932,0.0935093396130835,-0.08985789602776129,-0.12074497761962522,-0.011671461736662336
2023-03-20,0.024439738200686567,-0.010332053501910798,0.0329789598521405,0.14155018061670077,-0.07974288456419532,-0.15113298787115548,-0.010188008943938731
2023-03-21,0.04279180037521846,0.0010196921886809207,0.04010650512193792,0.0712793980738251,-0.10077580108989881,-0.06782284164081065,-0.01675816950207787
2023-03-22,0.022452018830065312,-0.01498351399365927,0.028991079485616522,0.09307681798688971,-0.08404556498949078,-0.030775025678872026,-0.04707899440561425
2023-03-23,0.01895692768418389,-0.03174111036826088,0.001918801196731823,0.11119307282560786,-0.07661586854653846,-0.01400248186695241,-0.046827754111926856
2023-03-24,0.024176294774552076,-0.03430432352906754,0.014022788055786717,0.09846729804287868,-0.06454081214616958,-0.06635194170740566,-0.011037754975794956
2023-03-27,0.03301747197892135,-0.01594871710631851,0.0034688967786014047,0.0660546248607341,-0.06450421947477125,-0.057694955001776904,0.01567826232548275
2023-03-28,0.02672119393559047,-0.03355034979777505,-0.011515587394899551,0.0582481820648546,-0.07680116062905373,-0.025851605517093312,0.05394197533943479
2023-03-29,0.037620834528575564,-0.021434449746923767,-0.003771826785962773,0.07447747500480961,-0.056757574111434006,-0.08755465693286935,0.05532252622269862
2023-03-30,0.009296846807894443,-0.027176574403166343,-0.022360598540270393,0.07983327715359012,-0.05171939443185658,-0.029310006777795272,0.04232318672959379
2023-03-31,-0.004626169213739928,-0.046194327942894464,-0.054635876100832315,0.0970315131368622,-0.02163958884189765,-0.05620612451851115,0.07319051474392069
2023-04-03,-0.0044153112193552335,-0.04545447281467829,-0.06797090291515251,0.07350907741651413,-0.02779424617190618,-0.019081348757590044,0.0937056691811835
2023-04-04,-0.004957085870960221,-0.050883606103599766,-0.05428381443576957,0.109685112769208,-0.04283157110977831,-0.03353602925038912,0.07123221316302353
2023-04-05,-0.007073551587945426,-0.04532842779036961,-0.05692460948915634,0.10872289300465043,-0.05685622854947703,-0.03337645436793135,0.08590747791190767
2023-04-06,-0.011594315837501368,-0.049437838935852074,-0.05777375192977341,0.09761350590038775,-0.06898979893648749,-0.010738019004714494,0.08890521659069062
2023-04-10,-0.02648853420757935,-0.06926240773953429,-0.038513316015339916,0.13351479876907568,-0.056567800175085114,-0.013937466607884308,0.08156591408383917
2023-04-11,-0.0024705127559288,-0.05177222107544699,0.007422177278929798,0.07248683507064468,-0.04742682028632128,-0.023773554142851094,0.06141500375287756
2023-04-12,0.03423414518051138,-0.032287135556589686,0.01081276362884065,0.009025579285940388,-0.0458379362578788,-0.04970485103350741,0.09339128493595195
2023-04-13,0.03282349863275935,-0.01248866137247906,0.017449878480226833,-0.032539038769241024,-0.058753254504976815,-0.030832102082073543,0.10110449839740698
2023-04-14,0.03469660788968121,0.00383444785523146,0.042449585147838365,-0.08181035957917926,-0.07990989753115374,0.003513439419483455,0.09776192868276623
2023-04-17,0.04691651475740266,0.017770894693055816,0.06347432617886373,-0.1104280926687129,-0.08407965365047898,-0.009828953168673937,0.09439641873889248
2023-04-18,0.024925145188305242,-0.016393933221873436,0.06629793147742302,-0.0477308510610146,-0.07206605070709327,-0.028022713103378005,0.08656524644978714
2023-04-19,0.012309225519640643,-0.059668416562827065,0.046278617716352555,0.022796705048925503,-0.08125026029810944,-0.03401863808960759,0.08785998210126489
2023-04-20,0.02796532099190041,-0.046277461106860596,0.06051583588673859,-0.002917696887671184,-0.09566126914742523,-0.032671209189044426,0.08261551916506416
2023-04-21,0.022268252287899193,-0.06379771394362999,0.04011649838123943,0.012052501078199995,-0.07325576903470854,-0.013983795811338129,0.06579481945349608
2023-04-24,0.012740908425059483,-0.07100986358606143,0.028206509086431186,-0.006966968600518264,-0.042951922781320095,0.004751954920133361,0.0687545777624391
2023-04-25,0.014743422232702752,-0.06357565335956439,0.02355489095073815,-0.020546710649816724,-0.020997741373761647,-0.00973804873069306,0.06407779555988802
2023-04-26,0.006642305288160011,-0.06744085448705284,0.02507390742035409,-0.018357237338893828,0.006835672603761722,-0.0361333870184225,0.0687378443205876
2023-04-27,0.010662778251252059,-0.08306028804917176,0.01024306428283528,0.0016541191706815894,0.010456814077410836,-0.03153823697158631,0.06699627264385621
2023-04-28,0.004989062649961573,-0.08690989814497085,-0.012295955325219765,-0.01741101293276337,0.044413972031578486,7.471255586954939e-05,0.05457629026434008
2023-05-01,-0.010793535777488095,-0.10095391718662827,-0.02516147402131219,0.00398281039553483,0.049652310547542156,0.02228956989123143,0.043895852245835254
2023-05-02,0.006246475958062159,-0.09211331381147536,-0.04377977701166014,-0.019547342005374446,0.048902983885312445,0.023952866846187804,0.055693601486477506
2023-05-03,0.005079880013602933,-0.09479146503301683,-0.06194800739789996,-0.022998153038615854,0.02558711993031293,0.07964861827465597,0.04252209814703467
2023-05-04,-0.013581069136494484,-0.10190443735153953,-0.07630891420377262,0.01295119738418693,0.03512386949994872,0.0795542815924758,0.0335800927881722
2023-05-05,0.010099877896189047,-0.08338629867335767,-0.058502850374779536,-0.0061223265441872066,0.06886461158571122,0.01152070569782726,0.045335744466885486
2023-05-08,0.020037813865241505,-0.08895052454570096,-0.049606775729562846,-0.0288645019566518,0.06252396194652565,0.05463051503311589,0.021953606862649577
2023-05-09,0.026135764676152418,-0.07215166400560047,-0.04903310397964522,-0.035456583746635406,0.07552012761784777,0.018644713927040812,0.0322845129731818
2023-05-10,0.03929366648412347,-0.0812131009595064,-0.03141967588396022,-0.0575409008125809,0.06325793502267751,0.012834284455838674,0.049225066099079395
2023-05-11,0.05292098841121429,-0.08427911161022184,-0.01837711522637231,-0.09605625556552289,0.08078029159590228,-0.001263847975274346,0.06508933774035097
2023-05-12,0.02245456000528101,-0.08657341294298027,-0.007757022624665266,-0.1323115147030518,0.12454478232247113,-0.02898455770773234,0.09978524801382882
2023-05-15,0.02470293323203243,-0.08241040929669452,0.008553551064179654,-0.12028670659470242,0.10140713175274085,-0.035936224204781264,0.08895686974954597
2023-05-16,-0.015861060416397565,-0.11435925974007788,0.0009792566640984823,-0.051615461816614694,0.10486791380096272,-0.0304597730439633,0.07971934696976246
2023-05-17,0.0034967301253108207,-0.09438518597612067,0.008922372986876814,-0.08609714077020891,0.10907487415970263,-0.03367491845566217,0.07407919724226375
2023-05-18,-0.010029197863160477,-0.1109550650116472,-0.01861129892027691,-0.06877364715358514,0.11138816764615722,0.0026306219630777283,0.06971022192966692
2023-05-19,-0.008633400785294731,-0.09200721224353825,-0.022194288328088785,-0.08889274344707587,0.12313744058786125,-0.03217975695686737,0.09433552236697484
2023-05-22,-0.01871542995146569,-0.10803105766922227,-0.028745000885694427,-0.060856117588095504,0.11278756421553571,-0.01783919488913921,0.09269328198599669
2023-05-23,-0.0278155878685169,-0.09717356669827326,-0.015160831011498566,-0.058026619898726484,0.10751165146891206,-0.023346546270796464,0.09343467473298506
2023-05-24,-0.01724553304282006,-0.10659327449340039,-0.023957669632078904,-0.07584468823167256,0.11304100282156881,0.005260386846367315,0.09046669599479173
2023-05-25,-0.020912713071345235,-0.10983374962734982,-0.035178684381562686,-0.09865911092046264,0.1130954347945673,0.035327193796626966,0.09484483006587086
2023-05-26,-0.013116340886000444,-0.1050084851011549,-0.012370518273273623,-0.0780826184490575,0.08049825021154178,0.007984816815234663,0.09731529799935001
2023-05-30,0.009559469796558417,-0.09444746692285366,-0.012840402080373847,-0.0997353000860346,0.07724530172874933,-0.00308150253357653,0.10493222059653362
2023-05-31,0.03928681537090173,-0.11148574750001539,-0.027682038355681726,-0.11166170347391846,0.056410359436337876,0.031725511868501144,0.09778380209094417
2023-06-01,0.027739798724768616,-0.09080402408780985,-0.023416233046357204,-0.14531755631354892,0.06589155038790773,0.03706820568815883,0.11222672650512566
2023-06-02,-0.010876862020349543,-0.09641913192503204,-0.04574890208420257,-0.15182580526438683,0.052546091869832945,0.13107235989904287,0.10464830563616967
2023-06-05,0.0022738135460967923,-0.07885385509031273,-0.04498683361076217,-0.19704578120589078,0.01799103064912666,0.19591236481207175,0.09408920943851773
2023-06-06,0.0703142127147458,0.007159510485244436,0.008078405670113975,-0.2649833236420007,-0.05951080211384274,0.15393203021288882,0.08524016429087111
2023-06-07,0.10558564269309323,0.027444491107261992,0.041210971735545776,-0.27057493585793946,-0.07236539416131949,0.11134305676722811,0.05875295150283599
2023-06-08,0.12430476069711838,0.0032839941940392414,0.005703365244731362,-0.24228621889505142,-0.062057589914415456,0.12713735494006673,0.04509098682307
2023-06-09,0.13429343519617642,0.0018433681025338267,0.03828312478218843,-0.24047703197194226,-0.078323894706823,0.10746266650544001,0.0370096251131401
2023-06-12,0.12326185740258966,0.018427496409747057,0.03753514218036513,-0.23755577246999549,-0.07222572918394976,0.09581773827825724,0.03201032491868083
2023-06-13,0.1645352739276884,0.040377293659799474,0.04935310285296168,-0.2334639292490608,-0.10596624190905923,0.055508995108266346,0.024886071439949475
2023-06-14,0.18755662876498347,0.031228796993209018,0.06979482322309205,-0.21978471555948476,-0.11394566478993884,0.02758378643667192,0.014463978786600107
2023-06-15,0.1818690307967643,0.050802872233815854,0.04644289738952079,-0.1892143803507489,-0.11939136808314577,0.04764186866473308,-0.0060832372595091
2023-06-16,0.17990296103875636,0.052647376643708776,0.04240253098198066,-0.20508997521072336,-0.11731959467382769,0.06076596574991444,0.019715675469073934
2023-06-20,0.14610888284699763,0.07465508991684655,0.032564087219095095,-0.2922368003017506,-0.1703195013971015,0.206165994811087,0.03270434960833257
2023-06-21,0.15393854204586477,0.08214744000230167,0.027030033819119614,-0.26328981188964473,-0.15293518416689955,0.15878677522898377,0.03702175658853302
2023-06-22,0.11157218938697544,0.053695335185309556,0.023217380059022075,-0.22750565421892155,-0.1639445026940891,0.20204750583341657,0.027783471622197742
2023-06-23,0.11207606139674864,0.04578994508314804,0.028828536751794642,-0.24352824993545852,-0.16414420280115993,0.23630228632398786,0.015528665185379542
2023-06-26,0.09814129458769916,0.08624552648344275,0.000649226768158373,-0.29645650273952784,-0.16611747922525577,0.3396243895232711,-0.01894195022392242
2023-06-27,0.09041848570271172,0.08057211298089251,0.013088019954550667,-0.23424899007178546,-0.1729417563721367,0.25012082975956473,0.0010796692858731083
2023-06-28,0.09467705621256028,0.07930365995595579,0.020718589813955024,-0.24439731492556227,-0.17735352519927505,0.2546413010328217,-0.0003080620578688187
2023-06-29,0.10254693687541439,0.07491752028463128,0.015120739444459241,-0.22581234934263916,-0.1635248466835788,0.224286452963395,0.006299169074501121
2023-06-30,0.08922378025400368,0.057219718825024746,-0.003959626352692647,-0.25517325357120635,-0.12664916696013018,0.24597449019894624,0.025694933817542065
2023-07-03,0.09382476089906544,0.0508983706021886,0.007762619339162891,-0.24609430075649064,-0.12557967898038846,0.24010220609504485,0.01308493889211304
2023-07-05,0.08383108358616087,0.03409918502191944,-0.009640532849279015,-0.2412502956659064,-0.1160835009889416,0.26491738761765493,0.023229930763907447
2023-07-06,0.06742717647791574,0.007992600495463575,-0.03356586754411306,-0.20198191245391106,-0.11884279913711993,0.2879962191569321,0.006416293072152857
2023-07-07,0.06822477211577938,0.023258926267426316,-0.00998376855332972,-0.21530511940194463,-0.08309529247317271,0.23704332944291684,0.00416129866499948
2023-07-10,0.05796966261146275,-0.0005977407361166254,-0.016393989451849222,-0.17654624062057023,-0.0902584663977577,0.24553659108584003,0.003549751443004734
2023-07-11,0.06862825182366139,0.014576660988849133,-0.015472106391912321,-0.1799536475489436,-0.10702930084454998,0.23503172696174213,0.007416375197491387
2023-07-12,0.06719558750905219,0.03171434896636449,-0.027547241899617436,-0.1668666338810274,-0.11439678279056054,0.20679655118535134,0.03434036442880173
2023-07-13,0.07156474283905401,0.04788045680275754,-0.042543624152608484,-0.1972738225648052,-0.127557180867357,0.27126722047032215,0.017311125690801843
2023-07-14,0.05564901963202784,0.02317393760300135,-0.05877114461751831,-0.1570720970062096,-0.13569998741682887,0.2575952071480909,0.03690402918209368
2023-07-17,0.040982606231454666,0.039834314748131705,-0.0491996228897591,-0.19327159021426388,-0.13514399152258738,0.3019120823998853,0.03945880992994155
2023-07-18,0.050533213083149287,0.03725390768744696,-0.06026193990064077,-0.17279586586923523,-0.12052321616880945,0.28423014603603924,0.030419033532139594
2023-07-19,0.05461455558607353,0.03431152348955946,-0.07659094893175089,-0.1347553782592823,-0.1270509323122424,0.2635766197933027,0.027895480599800626
2023-07-20,0.058807373052462975,0.04382817941703476,-0.05838779690110796,-0.1538971777894691,-0.12967403710916825,0.26803308816311944,0.017454438514056148
2023-07-21,0.05730255467547507,0.05353291352244982,-0.045722548853098566,-0.16777367510104213,-0.11742441919776825,0.26045893839093326,0.01568069128031646
2023-07-24,0.04164098136325789,0.03917425028713262,-0.04881714504732049,-0.12206775167780437,-0.12233243675181882,0.2488261216988401,0.017053892376206026
2023-07-25,0.056483116164776526,0.05471605865335838,-0.05435020897903464,-0.11708402370617765,-0.1329555747436436,0.23896227399688152,0.009725502569771893
2023-07-26,0.05878975990849056,0.05966277412685206,-0.029106295323555686,-0.12772488433564533,-0.1302133590044835,0.22470675530158202,-0.0006590548720256661
2023-07-27,0.058188704629626775,0.052877873328216696,-0.04963869708276958,-0.09844313843569319,-0.13719972551203652,0.21180539458441783,-0.009323946796486404
2023-07-28,0.05650112915907113,0.06255660857113843,-0.04105930027022908,-0.10325618043658036,-0.13872787718598445,0.22861348667512016,-0.027612636807130553
2023-07-31,0.0687102074043433,0.05603660974278846,-0.04592165207489374,-0.07535132672855793,-0.140872279879098,0.18210334465014966,-0.007312888246935434
2023-08-01,0.04281378981273143,0.0856121954337945,-0.06650810602313362,-0.06989425738528965,-0.1654802253639247,0.17717077042113671,0.024837912297053233
2023-08-02,0.046226218802517316,0.06826641665203792,-0.07716128440956238,-0.0455167279222668,-0.17156006554857794,0.17756281414132724,0.01660875607172385
2023-08-03,0.04281863679644582,0.056436512623450286,-0.09361050308574148,-0.05506231707850362,-0.15921982176509808,0.23572283629710244,-0.01654687779131192
2023-08-04,0.07447555637025549,0.07697296262168396,-0.07541502864585148,-0.06387753329436219,-0.16656815321184038,0.18774476586278332,-0.01886924979419069
2023-08-07,0.06498862637490688,0.07468525113599589,-0.07619589774493507,-0.05884437878077975,-0.1594083567078879,0.16607631980139548,-0.0015010240172584899
2023-08-08,0.07896593642900052,0.08862609142332367,-0.055218927674274054,-0.055502605132687455,-0.15714419343204766,0.1272050695454694,-0.008545333830810353
2023-08-09,0.06950894430610166,0.07899976622704763,-0.07507865901808675,-0.05155593683601101,-0.1362862934866338,0.12308478638793652,0.007409879732141356
2023-08-10,0.08625815293540162,0.10365188076308174,-0.0721714234557056,-0.06747470228339902,-0.11913122486629435,0.0658379810749874,0.022320201958889507
2023-08-11,0.04691239843460737,0.08992292207586838,-0.06759177540109684,-0.06089070188395351,-0.11378424286508937,0.05877629386233307,0.06401906260127499
2023-08-14,0.027191000148016897,0.03469134323886336,-0.03833091597770455,-0.027756112655011878,-0.1296734216435801,0.06750886962211489,0.06764623919019375
2023-08-15,0.016995375356136266,0.024295846275637745,-0.06684193602453647,-0.03703766455645274,-0.11192146910453626,0.07476786731557539,0.09721748325876034
2023-08-16,0.006538246787529012,0.008621057802041587,-0.09031137791256261,-0.02070191435714075,-0.07330840272762829,0.09337226976640722,0.08124351168356769
2023-08-17,-0.026732777452307177,-0.00916464564754027,-0.1355180162959333,0.005126977826314327,-0.023762726712115323,0.11101396643674288,0.07540561303378435
2023-08-18,-0.033490777529721294,0.0021133480646813307,-0.1295833494268579,-0.00019944787728043423,-0.021896512889090003,0.0900598787403939,0.08581223756120959
2023-08-21,-0.021297589867602884,-0.003524266938755627,-0.12076910700339827,0.00817586944541393,-0.05264449143891137,0.09585470496956572,0.08159795828787941
2023-08-22,-0.025428866663591343,0.016517569167952884,-0.12409354389198168,-0.013715009263740363,-0.020353215252821633,0.04169184530556369,0.11933630310124888
2023-08-23,0.0033124809601750016,0.012964663507013974,-0.11954767516677389,-0.02078852944153131,-0.019920670783032834,0.047498515415998144,0.10375531373429447
2023-08-24,-0.018353309891388836,0.04045544520291999,-0.11171793660533491,-0.029321984831491177,-0.04407926848963539,0.07417530625796909,0.08986916337574069
2023-08-25,0.005180386342762411,0.05352253551150499,-0.05012074005956091,-0.04682472149053507,-0.054681263981639194,0.04019146603333201,0.05911533082359455
2023-08-28,0.02892209253588085,0.09145084725133579,-0.02056442035568673,-0.09076754714485613,-0.06707862354326088,0.015586359617447476,0.06367381898286606
2023-08-29,0.04825027382183755,0.10139568084421202,0.00015411576445001351,-0.10006400147369421,-0.0923991847553528,-0.002917500776032922,0.06873436336060856
2023-08-30,0.06537982105324658,0.10433531598249002,-0.022736647421486067,-0.09283884373239437,-0.0945481579385754,-0.001483267860082682,0.05827987576641824
2023-08-31,0.0715487697299182,0.1094513228044749,-0.019568454391339918,-0.09339131852395166,-0.10069314239363902,0.01883496891768055,0.02779720647142292
2023-09-01,0.062101514978286865,0.10017017431591646,-0.04634452036502079,-0.08703776328078616,-0.08718943769754206,0.012824359739281643,0.05002947177631367
2023-09-05,0.07154447305039557,0.08541354157318382,-0.029843721742884854,-0.07640822479337861,-0.10036186375698808,-0.0068216160131453485,0.043962227791239705
2023-09-06,0.07361660315172514,0.07666559446852017,-0.011659702070289324,-0.07289846123378241,-0.11139132184226341,0.00029020574269100763,0.028516088820356167
2023-09-07,0.08651737791114233,0.07851386363076784,0.00415729410583876,-0.07840640147829014,-0.11569142697668877,0.008634188057910164,-0.007755843044423116
2023-09-08,0.115025422133612,0.08207366168829822,-0.031895264143080304,-0.06270589898885426,-0.1365050330099945,0.018809031906071194,-0.023766396189616623
2023-09-11,0.13709221153795847,0.09687702920098973,-0.014119816282299968,-0.09117237447516513,-0.16058591927233756,0.01833775713180752,-0.03248700915377423
2023-09-12,0.10062297217942362,0.07679925154319278,-0.024419820129782943,-0.09801716080059864,-0.12019554506811003,0.034790468508239636,-0.005499971987866892
2023-09-13,0.08242484645313874,0.07183550501790714,-0.04895640643610033,-0.08036121183406064,-0.10032257500586683,0.04112313166067949,0.002946074573635049
2023-09-14,0.06771800205986378,0.07491633300947709,-0.04197086354502644,-0.09357411510396929,-0.09052804088668742,0.054210223677546354,0.00444442408788126
2023-09-15,0.06534386439009321,0.07380229812455874,-0.0337741591897327,-0.09221992352891029,-0.11287984768945292,0.0768940683582986,-0.006720856272858455
2023-09-18,0.043336034699433146,0.0760087616880587,-0.04297110333151033,-0.10119666113695658,-0.06598026788389344,0.06599904274071422,0.005385976503665901
2023-09-19,0.041042722411862576,0.05763264794395928,-0.0481623418284034,-0.0827915729857287,-0.08268751011049702,0.07529292759862605,0.01148248196100976
2023-09-20,0.044323435556635316,0.05859364943629286,-0.049441050334209535,-0.06313450912051666,-0.10495466098606532,0.07257051061750719,0.004705722759736575
2023-09-21,0.02672608711185398,0.04922549712215818,-0.05705028296725234,-0.023871559691709843,-0.12232519310875689,0.08025825643192919,0.0069015554376425925
2023-09-22,0.03499101520051551,0.0434539951953532,-0.0672950302004276,-0.026717332285812967,-0.11919691029480173,0.06750608557800275,0.020296432418607457
2023-09-25,0.044634000609490077,0.04533963504526062,-0.0774855816225315,-0.022437748593321594,-0.14360601540982898,0.08672916609566772,0.01221151561930367
2023-09-26,0.03562273363669188,0.03157002799774977,-0.08553167039982501,-0.033671030741324826,-0.1450676590345309,0.1189033273815483,0.015924189980695114
2023-09-27,0.013249003433670081,0.02027163441713231,-0.10663305706151016,-0.00016636579869588886,-0.1266139025498525,0.11671174901385384,0.022525823126912092
2023-09-28,0.018286797764669016,0.02134019621532124,-0.08716912850458747,-0.009866122972782998,-0.1254605683667287,0.11227995883785846,0.011734121223802796
2023-09-29,0.015122499197897543,0.008883014310549164,-0.10735783920056519,0.009419089067063124,-0.13773404985313342,0.12339168614122942,0.011873359947452311
2023-10-02,0.003907653509732656,0.0027612662252523013,-0.09004463659824813,0.01687009376228854,-0.14542312059959506,0.11086520688761103,0.017441906423697362
2023-10-03,0.02060552802870763,-0.005868396964958222,-0.07315269583429007,0.02105266120771132,-0.13632790832443326,0.035893638972088526,0.03172406006028483
2023-10-04,0.01719899353920784,0.0007736727762428508,-0.06913339516684136,-0.011127558774373991,-0.10025551849651498,0.030265327725945923,0.028101978810174066
2023-10-05,0.015990724880401652,-0.01500623332710993,-0.057206272058148766,-0.038854904812013924,-0.07924714673166922,0.06069119998696593,0.01942479410621012
2023-10-06,-0.004494267266619056,-0.03095239839621078,-0.06464726632698481,-0.06930186307514496,-0.07246713303340041,0.13329444891729714,0.020408453234377122
2023-10-09,-0.04749079257723898,-0.06894909592003451,-0.07919019889923007,-0.016462812800029925,-0.0534573775611637,0.12801907533339008,0.04483872213860052
2023-10-10,-0.07969880663498063,-0.08013178913750307,-0.10188089014739998,-0.0041727803619993065,-0.03180719551715738,0.12157353215133582,0.07785518085487475
2023-10-11,-0.08693228611221748,-0.10101732686788734,-0.10380937517203348,0.002620554070624337,0.021841717853612053,0.08551447426709324,0.08936740423109946
2023-10-12,-0.11818053875985046,-0.11139648266468472,-0.11021257329955825,0.03396880546857228,0.012703584956147651,0.11373513109130373,0.08688090288595052
2023-10-13,-0.10870524151156613,-0.10125307606280787,-0.12927513818459824,0.04200407443485976,0.013708869369995103,0.11854741090839327,0.06662804869189898
2023-10-16,-0.07556163074750355,-0.067641427889926,-0.12844913609367103,0.03859696989374939,0.0012819940497061366,0.07467911233399493,0.06781790807179222
2023-10-17,-0.15557324166704523,-0.08518622817555066,-0.14670891095644634,0.05138323089371166,0.06144774181394941,0.07720487058784498,0.11534473949748192
2023-10-18,-0.1638917143349743,-0.10129884992306049,-0.15987777603397402,0.040008732243426826,0.11172669245998135,0.07067678312326975,0.11270259865095111
2023-10-19,-0.15665085154864378,-0.07362339116144989,-0.14416824574848652,0.011409308195472478,0.10565743606835032,0.03243766926253078,0.1143998472912151
2023-10-20,-0.156525191809191,-0.054581933632390056,-0.1489559922176411,0.0071825596485683985,0.0982666774328374,0.026776974927072317,0.10823804443407947
2023-10-23,-0.11102780668939483,-0.03037100280568117,-0.1242578979536968,-0.04972701082377351,0.02005220937100466,0.09553952980651781,0.07764277693012445
2023-10-24,-0.12141788863781189,-0.04995735989163275,-0.14343016485097482,-0.05115967491183393,-0.0006038024559552602,0.14141008492665064,0.09474636429767813
2023-10-25,-0.09191396770078408,-0.025016533225258764,-0.10597792122738081,-0.08580995863174201,-0.011123126523234772,0.1181070495690244,0.08631657689179606
2023-10-26,-0.10018785388596885,-0.0060663464603591954,-0.08531608727901485,-0.0951938086538835,-0.00017719174321184639,0.09888929740436403,0.07633060999805019
2023-10-27,-0.08396203085709697,0.012659635973959915,-0.08190001707136241,-0.0971511817933941,-0.0322566355112891,0.1051325361212927,0.06021310796402213
2023-10-30,-0.06285467374815434,-0.00931762895064936,-0.08987544108130296,-0.09823270601880796,-0.061430169978546334,0.12021867278007181,0.06362242278851526
2023-10-31,-0.02227056409127126,0.032319176916307146,-0.06042873397879167,-0.13417374544333782,-0.08429844691127736,0.05529381352121643,0.06575346168948137
2023-11-01,-0.015578656261963975,0.04989266568402595,-0.02705868943133649,-0.1366993010766666,-0.05938756988684041,-0.001809237268479924,0.058887256512524244
2023-11-02,-0.023268044358217166,0.06416274135210909,-0.034619504616036245,-0.1289626986894281,-0.0530767630523612,0.011882065612076387,0.044760027000887104
2023-11-03,-0.019310883518038224,0.06830452190231995,-0.022341170425612455,-0.13256394229852608,-0.09403750432770097,0.047726185765464946,0.039508226850355266
2023-11-06,-0.0060404083806744335,0.06508128687601467,-0.004726774738810446,-0.1470635877940054,-0.10997072487126952,0.05269079417276501,0.02514915391991368
2023-11-07,-0.005489675608352895,0.06679137643266042,-0.009234004344707891,-0.15950685186057356,-0.0957230251924781,0.05273412606770389,0.025652742018076546
2023-11-08,0.007264873035952579,0.06744067712478174,-0.02322114163282163,-0.13686845304435935,-0.11289783883478338,0.02923594258823692,0.031060570375538443
2023-11-09,0.004680150224680268,0.059799307542130586,-0.012007082923723766,-0.14989595510125242,-0.11321935326403376,0.06312563834722984,0.013384198781680512
2023-11-10,-0.00840068821801454,0.07246553646316167,-0.011421983886214182,-0.11863610025330917,-0.09693497991019712,0.023860034337801483,0.005487510555004738
2023-11-13,-0.006079004111747999,0.07438607693327048,-0.009190235260068125,-0.12597309047297767,-0.10557121111636725,0.02510715216520576,0.010652024120934134
2023-11-14,-0.018074375934483244,0.06139155094115645,-0.010681526471109537,-0.12122519636192419,-0.09516893794880793,0.047355565970593094,0.011709964175995347
2023-11-15,-0.003146637365854854,0.06597480210032147,-0.018667892715987344,-0.1367166790180807,-0.1319889221317222,0.11932923087312619,-0.017402614911511183
2023-11-16,-0.006447729164462013,0.05154999704241403,-0.007118996285736312,-0.1341640417712937,-0.12200376552020736,0.08824199654584941,0.0015858131204541381
2023-11-17,-0.012689907459170424,0.05494714636134579,-0.014541631079404871,-0.1253066102867526,-0.09826905752218401,0.08509039387332717,0.0009061175626676743
2023-11-20,-0.13832408933453388,0.026194709757391577,-0.0460505701402536,0.03637866940051726,0.028157358137800625,0.0411623274009989,0.007953089479761477
2023-11-21,-0.12247736363180928,0.04394045949744507,-0.08055181245689247,0.037827450445406585,0.040505406116282616,0.03807950532815774,-0.007864317304352442
2023-11-22,-0.15126081630703214,0.010224820976262539,-0.18885517281758601,0.09468806002413177,0.03255411406150954,0.10855072271074095,0.01978593700247444
2023-11-24,-0.1787802228509905,0.02265403469542182,-0.10636776331873343,0.09510584778803621,0.05080709209617562,0.09512381466795405,-0.002270776158814103
2023-11-27,-0.1406717277946814,0.06354818781603155,-0.0711754913432594,0.06568057477160516,0.08316012186901678,-0.0003130797995960499,-0.007821361514224634
2023-11-28,-0.08266651506675826,0.09035620855616111,-0.10643286597004153,0.06994052770328651,0.034624335516622584,-0.013263618579355763,-0.011097705335103347
2023-11-29,-0.09461087022546355,0.08282925404690111,-0.0741106333401369,0.04835096583903886,0.03830236707868717,0.007027327684950402,-0.012192311431597602
2023-11-30,-0.08985881120616734,0.07912507346628228,-0.06805336788320959,0.030848593144712,0.04297681820607513,0.0010411980861475545,-0.004816201239244533
2023-12-01,-0.07785546454100922,0.07055149315486609,-0.06970376752837715,0.018772739784078674,0.0060456811250806375,0.06123310983176822,-0.020412075587497025
2023-12-04,-0.06408899977961102,0.052285276956176796,-0.08637086746230738,0.022313089668859254,-0.02270262968779857,0.08511877301638471,0.000280066091109088
2023-12-05,-0.06773372720632054,0.024241041759962778,-0.0819955547220983,0.06727601243326364,-0.03403606051810282,0.08665588502542776,0.004091959776435061
2023-12-06,-0.0612165332011152,0.018799623204812654,-0.09055620276374232,0.044451915957901544,-0.018903554099110376,0.08645747549547522,0.00837316890933959
2023-12-07,-0.06539267953037453,0.013344056217431843,-0.109963888986782,0.04215443197742963,0.01676183456763236,0.08059883057996031,0.011008541400117533
2023-12-08,-0.06715738566706797,0.016650684395629556,-0.11162098032624024,0.05615052251327057,0.027883735781896735,0.08474824124732794,-0.004682304870398335
2023-12-11,-0.07471920332628512,0.02325018064504647,-0.10639660121460959,0.046032714635406036,0.03480344519807188,0.10541188067322427,-0.02192751253087133
2023-12-12,-0.11470098950813479,-0.01832789361591103,-0.14887982524511778,0.03466154224292106,0.08375653427862206,0.16618732080890286,0.009641499816052335
2023-12-13,-0.10442380922176997,0.0009673382498720517,-0.1047476915842045,0.032007776947658106,0.0784299218011647,0.11806438738364067,0.000775339206585901
2023-12-14,-0.11180303330630781,-0.011593960278031057,-0.10377530826864079,0.040550539017290665,0.10375140469333233,0.10139961030143363,-0.008824381725107022
2023-12-15,-0.15914881280339688,-0.027582058833354628,-0.13597544054683808,0.023255589391991682,0.13144991017724172,0.16697601971052256,0.007053235190858098
2023-12-18,-0.1516689811585208,-0.014723911919057642,-0.13707743517280813,0.026086687783523965,0.10274231200627204,0.17983677939685094,0.018668813648628824
2023-12-19,-0.1385236167075321,0.0023856298982045665,-0.15553325533205498,0.036109718089545106,0.07062696583024342,0.15999464107832395,0.04073360884718191
2023-12-20,-0.1047306698268955,0.044247475503352396,-0.11224592968792502,0.041094174983667076,0.07513925385423637,0.0573799064413727,0.013183410973752752
2023-12-21,-0.10021927507791406,0.035285189371088155,-0.07611675639632653,0.02404371555182694,0.05778190318870258,0.08020511627091897,0.0014737636055424108
2023-12-22,-0.07582493882861097,0.04742664638882621,-0.04254800491081423,0.008677408072421455,0.07356790745569797,-0.0009411067295652664,0.003649344356528861
2023-12-26,-0.09924541127355369,0.04183651019487056,-0.05734683089945869,0.00517007091448618,0.07302713789437887,0.05013308015455831,0.0046150796256514415
2023-12-27,-0.08582202693513441,0.03898156146740206,-0.0393927737216182,0.0037982390776398756,0.06987754941671298,0.026917394957912677,-0.005136043538364055
2023-12-28,-0.08949258815088879,0.031113457630156827,-0.06371700729299579,0.004365716376719009,0.06652319696498021,0.07125267606489194,-0.013261456648717473
2023-12-29,-0.0961147856088509,0.027612992712973128,-0.07600881082890143,0.013959638428546084,0.07533195514775948,0.05681624070485203,0.004194662336782784
2024-01-02,-0.09222591032215499,0.021548909118952686,-0.09905178911714585,-0.011820298732603485,0.08957683025365193,0.10277850240594022,-0.009988330712783045
2024-01-03,-0.09309685793487255,0.009670348760692615,-0.11025474935250701,0.013694509336009908,0.07498296459512055,0.10011075327641583,0.002475520877236237
2024-01-04,-0.08992442785646748,0.011474181445884746,-0.1290468697375028,0.010476170317084144,0.04225969105885308,0.129311851691007,0.012605392618218358
2024-01-05,-0.07511474473838797,0.0064101118254698,-0.13424464748187748,0.03938448834873154,0.044304532504568894,0.0849440655028384,0.01876584847298024
2024-01-08,-0.07588871073788384,0.006245517605367512,-0.1141613317235356,0.031319496551229564,0.0337823382260557,0.08088124547357145,0.025662223664165706
2024-01-09,-0.08475183607365477,0.005683233770654272,-0.14553870305652705,0.04567144955779101,0.024827158620442602,0.09380554574729416,0.021566115780662587
2024-01-10,-0.06585460260383491,0.006384457615287387,-0.13010714803059598,0.012566950423828604,0.023416667021420867,0.11576663126835651,0.011925114973744932
2024-01-11,-0.08092781907881652,0.013993843323617527,-0.13120884453068293,0.024729664283591912,0.02103818570546878,0.11338421539509991,0.010439957729686977
2024-01-12,-0.08594053471347518,0.02274182401018976,-0.1308611063556021,-0.0006125485473307268,0.05546560301995607,0.11534153890893917,0.0024949242320875253
2024-01-16,-0.07146780396883301,0.03833910369631166,-0.13970938853920067,-0.04212236683234716,0.04796641242873079,0.10556297857010932,0.024267033153210882
2024-01-17,-0.05948520987560735,0.08477289091467943,-0.10479635976012569,-0.06163378096550298,0.03867541144085318,0.06138829637949783,0.011299751137324732
2024-01-18,-0.05376406090096486,0.08116055816374845,-0.1025198260338206,-0.06648845428098493,0.024890737670441365,0.10699270452340359,-0.0047006835560541305
2024-01-19,-0.05153999495453343,0.07485722469549838,-0.0727954291916657,-0.0634482678706425,0.023556267347397908,0.10507880574821726,-0.01694162321647097
2024-01-22,-0.02616172135587047,0.09722124050414638,-0.027522054825588338,-0.09601521862808782,0.02818921630059179,0.07163639292695967,-0.037945726161342064
2024-01-23,-0.0011936318671890156,0.10070257990870002,-0.02613298167868794,-0.07387812648462799,0.02098263775814757,0.02598728006497364,-0.04721683617270589
2024-01-24,0.012703158297161732,0.11027005139206203,-0.02253211621250495,-0.04744233465336922,0.01472946386257279,-0.016033786935932604,-0.04726203110178728
2024-01-25,0.029302023828066126,0.11850039676765878,0.021106547668644282,-0.03621455418911701,0.01863711920795319,-0.08036029609148443,-0.051004659381909345
2024-01-26,0.055110269386047905,0.11289344961073322,0.05168160087812401,-0.03750845258830782,0.020081948749628764,-0.11058235209721223,-0.06573133471574533
2024-01-29,0.076562189766602,0.10200869529825463,0.022471096060960427,-0.027177719480201645,0.009850761370435168,-0.09769400960001295,-0.06694912554699517
2024-01-30,0.09105618073662303,0.11810976810271634,0.006598080092568903,-0.03924686366133878,0.0034174390032739588,-0.09127546875452497,-0.06948261284318091
2024-01-31,0.094257228735656,0.11469257439621794,0.011310774784831557,-0.03988093277518989,-0.004314619699740341,-0.08570360966924317,-0.07029262697225835
2024-02-01,0.08997019184166222,0.13318212912216065,0.006227485143059708,-0.03731563029009055,0.005791923046117642,-0.10682599134726978,-0.06803785178059907
2024-02-02,0.09653261160181326,0.15141404390187607,0.01776598165823029,-0.052891015701812094,-0.008187573586307284,-0.1065953474091188,-0.07637902411915509
2024-02-05,0.09495049920258247,0.13853603106280832,-0.018027500337317592,-0.05333059028692766,-0.021647392661640064,-0.06547910795837364,-0.07199812183388299
2024-02-06,0.0848460441742993,0.12974389645432183,-0.015360761775192078,-0.04643468205196277,-0.025647889632170684,-0.04807512322403129,-0.07357564273416362
2024-02-07,0.07557303634066193,0.11769331395595928,-0.05929376462105018,-0.023104979045881935,-0.06363231332903962,0.030997554050432363,-0.08934110213058055
2024-02-08,0.0579911486853415,0.11837663807662624,-0.07889450210276583,0.006282681956774283,-0.073531681261373,0.005487109743063989,-0.0723822125693736
2024-02-09,0.051786758043792736,0.1145536305794872,-0.041041868587221475,0.016301018468153128,-0.04435515487490116,-0.024130618161486872,-0.09268714845522563
2024-02-12,0.06781017609678508,0.12625936170401264,-0.04379364659057716,0.023999776821417518,-0.04073187749546314,-0.04605828321722916,-0.10870509979914611
2024-02-13,0.07508435662266688,0.1280078775347695,-0.04690690771852757,0.01887805474178772,-0.0375542285891074,-0.05156898294908441,-0.10735647097511336
2024-02-14,0.07707439692187878,0.11113261219625659,-0.02891035391567054,0.022056636088558568,-0.06915559734410381,-0.01269821820814876,-0.10770990130666891
2024-02-15,0.07915246461834391,0.10318176755951369,-0.007538262950533836,0.008763222452824015,-0.057515273774730646,0.0008557038709176013,-0.1293653727831101
2024-02-16,0.10256096761974698,0.12002837631368757,0.010191047504214179,-0.0007455321932148262,-0.06598526744765809,-0.015466118378722804,-0.15373621887566036
2024-02-20,0.10498958620309362,0.14207849769675307,0.018576269316844973,-0.01676531728910735,-0.09126311252804553,0.010834760366859708,-0.16402951927033427
2024-02-21,0.09904022445952254,0.17572581615809568,-0.0034793722172370423,-0.00389462142265784,-0.09360850937397636,-0.00645553430955248,-0.1609160609942808
2024-02-22,0.07943529817947459,0.16639230218839174,0.022820334684599874,0.020081851253671124,-0.04348256895247693,-0.07022294565278742,-0.15807536074873707
2024-02-23,0.08686300576116812,0.18221189771925594,0.04044296444586171,0.006993925760688802,-0.03638026078351009,-0.1232115788393644,-0.1409498773560498
2024-02-26,0.1270819659258604,0.20677957466574792,0.06620697376832418,0.0017051455642860258,-0.05433722290173515,-0.173755513375089,-0.16304388195337527
2024-02-27,0.11664237935709054,0.2372277290394722,0.05523157073745533,0.00717158706331511,-0.09727526077347037,-0.16063023680968902,-0.1607615391229158
2024-02-28,0.13224863678062815,0.25386320910403515,0.061823760971406294,-0.007497894560143603,-0.10168429236612031,-0.1703019288442551,-0.1730918453260828
2024-02-29,0.11753905632048611,0.3186246953984655,0.08211105984222233,-0.01375788395348776,-0.10330331630885381,-0.22617598477843037,-0.174198150221466
2024-03-01,0.11088881404858686,0.282990160556265,0.07296795634270103,0.005035296074407336,-0.10425020901872795,-0.19214883398035898,-0.1651895874984345
2024-03-04,0.07147853828657458,0.27276887484189904,0.09817232334590731,0.0539920369487108,-0.08455980888299308,-0.210927244988238,-0.19329227769487178
2024-03-05,0.07519722124850814,0.27596557244631015,0.09525765563965427,0.049777341559068766,-0.12358897254462065,-0.1979238307456721,-0.1766546129687686
2024-03-06,0.1174756127189116,0.2954983672363709,0.20115169420047363,0.03990340793485059,-0.15899886063900814,-0.3063806449989124,-0.18803311221390795
2024-03-07,0.1397155271496675,0.29069883627784954,0.25530083308733587,0.03380802059463983,-0.18797571940062852,-0.2927155687463179,-0.24197706373660366
2024-03-08,0.12986482679969513,0.29177212114825046,0.24754737531328352,-0.0019692865474423282,-0.1933474429723573,-0.2501006705530813,-0.22509106609523744
2024-03-11,0.11871758684664324,0.294218012156207,0.20780887181318874,0.0035824755407563025,-0.17900980257999033,-0.23477252348340638,-0.22127331575648745
2024-03-12,0.1319713906660689,0.282333397798213,0.22987049935738835,-0.006908623277504411,-0.1560398838435818,-0.25172979611312263,-0.2265876094582835
2024-03-13,0.1722290538959237,0.3066221928012327,0.28250060441799696,-0.002630030295067254,-0.17624135652706197,-0.32670331160861465,-0.2434406668366914
2024-03-14,0.15353137251727667,0.3174250639051408,0.2599998108303718,0.013614592462229513,-0.17020822296863447,-0.3484317483953061,-0.22459388474105324
2024-03-15,0.1402318289368305,0.3286795219746317,0.27414325496362446,-0.0090248322345865,-0.13633504023386,-0.36045104880828216,-0.22184640022677615
2024-03-18,0.10163746866439838,0.289673479220633,0.24860183465833274,0.0029385022851073916,-0.09964895327997603,-0.3233252492436982,-0.1763446446497673
2024-03-19,0.08880771427740664,0.29129037798576274,0.23370578778954787,-0.006641437061596811,-0.09219442268507827,-0.2865436039405145,-0.18265795564826326
2024-03-20,0.07030099402802703,0.28300925924582954,0.22647262939550505,-0.02884065504629585,-0.058334744620919365,-0.26526768636938325,-0.1583165394316931
2024-03-21,0.07473809045543689,0.3122308458886667,0.22675906841865823,0.0031922835817614903,-0.050514748410349974,-0.3225271556157625,-0.16756808110414556
2024-03-22,0.05526314413243938,0.30311253311878694,0.22594622994668434,-0.009394537697228644,-0.03593385135791305,-0.28945484914933983,-0.1627828407553703
2024-03-25,0.06276354266031392,0.3109927570995352,0.22559556770522526,0.0015719808705321192,-0.03090814299369804,-0.30907411927558925,-0.17425971032762966
2024-03-26,0.060966100999000794,0.2994448207771785,0.21607802619838457,-0.013797972818405668,-0.029015065261266848,-0.2863889763454981,-0.1667507076302176
2024-03-27,0.05564087156704112,0.28276190031693904,0.21876446462666332,-0.014231455964163642,-0.010275779610990354,-0.2979143134916018,-0.14709434092099083
2024-03-28,0.04751582192889492,0.22345418091546687,0.2297744758517486,-0.0131827719251576,0.0035704047628045688,-0.2765543415450502,-0.14263207620460616
2024-04-01,0.05401901412941479,0.23149459734868794,0.21273809086734308,-0.02996020715601544,0.01739633104738092,-0.25505032849375087,-0.15218630005679246
2024-04-02,0.04309527543361691,0.2135238195471385,0.182256448813104,0.007969694068709288,0.0031078648915455753,-0.21918778878066258,-0.16236958527867895
2024-04-03,0.0036217686666946136,0.17820648253663318,0.20778240780950386,-0.019384754630030088,0.10993866352021642,-0.2576900134002138,-0.13706601686512798
2024-04-04,0.014458669235204447,0.18580281153004252,0.2026366855984183,-0.02490522049203836,0.09337924300175593,-0.26108785092902265,-0.13207252840767492
2024-04-05,-0.0011221259001295003,0.10876335224716405,0.2079672941622317,-0.042653416456858606,0.17113594737660898,-0.2692534921467853,-0.08239039992591923
2024-04-08,0.010066927843822349,0.09811361492270798,0.20284216359788632,-0.010862819782426092,0.13941514270419553,-0.250048494587102,-0.09306069473521972
2024-04-09,0.04764902846149699,0.10677599795883541,0.19638438543804848,-0.010610129597103946,0.1120211134163498,-0.2745197440702827,-0.07977038497614353
2024-04-10,0.08106547485299798,0.10636856581971221,0.1758127858018963,-0.008273336369791107,0.10192245410163525,-0.27807094852030656,-0.08867888331649698
2024-04-11,0.09759228960328015,0.11164706580327044,0.17190182032036105,-0.01548063309903669,0.0972383018525167,-0.2849006902458784,-0.08054963568428042
2024-04-12,0.12422263787867438,0.146322411634785,0.15213202034837336,-0.013847065029475525,0.07459886258355553,-0.30369008132839537,-0.0900977834253307
2024-04-15,0.137360650566277,0.16752969893692793,0.1457990504404163,0.005130724793982466,0.024119522494953083,-0.29118897861084925,-0.1262427741640365
2024-04-16,0.13387915990580224,0.16856552524442892,0.14388013535925004,0.0005608583022109759,0.02265010832992309,-0.26599851241267136,-0.13561164723409247
2024-04-17,0.14790951940425678,0.19257068723852777,0.13318173246612708,-0.029907048661144575,0.026677931988655423,-0.2787968353083694,-0.12934622139847451
2024-04-18,0.16359627933578214,0.1987001611256205,0.1382996225131572,-0.051566688117983484,0.02182324812702574,-0.277390246485818,-0.12964356073130423
2024-04-19,0.14145811608701786,0.18568820579151524,0.17658750495418052,-0.06274192157753178,0.03808597691195703,-0.29914099333003885,-0.10754943126686278
2024-04-22,0.1307537026802934,0.12445351647563152,0.1941350451176045,-0.05968154438775608,0.06554780543996075,-0.2951628708441767,-0.058912449505193476
2024-04-23,0.13604308564430356,0.12701310433815438,0.21194552195916372,-0.035591044781805525,0.0478998231554445,-0.31663880516027354,-0.07630572825722348
2024-04-24,0.13591986253006727,0.1250187335536488,0.18407817991172593,-0.031563648962593005,0.02887882002081743,-0.2713134068588585,-0.09550401460792168
2024-04-25,0.14060203056211806,0.11178242901480351,0.1870235176988171,-0.03428297935793001,0.03614649959738592,-0.2746651059678513,-0.08869720070968556
2024-04-26,0.13900863124937768,0.10633805585014633,0.18406563991610803,-0.01664063883512279,0.06264359121328722,-0.28968322909752753,-0.09277659808286609
2024-04-29,0.12427782748130545,0.1032279393078932,0.17050433683029587,-0.024202488554692314,0.08914322536560593,-0.2829040128433644,-0.07896969590372971
2024-04-30,0.1446141838147521,0.09709410524244388,0.17226750256358558,-0.014198477850097202,0.0873568170460981,-0.28499297589285977,-0.0916874389701996
2024-05-01,0.12241481942586985,0.08431950837392277,0.16952507874584488,-0.020395946172161006,0.10993511420001023,-0.28688881800222865,-0.0687514395982487
2024-05-02,0.08464402611147115,0.09240087669060681,0.14296553030939707,-0.018225405390242644,0.12419395569643532,-0.27202736658456783,-0.04357042092090557
2024-05-03,0.07518889633293524,0.056787398612322626,0.1679226712694568,-0.033946671913625215,0.12616651210494578,-0.24346938799270568,-0.013503370867751885
2024-05-06,0.07877603642596265,0.03526495048502243,0.19554842827079089,-0.06323934868779224,0.11670037356715879,-0.19820735532134215,-0.00850983176764264
2024-05-07,0.05364406193784621,0.03736944836596656,0.1647344659457941,-0.04495361546781451,0.11192362625660168,-0.17908813323966521,0.0011965666850632939
2024-05-08,0.05678159087644552,0.04532096316934764,0.17072018500431918,-0.030441688651941856,0.09921037306588831,-0.18800045431837797,-0.006310597493752845
2024-05-09,0.049274220179865935,0.037520289522293915,0.17234178040721204,-0.025747261278135092,0.08890527391979663,-0.16983311831861458,-0.012468354361584333
2024-05-10,0.0693338348495689,0.06773884349454695,0.17311956540341633,-0.07455697809616924,0.07103178490136042,-0.13139335582413336,-0.0443126516322358
2024-05-13,0.08813282509647502,0.08344870090009504,0.18009513829989166,-0.051522382207203066,0.05896617810415139,-0.1733115486250043,-0.06198471173646364
2024-05-14,0.0741948926574656,0.06865259979850702,0.19278450567551575,-0.06575633228986066,0.07760826748160266,-0.1859239431244477,-0.033098385565928645
2024-05-15,0.060125009438192656,0.06612478395944077,0.18008089216503498,-0.06034840722952106,0.09230114500280528,-0.18323590774237886,-0.014817983259563239
2024-05-16,0.07188520156665801,0.055101193830359385,0.1792772736913384,-0.057820477691780336,0.07793881432440153,-0.17451421760263508,-0.019699797415841824
2024-05-17,0.08737202931926324,0.071473352997097,0.18138405657113,-0.05590800243867977,0.05303728374275418,-0.18279345519261647,-0.024551175213673948
2024-05-20,0.07784172238826237,0.058134855154877485,0.17771944242395366,-0.05721075278919674,0.067901057327724,-0.1855724851943341,-0.006933841660717699
2024-05-21,0.08037901253252144,0.07762609076494664,0.16781768271466113,-0.040469593835323,0.08134610064297543,-0.2118314155149903,-0.033013516842540225
2024-05-22,0.09194053333689123,0.1266717580102874,0.18405367289135377,-0.05933906864807392,0.05365280774855252,-0.23132384637410963,-0.06409266599118074
2024-05-23,0.0706396656877053,0.1423585353220571,0.12045324733100049,-0.029649901805580026,0.06624447105024489,-0.23253524187599472,-0.06540309027153252
2024-05-24,0.10210947760984812,0.13882163165648898,0.12413175673797161,-0.06370756846605219,0.056649063839696034,-0.24316987627617492,-0.0369653809204028
2024-05-28,0.05867499667288234,0.0763531784514897,0.08141713640218651,-0.04001900073015352,0.09215990338215663,-0.1882945221633594,-0.0035151596183058964
2024-05-29,0.058836735185637146,0.08106267305305748,0.07760788443909972,-0.05412298449679742,0.057129304268547676,-0.14495478909925863,0.009583915894724349
2024-05-30,0.04704989444440777,0.02919271663774703,0.1092832544175053,-0.04987292736083693,0.10009887022045438,-0.16097342673211168,0.02859120072570892
2024-05-31,0.04437770733152302,0.07540748907945183,0.12799672967965892,-0.06069068840591019,0.06568710334303929,-0.16846648201589498,0.016157060807699186
2024-06-03,0.08356504784586782,0.11549707126502584,0.15515140450163845,-0.08317779151816662,0.03991608629070731,-0.19616325388514033,-0.016361418014707085
2024-06-04,0.11137192124018025,0.17272878698178484,0.15244942025718666,-0.10663206272983716,0.025859433370579277,-0.20362814973738308,-0.07155837206785659
2024-06-05,0.10640893102175442,0.14375725022962316,0.1431545971941124,-0.07825613403924891,0.02284582302109639,-0.19446091014434375,-0.06681503381060516
2024-06-06,0.10426669179463932,0.16853216383939973,0.12351193808830141,-0.07518344172293778,0.017801910212102756,-0.20687016049300389,-0.07153480743636487
2024-06-07,0.10450796036970589,0.1527923758667784,0.1336879263606492,-0.0817381050384769,-0.004565957654098396,-0.16735856527428905,-0.07760821170908061
2024-06-10,0.08842626200457682,0.10343345161132733,0.12845670152559263,-0.08521202418734508,0.032014957938126365,-0.17371664512964613,-0.02574043016707317
2024-06-11,0.09663816716551388,0.10458764057703496,0.1381673796486651,-0.08717231116562596,0.022514652928263157,-0.16248938168872784,-0.05341462722407053
2024-06-12,0.1211612841660279,0.10993273364143041,0.1402793380660019,-0.08928395937678157,0.011425919661571804,-0.17621741488552467,-0.04529301707389344
2024-06-13,0.08112921960783703,0.07276794452326119,0.1491947828302389,-0.11189790566896551,0.04544391295002259,-0.14183997081468447,-0.013897342975012605
2024-06-14,0.08057667114961786,0.10098718935158857,0.1351823436750541,-0.11593235522775958,0.048099783273898966,-0.162996340202205,-0.007636166682865431
2024-06-17,0.10176610863719793,0.16798078490411728,0.14566281420718896,-0.10881042305302024,0.016475854271498447,-0.1943660962013838,-0.0477533789388625
2024-06-18,0.09188402742712931,0.14403334937419165,0.14102069402152528,-0.09773773284337128,0.022869224797826382,-0.17537723136823913,-0.04188451410153765
2024-06-20,0.0899177132199962,0.1327382567758777,0.09370615488470957,-0.07026669600687652,0.07607394199969897,-0.18305779491415053,-0.07743491646065565
2024-06-21,0.10618834887424633,0.13585347843108897,0.08975490595501112,-0.07872657710874686,0.06554783479434323,-0.19788822122861682,-0.06508102070542016
2024-06-24,0.09483115939119768,0.11994706149021628,0.06725788938434807,-0.06119915674864829,0.059532401704150084,-0.17079088379301266,-0.056158073093459104
2024-06-25,0.09413627619833331,0.11335948153972408,0.06099663750365103,-0.06746864915390294,0.0662007307755017,-0.1534752023123802,-0.05800952772145768
2024-06-26,0.0773964650266259,0.1446008572213393,0.07123782367847831,-0.06475606557115454,0.042383013111227275,-0.15863029258024097,-0.06591222574811967
2024-06-27,0.04563444369591796,0.0872658186940436,0.06624521341564416,-0.07621013397107568,0.09319150048202451,-0.14064372688037696,-0.02979535913413167
2024-06-28,0.0425633572562063,0.1242743072760697,0.0681444915878422,-0.0846048243232953,0.09398453816081709,-0.14663531961277032,-0.05525221566503974
2024-07-01,0.03257037336449864,0.16382012330762885,0.08771644832761138,-0.06145638029054945,0.08053220602770272,-0.2034048407239536,-0.07753382804577152
2024-07-02,0.018021174781428506,0.1632404784620869,0.08451055269722163,-0.042289231331925636,0.0773298779779179,-0.2045673336633056,-0.06696576589695868
2024-07-03,0.007588415154585082,0.1454597168829248,0.06354690228072224,-0.05014077329113498,0.07868783139684998,-0.17893039677697342,-0.038344778800210255
2024-07-05,0.014549117531777345,0.12145969618833874,0.06696630133258141,-0.04834566444606492,0.06772258841356993,-0.17391887354948055,-0.026393943541167364
2024-07-08,-0.01596337308328044,0.10158394079299837,0.08703403691332445,-0.041511806946190166,0.063679181209227,-0.16718574556133436,-0.0032652452055485504
2024-07-09,-0.01865844654577442,0.08741712516953548,0.10821156931377818,-0.04053413612357315,0.04675677766183539,-0.14989436153548985,-0.005841064970662446
2024-07-10,-0.02712048751873386,0.05160387242455755,0.10091646609076266,-0.04487144038415081,0.05758062668381303,-0.10455952998892137,-0.005316508177230561
2024-07-11,-0.0460612632416777,0.022414249956143273,0.089395425523906,-0.0388129137365858,0.06155486648406128,-0.06966948190651867,-0.0006354713032744042
2024-07-12,-0.04767436207110709,0.013903305833880442,0.08726132485403948,-0.022473515459673354,0.07214397424927665,-0.09442254038989395,0.0048286270999204906
2024-07-15,-0.045204691547672926,0.04938785986473837,0.10584804661775671,-0.004778095979255603,0.03854226774420444,-0.11391798467532854,-0.020977102757863075
2024-07-16,-0.022111485060890335,0.05826682395379823,0.11693799462410048,-0.041274964019277105,0.017346124436500743,-0.10020576721126484,-0.011021722555436597
2024-07-17,-0.0013304406165373095,0.10534775365757021,0.10748144664271342,-0.04174012084671386,0.007731318013092459,-0.13823478413149615,-0.02908241249159421
2024-07-18,0.007901493073988242,0.12005663483519013,0.09938757296818013,-0.03461142885422097,-0.005683592009404048,-0.14796454709101503,-0.027839431893036448
2024-07-19,-0.00845483633860944,0.1095687064269395,0.08718603524734903,-0.046649768918748835,-0.0034025862949607077,-0.1187731296513469,-0.0033136277598653785
2024-07-22,-0.016059273379642747,0.09568362225093408,0.06963575219021667,-0.05421361015264958,0.029063031135534212,-0.11519366333697223,0.0044749560592685644
2024-07-23,-0.02521334900393679,0.06043296974435863,0.08326813495327379,-0.07256395360553802,0.05028592845603064,-0.10526898619305725,0.03015613819631241
2024-07-24,0.001453856068641457,0.06994161625166262,0.09201650812028639,-0.0796204048768363,0.026615410191947575,-0.11010867025606175,0.01128762161141772
2024-07-25,0.014769729930844466,0.06990283276747311,0.08685195393211487,-0.0636305462830018,0.0170850700832903,-0.10463995052407915,-0.012600304444714272
2024-07-26,0.017398608224497902,0.06408547069245474,0.08461636365653602,-0.060272584492927495,0.011705774761726628,-0.09863622612625922,-0.0061173379551769935
2024-07-29,0.021277760512421917,0.08321592184492577,0.08710665565173681,-0.07741399232322,0.011817522347859377,-0.10129951722890795,-0.017208279558280914
2024-07-30,0.022852459323799756,0.11371820571971636,0.1149714492146563,-0.08140320777047494,-0.0045890744394838645,-0.11061395044609867,-0.04485087765821971
2024-07-31,0.023719824544890855,0.05845660145583542,0.12017904203360441,-0.07286581314687712,0.016088388669986742,-0.10146137292330004,-0.022232733715417063
2024-08-01,0.035197932715544944,0.07614902220440944,0.132823001667834,-0.08310385998450531,-0.00509770425020406,-0.11777966263138795,-0.020829646348986708
2024-08-02,0.06799442261130473,0.10075654539967127,0.13384289573717778,-0.09238548977244987,-0.019643033317665592,-0.12426244214452298,-0.06654185316211175
2024-08-05,0.08085821063456144,0.09988100979829984,0.1487446088525055,-0.08799907306548183,-0.0048725879237787595,-0.15306597576083136,-0.08272451143243276
2024-08-06,0.08490897588823598,0.06213652152725846,0.1564236237878025,-0.0985297334252182,0.04766266298936572,-0.1817564238987739,-0.0616245315537855
2024-08-07,0.1058910316006898,0.03363083833833125,0.12950904262558804,-0.06593560670753629,0.015036102238583204,-0.17789155360963194,-0.03661084377859186
2024-08-08,0.13310467004098214,-0.029194801608404486,0.10924224368020807,-0.10108742881942923,0.006246783911738607,-0.14750547657454993,0.048180404351389705
2024-08-09,0.10610209009116911,-0.09453697366963087,0.08207265028770916,-0.10129287860366509,0.044714961809710685,-0.10069177715836186,0.08293515461915879
2024-08-12,0.07017157533417384,-0.09364480691773602,0.07473542162773938,-0.07393475140361594,0.05921943823222153,-0.10797840571264494,0.09449904739701531
2024-08-13,0.06290118183985305,-0.05847841718930269,0.08132982588248172,-0.07239952322649756,0.03231611681302016,-0.10434362568694189,0.089342113950384
2024-08-14,0.07709623829710432,-0.0498402594106353,0.10271691355609258,-0.08325023922396979,0.009949329333817536,-0.10587583858081528,0.08878904516228969
2024-08-15,0.04337052137046227,-0.07215503157868941,0.12541669505592834,-0.0925251167276624,0.02166510942655764,-0.08642928291711272,0.101408126597961
2024-08-16,0.05163206727015579,-0.06644192949672112,0.11068278794004671,-0.08577136451563905,0.03128821747142507,-0.10220533399041076,0.09741773744117149
2024-08-19,0.03276085352588343,-0.07032232276370909,0.11661188892409413,-0.09287168238622057,0.0014812042000564851,-0.05056868423494543,0.0997119105247582
2024-08-20,0.0314955562650896,-0.07736653880018274,0.09988349954073072,-0.10245091440849152,0.004069902202267883,-0.014824941248992807,0.09250146956604349
2024-08-21,0.04489668313023243,-0.05740821129396334,0.11057990228182613,-0.10289317367823103,-0.0023145130322770324,-0.041314299802788224,0.0775655902737255
2024-08-22,0.0810816286585383,-0.0609754621826899,0.09348959191707573,-0.08935013266271263,-0.022553701195480835,-0.05098901834150382,0.06480306536281144
2024-08-23,0.09503670569803502,-0.08677761113412918,0.0836700773287764,-0.09104553071582488,-0.00947154831719299,-0.039985418923704996,0.06992796307662141
2024-08-26,0.08443784325914505,-0.07828376552631156,0.05770880822407776,-0.06419504072796434,-0.0018819921881576551,-0.04940887647065906,0.06560201915582592
2024-08-27,0.10754704341981691,-0.09829524529543354,0.05893797205766127,-0.05914679736114614,-0.0100366607519764,-0.05830964194110577,0.07635353114445981
2024-08-28,0.10686434470769957,-0.1129633393770142,0.050455297601009974,-0.05596123198872638,-0.01804932759071609,-0.03945729064100989,0.08378851490596906
2024-08-29,0.12168293854137335,-0.1184080502315501,0.053456517513275514,-0.057323566260636616,-0.03311471353398532,-0.02988209753111626,0.09340734494660013
2024-08-30,0.10172416473322343,-0.12870391888478672,0.019754480134133612,-0.03195632097132628,-0.0247131694730911,-0.00938844126636984,0.10985856967984958
2024-09-03,0.12732790719278686,-0.09693772878246598,0.03446417792037426,-0.05735612477515639,-0.040547217069363484,-0.037082513399630646,0.11551488671381271
2024-09-04,0.08624352709861993,-0.13195056452532405,0.05891292146788185,-0.07250041807988583,-0.011591459485863487,-0.00553403427041288,0.13290329216375446
2024-09-05,0.07356418032869705,-0.15575981955016838,0.03622210733836351,-0.07889480631186596,-0.0029060488661112327,0.04401207513147176,0.13003018915213171
2024-09-06,0.07162429919775892,-0.14890368456125547,0.027329729800139813,-0.09014620306900079,-0.01801174099739189,0.07247234352050957,0.12316605903079819
2024-09-09,0.06679668922514237,-0.15641379920598553,-0.0031716998014865716,-0.11343713598385774,-0.00845492638781864,0.10793851743863947,0.14387798306324318
2024-09-10,0.09168938353560119,-0.14497097992429264,0.00445133166828704,-0.11228135055276756,-0.032143946306204096,0.08435398160173824,0.14008761703814038
2024-09-11,0.08133581542323709,-0.15616123099719337,-0.024537005126061384,-0.13429590788895984,-0.015589684395873382,0.12677429363522408,0.1558403687416513
2024-09-12,0.06212592243400472,-0.1544248418190053,-0.031210697221358163,-0.13143758190521226,-0.006185001678700397,0.141668759050663,0.15482023157050995
2024-09-13,0.062498527046731756,-0.15675056445989988,-0.042570220031827866,-0.1411648169902786,-0.014124652405924198,0.18390936873774544,0.14849929605010448
2024-09-16,0.041125961301084146,-0.16320615700493502,-0.04288452447281088,-0.11174065672693034,-0.005817735356724585,0.17972915781064613,0.1396086810503282
2024-09-17,0.05574487503703196,-0.12464844667689823,-0.0474614149785606,-0.12308679784402643,-0.03318850956342789,0.1826677120197735,0.1331408423021323
2024-09-18,0.061376407646101416,-0.12112432950879137,-0.021848186174219464,-0.1349805447690018,-0.05232305778245028,0.1750317258694254,0.14288594897782947
2024-09-19,0.02928309854951472,-0.11280036049628439,-0.04339096763723971,-0.1280471524815856,-0.05055730714031359,0.17662548652195542,0.18127539907971535
2024-09-20,0.05022080510204585,-0.0851477057324539,-0.031023030932213036,-0.13637228419674918,-0.0674932794987455,0.14714887859091708,0.1750514884652271
2024-09-23,0.06663774223628893,-0.07407241201886183,-0.01952285177381352,-0.1485497318886928,-0.05803579391984526,0.13380976866053274,0.14824692070942713
2024-09-24,0.03784558368778734,-0.10996115839244869,-0.02839307860916307,-0.148478193529485,-0.010359803129392997,0.14315746722540879,0.1509282908628069
2024-09-25,0.052551590161605155,-0.09797816750317168,-0.03794914640524194,-0.14083761976806364,-0.02013536865989951,0.12670236009555025,0.14431895498852088
2024-09-26,0.09067650983112285,-0.0808595641057317,-0.023547041934761204,-0.13513178467233344,-0.06864343815724672,0.1162413159132819,0.1287318734131918
2024-09-27,0.10185254457043191,-0.06439248723582391,-0.006330821788918861,-0.15426037723691932,-0.09171905997179985,0.11372603782061785,0.13343975925347118
2024-09-30,0.10095312172056703,-0.06653006584619181,-0.02485526474990296,-0.1527221263882308,-0.10123782301940709,0.0952769908758041,0.16553536861094575
2024-10-01,0.07822200031684945,-0.06375104370244333,-0.03799192821687569,-0.14126723051216228,-0.08127562409774902,0.08876893758616622,0.17572471712343818
2024-10-02,0.07640405577389808,-0.05373914879755892,-0.030517428329877028,-0.1319454281196042,-0.09334433765961436,0.09297772037822016,0.15859837862451487
2024-10-03,0.05465096248491852,-0.07855855580266535,-0.014312331859273275,-0.1256156095063583,-0.07162854033889654,0.07777113635353206,0.1826676318456456
2024-10-04,0.04343951926599665,-0.07696897336617958,-0.021125387593130984,-0.1348234067788161,-0.06020233380317119,0.07940574128745193,0.19451438652088615
2024-10-07,0.059189412807625796,-0.07271345908395777,-0.01704172534820314,-0.12467149879490647,-0.05906637753519561,0.067462038951703,0.16662381084049027
2024-10-08,0.06583459419119375,-0.04969367487237175,0.0034397196814448527,-0.13441113020940754,-0.07031020008302558,0.04799330952898351,0.17006006708149823
2024-10-09,0.03646986724190482,-0.11642151438885628,-0.03949314015012373,-0.10226374881118461,-0.0322666678736665,0.09945889651658024,0.18548200368013168
2024-10-10,0.03737177098709932,-0.10676404193096367,-0.04616076900217081,-0.08514762398036635,-0.041401825058676955,0.10576065159753456,0.17482611806760806
2024-10-11,0.0484439000196657,-0.11296970380171212,-0.035756268424825155,-0.07083880975404844,-0.05008585700624901,0.0807404330375533,0.18657197309027962
2024-10-14,0.047410574564798136,-0.1124725501008923,-0.06157081891477301,-0.04988272425618989,-0.03924043346430439,0.07346054129145052,0.18358501346194456
2024-10-15,0.04062446931503905,-0.10784060932567208,-0.06887649060479895,-0.03294573548448532,-0.053301764033900856,0.07389897947120327,0.19016036641928524
2024-10-16,0.08504758214145669,-0.11828008577081173,-0.08313529436487244,-0.04098556618940297,-0.05539558476271078,0.06362159543301349,0.1799980201344744
2024-10-17,0.0549420862860992,-0.12885389899310873,-0.10923902679555919,-0.04713571535523409,-0.054060453928258756,0.08198892722254536,0.22641723585226936
2024-10-18,0.07581622637578533,-0.12333218758769471,-0.10305009633483087,-0.05817682882896702,-0.037530748678153536,0.06452994361741116,0.2146235532377666
2024-10-21,0.06610220908310271,-0.1280315257906417,-0.09910334535789911,-0.06693365100622373,-0.025924564381065496,0.07678055513939064,0.20968359032784079
2024-10-22,0.06586403452726053,-0.13001016799654597,-0.10278434418084847,-0.0667319317209516,-0.03315985524721321,0.09080343189408435,0.2067954142953139
2024-10-23,0.06846647595731836,-0.1301240032317339,-0.10943636642115351,-0.07823642458602409,-0.03786558317056854,0.12067450788928302,0.19143400002788458
2024-10-24,0.03467360254596619,-0.13788293561455456,-0.09646970090282281,-0.08715092847951444,-0.026553723036597754,0.16297487260800192,0.19037051879097333
2024-10-25,-0.0001591169016919025,-0.15003356690115544,-0.04226243855694767,-0.08485992205849957,-0.033894242308660116,0.17867220692789731,0.1812685626572469
2024-10-28,0.00690835283460256,-0.14914359503602403,-0.00833228029214883,-0.08674535704103015,-0.0373816890690859,0.17459409954466187,0.1534003091911964
2024-10-29,-0.007118858721572696,-0.1484089008220577,-0.00491857969742826,-0.1123253714419421,-0.023205480364065112,0.20492402338017524,0.14113126720549862
2024-10-30,-0.022343195547477546,-0.14469164234721044,-0.018388211710325564,-0.11416608370183279,-0.03362749720280478,0.2281313952048708,0.14749727482858843
2024-10-31,-0.03718067863564123,-0.16349985931490396,-0.023822017933119444,-0.12047203304305132,-0.026945066165155573,0.26979944109051124,0.14253862810167317
2024-11-01,-0.06970213419432492,-0.21478520301217285,-0.03604747264706498,-0.08262278611045115,-0.03021594823943108,0.3365690690472338,0.1227522629941411
2024-11-04,-0.09754811633841198,-0.2428706701090837,-0.06424821795491731,-0.03635156898113223,0.008924581792016273,0.3407699204816651,0.11032174186717425
2024-11-05,-0.120228541153514,-0.2558679810756965,-0.0523317755704773,-0.005971728373763252,-0.0383684095661696,0.356642158871749,0.13345879456392906
2024-11-06,-0.130830295995914,-0.22634808717495458,-0.03073557406910732,-0.0052680594819893845,-0.04865381383908485,0.34360190055848405,0.13483866113013632
2024-11-07,-0.1558982120095207,-0.2497177658928904,-0.015209914095768884,0.0311004295388424,-0.018791325652661506,0.3140650875875305,0.12990063820323583
2024-11-08,-0.15279763562190052,-0.25918142737050376,-0.02860436224269014,0.04105111797500283,-0.03727321693617647,0.3190824220365034,0.1441858430903622
2024-11-11,-0.16316199791980157,-0.26553817935810686,-0.02601637414616409,0.0628940448923423,-0.0246851325435391,0.2901581873900986,0.15260688623017815
2024-11-12,-0.17407591769144215,-0.281412101275722,-0.045495907016011916,0.05177294036987634,-0.0016151148122975911,0.32522338211746205,0.1508761669921861
2024-11-13,-0.21887189717449962,-0.3277580963266131,-0.06522207497978805,0.07625917852693975,0.05006447630608735,0.336731450551196,0.16789673564665009
2024-11-14,-0.2634184480392521,-0.3644129859490084,-0.11645220791646471,0.11056995438552031,0.09814140268562821,0.3630965409533453,0.18016840202306317
2024-11-15,-0.2387399979190854,-0.3524702743724193,-0.11660342657900857,0.11231360655712241,0.09261714256632114,0.3388660859419632,0.1802374442163912
2024-11-18,-0.29474976484388016,-0.38795282305596235,-0.12981416054205042,0.15321245070038847,0.11284071716652089,0.37919372023087616,0.19334097108032244
2024-11-19,-0.30043412205411046,-0.3962485957904698,-0.1313034268903719,0.18462332317485086,0.09031696400484956,0.3812511696709846,0.18863118478491936
2024-11-20,-0.31213338617718245,-0.39911610375466733,-0.1395360839602957,0.2149774183587425,0.09434755639809622,0.35885409381014455,0.20493705646129978
2024-11-21,-0.3126091254701797,-0.3867934092561902,-0.19486547079252148,0.22825023220843765,0.12874004437861442,0.337478685202766,0.2109093018476078
2024-11-22,-0.3456240532602046,-0.3888925393163194,-0.21012533707808867,0.2805629318976066,0.11889360330522059,0.3307442690281115,0.22756088433655597
2024-11-25,-0.3264683653436391,-0.37093244326736263,-0.20143995527659042,0.2544393121358379,0.0906275248707995,0.37757136132325253,0.1934483390215853
2024-11-26,-0.32428042636428644,-0.3451037475021206,-0.20141830367588875,0.2542954816262686,0.07158539261546482,0.3813066717241109,0.19282544997368678
2024-11-27,-0.3063828982331249,-0.33965924944866677,-0.21361831327524206,0.2473529256417779,0.08493478195846493,0.35822680131972784,0.19662467113072557
2024-11-29,-0.32589569605383417,-0.31946300376033054,-0.22671230447857615,0.2414788352983419,0.08613630688147444,0.3829039786950521,0.19592291645593307
2024-12-02,-0.29208405325637,-0.30134386527611934,-0.19765782792569198,0.21758903454575296,0.055411571466596365,0.3749877743441441,0.19396410890617433
2024-12-03,-0.3001003227966996,-0.32801938766182825,-0.19615669616864828,0.21237588873427593,0.056636874424939476,0.40926670153558065,0.19157543633609841
2024-12-04,-0.27555896053922124,-0.28895403833804023,-0.20086766368686693,0.18384108654208253,0.040953901345669674,0.38691686150688764,0.19290644282880565
2024-12-05,-0.27372787555933265,-0.2817568517552247,-0.2148460632750786,0.1580269391364435,0.016518526679682344,0.4627528455358709,0.18028728582762854
2024-12-06,-0.2739839917867424,-0.2817364895911898,-0.1927226372299602,0.15462710442203664,0.0012697683456959208,0.47759133895010186,0.17056327995928733
2024-12-09,-0.2859994343733234,-0.28703599250361167,-0.18360661125802347,0.19190216989537534,0.014064906959697199,0.4404261381790775,0.1671055310963132
2024-12-10,-0.2652730122902902,-0.2849521707125122,-0.21572451899195766,0.199518601475541,0.01991219426052604,0.44343265194134385,0.15498797170118994
2024-12-11,-0.2674513731321664,-0.26264215270078317,-0.24123381590293924,0.21575093329232575,0.03625953607377497,0.4297875305208194,0.16069064812375444
2024-12-12,-0.2628603129556075,-0.2673239076814351,-0.23643852263474097,0.2303864189019289,0.035949591935899194,0.4279619814234161,0.1442904111708816
2024-12-13,-0.25441064661340373,-0.22645641346963252,-0.25210983273959675,0.2314809774884541,0.008606978746637628,0.4399781330774164,0.12965375585551153
2024-12-16,-0.233853038489249,-0.13087804388401425,-0.19984047705457764,0.17945291843281908,-0.011189765061297097,0.3817699562726702,0.11531143664547949
2024-12-17,-0.19275661911026942,-0.117581878531682,-0.17775448462126997,0.18925995240192162,-0.02757081408652451,0.3231803206508064,0.1036058691097137
2024-12-18,-0.16269071774173893,-0.10949259331898009,-0.16797912917011892,0.1679913987291175,-0.02447285478134731,0.2796481860373081,0.09069363571964861
2024-12-19,-0.16617263316733144,-0.10583655777411582,-0.1700974571108338,0.1732090022946431,-0.036482924474985134,0.2783264865365429,0.09165406997215397
2024-12-20,-0.15384906637674378,-0.11548740666641022,-0.10427722218243485,0.16475919529032845,-0.04460250406030064,0.24523523186898055,0.08347176361756659
2024-12-23,-0.18030630722825158,-0.11773761415439488,-0.11135693871984076,0.1593336988238807,-0.03684929103175083,0.28239082460777953,0.07922328504374909
2024-12-24,-0.18107254505776904,-0.11973008140514674,-0.08515853514219485,0.14240008367124313,-0.03600436609723179,0.2861776363200288,0.07654470327418195
2024-12-26,-0.1786945231657624,-0.09976330634374309,-0.07664165500235676,0.14539759092955062,-0.02773576464867822,0.248265412865722,0.0715620026081416
2024-12-27,-0.18182491525342437,-0.11019601604134399,-0.06765814410176896,0.13041231173468404,0.0018494294977324799,0.23567586965737863,0.07120689509539924
2024-12-30,-0.17403476436955856,-0.11442507326539131,-0.07371162268481068,0.1377909649040654,0.008933391308781014,0.21060884338147368,0.07488249568090555
2024-12-31,-0.1735618707665707,-0.1127538274008546,-0.06558214808414009,0.14105232142506186,-0.0005897638821938944,0.2031164072954752,0.07617325283830234
2025-01-02,-0.18913377293069766,-0.08683158545399339,-0.04528075872146875,0.10744961096362182,0.03593503224976602,0.20837760832812124,0.06399231252144277
2025-01-03,-0.16143953955619672,-0.0667974906630957,-0.017677262123612536,0.08977566379762125,0.04315678691186542,0.14212663225461775,0.06481500405995444
2025-01-06,-0.156782982443882,-0.04612989119792399,0.01891196548302343,0.09941932855285751,0.027805066816580792,0.09569601579130671,0.05805448819001113
2025-01-07,-0.14227456744663547,-0.030304381941222758,-0.005639781434441549,0.11480791807319557,0.04271658602952533,0.0587811871973698,0.056018598680204645
2025-01-08,-0.10695248778942013,-0.012530129616716845,0.021256521173499632,0.12571982837658302,0.05265333498282354,-0.05564251273668441,0.054491837901913476
2025-01-10,-0.09752222808202182,-0.011626174504328457,0.06012566232721639,0.1267915308177634,0.01595440296958195,-0.08159421612443474,0.06891053342775622
2025-01-13,-0.0684134617169887,-0.0008424087375793476,0.06454942721466628,0.15052280091323755,-0.02361891716168496,-0.11448369169471251,0.053396429551072266
2025-01-14,-0.08719943144761588,0.027645015663082084,0.07551474570706063,0.1184445831794032,-0.029979184334317566,-0.09096831172120412,0.0581219667708297
2025-01-15,-0.05984572490882467,0.03795169301075463,0.09390074162813145,0.11785011297245696,-0.0525949433717936,-0.11293189876401488,0.04687321407826772
2025-01-16,-0.03991190241685949,0.043506418331219265,0.10832588238940666,0.11612274412352752,-0.04728793806175746,-0.14761638239020503,0.028115662801026176
2025-01-17,-0.037852183578665155,0.009569310484016214,0.11468889595601883,0.1179390449487534,-0.04711662697868846,-0.1245536180771456,0.01581540505515533
2025-01-21,-0.049654438635593046,0.006319560086410991,0.11925473593217806,0.08736836621227217,-0.04331964319917647,-0.07336209794736304,0.012274387770093265
2025-01-22,-0.040570856975470804,-0.001789081237530965,0.12933260288558168,0.07374926091836809,-0.02097977217233593,-0.07408170055466323,-0.007685990017095801
2025-01-23,-0.03893891375601477,-0.009310518047643601,0.12455686512395925,0.06702936845685148,-0.03549583024310854,-0.05545414782100888,-0.0035067565454198757
2025-01-24,-0.030136280879104582,-0.0023606236670410397,0.12444108011856159,0.05166854051111258,-0.04933698841672385,-0.04067483623668089,-0.009184987721124305
2025-01-27,-0.03815536918977047,-0.0330289303069331,0.10593610441959633,0.049260759647768104,-0.057372373012316125,0.017452097079710516,-0.01520423917111624
2025-01-28,-0.019579700599356542,-0.032260293713296306,0.11185561240384168,0.02456265032507643,-0.06223532321672076,0.046153465013474726,-0.03887473320985135
2025-01-29,-0.03697296000271244,-0.036308172350488555,0.12339705746851592,0.01374287813220798,-0.044621571167582585,0.01868849257090366,0.00038627082450326533
2025-01-30,-0.03487960913888433,-0.05045352449831597,0.09361014910930443,0.01639491626927514,-0.0321053400102107,0.023340440491941727,0.020975905387832228
2025-01-31,-0.03474607103024052,-0.047644254058124336,0.08547915169480236,0.008877061286485688,-0.05626379839254403,0.03866771099943911,0.03488374451825482
2025-02-03,-0.03420911007593519,-0.053897783292864876,0.1100155326562362,0.008388300516784852,-0.051348095439382124,0.03950947488888712,0.003047846412318478
2025-02-04,-0.04686643916287636,-0.06302639388904208,0.07308005430386144,0.019893742682810522,-0.04330364661949515,0.07194681506376943,0.008717958497958644
2025-02-05,-0.04091276405712252,-0.07458744318359001,0.10139030749055067,0.02316864974779742,-0.04419754495453487,0.0631205593377806,-0.013872762528014171
2025-02-06,-0.0437238345913582,-0.04199054649745726,0.1134394317902574,0.004746532939387205,-0.05913115811193426,0.06147315000605236,-0.009884269777241439
2025-02-07,-0.024037014532034995,-0.04876484346656307,0.12140198047496975,0.011926125575733693,-0.08035782178939122,0.06811557037574589,-0.03662786359294845
2025-02-10,-0.03919076598914817,-0.02622459445916947,0.0946311893029681,0.0137164380703787,-0.08483060162595524,0.09355565185485037,-0.04146840353774284
2025-02-11,-0.047393393457993316,-0.03523037767903592,0.08347391980350327,0.009897515126510825,-0.05911625830189848,0.0795585880446108,-0.03946999353014835
2025-02-12,-0.07524093771404017,-0.032165225680077736,0.07889464632675569,0.001232585159818722,-0.047594593613106806,0.107754887010171,-0.03963941366041501
2025-02-13,-0.09477304093915428,-0.045496744154346125,0.08188236842858876,-0.0010485095525236687,-0.017352743965535877,0.10907209362417225,-0.03361719511336725
2025-02-14,-0.09513611434435099,-0.041688337175711965,0.0907994167733599,0.0028615933976499086,-0.03489154045547416,0.10568614290598521,-0.029154713775815022
2025-02-18,-0.08616943231361063,-0.03522966917324144,0.059760521662680866,-0.0005793069993074162,-0.00732395128209351,0.09190630407221345,-0.02703135690781444
2025-02-19,-0.0657481713702861,-0.04623163794248297,0.07862432913444195,0.00678710396440918,-0.027519731947728943,0.0700337859111988,-0.022478117290569255
2025-02-20,-0.06424489161472158,-0.03150811774181195,0.07480435815735875,0.023346808061386337,-0.004153829763577921,0.03287094321025785,-0.034834361151101056
2025-02-21,-0.058186816466423874,-0.04323210332674643,0.06669955940543648,0.01744283753941156,-0.01006608036045753,0.0289041437930333,-0.01556413428656711
2025-02-24,-0.05071258075469398,-0.04559212478538521,0.06155074004706762,0.012441852412308219,-0.013785453728333508,0.034825254614581524,-0.017128434177029916
2025-02-25,-0.035800199393062115,-0.0451985332431426,0.09161683297488254,-0.00039186466141893916,-0.03736776087931548,0.04020139807414802,-0.03376382993008109
2025-02-26,-0.013212944830825801,-0.031140954528886322,0.08819277761554556,0.002129140080088021,-0.059429844592694625,0.03247730736941001,-0.03795136281139477
2025-02-27,-0.019458747262338427,-0.08020065901580908,0.10161178090375422,0.012759235469792518,-0.05413084754290587,0.05127312923105887,-0.04408822635371967
2025-02-28,-0.019978611690268266,-0.05972529277454619,0.10439307364193873,0.004280106967403441,-0.049956093741641894,0.013981132670646712,-0.020217654164256693
2025-03-03,-0.025181847322082618,-0.07082882666383394,0.10958723242662982,-0.01471160941474503,-0.0219661228807837,0.014909399760755448,-0.021704632130910007
2025-03-04,-0.021761583506913595,-0.06322175879297687,0.10714496125011941,-0.02687820838906152,-0.04517837739432862,0.03482970277418529,-0.017282891955685997
2025-03-05,-0.00842754480544583,-0.040199234353058166,0.10540237030229394,-0.03555871346532058,-0.05468858679780397,0.0243569591255568,-0.015785547691657076
2025-03-06,-0.0061857000108545,-0.05537223584438067,0.10993410483895527,-0.034926426724660065,-0.0877911763132535,0.03406529422865212,0.00986294545313493
2025-03-07,-0.017596445097336044,-0.04200265891461896,0.09739631593300002,-0.057481132576922445,-0.06544151743949733,0.053013483171685305,0.00571579388338872
2025-03-10,-0.0006365035838240551,-0.03977868835797471,0.08955459048521242,-0.05151477177694641,-0.06582276133558906,0.013498504131856937,0.008564151447246982
2025-03-11,-0.006381901019658631,-0.02866468634329067,0.09034575702775216,-0.04875661640893325,-0.05298885198244996,-0.016525880285039207,0.01726152463864139
2025-03-12,-0.015778541429784187,-0.044785845270513214,0.07703909817387355,-0.042031698697776676,0.005227252068557453,-0.036619688745046286,0.022418742473702125
2025-03-13,0.006458012423367965,-0.049382687720731955,0.08900492205705746,-0.02091356852990156,-0.022020934908548506,-0.0667825545137366,0.022681054848136206
2025-03-14,-0.008524847287294524,-0.06077813121526532,0.07140774231006608,-0.0009815431797517427,0.016039687010624082,-0.07902792631982569,0.029237058444509856
2025-03-17,-0.01377342733924003,-0.07552313227469876,0.05430078733397359,0.024681669529059036,0.022805484905169537,-0.06046079857433995,0.011151492231073146
2025-03-18,-0.0029092364942600035,-0.08297538448902708,0.09407943726207568,0.01186263706860613,-0.00796791232673244,-0.07344222423282076,0.01114757872878247
2025-03-19,-0.015266050445115198,-0.06837823011562749,0.0883759425059476,0.009282579605186303,0.02083850523351405,-0.08700668288073121,0.014061186624243494
2025-03-20,-0.02495686551672316,-0.09620396100209883,0.0841323147224391,0.024935633457550566,0.026580749255681546,-0.07793151775033191,0.021234802534107367
2025-03-21,-0.02022956302838308,-0.09246273007555939,0.0755379981248332,0.023763327397058998,0.029065503344571697,-0.08044532622451239,0.030097105859486994
2025-03-24,-0.03219513755080072,-0.10394916308052027,0.07912365680395128,0.015546116937464216,0.027482236713248342,-0.05512461615449693,0.034383906242012596
2025-03-25,-0.048558215206627064,-0.0881019001138883,0.08680972372172358,0.028405373654909027,0.03915965226375584,-0.06957814618001334,0.023870834931672746
2025-03-26,-0.0438496112479716,-0.09024623353571526,0.09802284290417296,0.037509296813904136,0.04658785012891831,-0.09764922897717598,0.015112986098344106
2025-03-27,-0.04966057893230813,-0.10962801674801126,0.09464013396085047,0.05828942806966575,0.05155993086706334,-0.10149015599433131,0.01673082597352238
2025-03-28,-0.03372056576319693,-0.112129799823113,0.10084455106315282,0.03862227515870842,0.04068033801685944,-0.09809644464156708,0.019914443418924233
2025-03-31,-0.023898929353164622,-0.12470724513893439,0.10323580562236723,0.03808310177630769,0.02919832973584824,-0.08804334233075028,0.01640954161356456
2025-04-01,-0.030071844419730098,-0.12335655581930371,0.0922149678677524,0.034361227929151195,0.04552918432623909,-0.08677996064814986,0.021685611914604497
2025-04-02,-0.02374912228363124,-0.11656033249154873,0.11016031166142515,0.0394119379628699,0.0384877773397132,-0.11415821642970769,0.018655554747848413
2025-04-03,-0.008965252299853788,-0.1104356506911559,0.1217754257319954,0.014741282112634035,0.006267719604164723,-0.08264171184993652,0.005050123192519074
2025-04-04,-0.005592568811676024,-0.12095652565906567,0.12146733450707448,-0.006675884804482557,-0.00627784129421749,-0.06926086240733342,0.0082907013296869
2025-04-07,-0.009673640822734253,-0.11552983739656786,0.13455570767682357,-0.006981153745373003,-0.03607469443848976,-0.05352828651208652,-0.0032033480983935103
2025-04-08,0.020068217087442886,-0.09113075217514321,0.16382385320782822,-0.04381730841146236,-0.03940681620818931,-0.08614440739388307,-0.01873619335773813
2025-04-09,0.039186689505382954,-0.054448411263428476,0.1223645542220666,-0.06039367189139311,-0.013037038114720456,-0.09343079923149444,-0.011944239711958016
2025-04-10,0.02754062663953505,-0.04458017031657202,0.15978279909418003,-0.08603720582160035,-0.005901294180136851,-0.09851212018035627,-0.03669016287003801
2025-04-11,0.023568992073049966,-0.023795808587040668,0.14581199974687742,-0.08700856106487231,0.019678982273793943,-0.0876615521523818,-0.05323946455948558
2025-04-14,0.033257719643432715,0.027364593474956234,0.13882772040556146,-0.09642988472129987,0.04474840867747498,-0.1311924981023358,-0.054527995904392945
2025-04-15,0.021489976389424736,0.016952144574585493,0.1387096353280648,-0.1197591296564382,0.038157077298768716,-0.07759870141403802,-0.05917999774525784
2025-04-16,0.015490723680145368,0.024651814314449627,0.14014748276566102,-0.10960495425099381,0.003101497084222915,-0.05435034881265999,-0.055796054604975165
2025-04-17,0.032866529240064946,0.02334714305902308,0.1190673929842827,-0.10493717192481888,0.011065804168935767,-0.07415846150643768,-0.041726644441500316
2025-04-21,0.048285958485101865,0.02630239465052142,0.14139768755347504,-0.11140113295597809,-0.020878660936242355,-0.06363609456623065,-0.06032586960856312
2025-04-22,0.051077830531605084,0.046394618689151734,0.14787384275123694,-0.10610934485082213,-0.015132069469775633,-0.103179459665375,-0.054474911183794106
2025-04-23,0.06162345707317529,0.0543814089854977,0.1631865493288358,-0.1313944754761467,-0.025354658255876572,-0.08410504303599753,-0.0667041007277418
2025-04-24,0.06697263366759909,0.05010198089122131,0.16925082164954652,-0.1218844287259806,-0.012456459352035765,-0.12494331393423286,-0.06350416309860751
2025-04-25,0.07068830034317752,0.06195403323137061,0.182437270770063,-0.12876253845899388,-0.03207337724607173,-0.13269924302466674,-0.057171329793709535
2025-04-28,0.07254401487817175,0.053368825906712214,0.1811186504335045,-0.1275273766732279,-0.021092633400510596,-0.12528630182920253,-0.07341793104391447
2025-04-29,0.061143218575343106,0.04161856843636036,0.19085816629025754,-0.13523528579984134,-0.02542360591484849,-0.09446522727772733,-0.07759160892421724
2025-04-30,0.07795530555008456,0.04584476376250901,0.19879531967871245,-0.15188567239240314,-0.023396710432329382,-0.10759639514248454,-0.08671288829032253
2025-05-01,0.0697207517102143,0.02291000183656955,0.19386144821332474,-0.15050622062417718,-0.008413613890559946,-0.10318007233070503,-0.07747965635365661
2025-05-02,0.06277076514141067,-0.0017543400154269584,0.18778924484672554,-0.15201175043143555,-0.001226477549850058,-0.0913252854433435,-0.05824417380345093
2025-05-05,0.07156346334312236,0.011249329983387124,0.1933677165577814,-0.16876990759147992,0.0039606523641382285,-0.09609575601236742,-0.07470472281517626
2025-05-06,0.04037040046652818,0.020311548048646877,0.1680639514659612,-0.1287532159635716,0.0053591425897023814,-0.08321335578567401,-0.07314278307677524
2025-05-07,0.03844973556711473,0.019979822262511604,0.17774857774281738,-0.12692014755476366,0.015874118392343428,-0.10453987127653086,-0.0718014804850875
2025-05-08,0.02855216889187595,0.018492224231891452,0.17184993898757073,-0.11434810818182184,0.02779511709385507,-0.11301331324109354,-0.06916548159426972
2025-05-09,-0.006785657328486572,0.00033145208484741673,0.14201208356365802,-0.08331577472622254,0.0480928994639267,-0.08840310419744402,-0.05539671472159036
2025-05-12,-0.0201668036910565,0.0053874759703473885,0.112816030198851,-0.04705740777911549,0.047433805011934504,-0.10516778720379216,-0.02531524856072842
2025-05-13,-0.0339496900191647,-0.012876206156911874,0.11097395997807524,-0.059844874904832146,0.057680743123327716,-0.07316373232868889,-0.014388332201389797
2025-05-14,-0.03988357636947182,-0.0041494460058211224,0.10922044477124082,-0.0582476803001315,0.07053774970618187,-0.08423805882688473,-0.017756271100920262
2025-05-15,-0.04296809992421213,-0.020968780274483123,0.08298326381327303,-0.060788373543090746,0.11758676602765616,-0.07607854193849439,-0.03106789955655609
2025-05-16,-0.029410176580666025,-0.009887662561477217,0.09408016270235153,-0.04909817064706923,0.09972451782016623,-0.11542380183402923,-0.024200042364311614
2025-05-19,-0.04416870669339357,0.0032735180211886927,0.0888038100605626,-0.0566562105286752,0.11201090526398327,-0.10556655897918388,-0.02275187557995606
2025-05-20,-0.039444441480055215,-0.00699830144664082,0.07495324886558219,-0.06392210501023321,0.0982656777832771,-0.0655200232651807,-0.022077951077648095
2025-05-21,-0.04187057497625846,-0.012504572636338196,0.10107469190141982,-0.05571881409767698,0.09024821778541203,-0.06685029928652098,-0.043618076689623475
2025-05-22,-0.03231101832487093,-0.010950662253861765,0.07136730465728114,-0.04841001043660409,0.09371149806389534,-0.06217435569534535,-0.041960397725808285
2025-05-23,-0.036346092652672635,-0.005936655136387081,0.07435470598245475,-0.04793313700123658,0.09140575722543942,-0.06214631424241812,-0.04078043826026034
2025-05-27,-0.04324543623232335,-0.018452335787814356,0.06362169502555304,-0.027669250676636725,0.09751399679091044,-0.06589229453449352,-0.03878108522387835
2025-05-28,-0.051953827940581565,-0.04102436846819524,0.056701556642445805,-0.010609725321018448,0.09625629719949891,-0.05074666467485578,-0.03235891189234641
2025-05-29,-0.0406759381197932,-0.06126103193478594,0.058395052097168776,0.01932539809980005,0.0649107437800176,-0.05418848741319504,-0.0315362711175009
2025-05-30,-0.026068106558114312,-0.05031282304399287,0.08034005350968698,0.00589726386067202,0.040487469899523676,-0.05670693683575667,-0.040331675353991514
2025-06-02,-0.027369067011851378,-0.058518786622619334,0.06245351988901593,0.005306094254815985,0.05609839780317816,-0.05090641721604827,-0.04094635928431156
2025-06-03,-0.03152483195605438,-0.07003791621500888,0.0574467075311067,0.02036495373245728,0.05381386640206309,-0.05685083425778714,-0.025502041880694826
2025-06-04,-0.01643259338673264,-0.09919274349015073,0.054861203544509074,0.028560411786769713,0.05420521964085734,-0.043828749475049555,-0.045054563033913864
2025-06-05,-0.013946038250645998,-0.10479385441799938,0.03314451377550709,0.030040735438868982,0.059211562486155334,-0.04991671708399137,-0.02049222448658372
2025-06-06,-0.01712050712448887,-0.11454424942029107,0.042096358252242005,0.02218357525961867,0.06722764483122612,-0.03212788493404606,-0.028342083841921273
2025-06-09,-0.021731027644818823,-0.1059109751681393,0.05332250702107855,0.024016974532588886,0.05975841890285194,-0.04458939787176108,-0.030259405163899133
2025-06-10,-0.00889061823323889,-0.11148964094738956,0.0276177993753981,0.057611898844759146,0.06591979163811001,-0.056833684203838164,-0.02876976561409572
2025-06-11,-0.014697402523246694,-0.12106295600654571,0.01959261968184567,0.06130745906857582,0.0831566196812612,-0.07073645606357593,-0.01812164514615988
2025-06-12,-0.03249974409871115,-0.11654970053384739,0.053759551951436446,0.055152678276582545,0.09145684654670361,-0.08733204633029201,-0.020836709332439085
2025-06-13,-0.01937383032787121,-0.1374177135486394,0.05235968259907686,0.09770305074409791,0.07804713174505329,-0.12288684584051923,-0.016613826343435445
2025-06-16,-0.008453147703400887,-0.13772263529092754,0.029598072265692554,0.08453851710236604,0.08564886871578392,-0.10976751659416362,-0.015997855255933446
2025-06-17,-0.004531135483052395,-0.1385615246361973,0.026420933811564407,0.08911321419082974,0.0866720909579286,-0.11459321356269792,-0.018167534215957737
2025-06-18,-0.012259412787981372,-0.14279617803708788,0.01224180050157031,0.08073431094792971,0.12251224360443946,-0.11356531727924057,-0.02207549197772285
2025-06-20,-0.016329388946100476,-0.14576323499794164,0.035514856968469566,0.10034510576871014,0.09358856786913305,-0.12422113293649772,-0.0261868181454743
2025-06-23,-0.030475849693972545,-0.14886232394910492,0.04187889017903146,0.09115921149929207,0.08624395429082732,-0.1162607619474545,-0.01132839876573355
2025-06-24,-0.024455108964346106,-0.11625291989212361,0.06599687975143631,0.06723680195431836,0.08613922271367502,-0.13440633435838079,-0.022021143151948808
2025-06-25,-0.008170751928431308,-0.12146386764473038,0.07861153294864565,0.058705575778457586,0.07610491143210618,-0.13960361200224236,-0.029299454123329793
2025-06-26,-0.010363010329675681,-0.11579251989635608,0.0633880481583704,0.06195806422733918,0.08693884433097687,-0.14139705096148614,-0.029009577788335017
2025-06-27,-0.022256675952640137,-0.12258334787974201,0.0632106683012057,0.05497332918170583,0.08966080462027648,-0.11157005536730225,-0.033422589811821
2025-06-30,-0.01091758872631221,-0.11198680535309502,0.07563635919388245,0.02572469766185348,0.05776958446629932,-0.10914224732349131,-0.017435954657331942
2025-07-01,-0.012079205085379296,-0.11767987246217904,0.0669996324653237,0.03358185402625313,0.07049338042933173,-0.11310781049729446,-0.02118347636595508
2025-07-02,-0.015790003290919064,-0.12569669284497342,0.05841585540120642,0.04336270359834993,0.08258996838163246,-0.12380152033066505,-0.010389119580856976
2025-07-03,-0.01518273243747048,-0.12781290660137,0.04563330787695463,0.039301079241099934,0.09594915281244631,-0.13755148518031568,0.009516954539069866
2025-07-07,-0.022699931226789705,-0.14318645278761122,0.046808092901098775,0.041315446980775494,0.10164365829590749,-0.13208120872529694,0.005345756179989003
2025-07-08,-0.04894123587585497,-0.1320129744019396,0.010447767693285037,0.04216199721946179,0.11118234986971975,-0.10252284041853743,0.033240674729195785
2025-07-09,-0.026182006666919833,-0.11196188514948902,0.03947811858832839,0.03934840438452536,0.09512218899404679,-0.1292189788300897,-0.0017013707198516581
2025-07-10,-0.0351316166931781,-0.12880743272574957,0.02575449297966781,0.05635357382367712,0.0869403167887548,-0.11944342432744204,0.013877365360987826
2025-07-11,-0.027904827543417277,-0.12903500556095748,0.01451104997061492,0.07163329276640296,0.04994725614242279,-0.10660970365642841,0.016844469620430846
2025-07-14,-0.04630474059002676,-0.1399705605504744,0.007377348816786533,0.06610076816463728,0.0632229261152919,-0.10960448638040932,0.04906621737810468
2025-07-15,-0.051238975389337416,-0.1450547314156121,0.01069475296024125,0.06542621248077074,0.08332081471230635,-0.12404886824077854,0.05484562819604899
2025-07-16,-0.04811287978876333,-0.17258743809430532,0.026216712848631918,0.06650528251899379,0.09427362670760475,-0.12395745958162818,0.045085204946404334
2025-07-17,-0.03613182153148298,-0.1482801434404437,0.0301734142186314,0.05077394158322246,0.09351835599858149,-0.1365188907287993,0.03821544840268554
2025-07-18,-0.04613309137207322,-0.15526512615353494,0.025603596140265417,0.04712331062160047,0.09303061021354653,-0.11899336212413658,0.046118326672775156
2025-07-21,-0.04098062563087801,-0.13804718131083238,0.025601570505631166,0.05193719241661032,0.08083567906654632,-0.12178014245194424,0.031971737779727505
2025-07-22,-0.021088051215500503,-0.11906334582780098,0.012962244282844537,0.05326431829810696,0.07384136146492515,-0.14161760036662852,0.02895445246498274
2025-07-23,-0.033458742947667375,-0.12295976106385909,-0.0018240054925384719,0.07081404906430055,0.08994849457573895,-0.13912013684421076,0.03460119199521983
2025-07-24,-0.014924348425714662,-0.11309035183012472,0.004660329197236912,0.051082747217797486,0.09260089956648199,-0.15856499725689233,0.04097035095489221
2025-07-25,-0.022494346140163657,-0.10112534229650594,-0.016861318271660597,0.0536184397225572,0.10423581248306757,-0.13711062958803355,0.02795628159336938
2025-07-28,-0.04529695335887496,-0.13178799762563465,-0.03436749868296385,0.050598617178206684,0.1058037615722045,-0.06264256734810658,0.027553669824680993
2025-07-29,-0.057693380440454245,-0.12706397601651842,-0.05337021870898395,0.04498528904266985,0.14919091647515348,-0.07917484293642119,0.04416070226756852
2025-07-30,-0.052268983550094905,-0.12855572044571595,-0.03339467720826006,0.03701942949459891,0.1373943356805969,-0.09387072939626417,0.04949611793851871
2025-07-31,-0.06384650925283264,-0.14021615447782887,-0.038098217684276126,0.05176630400065063,0.13232784436009748,-0.0719810262154188,0.04068123958416181
2025-08-01,-0.0764531681386762,-0.15432596174049662,-0.05388086710460316,0.06395552767516621,0.13441797218237928,-0.041805767327031784,0.03269031306841508
2025-08-04,-0.08537311189181596,-0.14186669360648052,-0.03946112539283231,0.05654927419819922,0.13276767862440453,-0.03560232657542617,0.023692815433209002
2025-08-05,-0.08530775331173945,-0.12088510733154711,-0.04202908714636511,0.06782870182753342,0.12176477231723948,-0.05470892202525501,0.034253774074025856
2025-08-06,-0.07931289777305084,-0.11563674744212715,-0.0455750503579857,0.053333307784476425,0.11049373580185873,-0.060941552923228226,0.07000087414869749
2025-08-07,-0.07725640888681751,-0.10790512476365643,-0.026014164317214927,0.08164614615331311,0.12338145586297067,-0.09643935143522464,0.023339864005602395
2025-08-08,-0.06134274736415768,-0.12113439379403479,-0.00023371965608687262,0.06747937550174754,0.1109450073722924,-0.09328365076050771,0.011022359688308114
2025-08-11,-0.06508747644026669,-0.11525981922302675,-0.0017059808459354286,0.05500812816100309,0.12230796439770386,-0.09382209608061798,0.014803721130855818
2025-08-12,-0.0556762283400154,-0.11163513608536046,-0.013831032749652028,0.030189090989818368,0.12807237968387009,-0.07158784971763188,0.013465030932210631
2025-08-13,-0.04692027492198725,-0.11809190704630712,-0.018996085701221244,0.03619122213829895,0.11158637960767503,-0.072019741799775,0.02410476314604404
2025-08-14,-0.07209289894332538,-0.1216399160865107,-0.006192260014683981,0.044788861786304146,0.11952362955175166,-0.08699027072727628,0.02633920891287156
2025-08-15,-0.0928700077589868,-0.13160656357556277,0.0035333753912625276,0.06413859129222654,0.12237481001778061,-0.09631633930254324,0.03279289100993221
2025-08-18,-0.09107089487318443,-0.11671249807761419,-0.005733062959835777,0.06401365398726977,0.12147992107255345,-0.08663799471388511,0.024093477615385384
2025-08-19,-0.08917233413373782,-0.14241705074433564,-0.0088041478547356,0.082549716250786,0.11823920087900519,-0.08774020844867447,0.015641916891299568
2025-08-20,-0.09157719119743302,-0.11896115843378507,0.004760761570288263,0.07398345277597596,0.13285702176850944,-0.14483349842561521,0.024690805022359763
2025-08-21,-0.09316066385595745,-0.11941779677952757,-0.05581480710578113,0.08771148046175492,0.17064519393330713,-0.14674450187323584,0.030964631740719728
2025-08-22,-0.1004526288477472,-0.11766788460900757,-0.06149393602353559,0.10984804723873642,0.17180179274314877,-0.16523672207070694,0.031614182565429694
2025-08-25,-0.11740510505197577,-0.14802571105553075,-0.043738527944007455,0.1407571215510668,0.15957425252759605,-0.17092783976406034,0.025158492428910106
2025-08-26,-0.140280216693089,-0.16667704594908894,-0.05245640259316353,0.1506055509863975,0.18703698708335104,-0.17147186838486972,0.04052306330577071
2025-08-27,-0.1622104286149184,-0.179387950581386,-0.06100461044483829,0.1713391385858687,0.1962955675389586,-0.1651093320882695,0.03747049646479783
2025-08-28,-0.18727823285346545,-0.1631489653670748,-0.07426616309422318,0.1582349575818518,0.20281939077833488,-0.13203609608512412,0.04126583366409009
2025-08-29,-0.17972870779379302,-0.1744414817686497,-0.07693509806874577,0.16868419113699984,0.20217075772752535,-0.15283461208663862,0.05024102846155043
2025-09-02,-0.16465389496935945,-0.15972417848982823,-0.05152766342540538,0.1778806046242276,0.1707773393871923,-0.16797308136288835,0.030095176518227795
2025-09-03,-0.17526524505747676,-0.17173946034434917,-0.03544731557344649,0.1704353590613814,0.14880632319160947,-0.1532259966858982,0.04591170371139852
2025-09-04,-0.16348417913679625,-0.171752960429584,-0.0634312607335552,0.17265226789468402,0.16390436349959026,-0.14678603074665508,0.04934836340460125
2025-09-05,-0.15967201453257207,-0.15709626126889864,-0.07866269775065104,0.1714063338520022,0.15598735290169974,-0.1386529079537011,0.04696273147350971
2025-09-08,-0.24126448313964333,-0.22955809465787502,-0.0638876758097302,0.2646892992222747,0.09026547084707914,-0.08223798368910495,0.02948540489606777
2025-09-09,-0.2643819193717296,-0.2553721013257977,-0.08694343798854698,0.2741221908370246,0.12220806991365363,-0.08000795245791403,0.05946466450067689
2025-09-10,-0.24769260674109472,-0.23079927405187584,-0.1086887009499069,0.2669649115361796,0.1263486366485651,-0.08829552634678128,0.07003416643540605
2025-09-11,-0.24786173609013362,-0.2308664433912191,-0.09728732076512392,0.2684264110728831,0.10493374459376059,-0.10010846054061417,0.08475983082891347
2025-09-12,-0.23647989467526687,-0.2282022887168349,-0.0884993866170869,0.27398653017978924,0.06268278393337856,-0.08641687314239999,0.07406554673713761
2025-09-15,-0.24041497777053977,-0.2369837255855456,-0.09387144937491243,0.26498098000725223,0.07572155022184357,-0.08062748893774208,0.07918942334089718
2025-09-16,-0.2295182852472355,-0.23061815195804414,-0.12134128615379325,0.25654029562822833,0.10063498016982342,-0.09267448323601268,0.09394174971541447
2025-09-17,-0.2282430877135786,-0.21237979186489664,-0.0975883422038537,0.24716870510687894,0.10010198227063549,-0.10711026306034377,0.0741191301535471
2025-09-18,-0.2251833159332428,-0.1962297109830704,-0.05430229263369757,0.196848978239883,0.05007431511541305,-0.06620507563819844,0.06297829939074107
2025-09-19,-0.23957398990769452,-0.20664625496595512,-0.054567536497848845,0.17207777538552738,0.07799685733671202,-0.06346078147716927,0.08277176938739128
2025-09-22,-0.1842990487767293,-0.16567885382787662,-0.07028322130141262,0.1410969489733338,0.07570592935669151,-0.07363139639307414,0.08089477834597747
2025-09-23,-0.2108031805580719,-0.1574179054083884,-0.057787582669056814,0.14669589062956012,0.058487272200651086,-0.05696379226588277,0.0887879377567462
2025-09-24,-0.1818738105961355,-0.1460682971082372,-0.08599777450815793,0.12904575693292308,0.07150485565889886,-0.06230558207202419,0.09211824964057991
2025-09-25,-0.19963690043109272,-0.11882037404236412,-0.10918118566583113,0.1398037581281355,0.07852117515892254,-0.07865363235469269,0.09138231702734223
2025-09-26,-0.18484002912119646,-0.11450354137621988,-0.10256922596222484,0.1406033123061985,0.0642411841270244,-0.0804155064697678,0.07940493740431087
2025-09-29,-0.16518570846818648,-0.10513754921624408,-0.06806886918883626,0.11739254538004285,0.05362518622017054,-0.08480907324831133,0.0602765249002124
2025-09-30,-0.17796236069977223,-0.10883795405998598,-0.08155978824627175,0.10357200729928495,0.04797042498586701,-0.05754650975363429,0.07981710426081334
2025-10-01,-0.16593853783754708,-0.1091698170202724,-0.06233462396548983,0.09517653890734423,0.028227364101615082,-0.04044653629967332,0.06629598462451125
2025-10-02,-0.1409677613724778,-0.09929960958053252,-0.08049274172010223,0.06935052488336724,0.026791378744299155,-0.037866189565441744,0.08476752355706285
2025-10-03,-0.11981186996141613,-0.07566986613075022,-0.0922006414301415,0.0671367465017918,0.03448700014830963,-0.061798412499614486,0.07672802532923861
2025-10-06,-0.11653324975792101,-0.06309791520426922,-0.09214230756352171,0.0774190007601574,0.031281467455070766,-0.06566731266132209,0.06521668562291172
2025-10-07,-0.11798384119261529,-0.049593826944383856,-0.10905595580669303,0.06587490753860026,0.014034626116201432,-0.030978793750928713,0.07008121564633174
2025-10-08,-0.12818004492830726,-0.04791244504550862,-0.1019385489432616,0.05223817635547778,0.010427509753444753,0.0015506516583325691,0.06708314323780051
2025-10-09,-0.05617678445500163,-0.02374798270804801,-0.11151626611208831,0.03405657855573074,0.03893962115373506,-0.08761114755599442,0.0621437547921897
2025-10-10,-0.05027294405021321,0.021010911345022087,-0.11774222382479937,0.05604389118393316,0.019376738608231414,-0.12130242359727017,0.04948555431222834
2025-10-13,-0.11017165654674432,-0.03551083614768791,-0.14269220709071595,0.037237420619522954,0.05060668243014088,-0.0159746624559034,0.07187111006016789
2025-10-14,-0.10250568611159228,-0.0028629793742331877,-0.11829816986255448,0.017505106741381615,0.005009608183414449,0.02676553717310215,0.04200937333993049
2025-10-15,-0.09272541602561679,0.015809992279166796,-0.14029125342343063,0.015560347640029448,0.005763593752902807,0.006106164369338973,0.05877593209849796
2025-10-16,-0.07587620818267204,0.030294184646084243,-0.11452787625071359,0.016697843783790356,-0.007544840663714858,-0.02054074967674069,0.04599710159819259
2025-10-17,-0.08317377205964505,0.06296232384607459,-0.11990669012082122,0.010769535489413729,-0.0066458907904181075,-0.0157498569957486,0.03135116220026313
2025-10-20,-0.05582696605194526,0.08754232360513914,-0.07159549201257498,-0.00900857000353561,-0.0228706607416701,-0.0260277959709998,-0.010889773650406553
2025-10-21,-0.04012831340095069,0.1110787802978157,-0.05765685497960327,-0.022318725062422606,-0.028245728378961332,-0.0423273396897228,-0.022322781350267773
2025-10-22,-0.029361827266917384,0.13261467589895837,-0.07542124411707807,-0.03729027099940674,-0.019465052417923623,-0.05423441697696374,-0.01650671068320242
2025-10-23,-0.040909814067617845,0.11198969097742761,-0.09392280511478868,0.006942099554374304,-0.011266669405706087,-0.06433375641550709,-0.012005295479024403
2025-10-24,-0.023824761383344217,0.09182058259290526,-0.10098689184098086,0.004071307337119245,-0.025055794998706027,-0.03241964040609391,-0.01191687766789129
2025-10-27,-0.05559095233022493,0.04518238585331913,-0.1734870439318139,-0.005636784455058441,0.15624200331723836,-0.1449488709005915,0.03195935296496488
2025-10-28,-0.027294783772229714,0.0467638642381174,-0.17893157151991002,-0.01880045918240625,0.1439295434924306,-0.12850528543076933,0.01889939528781026
2025-10-29,-0.043687283891426176,0.010328450685827661,-0.21110142644811436,-0.026571778511918387,0.13611290716960367,-0.057453424577472045,0.04381815762657881
2025-10-30,-0.03722097105550182,0.037285382216606155,-0.1988817280425974,-0.020122800588548984,0.11110213816594294,-0.07499297786099657,0.03852328726145271
2025-10-31,-0.020384939463808927,0.01528689237605052,-0.19991635074432734,-0.01815187238191429,0.09810884806130371,-0.08244805422447676,0.05835310117104098
2025-11-03,-0.017025547218844306,-0.012541902290896356,-0.1926452397939813,-0.018019343675442334,0.06390723347417526,-0.049842862471422666,0.07817471580178936
2025-11-04,-0.014093521240833962,0.004629318688319284,-0.17579502301135008,-0.025302437918430565,0.0460337621220166,-0.05728911781374624,0.07842593517725294
2025-11-05,-0.0179469272563475,-0.007295603845617116,-0.1592133580893118,-0.0030765411358366634,0.04783601620010369,-0.08212739330635221,0.07627579379950089
2025-11-06,-0.017224686044073234,0.007348468401701336,-0.1714358973653085,-0.00014562626566028136,0.03906922430164106,-0.08831287790068654,0.08599626117610337
2025-11-07,-0.03815672303678941,0.013748737510562492,-0.1943703715457783,0.0037990599618784593,0.02406394756497443,-0.038629574200852,0.08774857182042228
2025-11-10,-0.04226161078130364,-0.016594166110096786,-0.22075504657759337,0.024526053157358563,0.05222417616054975,-0.0355144804589731,0.08999901006473698
2025-11-11,-0.05403989872525372,-0.022257487865546377,-0.22552023154999512,0.03482093539896369,0.08120720526355774,-0.06425551375789063,0.09573144968943481
2025-11-12,-0.06939651736153607,-0.015357283449830117,-0.23304997341905187,0.034585790647759795,0.08000344319687813,-0.0554854638483957,0.10402514719312861
2025-11-13,-0.06213325721873364,-0.01263905820369704,-0.2120641349897019,0.03945649406617613,0.07779487127573481,-0.08036141021103882,0.09740994692125748
2025-11-14,-0.10743660287247225,-0.04525182719461629,-0.2161440727196502,0.06536744865448796,0.08432417927090019,-0.06302108305091592,0.1228754239634533
2025-11-17,-0.10149058200337135,-0.052885457145992465,-0.18395333983905537,0.07911260253788144,0.07652729628248389,-0.08368775595737743,0.10985200333350997
2025-11-18,-0.12078637209034504,-0.07783858928572895,-0.19743668781027912,0.08009666739896582,0.09660085646947103,-0.0605637440707163,0.12018187911391287
2025-11-19,-0.1540272978219619,-0.07411424959448176,-0.2013545012150697,0.07650830552084553,0.09975184049122388,-0.027911900221274877,0.12232223214079885
2025-11-20,-0.1373558350422086,-0.06458549590264528,-0.20437947940753798,0.05319138216811936,0.09272256228145903,-0.011916798521853345,0.11941109979105069
2025-11-21,-0.1383511384138889,-0.03789690364707843,-0.20931125713103116,0.04414739859491856,0.08771956567382244,-0.013751927796178176,0.1179523754798042
2025-11-24,-0.12712213565948138,-0.06059796513778526,-0.21222552482575585,0.027649957475373244,0.0859450086983038,0.012255802086102996,0.12615430898480495
2025-11-25,-0.09579144696249076,-0.03862391398357801,-0.20202528668712638,0.01718590045184798,0.06873471010258003,-0.004489983913550155,0.1107642388814738
2025-11-26,-0.13397481617988927,-0.04477248714295046,-0.17608941056933203,-0.010141051414737534,0.08431650859285655,0.02686041160911712,0.10708824344537415
2025-11-28,-0.11412594792225406,-0.03241832806496081,-0.2064838969595817,-0.007480138815568527,0.09845167514878783,-0.0015221139724461707,0.11291591760613517
2025-12-01,-0.12832213107407853,-0.049266813316439784,-0.20213176950740186,-0.01531155573971077,0.09718771715684982,0.04060031810886988,0.10976343384838394
2025-12-02,-0.13111464727809885,-0.04061056542418662,-0.18112105340722984,-0.008306249191594617,0.09482652797193447,0.006371504979833631,0.11217603772856433
2025-12-03,-0.15531140326685655,-0.03281145725118506,-0.17893990351515798,-0.01033673289784609,0.11564952362678738,-0.00636643527121139,0.11693978930945303
2025-12-04,-0.15715201165682569,-0.00528614612171463,-0.16601808903320014,-0.0147940798298416,0.10729522889706389,-0.02647309727926528,0.11408883446991447
2025-12-05,-0.16599755646327896,-0.003716046354839797,-0.14012053021874582,-0.023305146371444208,0.10561638821332808,-0.03862717806031979,0.11932911452683093
2025-12-08,-0.166394710759024,-0.004084727597323923,-0.14744023977465215,-0.017793766977985515,0.11729922123712488,-0.05192572708918686,0.12186096530937096
2025-12-09,-0.17553497072785573,0.018194164765972243,-0.14141246686460374,-0.017522069294044762,0.10554993710219907,-0.04677165942522743,0.11283470367588389
2025-12-10,-0.17567574384247875,0.03302107938172183,-0.1410206128236009,-0.0215899698926163,0.1266241550002496,-0.08627873360510474,0.11704620030713442
2025-12-11,-0.18808714380986302,0.043841308503979715,-0.10677298388884449,-0.027613240747604406,0.12547245112798477,-0.10549213271015612,0.11273516810565432
2025-12-12,-0.1769654531091276,0.033371127202079354,-0.09175524022294823,-0.030545619557348358,0.12853012119482532,-0.11175227834465007,0.10482001399617191
2025-12-15,-0.15881820036589733,0.032716689042856295,-0.0941963038030762,-0.03717340664613333,0.11738554676100232,-0.11063206552757254,0.10875549617580638
2025-12-16,-0.1304084872549396,0.03066964345386136,-0.099397732054757,-0.05398361504384974,0.09244053598505886,-0.08252642664092047,0.10705753330986822
2025-12-17,-0.13022640930991347,0.02610764144603195,-0.0757564585395567,-0.05303254984353445,0.0841514276675841,-0.07812690845842774,0.0943130070776057
2025-12-18,-0.11297848617928263,0.03534290858238842,-0.061947689538397466,-0.044737435166608774,0.09542179056929867,-0.12663152817750767,0.08117996435886599
2025-12-19,-0.103019401898365,0.0062607913147743055,-0.07023148613013674,-0.04393468026981062,0.09314367249548572,-0.10666813926933028,0.0903318248668672
2025-12-22,-0.10496397670853375,0.025177148809426786,-0.05941830387840774,-0.03997615882226979,0.078618907454439,-0.1088989701431049,0.07933413288579683
2025-12-23,-0.10065126797208723,0.01398947337694656,-0.06906438493721101,-0.02852326878884681,0.08236567609224044,-0.11160767589687381,0.08236509556035365
2025-12-24,-0.0999628940454822,0.01834749677844183,-0.07368530694685171,-0.027103386074054603,0.07776551862548331,-0.10949743529302847,0.08461117251334849
2025-12-26,-0.0781032029862554,0.015515381281454133,-0.0713338776889616,-0.031922511723129654,0.07108241829938033,-0.11164432774246436,0.07982217348782927
2025-12-29,-0.08020127338794136,0.015462034765878041,-0.06406913494124966,-0.008664094861247307,0.07113018763583812,-0.1267596521336949,0.06643794810711023
2025-12-30,-0.08118219697336748,0.022585726204725542,-0.06394743530972935,-0.012248076949486819,0.07415074783222542,-0.13693908718713166,0.07122490631166634
